datetime,storage
1963-06-28,0.0
1963-06-29,5400.0
1963-06-30,7400.0
1963-07-01,9400.0
1963-07-02,13400.0
1963-07-03,17400.0
1963-07-04,17400.0
1963-07-05,20400.0
1963-07-06,20400.0
1963-07-07,20400.0
1963-07-08,20400.0
1963-07-09,20400.0
1963-07-10,20400.0
1963-07-11,20400.0
1963-07-12,20400.0
1963-07-13,22400.0
1963-07-14,24400.0
1963-07-15,26400.0
1963-07-16,28400.0
1963-07-17,32400.0
1963-07-18,34400.0
1963-07-19,38400.0
1963-07-20,43400.0
1963-07-21,45400.0
1963-07-22,47400.0
1963-07-23,49400.0
1963-07-24,53400.0
1963-07-25,55400.0
1963-07-26,55400.0
1963-07-27,51400.0
1963-07-28,51400.0
1963-07-29,49400.0
1963-07-30,49400.0
1963-07-31,49400.0
1963-08-01,49400.0
1963-08-02,49400.0
1963-08-03,49400.0
1963-08-04,51400.0
1963-08-05,51400.0
1963-08-06,62400.0
1963-08-07,68400.0
1963-08-08,76400.0
1963-08-09,81400.0
1963-08-10,87400.0
1963-08-11,93400.0
1963-08-12,102400.0
1963-08-13,109400.0
1963-08-14,117400.0
1963-08-15,124400.0
1963-08-16,128400.0
1963-08-17,132400.0
1963-08-18,137400.0
1963-08-19,145400.0
1963-08-20,152400.0
1963-08-21,156400.0
1963-08-22,161400.0
1963-08-23,165400.0
1963-08-24,172400.0
1963-08-25,176400.0
1963-08-26,181400.0
1963-08-27,192400.0
1963-08-28,201400.0
1963-08-29,212400.0
1963-08-30,223400.0
1963-08-31,246400.0
1963-09-01,278400.0
1963-09-02,299400.0
1963-09-03,320400.0
1963-09-04,339400.0
1963-09-05,348400.0
1963-09-06,360400.0
1963-09-07,374400.0
1963-09-08,386400.0
1963-09-09,393400.0
1963-09-10,400400.0
1963-09-11,412400.0
1963-09-12,420400.0
1963-09-13,429400.0
1963-09-14,434400.0
1963-09-15,444400.0
1963-09-16,449400.0
1963-09-17,456400.0
1963-09-18,461400.0
1963-09-19,469400.0
1963-09-20,476400.0
1963-09-21,486400.0
1963-09-22,491400.0
1963-09-23,498400.0
1963-09-24,508400.0
1963-09-25,513400.0
1963-09-26,518400.0
1963-09-27,523400.0
1963-09-28,528400.0
1963-09-29,533400.0
1963-09-30,536400.0
1963-10-01,541400.0
1963-10-02,544400.0
1963-10-03,546400.0
1963-10-04,549400.0
1963-10-05,551400.0
1963-10-06,554400.0
1963-10-07,556400.0
1963-10-08,561400.0
1963-10-09,561400.0
1963-10-10,561400.0
1963-10-11,564400.0
1963-10-12,564400.0
1963-10-13,566400.0
1963-10-14,566400.0
1963-10-15,566400.0
1963-10-16,569400.0
1963-10-17,569400.0
1963-10-18,571400.0
1963-10-19,574400.0
1963-10-20,577400.0
1963-10-21,584400.0
1963-10-22,589400.0
1963-10-23,597400.0
1963-10-24,605400.0
1963-10-25,613400.0
1963-10-26,618400.0
1963-10-27,620400.0
1963-10-28,626400.0
1963-10-29,631400.0
1963-10-30,639400.0
1963-10-31,644400.0
1963-11-01,649400.0
1963-11-02,654400.0
1963-11-03,660400.0
1963-11-04,665400.0
1963-11-05,670400.0
1963-11-06,675400.0
1963-11-07,678400.0
1963-11-08,683400.0
1963-11-09,691400.0
1963-11-10,697400.0
1963-11-11,705400.0
1963-11-12,710400.0
1963-11-13,715400.0
1963-11-14,721400.0
1963-11-15,729400.0
1963-11-16,734400.0
1963-11-17,745400.0
1963-11-18,756400.0
1963-11-19,761400.0
1963-11-20,766400.0
1963-11-21,772400.0
1963-11-22,780400.0
1963-11-23,785400.0
1963-11-24,794400.0
1963-11-25,799400.0
1963-11-26,805400.0
1963-11-27,810400.0
1963-11-28,818400.0
1963-11-29,824400.0
1963-11-30,829400.0
1963-12-01,835400.0
1963-12-02,840400.0
1963-12-03,846400.0
1963-12-04,851400.0
1963-12-05,857400.0
1963-12-06,860400.0
1963-12-07,865400.0
1963-12-08,871400.0
1963-12-09,876400.0
1963-12-10,882400.0
1963-12-11,885400.0
1963-12-12,887400.0
1963-12-13,890400.0
1963-12-14,893400.0
1963-12-15,896400.0
1963-12-16,899400.0
1963-12-17,899400.0
1963-12-18,901400.0
1963-12-19,904400.0
1963-12-20,910400.0
1963-12-21,913400.0
1963-12-22,918400.0
1963-12-23,924400.0
1963-12-24,927400.0
1963-12-25,932400.0
1963-12-26,938400.0
1963-12-27,946400.0
1963-12-28,953200.0
1963-12-29,958800.0
1963-12-30,964300.0
1963-12-31,969900.0
1964-01-01,975500.0
1964-01-02,981100.0
1964-01-03,986700.0
1964-01-04,992400.0
1964-01-05,998000.0
1964-01-06,1003600.0
1964-01-07,1009300.0
1964-01-08,1014900.0
1964-01-09,1017800.0
1964-01-10,1023400.0
1964-01-11,1029100.0
1964-01-12,1031900.0
1964-01-13,1034800.0
1964-01-14,1037600.0
1964-01-15,1037600.0
1964-01-16,1040500.0
1964-01-17,1043300.0
1964-01-18,1046200.0
1964-01-19,1049000.0
1964-01-20,1051900.0
1964-01-21,1057600.0
1964-01-22,1063300.0
1964-01-23,1069000.0
1964-01-24,1074800.0
1964-01-25,1080500.0
1964-01-26,1086200.0
1964-01-27,1094900.0
1964-01-28,1100700.0
1964-01-29,1106400.0
1964-01-30,1109300.0
1964-01-31,1112200.0
1964-02-01,1112200.0
1964-02-02,1112200.0
1964-02-03,1112200.0
1964-02-04,1112200.0
1964-02-05,1109300.0
1964-02-06,1109300.0
1964-02-07,1109300.0
1964-02-08,1109300.0
1964-02-09,1109300.0
1964-02-10,1106400.0
1964-02-11,1106400.0
1964-02-12,1106400.0
1964-02-13,1106400.0
1964-02-14,1106400.0
1964-02-15,1106400.0
1964-02-16,1106400.0
1964-02-17,1109300.0
1964-02-18,1109300.0
1964-02-19,1109300.0
1964-02-20,1109300.0
1964-02-21,1109300.0
1964-02-22,1109300.0
1964-02-23,1109300.0
1964-02-24,1112200.0
1964-02-25,1112200.0
1964-02-26,1115100.0
1964-02-27,1115100.0
1964-02-28,1118000.0
1964-02-29,1118000.0
1964-03-01,1118000.0
1964-03-02,1118000.0
1964-03-03,1118000.0
1964-03-04,1118000.0
1964-03-05,1118000.0
1964-03-06,1118000.0
1964-03-07,1118000.0
1964-03-08,1118000.0
1964-03-09,1118000.0
1964-03-10,1120900.0
1964-03-11,1120900.0
1964-03-12,1120900.0
1964-03-13,1120800.0
1964-03-14,1120800.0
1964-03-15,1120800.0
1964-03-16,1120800.0
1964-03-17,1120800.0
1964-03-18,1120800.0
1964-03-19,1120800.0
1964-03-20,1120800.0
1964-03-21,1120800.0
1964-03-22,1120800.0
1964-03-23,1120800.0
1964-03-24,1120800.0
1964-03-25,1120800.0
1964-03-26,1120800.0
1964-03-27,1112100.0
1964-03-28,1083300.0
1964-03-29,1060300.0
1964-03-30,1031800.0
1964-03-31,1003500.0
1964-04-01,978200.0
1964-04-02,955800.0
1964-04-03,936300.0
1964-04-04,917000.0
1964-04-05,897700.0
1964-04-06,897700.0
1964-04-07,892200.0
1964-04-08,881200.0
1964-04-09,873100.0
1964-04-10,870300.0
1964-04-11,851300.0
1964-04-12,843200.0
1964-04-13,832400.0
1964-04-14,821600.0
1964-04-15,810800.0
1964-04-16,794800.0
1964-04-17,781400.0
1964-04-18,770800.0
1964-04-19,762900.0
1964-04-20,754900.0
1964-04-21,747000.0
1964-04-22,741800.0
1964-04-23,736500.0
1964-04-24,731300.0
1964-04-25,723400.0
1964-04-26,718200.0
1964-04-27,715600.0
1964-04-28,705100.0
1964-04-29,684400.0
1964-04-30,663700.0
1964-05-01,643200.0
1964-05-02,625400.0
1964-05-03,620300.0
1964-05-04,610200.0
1964-05-05,602600.0
1964-05-06,597600.0
1964-05-07,592500.0
1964-05-08,585000.0
1964-05-09,577500.0
1964-05-10,572500.0
1964-05-11,570000.0
1964-05-12,582500.0
1964-05-13,595000.0
1964-05-14,605100.0
1964-05-15,617800.0
1964-05-16,633000.0
1964-05-17,645800.0
1964-05-18,671400.0
1964-05-19,707700.0
1964-05-20,754900.0
1964-05-21,816100.0
1964-05-22,889400.0
1964-05-23,969700.0
1964-05-24,1065900.0
1964-05-25,1158600.0
1964-05-26,1253400.0
1964-05-27,1350300.0
1964-05-28,1449500.0
1964-05-29,1551200.0
1964-05-30,1648600.0
1964-05-31,1738100.0
1964-06-01,1808900.0
1964-06-02,1873900.0
1964-06-03,1929200.0
1964-06-04,1981700.0
1964-06-05,2027700.0
1964-06-06,2070600.0
1964-06-07,2113900.0
1964-06-08,2157600.0
1964-06-09,2205400.0
1964-06-10,2261200.0
1964-06-11,2328200.0
1964-06-12,2388400.0
1964-06-13,2443500.0
1964-06-14,2501600.0
1964-06-15,2558200.0
1964-06-16,2610300.0
1964-06-17,2658100.0
1964-06-18,2706600.0
1964-06-19,2755600.0
1964-06-20,2804100.0
1964-06-21,2855200.0
1964-06-22,2901300.0
1964-06-23,2939200.0
1964-06-24,2978200.0
1964-06-25,3014900.0
1964-06-26,3048000.0
1964-06-27,3078600.0
1964-06-28,3109900.0
1964-06-29,3142100.0
1964-06-30,3174100.0
1964-07-01,3206600.0
1964-07-02,3240300.0
1964-07-03,3272300.0
1964-07-04,3300400.0
1964-07-05,3330400.0
1964-07-06,3358400.0
1964-07-07,3383700.0
1964-07-08,3407700.0
1964-07-09,3428600.0
1964-07-10,3447400.0
1964-07-11,3466100.0
1964-07-12,3484000.0
1964-07-13,3501500.0
1964-07-14,3516700.0
1964-07-15,3533800.0
1964-07-16,3550900.0
1964-07-17,3565800.0
1964-07-18,3580200.0
1964-07-19,3592300.0
1964-07-20,3605900.0
1964-07-21,3619900.0
1964-07-22,3633500.0
1964-07-23,3642900.0
1964-07-24,3654200.0
1964-07-25,3664500.0
1964-07-26,3673000.0
1964-07-27,3681500.0
1964-07-28,3695700.0
1964-07-29,3708500.0
1964-07-30,3719400.0
1964-07-31,3730300.0
1964-08-01,3744100.0
1964-08-02,3762200.0
1964-08-03,3791900.0
1964-08-04,3821700.0
1964-08-05,3846700.0
1964-08-06,3866500.0
1964-08-07,3884000.0
1964-08-08,3899000.0
1964-08-09,3911700.0
1964-08-10,3923400.0
1964-08-11,3932200.0
1964-08-12,3942400.0
1964-08-13,3952700.0
1964-08-14,3969400.0
1964-08-15,4003800.0
1964-08-16,4022500.0
1964-08-17,4022500.0
1964-08-18,4030900.0
1964-08-19,4031400.0
1964-08-20,4031900.0
1964-08-21,4031900.0
1964-08-22,4030400.0
1964-08-23,4028400.0
1964-08-24,4026000.0
1964-08-25,4023500.0
1964-08-26,4022000.0
1964-08-27,4022500.0
1964-08-28,4025900.0
1964-08-29,4024500.0
1964-08-30,4024000.0
1964-08-31,4027400.0
1964-09-01,4027400.0
1964-09-02,4024900.0
1964-09-03,4024900.0
1964-09-04,4024400.0
1964-09-05,4024400.0
1964-09-06,4024000.0
1964-09-07,4023500.0
1964-09-08,4023500.0
1964-09-09,4023500.0
1964-09-10,4023400.0
1964-09-11,4023900.0
1964-09-12,4024400.0
1964-09-13,4023400.0
1964-09-14,4023900.0
1964-09-15,4025400.0
1964-09-16,4025400.0
1964-09-17,4025900.0
1964-09-18,4025900.0
1964-09-19,4025400.0
1964-09-20,4025400.0
1964-09-21,4062500.0
1964-09-22,4067500.0
1964-09-23,4071000.0
1964-09-24,4077900.0
1964-09-25,4082900.0
1964-09-26,4087400.0
1964-09-27,4093400.0
1964-09-28,4098800.0
1964-09-29,4098800.0
1964-09-30,4097300.0
1964-10-01,4097300.0
1964-10-02,4096300.0
1964-10-03,4095800.0
1964-10-04,4093900.0
1964-10-05,4092900.0
1964-10-06,4091900.0
1964-10-07,4093400.0
1964-10-08,4094300.0
1964-10-09,4096300.0
1964-10-10,4097300.0
1964-10-11,4092800.0
1964-10-12,4093300.0
1964-10-13,4093300.0
1964-10-14,4092800.0
1964-10-15,4093300.0
1964-10-16,4091300.0
1964-10-17,4094800.0
1964-10-18,4095300.0
1964-10-19,4094800.0
1964-10-20,4096300.0
1964-10-21,4097300.0
1964-10-22,4097800.0
1964-10-23,4098800.0
1964-10-24,4100300.0
1964-10-25,4101300.0
1964-10-26,4102300.0
1964-10-27,4101300.0
1964-10-28,4103800.0
1964-10-29,4103300.0
1964-10-30,4108800.0
1964-10-31,4108300.0
1964-11-01,4109800.0
1964-11-02,4111300.0
1964-11-03,4109300.0
1964-11-04,4105800.0
1964-11-05,4107300.0
1964-11-06,4109200.0
1964-11-07,4108200.0
1964-11-08,4106300.0
1964-11-09,4101300.0
1964-11-10,4104300.0
1964-11-11,4099800.0
1964-11-12,4094300.0
1964-11-13,4092300.0
1964-11-14,4090300.0
1964-11-15,4092800.0
1964-11-16,4087800.0
1964-11-17,4085300.0
1964-11-18,4083800.0
1964-11-19,4084300.0
1964-11-20,4084800.0
1964-11-21,4085300.0
1964-11-22,4085800.0
1964-11-23,4085300.0
1964-11-24,4086300.0
1964-11-25,4086300.0
1964-11-26,4083800.0
1964-11-27,4084800.0
1964-11-28,4083300.0
1964-11-29,4085800.0
1964-11-30,4086300.0
1964-12-01,4086800.0
1964-12-02,4089800.0
1964-12-03,4092200.0
1964-12-04,4091700.0
1964-12-05,4093200.0
1964-12-06,4094700.0
1964-12-07,4095200.0
1964-12-08,4095200.0
1964-12-09,4096200.0
1964-12-10,4096200.0
1964-12-11,4091700.0
1964-12-12,4095200.0
1964-12-13,4090200.0
1964-12-14,4091200.0
1964-12-15,4089200.0
1964-12-16,4088700.0
1964-12-17,4083800.0
1964-12-18,4076300.0
1964-12-19,4069800.0
1964-12-20,4062900.0
1964-12-21,4059900.0
1964-12-22,4058400.0
1964-12-23,4062400.0
1964-12-24,4066300.0
1964-12-25,4083200.0
1964-12-26,4094700.0
1964-12-27,4104700.0
1964-12-28,4112100.0
1964-12-29,4112100.0
1964-12-30,4109100.0
1964-12-31,4109600.0
1965-01-01,4110100.0
1965-01-02,4111100.0
1965-01-03,4107100.0
1965-01-04,4105200.0
1965-01-05,4101200.0
1965-01-06,4099200.0
1965-01-07,4095200.0
1965-01-08,4093700.0
1965-01-09,4094700.0
1965-01-10,4097200.0
1965-01-11,4098600.0
1965-01-12,4100100.0
1965-01-13,4100100.0
1965-01-14,4100100.0
1965-01-15,4098100.0
1965-01-16,4099600.0
1965-01-17,4100100.0
1965-01-18,4099600.0
1965-01-19,4098100.0
1965-01-20,4095600.0
1965-01-21,4100100.0
1965-01-22,4100100.0
1965-01-23,4100100.0
1965-01-24,4098100.0
1965-01-25,4094600.0
1965-01-26,4092600.0
1965-01-27,4090700.0
1965-01-28,4091100.0
1965-01-29,4088700.0
1965-01-30,4087200.0
1965-01-31,4083200.0
1965-02-01,4084200.0
1965-02-02,4086200.0
1965-02-03,4090100.0
1965-02-04,4092600.0
1965-02-05,4095600.0
1965-02-06,4095600.0
1965-02-07,4099600.0
1965-02-08,4102600.0
1965-02-09,4104600.0
1965-02-10,4109600.0
1965-02-11,4108600.0
1965-02-12,4100100.0
1965-02-13,4090100.0
1965-02-14,4081200.0
1965-02-15,4070700.0
1965-02-16,4067700.0
1965-02-17,4063800.0
1965-02-18,4066200.0
1965-02-19,4071200.0
1965-02-20,4070700.0
1965-02-21,4070200.0
1965-02-22,4073200.0
1965-02-23,4079700.0
1965-02-24,4080100.0
1965-02-25,4085600.0
1965-02-26,4092100.0
1965-02-27,4099600.0
1965-02-28,4108000.0
1965-03-01,4109500.0
1965-03-02,4107500.0
1965-03-03,4091100.0
1965-03-04,4078600.0
1965-03-05,4083100.0
1965-03-06,4088600.0
1965-03-07,4091600.0
1965-03-08,4093600.0
1965-03-09,4096000.0
1965-03-10,4101500.0
1965-03-11,4105000.0
1965-03-12,4109500.0
1965-03-13,4113000.0
1965-03-14,4115000.0
1965-03-15,4117500.0
1965-03-16,4091600.0
1965-03-17,4060200.0
1965-03-18,4050800.0
1965-03-19,4054300.0
1965-03-20,4058700.0
1965-03-21,4064200.0
1965-03-22,4067700.0
1965-03-23,4067700.0
1965-03-24,4071100.0
1965-03-25,4073600.0
1965-03-26,4078600.0
1965-03-27,4088000.0
1965-03-28,4097000.0
1965-03-29,4100000.0
1965-03-30,4103500.0
1965-03-31,4106500.0
1965-04-01,4109000.0
1965-04-02,4105000.0
1965-04-03,4104000.0
1965-04-04,4105000.0
1965-04-05,4107500.0
1965-04-06,4105000.0
1965-04-07,4114000.0
1965-04-08,4124500.0
1965-04-09,4137500.0
1965-04-10,4116500.0
1965-04-11,4075100.0
1965-04-12,4067100.0
1965-04-13,4077600.0
1965-04-14,4081500.0
1965-04-15,4083500.0
1965-04-16,4076600.0
1965-04-17,4073100.0
1965-04-18,4074600.0
1965-04-19,4074100.0
1965-04-20,4074600.0
1965-04-21,4091000.0
1965-04-22,4104500.0
1965-04-23,4096000.0
1965-04-24,4090000.0
1965-04-25,4087500.0
1965-04-26,4085500.0
1965-04-27,4083500.0
1965-04-28,4078500.0
1965-04-29,4065600.0
1965-04-30,4058200.0
1965-05-01,4061100.0
1965-05-02,4065600.0
1965-05-03,4080000.0
1965-05-04,4071600.0
1965-05-05,4097400.0
1965-05-06,4094900.0
1965-05-07,4089500.0
1965-05-08,4076000.0
1965-05-09,4073500.0
1965-05-10,4081500.0
1965-05-11,4070600.0
1965-05-12,4080000.0
1965-05-13,4087000.0
1965-05-14,4081500.0
1965-05-15,4089000.0
1965-05-16,4085500.0
1965-05-17,4086000.0
1965-05-18,4099400.0
1965-05-19,4111900.0
1965-05-20,4127900.0
1965-05-21,4132900.0
1965-05-22,4140900.0
1965-05-23,4147900.0
1965-05-24,4153900.0
1965-05-25,4173500.0
1965-05-26,4176500.0
1965-05-27,4170000.0
1965-05-28,4158400.0
1965-05-29,4136400.0
1965-05-30,4121400.0
1965-05-31,4103400.0
1965-06-01,4112400.0
1965-06-02,4114900.0
1965-06-03,4108900.0
1965-06-04,4112900.0
1965-06-05,4115400.0
1965-06-06,4105400.0
1965-06-07,4094900.0
1965-06-08,4089400.0
1965-06-09,4093400.0
1965-06-10,4103400.0
1965-06-11,4113800.0
1965-06-12,4114800.0
1965-06-13,4122800.0
1965-06-14,4146900.0
1965-06-15,4194600.0
1965-06-16,4271200.0
1965-06-17,4341200.0
1965-06-18,4408700.0
1965-06-19,4464200.0
1965-06-20,4515300.0
1965-06-21,4562100.0
1965-06-22,4607500.0
1965-06-23,4655300.0
1965-06-24,4691600.0
1965-06-25,4729200.0
1965-06-26,4798800.0
1965-06-27,4895400.0
1965-06-28,4982500.0
1965-06-29,5051500.0
1965-06-30,5110900.0
1965-07-01,5166200.0
1965-07-02,5221800.0
1965-07-03,5271400.0
1965-07-04,5324200.0
1965-07-05,5375000.0
1965-07-06,5425500.0
1965-07-07,5478000.0
1965-07-08,5531400.0
1965-07-09,5583300.0
1965-07-10,5638400.0
1965-07-11,5688500.0
1965-07-12,5732900.0
1965-07-13,5779200.0
1965-07-14,5823400.0
1965-07-15,5870200.0
1965-07-16,5906200.0
1965-07-17,5936900.0
1965-07-18,5980000.0
1965-07-19,6009600.0
1965-07-20,6037400.0
1965-07-21,6070400.0
1965-07-22,6099600.0
1965-07-23,6129600.0
1965-07-24,6153400.0
1965-07-25,6173500.0
1965-07-26,6201800.0
1965-07-27,6225800.0
1965-07-28,6252400.0
1965-07-29,6278400.0
1965-07-30,6300000.0
1965-07-31,6312100.0
1965-08-01,6329900.0
1965-08-02,6351600.0
1965-08-03,6385600.0
1965-08-04,6428600.0
1965-08-05,6449900.0
1965-08-06,6462100.0
1965-08-07,6477000.0
1965-08-08,6489300.0
1965-08-09,6497700.0
1965-08-10,6504200.0
1965-08-11,6497700.0
1965-08-12,6499700.0
1965-08-13,6495100.0
1965-08-14,6488000.0
1965-08-15,6487300.0
1965-08-16,6485400.0
1965-08-17,6478900.0
1965-08-18,6469900.0
1965-08-19,6464100.0
1965-08-20,6458200.0
1965-08-21,6451200.0
1965-08-22,6440800.0
1965-08-23,6431800.0
1965-08-24,6422100.0
1965-08-25,6408000.0
1965-08-26,6393900.0
1965-08-27,6379700.0
1965-08-28,6364400.0
1965-08-29,6358600.0
1965-08-30,6342600.0
1965-08-31,6339400.0
1965-09-01,6331800.0
1965-09-02,6319000.0
1965-09-03,6305000.0
1965-09-04,6298600.0
1965-09-05,6294800.0
1965-09-06,6282100.0
1965-09-07,6276400.0
1965-09-08,6263100.0
1965-09-09,6258000.0
1965-09-10,6252900.0
1965-09-11,6244700.0
1965-09-12,6238400.0
1965-09-13,6230800.0
1965-09-14,6228200.0
1965-09-15,6222600.0
1965-09-16,6221900.0
1965-09-17,6212500.0
1965-09-18,6210600.0
1965-09-19,6207400.0
1965-09-20,6203000.0
1965-09-21,6208000.0
1965-09-22,6213700.0
1965-09-23,6224400.0
1965-09-24,6233300.0
1965-09-25,6240200.0
1965-09-26,6244700.0
1965-09-27,6249700.0
1965-09-28,6252900.0
1965-09-29,6258600.0
1965-09-30,6261800.0
1965-10-01,6266200.0
1965-10-02,6280100.0
1965-10-03,6292900.0
1965-10-04,6301800.0
1965-10-05,6304900.0
1965-10-06,6306800.0
1965-10-07,6307500.0
1965-10-08,6312600.0
1965-10-09,6314500.0
1965-10-10,6317000.0
1965-10-11,6320900.0
1965-10-12,6322800.0
1965-10-13,6318900.0
1965-10-14,6316400.0
1965-10-15,6315100.0
1965-10-16,6325900.0
1965-10-17,6328500.0
1965-10-18,6333600.0
1965-10-19,6336800.0
1965-10-20,6336800.0
1965-10-21,6339300.0
1965-10-22,6340600.0
1965-10-23,6343200.0
1965-10-24,6345100.0
1965-10-25,6345100.0
1965-10-26,6347600.0
1965-10-27,6345700.0
1965-10-28,6347600.0
1965-10-29,6349500.0
1965-10-30,6352100.0
1965-10-31,6354000.0
1965-11-01,6354000.0
1965-11-02,6350800.0
1965-11-03,6349500.0
1965-11-04,6347600.0
1965-11-05,6346300.0
1965-11-06,6345000.0
1965-11-07,6345700.0
1965-11-08,6341800.0
1965-11-09,6338700.0
1965-11-10,6333500.0
1965-11-11,6331000.0
1965-11-12,6328400.0
1965-11-13,6332900.0
1965-11-14,6333500.0
1965-11-15,6336700.0
1965-11-16,6339300.0
1965-11-17,6336700.0
1965-11-18,6334200.0
1965-11-19,6334800.0
1965-11-20,6337400.0
1965-11-21,6343100.0
1965-11-22,6348900.0
1965-11-23,6354600.0
1965-11-24,6361600.0
1965-11-25,6370600.0
1965-11-26,6382100.0
1965-11-27,6395000.0
1965-11-28,6404600.0
1965-11-29,6410400.0
1965-11-30,6417500.0
1965-12-01,6422600.0
1965-12-02,6424500.0
1965-12-03,6427700.0
1965-12-04,6432900.0
1965-12-05,6440600.0
1965-12-06,6445800.0
1965-12-07,6448400.0
1965-12-08,6450900.0
1965-12-09,6451600.0
1965-12-10,6461300.0
1965-12-11,6473500.0
1965-12-12,6473500.0
1965-12-13,6482600.0
1965-12-14,6488400.0
1965-12-15,6493600.0
1965-12-16,6500700.0
1965-12-17,6502700.0
1965-12-18,6507200.0
1965-12-19,6511800.0
1965-12-20,6512400.0
1965-12-21,6507900.0
1965-12-22,6509100.0
1965-12-23,6507800.0
1965-12-24,6511700.0
1965-12-25,6520800.0
1965-12-26,6534500.0
1965-12-27,6537700.0
1965-12-28,6537700.0
1965-12-29,6538400.0
1965-12-30,6541600.0
1965-12-31,6551400.0
1966-01-01,6568300.0
1966-01-02,6583400.0
1966-01-03,6589900.0
1966-01-04,6594500.0
1966-01-05,6601600.0
1966-01-06,6601600.0
1966-01-07,6604300.0
1966-01-08,6606900.0
1966-01-09,6616000.0
1966-01-10,6620600.0
1966-01-11,6622600.0
1966-01-12,6626500.0
1966-01-13,6631800.0
1966-01-14,6635700.0
1966-01-15,6641000.0
1966-01-16,6648800.0
1966-01-17,6652800.0
1966-01-18,6654700.0
1966-01-19,6650100.0
1966-01-20,6646900.0
1966-01-21,6640900.0
1966-01-22,6641600.0
1966-01-23,6644900.0
1966-01-24,6638300.0
1966-01-25,6633000.0
1966-01-26,6625200.0
1966-01-27,6617300.0
1966-01-28,6609500.0
1966-01-29,6602200.0
1966-01-30,6599600.0
1966-01-31,6589200.0
1966-02-01,6582600.0
1966-02-02,6579400.0
1966-02-03,6574100.0
1966-02-04,6568900.0
1966-02-05,6563100.0
1966-02-06,6563700.0
1966-02-07,6561700.0
1966-02-08,6561100.0
1966-02-09,6557200.0
1966-02-10,6552000.0
1966-02-11,6541500.0
1966-02-12,6533100.0
1966-02-13,6529800.0
1966-02-14,6522700.0
1966-02-15,6516200.0
1966-02-16,6506400.0
1966-02-17,6503800.0
1966-02-18,6503200.0
1966-02-19,6507100.0
1966-02-20,6514200.0
1966-02-21,6517500.0
1966-02-22,6522000.0
1966-02-23,6522700.0
1966-02-24,6526600.0
1966-02-25,6529800.0
1966-02-26,6529800.0
1966-02-27,6535700.0
1966-02-28,6532400.0
1966-03-01,6529200.0
1966-03-02,6520700.0
1966-03-03,6515500.0
1966-03-04,6509700.0
1966-03-05,6503800.0
1966-03-06,6507100.0
1966-03-07,6501900.0
1966-03-08,6494700.0
1966-03-09,6489600.0
1966-03-10,6485700.0
1966-03-11,6483700.0
1966-03-12,6486300.0
1966-03-13,6499300.0
1966-03-14,6508300.0
1966-03-15,6523300.0
1966-03-16,6541500.0
1966-03-17,6553800.0
1966-03-18,6570800.0
1966-03-19,6593000.0
1966-03-20,6615300.0
1966-03-21,6648100.0
1966-03-22,6638200.0
1966-03-23,6649400.0
1966-03-24,6654600.0
1966-03-25,6657900.0
1966-03-26,6665800.0
1966-03-27,6671100.0
1966-03-28,6675700.0
1966-03-29,6673700.0
1966-03-30,6677600.0
1966-03-31,6688800.0
1966-04-01,6698100.0
1966-04-02,6713300.0
1966-04-03,6722500.0
1966-04-04,6735800.0
1966-04-05,6753600.0
1966-04-06,6767600.0
1966-04-07,6777500.0
1966-04-08,6786800.0
1966-04-09,6796200.0
1966-04-10,6804800.0
1966-04-11,6810800.0
1966-04-12,6814800.0
1966-04-13,6818800.0
1966-04-14,6821500.0
1966-04-15,6833500.0
1966-04-16,6833500.0
1966-04-17,6840800.0
1966-04-18,6840200.0
1966-04-19,6837500.0
1966-04-20,6839500.0
1966-04-21,6841500.0
1966-04-22,6843500.0
1966-04-23,6845500.0
1966-04-24,6853500.0
1966-04-25,6858900.0
1966-04-26,6859500.0
1966-04-27,6854200.0
1966-04-28,6847500.0
1966-04-29,6842800.0
1966-04-30,6838100.0
1966-05-01,6834800.0
1966-05-02,6832800.0
1966-05-03,6834100.0
1966-05-04,6838100.0
1966-05-05,6844800.0
1966-05-06,6853500.0
1966-05-07,6866900.0
1966-05-08,6891700.0
1966-05-09,6911200.0
1966-05-10,6940800.0
1966-05-11,6981300.0
1966-05-12,7012500.0
1966-05-13,7047900.0
1966-05-14,7077200.0
1966-05-15,7104600.0
1966-05-16,7121000.0
1966-05-17,7141600.0
1966-05-18,7141600.0
1966-05-19,7143700.0
1966-05-20,7138900.0
1966-05-21,7141600.0
1966-05-22,7144400.0
1966-05-23,7155400.0
1966-05-24,7165000.0
1966-05-25,7175300.0
1966-05-26,7181500.0
1966-05-27,7187100.0
1966-05-28,7194600.0
1966-05-29,7205700.0
1966-05-30,7215400.0
1966-05-31,7218100.0
1966-06-01,7223000.0
1966-06-02,7232000.0
1966-06-03,7243100.0
1966-06-04,7251400.0
1966-06-05,7256300.0
1966-06-06,7263200.0
1966-06-07,7277100.0
1966-06-08,7290400.0
1966-06-09,7295200.0
1966-06-10,7295200.0
1966-06-11,7292400.0
1966-06-12,7295200.0
1966-06-13,7293800.0
1966-06-14,7289600.0
1966-06-15,7285500.0
1966-06-16,7284800.0
1966-06-17,7275700.0
1966-06-18,7272900.0
1966-06-19,7272900.0
1966-06-20,7268100.0
1966-06-21,7267400.0
1966-06-22,7265300.0
1966-06-23,7262500.0
1966-06-24,7262500.0
1966-06-25,7262500.0
1966-06-26,7266000.0
1966-06-27,7261800.0
1966-06-28,7256900.0
1966-06-29,7250700.0
1966-06-30,7241600.0
1966-07-01,7240200.0
1966-07-02,7234000.0
1966-07-03,7234700.0
1966-07-04,7229900.0
1966-07-05,7223600.0
1966-07-06,7212500.0
1966-07-07,7202900.0
1966-07-08,7193200.0
1966-07-09,7177300.0
1966-07-10,7172500.0
1966-07-11,7155300.0
1966-07-12,7141500.0
1966-07-13,7128500.0
1966-07-14,7110600.0
1966-07-15,7100400.0
1966-07-16,7083900.0
1966-07-17,7068900.0
1966-07-18,7058000.0
1966-07-19,7045000.0
1966-07-20,7033500.0
1966-07-21,7023300.0
1966-07-22,7005600.0
1966-07-23,6990000.0
1966-07-24,6978500.0
1966-07-25,6967000.0
1966-07-26,6959600.0
1966-07-27,6944700.0
1966-07-28,6936600.0
1966-07-29,6931200.0
1966-07-30,6912400.0
1966-07-31,6907000.0
1966-08-01,6898900.0
1966-08-02,6882800.0
1966-08-03,6875400.0
1966-08-04,6850700.0
1966-08-05,6844000.0
1966-08-06,6828600.0
1966-08-07,6821900.0
1966-08-08,6809300.0
1966-08-09,6809300.0
1966-08-10,6785900.0
1966-08-11,6769300.0
1966-08-12,6759400.0
1966-08-13,6743500.0
1966-08-14,6728900.0
1966-08-15,6715700.0
1966-08-16,6703100.0
1966-08-17,6684600.0
1966-08-18,6667500.0
1966-08-19,6658300.0
1966-08-20,6642500.0
1966-08-21,6631400.0
1966-08-22,6617600.0
1966-08-23,6605800.0
1966-08-24,6590100.0
1966-08-25,6575700.0
1966-08-26,6563300.0
1966-08-27,6552200.0
1966-08-28,6540500.0
1966-08-29,6526200.0
1966-08-30,6515200.0
1966-08-31,6510000.0
1966-09-01,6506700.0
1966-09-02,6506100.0
1966-09-03,6506100.0
1966-09-04,6506100.0
1966-09-05,6503500.0
1966-09-06,6498300.0
1966-09-07,6489200.0
1966-09-08,6481500.0
1966-09-09,6471100.0
1966-09-10,6454900.0
1966-09-11,6448500.0
1966-09-12,6431100.0
1966-09-13,6425900.0
1966-09-14,6419500.0
1966-09-15,6409200.0
1966-09-16,6398900.0
1966-09-17,6391200.0
1966-09-18,6379000.0
1966-09-19,6372000.0
1966-09-20,6354700.0
1966-09-21,6341300.0
1966-09-22,6325300.0
1966-09-23,6309400.0
1966-09-24,6292800.0
1966-09-25,6282000.0
1966-09-26,6270000.0
1966-09-27,6255400.0
1966-09-28,6244600.0
1966-09-29,6230100.0
1966-09-30,6219300.0
1966-10-01,6202900.0
1966-10-02,6193500.0
1966-10-03,6187800.0
1966-10-04,6174600.0
1966-10-05,6158900.0
1966-10-06,6156400.0
1966-10-07,6150700.0
1966-10-08,6145700.0
1966-10-09,6145700.0
1966-10-10,6140700.0
1966-10-11,6132500.0
1966-10-12,6126900.0
1966-10-13,6120600.0
1966-10-14,6119400.0
1966-10-15,6119400.0
1966-10-16,6125000.0
1966-10-17,6128200.0
1966-10-18,6131900.0
1966-10-19,6131900.0
1966-10-20,6128100.0
1966-10-21,6125000.0
1966-10-22,6124400.0
1966-10-23,6126900.0
1966-10-24,6125000.0
1966-10-25,6118800.0
1966-10-26,6111300.0
1966-10-27,6102500.0
1966-10-28,6093800.0
1966-10-29,6086900.0
1966-10-30,6081300.0
1966-10-31,6072600.0
1966-11-01,6062000.0
1966-11-02,6057000.0
1966-11-03,6048300.0
1966-11-04,6041500.0
1966-11-05,6035300.0
1966-11-06,6038400.0
1966-11-07,6037200.0
1966-11-08,6035300.0
1966-11-09,6028500.0
1966-11-10,6018600.0
1966-11-11,6005600.0
1966-11-12,5999400.0
1966-11-13,5998200.0
1966-11-14,5990100.0
1966-11-15,5985200.0
1966-11-16,5973500.0
1966-11-17,5961800.0
1966-11-18,5953800.0
1966-11-19,5940300.0
1966-11-20,5937200.0
1966-11-21,5926800.0
1966-11-22,5917000.0
1966-11-23,5909000.0
1966-11-24,5907200.0
1966-11-25,5894300.0
1966-11-26,5880300.0
1966-11-27,5877200.0
1966-11-28,5866200.0
1966-11-29,5861400.0
1966-11-30,5854100.0
1966-12-01,5849800.0
1966-12-02,5846800.0
1966-12-03,5842500.0
1966-12-04,5843700.0
1966-12-05,5836400.0
1966-12-06,5832800.0
1966-12-07,5845500.0
1966-12-08,5854700.0
1966-12-09,5862000.0
1966-12-10,5871100.0
1966-12-11,5877200.0
1966-12-12,5877200.0
1966-12-13,5874700.0
1966-12-14,5869900.0
1966-12-15,5864400.0
1966-12-16,5855900.0
1966-12-17,5848600.0
1966-12-18,5848500.0
1966-12-19,5844300.0
1966-12-20,5831500.0
1966-12-21,5819400.0
1966-12-22,5813300.0
1966-12-23,5801800.0
1966-12-24,5790300.0
1966-12-25,5792100.0
1966-12-26,5790300.0
1966-12-27,5785500.0
1966-12-28,5774600.0
1966-12-29,5754700.0
1966-12-30,5740900.0
1966-12-31,5725900.0
1967-01-01,5716300.0
1967-01-02,5710900.0
1967-01-03,5692900.0
1967-01-04,5673200.0
1967-01-05,5652900.0
1967-01-06,5644600.0
1967-01-07,5634400.0
1967-01-08,5632100.0
1967-01-09,5621400.0
1967-01-10,5608300.0
1967-01-11,5597600.0
1967-01-12,5585800.0
1967-01-13,5575200.0
1967-01-14,5561000.0
1967-01-15,5555700.0
1967-01-16,5549800.0
1967-01-17,5544500.0
1967-01-18,5535600.0
1967-01-19,5528600.0
1967-01-20,5518600.0
1967-01-21,5511500.0
1967-01-22,5514500.0
1967-01-23,5507400.0
1967-01-24,5505700.0
1967-01-25,5498600.0
1967-01-26,5493300.0
1967-01-27,5491600.0
1967-01-28,5491000.0
1967-01-29,5491600.0
1967-01-30,5491000.0
1967-01-31,5485100.0
1967-02-01,5481000.0
1967-02-02,5474600.0
1967-02-03,5469900.0
1967-02-04,5463500.0
1967-02-05,5462900.0
1967-02-06,5457000.0
1967-02-07,5450000.0
1967-02-08,5442500.0
1967-02-09,5433700.0
1967-02-10,5427300.0
1967-02-11,5419800.0
1967-02-12,5415700.0
1967-02-13,5411600.0
1967-02-14,5403500.0
1967-02-15,5397700.0
1967-02-16,5388400.0
1967-02-17,5381400.0
1967-02-18,5377400.0
1967-02-19,5375100.0
1967-02-20,5372200.0
1967-02-21,5364100.0
1967-02-22,5358900.0
1967-02-23,5355400.0
1967-02-24,5353100.0
1967-02-25,5349600.0
1967-02-26,5353100.0
1967-02-27,5354800.0
1967-02-28,5354800.0
1967-03-01,5349000.0
1967-03-02,5346100.0
1967-03-03,5342700.0
1967-03-04,5330600.0
1967-03-05,5330000.0
1967-03-06,5320800.0
1967-03-07,5317300.0
1967-03-08,5310400.0
1967-03-09,5298900.0
1967-03-10,5289800.0
1967-03-11,5284000.0
1967-03-12,5277100.0
1967-03-13,5266300.0
1967-03-14,5257700.0
1967-03-15,5252000.0
1967-03-16,5244000.0
1967-03-17,5242300.0
1967-03-18,5239400.0
1967-03-19,5233700.0
1967-03-20,5229100.0
1967-03-21,5221700.0
1967-03-22,5220000.0
1967-03-23,5220600.0
1967-03-24,5218900.0
1967-03-25,5218300.0
1967-03-26,5218300.0
1967-03-27,5217200.0
1967-03-28,5216600.0
1967-03-29,5209800.0
1967-03-30,5206900.0
1967-03-31,5202900.0
1967-04-01,5198400.0
1967-04-02,5191000.0
1967-04-03,5175100.0
1967-04-04,5157000.0
1967-04-05,5141200.0
1967-04-06,5126500.0
1967-04-07,5109100.0
1967-04-08,5101200.0
1967-04-09,5101200.0
1967-04-10,5095600.0
1967-04-11,5091100.0
1967-04-12,5081000.0
1967-04-13,5070900.0
1967-04-14,5060300.0
1967-04-15,5050200.0
1967-04-16,5053000.0
1967-04-17,5048000.0
1967-04-18,5031300.0
1967-04-19,5014600.0
1967-04-20,4995100.0
1967-04-21,4984000.0
1967-04-22,4976200.0
1967-04-23,4970200.0
1967-04-24,4964600.0
1967-04-25,4955800.0
1967-04-26,4946400.0
1967-04-27,4935400.0
1967-04-28,4923800.0
1967-04-29,4917200.0
1967-04-30,4913300.0
1967-05-01,4897400.0
1967-05-02,4885300.0
1967-05-03,4877700.0
1967-05-04,4866200.0
1967-05-05,4852000.0
1967-05-06,4842700.0
1967-05-07,4835600.0
1967-05-08,4821400.0
1967-05-09,4804600.0
1967-05-10,4787800.0
1967-05-11,4770500.0
1967-05-12,4748900.0
1967-05-13,4729000.0
1967-05-14,4721400.0
1967-05-15,4704800.0
1967-05-16,4693000.0
1967-05-17,4685500.0
1967-05-18,4674800.0
1967-05-19,4663600.0
1967-05-20,4648100.0
1967-05-21,4642300.0
1967-05-22,4638000.0
1967-05-23,4638600.0
1967-05-24,4652400.0
1967-05-25,4677500.0
1967-05-26,4713900.0
1967-05-27,4766100.0
1967-05-28,4830100.0
1967-05-29,4889100.0
1967-05-30,4950700.0
1967-05-31,5011700.0
1967-06-01,5065300.0
1967-06-02,5107900.0
1967-06-03,5153500.0
1967-06-04,5188600.0
1967-06-05,5220500.0
1967-06-06,5250700.0
1967-06-07,5291300.0
1967-06-08,5339000.0
1967-06-09,5383000.0
1967-06-10,5433500.0
1967-06-11,5480200.0
1967-06-12,5523000.0
1967-06-13,5558300.0
1967-06-14,5595600.0
1967-06-15,5636500.0
1967-06-16,5672300.0
1967-06-17,5706300.0
1967-06-18,5736900.0
1967-06-19,5769500.0
1967-06-20,5801500.0
1967-06-21,5848800.0
1967-06-22,5889000.0
1967-06-23,5941100.0
1967-06-24,5974900.0
1967-06-25,6020000.0
1967-06-26,6064100.0
1967-06-27,6102100.0
1967-06-28,6140800.0
1967-06-29,6173500.0
1967-06-30,6199200.0
1967-07-01,6225800.0
1967-07-02,6250400.0
1967-07-03,6272000.0
1967-07-04,6291000.0
1967-07-05,6303100.0
1967-07-06,6313300.0
1967-07-07,6317800.0
1967-07-08,6327900.0
1967-07-09,6337500.0
1967-07-10,6343900.0
1967-07-11,6350900.0
1967-07-12,6353500.0
1967-07-13,6355400.0
1967-07-14,6359900.0
1967-07-15,6366300.0
1967-07-16,6378500.0
1967-07-17,6386200.0
1967-07-18,6401600.0
1967-07-19,6407300.0
1967-07-20,6418900.0
1967-07-21,6425300.0
1967-07-22,6425300.0
1967-07-23,6432400.0
1967-07-24,6432400.0
1967-07-25,6432400.0
1967-07-26,6426600.0
1967-07-27,6435000.0
1967-07-28,6430500.0
1967-07-29,6425300.0
1967-07-30,6421500.0
1967-07-31,6414400.0
1967-08-01,6406700.0
1967-08-02,6397000.0
1967-08-03,6382300.0
1967-08-04,6373300.0
1967-08-05,6366200.0
1967-08-06,6363000.0
1967-08-07,6355400.0
1967-08-08,6349600.0
1967-08-09,6352800.0
1967-08-10,6362400.0
1967-08-11,6373300.0
1967-08-12,6385500.0
1967-08-13,6398300.0
1967-08-14,6404700.0
1967-08-15,6406000.0
1967-08-16,6399600.0
1967-08-17,6399600.0
1967-08-18,6393800.0
1967-08-19,6387400.0
1967-08-20,6385500.0
1967-08-21,6375200.0
1967-08-22,6366900.0
1967-08-23,6358500.0
1967-08-24,6349600.0
1967-08-25,6344500.0
1967-08-26,6336200.0
1967-08-27,6326600.0
1967-08-28,6317700.0
1967-08-29,6306800.0
1967-08-30,6290900.0
1967-08-31,6283300.0
1967-09-01,6268700.0
1967-09-02,6263000.0
1967-09-03,6264200.0
1967-09-04,6260400.0
1967-09-05,6250900.0
1967-09-06,6239500.0
1967-09-07,6237600.0
1967-09-08,6233800.0
1967-09-09,6226300.0
1967-09-10,6221200.0
1967-09-11,6216100.0
1967-09-12,6221200.0
1967-09-13,6213600.0
1967-09-14,6209200.0
1967-09-15,6208600.0
1967-09-16,6205400.0
1967-09-17,6206700.0
1967-09-18,6203500.0
1967-09-19,6194700.0
1967-09-20,6184000.0
1967-09-21,6179000.0
1967-09-22,6168900.0
1967-09-23,6162000.0
1967-09-24,6172700.0
1967-09-25,6165100.0
1967-09-26,6167000.0
1967-09-27,6162000.0
1967-09-28,6157600.0
1967-09-29,6158200.0
1967-09-30,6157600.0
1967-10-01,6160700.0
1967-10-02,6157600.0
1967-10-03,6156300.0
1967-10-04,6153800.0
1967-10-05,6150000.0
1967-10-06,6147500.0
1967-10-07,6146300.0
1967-10-08,6150000.0
1967-10-09,6151300.0
1967-10-10,6150700.0
1967-10-11,6148200.0
1967-10-12,6147500.0
1967-10-13,6143100.0
1967-10-14,6143100.0
1967-10-15,6145600.0
1967-10-16,6142500.0
1967-10-17,6138100.0
1967-10-18,6136200.0
1967-10-19,6138100.0
1967-10-20,6134400.0
1967-10-21,6139400.0
1967-10-22,6144400.0
1967-10-23,6145000.0
1967-10-24,6141900.0
1967-10-25,6138700.0
1967-10-26,6139300.0
1967-10-27,6137500.0
1967-10-28,6146900.0
1967-10-29,6149400.0
1967-10-30,6144400.0
1967-10-31,6141200.0
1967-11-01,6136800.0
1967-11-02,6135600.0
1967-11-03,6129300.0
1967-11-04,6133100.0
1967-11-05,6143700.0
1967-11-06,6144300.0
1967-11-07,6145000.0
1967-11-08,6145600.0
1967-11-09,6146200.0
1967-11-10,6148100.0
1967-11-11,6151800.0
1967-11-12,6160000.0
1967-11-13,6164400.0
1967-11-14,6163200.0
1967-11-15,6161300.0
1967-11-16,6160000.0
1967-11-17,6156200.0
1967-11-18,6156900.0
1967-11-19,6165700.0
1967-11-20,6161300.0
1967-11-21,6157500.0
1967-11-22,6151800.0
1967-11-23,6158100.0
1967-11-24,6153100.0
1967-11-25,6153100.0
1967-11-26,6163800.0
1967-11-27,6160000.0
1967-11-28,6158100.0
1967-11-29,6147400.0
1967-11-30,6146800.0
1967-12-01,6143000.0
1967-12-02,6145500.0
1967-12-03,6145500.0
1967-12-04,6143700.0
1967-12-05,6138000.0
1967-12-06,6139900.0
1967-12-07,6129300.0
1967-12-08,6124200.0
1967-12-09,6122400.0
1967-12-10,6122400.0
1967-12-11,6116700.0
1967-12-12,6108600.0
1967-12-13,6099900.0
1967-12-14,6086200.0
1967-12-15,6074900.0
1967-12-16,6070600.0
1967-12-17,6058100.0
1967-12-18,6055700.0
1967-12-19,6045100.0
1967-12-20,6034500.0
1967-12-21,6030800.0
1967-12-22,6027100.0
1967-12-23,6033300.0
1967-12-24,6040700.0
1967-12-25,6047600.0
1967-12-26,6048800.0
1967-12-27,6048800.0
1967-12-28,6052500.0
1967-12-29,6051900.0
1967-12-30,6056300.0
1967-12-31,6068100.0
1968-01-01,6075500.0
1968-01-02,6081100.0
1968-01-03,6079300.0
1968-01-04,6084200.0
1968-01-05,6081100.0
1968-01-06,6078000.0
1968-01-07,6083000.0
1968-01-08,6083000.0
1968-01-09,6072400.0
1968-01-10,6060600.0
1968-01-11,6048200.0
1968-01-12,6035700.0
1968-01-13,6027100.0
1968-01-14,6031400.0
1968-01-15,6023400.0
1968-01-16,6014100.0
1968-01-17,6007300.0
1968-01-18,5996100.0
1968-01-19,5986900.0
1968-01-20,5983800.0
1968-01-21,5987500.0
1968-01-22,5977600.0
1968-01-23,5968400.0
1968-01-24,5956100.0
1968-01-25,5945000.0
1968-01-26,5940100.0
1968-01-27,5942500.0
1968-01-28,5954800.0
1968-01-29,5952400.0
1968-01-30,5946200.0
1968-01-31,5944400.0
1968-02-01,5944400.0
1968-02-02,5941900.0
1968-02-03,5939400.0
1968-02-04,5947400.0
1968-02-05,5947400.0
1968-02-06,5945600.0
1968-02-07,5941300.0
1968-02-08,5935100.0
1968-02-09,5935100.0
1968-02-10,5937000.0
1968-02-11,5944300.0
1968-02-12,5944300.0
1968-02-13,5939400.0
1968-02-14,5935100.0
1968-02-15,5943700.0
1968-02-16,5952300.0
1968-02-17,5956600.0
1968-02-18,5970200.0
1968-02-19,5974500.0
1968-02-20,5978800.0
1968-02-21,5977600.0
1968-02-22,5985000.0
1968-02-23,5987400.0
1968-02-24,5993600.0
1968-02-25,6003500.0
1968-02-26,6006600.0
1968-02-27,6006600.0
1968-02-28,6003500.0
1968-02-29,6004700.0
1968-03-01,5996700.0
1968-03-02,5986800.0
1968-03-03,5979400.0
1968-03-04,5970100.0
1968-03-05,5963400.0
1968-03-06,5952900.0
1968-03-07,5938200.0
1968-03-08,5935100.0
1968-03-09,5929600.0
1968-03-10,5929600.0
1968-03-11,5917900.0
1968-03-12,5908700.0
1968-03-13,5903800.0
1968-03-14,5900800.0
1968-03-15,5897100.0
1968-03-16,5892200.0
1968-03-17,5892800.0
1968-03-18,5884300.0
1968-03-19,5873300.0
1968-03-20,5867200.0
1968-03-21,5850700.0
1968-03-22,5836800.0
1968-03-23,5822200.0
1968-03-24,5814300.0
1968-03-25,5793100.0
1968-03-26,5775600.0
1968-03-27,5747300.0
1968-03-28,5722600.0
1968-03-29,5698600.0
1968-03-30,5682500.0
1968-03-31,5666900.0
1968-04-01,5646100.0
1968-04-02,5624100.0
1968-04-03,5602700.0
1968-04-04,5584400.0
1968-04-05,5567800.0
1968-04-06,5556000.0
1968-04-07,5545400.0
1968-04-08,5532400.0
1968-04-09,5516600.0
1968-04-10,5500100.0
1968-04-11,5486100.0
1968-04-12,5470300.0
1968-04-13,5455700.0
1968-04-14,5436400.0
1968-04-15,5415500.0
1968-04-16,5397400.0
1968-04-17,5390500.0
1968-04-18,5370800.0
1968-04-19,5359800.0
1968-04-20,5354600.0
1968-04-21,5356900.0
1968-04-22,5348300.0
1968-04-23,5337900.0
1968-04-24,5331500.0
1968-04-25,5327500.0
1968-04-26,5321200.0
1968-04-27,5313700.0
1968-04-28,5310800.0
1968-04-29,5302800.0
1968-04-30,5290100.0
1968-05-01,5280400.0
1968-05-02,5271200.0
1968-05-03,5259200.0
1968-05-04,5252300.0
1968-05-05,5247800.0
1968-05-06,5248900.0
1968-05-07,5255800.0
1968-05-08,5272900.0
1968-05-09,5300400.0
1968-05-10,5325700.0
1968-05-11,5349400.0
1968-05-12,5378900.0
1968-05-13,5395700.0
1968-05-14,5412500.0
1968-05-15,5432300.0
1968-05-16,5453900.0
1968-05-17,5467300.0
1968-05-18,5480100.0
1968-05-19,5499500.0
1968-05-20,5510000.0
1968-05-21,5514700.0
1968-05-22,5522400.0
1968-05-23,5531800.0
1968-05-24,5554200.0
1968-05-25,5581300.0
1968-05-26,5615100.0
1968-05-27,5644200.0
1968-05-28,5674600.0
1968-05-29,5696100.0
1968-05-30,5731500.0
1968-05-31,5772400.0
1968-06-01,5826900.0
1968-06-02,5891400.0
1968-06-03,5955200.0
1968-06-04,6024900.0
1968-06-05,6095800.0
1968-06-06,6182200.0
1968-06-07,6268800.0
1968-06-08,6367000.0
1968-06-09,6464100.0
1968-06-10,6545800.0
1968-06-11,6611800.0
1968-06-12,6664900.0
1968-06-13,6703800.0
1968-06-14,6738900.0
1968-06-15,6776700.0
1968-06-16,6828000.0
1968-06-17,6873500.0
1968-06-18,6919800.0
1968-06-19,6965700.0
1968-06-20,7012400.0
1968-06-21,7060100.0
1968-06-22,7107200.0
1968-06-23,7156700.0
1968-06-24,7207000.0
1968-06-25,7246500.0
1968-06-26,7286200.0
1968-06-27,7313400.0
1968-06-28,7337100.0
1968-06-29,7368600.0
1968-06-30,7386200.0
1968-07-01,7414300.0
1968-07-02,7436200.0
1968-07-03,7455300.0
1968-07-04,7474400.0
1968-07-05,7489300.0
1968-07-06,7499200.0
1968-07-07,7516200.0
1968-07-08,7502700.0
1968-07-09,7499200.0
1968-07-10,7499200.0
1968-07-11,7492800.0
1968-07-12,7482200.0
1968-07-13,7473700.0
1968-07-14,7473700.0
1968-07-15,7464500.0
1968-07-16,7455200.0
1968-07-17,7440400.0
1968-07-18,7422800.0
1968-07-19,7400900.0
1968-07-20,7381200.0
1968-07-21,7371400.0
1968-07-22,7360900.0
1968-07-23,7344100.0
1968-07-24,7332900.0
1968-07-25,7318200.0
1968-07-26,7304900.0
1968-07-27,7308400.0
1968-07-28,7328000.0
1968-07-29,7324500.0
1968-07-30,7325900.0
1968-07-31,7323100.0
1968-08-01,7344700.0
1968-08-02,7379100.0
1968-08-03,7401600.0
1968-08-04,7426300.0
1968-08-05,7441800.0
1968-08-06,7449600.0
1968-08-07,7453100.0
1968-08-08,7461600.0
1968-08-09,7464400.0
1968-08-10,7477900.0
1968-08-11,7499100.0
1968-08-12,7519000.0
1968-08-13,7534700.0
1968-08-14,7547500.0
1968-08-15,7565300.0
1968-08-16,7583900.0
1968-08-17,7597500.0
1968-08-18,7615400.0
1968-08-19,7621100.0
1968-08-20,7626100.0
1968-08-21,7616800.0
1968-08-22,7608900.0
1968-08-23,7603900.0
1968-08-24,7596000.0
1968-08-25,7590300.0
1968-08-26,7577400.0
1968-08-27,7561000.0
1968-08-28,7544600.0
1968-08-29,7532500.0
1968-08-30,7516900.0
1968-08-31,7508300.0
1968-09-01,7502600.0
1968-09-02,7497000.0
1968-09-03,7492700.0
1968-09-04,7477800.0
1968-09-05,7464400.0
1968-09-06,7449500.0
1968-09-07,7438200.0
1968-09-08,7430400.0
1968-09-09,7417700.0
1968-09-10,7405100.0
1968-09-11,7388900.0
1968-09-12,7378300.0
1968-09-13,7367100.0
1968-09-14,7357300.0
1968-09-15,7355900.0
1968-09-16,7342600.0
1968-09-17,7332800.0
1968-09-18,7323700.0
1968-09-19,7315300.0
1968-09-20,7309700.0
1968-09-21,7306200.0
1968-09-22,7308300.0
1968-09-23,7303400.0
1968-09-24,7295000.0
1968-09-25,7287400.0
1968-09-26,7281800.0
1968-09-27,7274100.0
1968-09-28,7276200.0
1968-09-29,7277600.0
1968-09-30,7270700.0
1968-10-01,7266500.0
1968-10-02,7267900.0
1968-10-03,7274100.0
1968-10-04,7274100.0
1968-10-05,7273400.0
1968-10-06,7278300.0
1968-10-07,7279000.0
1968-10-08,7279000.0
1968-10-09,7276900.0
1968-10-10,7272000.0
1968-10-11,7263000.0
1968-10-12,7256000.0
1968-10-13,7252600.0
1968-10-14,7247700.0
1968-10-15,7235900.0
1968-10-16,7227600.0
1968-10-17,7217900.0
1968-10-18,7211000.0
1968-10-19,7206100.0
1968-10-20,7206100.0
1968-10-21,7203400.0
1968-10-22,7197100.0
1968-10-23,7190200.0
1968-10-24,7183300.0
1968-10-25,7175700.0
1968-10-26,7171600.0
1968-10-27,7166800.0
1968-10-28,7160600.0
1968-10-29,7151600.0
1968-10-30,7140600.0
1968-10-31,7135100.0
1968-11-01,7128900.0
1968-11-02,7126900.0
1968-11-03,7127600.0
1968-11-04,7124800.0
1968-11-05,7121400.0
1968-11-06,7116600.0
1968-11-07,7111100.0
1968-11-08,7104200.0
1968-11-09,7102200.0
1968-11-10,7104900.0
1968-11-11,7102200.0
1968-11-12,7095300.0
1968-11-13,7087800.0
1968-11-14,7078900.0
1968-11-15,7068700.0
1968-11-16,7065900.0
1968-11-17,7069300.0
1968-11-18,7064600.0
1968-11-19,7055700.0
1968-11-20,7046800.0
1968-11-21,7037300.0
1968-11-22,7031900.0
1968-11-23,7027800.0
1968-11-24,7028500.0
1968-11-25,7025700.0
1968-11-26,7019600.0
1968-11-27,7014800.0
1968-11-28,7020300.0
1968-11-29,7015500.0
1968-11-30,7017600.0
1968-12-01,7018200.0
1968-12-02,7010800.0
1968-12-03,7003300.0
1968-12-04,6995200.0
1968-12-05,6987000.0
1968-12-06,6983600.0
1968-12-07,6977600.0
1968-12-08,6980900.0
1968-12-09,6975500.0
1968-12-10,6972100.0
1968-12-11,6966700.0
1968-12-12,6955200.0
1968-12-13,6955900.0
1968-12-14,6956600.0
1968-12-15,6960600.0
1968-12-16,6954500.0
1968-12-17,6950500.0
1968-12-18,6944400.0
1968-12-19,6931600.0
1968-12-20,6926900.0
1968-12-21,6916800.0
1968-12-22,6914100.0
1968-12-23,6907400.0
1968-12-24,6899300.0
1968-12-25,6890600.0
1968-12-26,6884500.0
1968-12-27,6873100.0
1968-12-28,6863700.0
1968-12-29,6862400.0
1968-12-30,6857700.0
1968-12-31,6857000.0
1969-01-01,6863700.0
1969-01-02,6865700.0
1969-01-03,6867100.0
1969-01-04,6869800.0
1969-01-05,6875100.0
1969-01-06,6876500.0
1969-01-07,6873800.0
1969-01-08,6878500.0
1969-01-09,6875800.0
1969-01-10,6875800.0
1969-01-11,6877800.0
1969-01-12,6889900.0
1969-01-13,6889900.0
1969-01-14,6885200.0
1969-01-15,6880500.0
1969-01-16,6882500.0
1969-01-17,6880500.0
1969-01-18,6882500.0
1969-01-19,6891200.0
1969-01-20,6892500.0
1969-01-21,6894600.0
1969-01-22,6897200.0
1969-01-23,6902600.0
1969-01-24,6904600.0
1969-01-25,6907300.0
1969-01-26,6917400.0
1969-01-27,6921400.0
1969-01-28,6928200.0
1969-01-29,6924800.0
1969-01-30,6924800.0
1969-01-31,6919400.0
1969-02-01,6913300.0
1969-02-02,6924100.0
1969-02-03,6932200.0
1969-02-04,6938300.0
1969-02-05,6943700.0
1969-02-06,6951700.0
1969-02-07,6951100.0
1969-02-08,6953800.0
1969-02-09,6962600.0
1969-02-10,6966600.0
1969-02-11,6972000.0
1969-02-12,6977400.0
1969-02-13,6980100.0
1969-02-14,6986900.0
1969-02-15,6995000.0
1969-02-16,7003800.0
1969-02-17,7012000.0
1969-02-18,7017400.0
1969-02-19,7027600.0
1969-02-20,7029000.0
1969-02-21,7037100.0
1969-02-22,7049400.0
1969-02-23,7058300.0
1969-02-24,7065100.0
1969-02-25,7074600.0
1969-02-26,7084900.0
1969-02-27,7090300.0
1969-02-28,7099200.0
1969-03-01,7112900.0
1969-03-02,7120500.0
1969-03-03,7126700.0
1969-03-04,7137000.0
1969-03-05,7143100.0
1969-03-06,7152800.0
1969-03-07,7156200.0
1969-03-08,7165900.0
1969-03-09,7179600.0
1969-03-10,7184500.0
1969-03-11,7186500.0
1969-03-12,7194100.0
1969-03-13,7194800.0
1969-03-14,7180300.0
1969-03-15,7168600.0
1969-03-16,7167200.0
1969-03-17,7163800.0
1969-03-18,7158200.0
1969-03-19,7158900.0
1969-03-20,7153400.0
1969-03-21,7152700.0
1969-03-22,7146600.0
1969-03-23,7143800.0
1969-03-24,7148600.0
1969-03-25,7152000.0
1969-03-26,7152700.0
1969-03-27,7152700.0
1969-03-28,7147900.0
1969-03-29,7146500.0
1969-03-30,7152700.0
1969-03-31,7152700.0
1969-04-01,7143800.0
1969-04-02,7142400.0
1969-04-03,7144500.0
1969-04-04,7154100.0
1969-04-05,7167200.0
1969-04-06,7181000.0
1969-04-07,7197500.0
1969-04-08,7223800.0
1969-04-09,7237700.0
1969-04-10,7254300.0
1969-04-11,7271000.0
1969-04-12,7292600.0
1969-04-13,7315600.0
1969-04-14,7333800.0
1969-04-15,7352700.0
1969-04-16,7369500.0
1969-04-17,7395500.0
1969-04-18,7413800.0
1969-04-19,7429300.0
1969-04-20,7451900.0
1969-04-21,7464600.0
1969-04-22,7481600.0
1969-04-23,7500100.0
1969-04-24,7532800.0
1969-04-25,7568400.0
1969-04-26,7620700.0
1969-04-27,7675300.0
1969-04-28,7716400.0
1969-04-29,7753400.0
1969-04-30,7786800.0
1969-05-01,7811500.0
1969-05-02,7831200.0
1969-05-03,7853900.0
1969-05-04,7886100.0
1969-05-05,7915500.0
1969-05-06,7956000.0
1969-05-07,8001800.0
1969-05-08,8044800.0
1969-05-09,8092400.0
1969-05-10,8138700.0
1969-05-11,8186700.0
1969-05-12,8231900.0
1969-05-13,8268100.0
1969-05-14,8309000.0
1969-05-15,8351500.0
1969-05-16,8394900.0
1969-05-17,8446200.0
1969-05-18,8502300.0
1969-05-19,8548600.0
1969-05-20,8595800.0
1969-05-21,8647200.0
1969-05-22,8704200.0
1969-05-23,8763100.0
1969-05-24,8826100.0
1969-05-25,8895100.0
1969-05-26,8958800.0
1969-05-27,9011600.0
1969-05-28,9065400.0
1969-05-29,9122700.0
1969-05-30,9181800.0
1969-05-31,9241200.0
1969-06-01,9291900.0
1969-06-02,9336100.0
1969-06-03,9375600.0
1969-06-04,9408600.0
1969-06-05,9426800.0
1969-06-06,9445800.0
1969-06-07,9468100.0
1969-06-08,9485600.0
1969-06-09,9498800.0
1969-06-10,9510500.0
1969-06-11,9538800.0
1969-06-12,9544600.0
1969-06-13,9562900.0
1969-06-14,9579600.0
1969-06-15,9594700.0
1969-06-16,9601400.0
1969-06-17,9608000.0
1969-06-18,9624000.0
1969-06-19,9644900.0
1969-06-20,9667600.0
1969-06-21,9699600.0
1969-06-22,9722300.0
1969-06-23,9748500.0
1969-06-24,9764500.0
1969-06-25,9805200.0
1969-06-26,9823000.0
1969-06-27,9856200.0
1969-06-28,9888600.0
1969-06-29,9921900.0
1969-06-30,9948400.0
1969-07-01,9964700.0
1969-07-02,9978400.0
1969-07-03,9993800.0
1969-07-04,10004200.0
1969-07-05,10012700.0
1969-07-06,10023900.0
1969-07-07,10030000.0
1969-07-08,10035100.0
1969-07-09,10040300.0
1969-07-10,10037700.0
1969-07-11,10034300.0
1969-07-12,10031700.0
1969-07-13,10033400.0
1969-07-14,10035100.0
1969-07-15,10046300.0
1969-07-16,10041100.0
1969-07-17,10034200.0
1969-07-18,10012700.0
1969-07-19,10029900.0
1969-07-20,10047200.0
1969-07-21,10054100.0
1969-07-22,10051500.0
1969-07-23,10041100.0
1969-07-24,10043700.0
1969-07-25,10037700.0
1969-07-26,10034200.0
1969-07-27,10026500.0
1969-07-28,10028200.0
1969-07-29,10024800.0
1969-07-30,10013600.0
1969-07-31,9999000.0
1969-08-01,9988600.0
1969-08-02,9973200.0
1969-08-03,9970600.0
1969-08-04,9956900.0
1969-08-05,9947500.0
1969-08-06,9933800.0
1969-08-07,9920900.0
1969-08-08,9908100.0
1969-08-09,9902100.0
1969-08-10,9891000.0
1969-08-11,9879100.0
1969-08-12,9856900.0
1969-08-13,9847600.0
1969-08-14,9833100.0
1969-08-15,9820400.0
1969-08-16,9806000.0
1969-08-17,9794100.0
1969-08-18,9780500.0
1969-08-19,9771200.0
1969-08-20,9760200.0
1969-08-21,9746700.0
1969-08-22,9730600.0
1969-08-23,9718000.0
1969-08-24,9705300.0
1969-08-25,9689300.0
1969-08-26,9669100.0
1969-08-27,9644800.0
1969-08-28,9630500.0
1969-08-29,9617100.0
1969-08-30,9605400.0
1969-08-31,9608700.0
1969-09-01,9607100.0
1969-09-02,9595400.0
1969-09-03,9584500.0
1969-09-04,9565300.0
1969-09-05,9545300.0
1969-09-06,9531900.0
1969-09-07,9524400.0
1969-09-08,9509500.0
1969-09-09,9488700.0
1969-09-10,9477100.0
1969-09-11,9465500.0
1969-09-12,9448100.0
1969-09-13,9458800.0
1969-09-14,9463000.0
1969-09-15,9458800.0
1969-09-16,9451400.0
1969-09-17,9444800.0
1969-09-18,9436500.0
1969-09-19,9424100.0
1969-09-20,9418300.0
1969-09-21,9429000.0
1969-09-22,9424900.0
1969-09-23,9420800.0
1969-09-24,9415800.0
1969-09-25,9410000.0
1969-09-26,9404300.0
1969-09-27,9400900.0
1969-09-28,9402600.0
1969-09-29,9396800.0
1969-09-30,9391100.0
1969-10-01,9390200.0
1969-10-02,9390200.0
1969-10-03,9405100.0
1969-10-04,9428200.0
1969-10-05,9440600.0
1969-10-06,9452200.0
1969-10-07,9453000.0
1969-10-08,9448900.0
1969-10-09,9445500.0
1969-10-10,9435600.0
1969-10-11,9443100.0
1969-10-12,9444700.0
1969-10-13,9434800.0
1969-10-14,9430700.0
1969-10-15,9435600.0
1969-10-16,9433100.0
1969-10-17,9430600.0
1969-10-18,9431500.0
1969-10-19,9440600.0
1969-10-20,9448000.0
1969-10-21,9444700.0
1969-10-22,9462100.0
1969-10-23,9490300.0
1969-10-24,9506100.0
1969-10-25,9513500.0
1969-10-26,9526000.0
1969-10-27,9529300.0
1969-10-28,9525200.0
1969-10-29,9532700.0
1969-10-30,9523500.0
1969-10-31,9521800.0
1969-11-01,9521000.0
1969-11-02,9529300.0
1969-11-03,9530200.0
1969-11-04,9526800.0
1969-11-05,9525200.0
1969-11-06,9519300.0
1969-11-07,9518500.0
1969-11-08,9514300.0
1969-11-09,9523500.0
1969-11-10,9520100.0
1969-11-11,9514300.0
1969-11-12,9511800.0
1969-11-13,9510200.0
1969-11-14,9505200.0
1969-11-15,9502700.0
1969-11-16,9509300.0
1969-11-17,9506800.0
1969-11-18,9501000.0
1969-11-19,9492700.0
1969-11-20,9487700.0
1969-11-21,9474500.0
1969-11-22,9471100.0
1969-11-23,9475300.0
1969-11-24,9468700.0
1969-11-25,9462800.0
1969-11-26,9459500.0
1969-11-27,9467000.0
1969-11-28,9460300.0
1969-11-29,9460300.0
1969-11-30,9464500.0
1969-12-01,9452100.0
1969-12-02,9439600.0
1969-12-03,9422300.0
1969-12-04,9412400.0
1969-12-05,9399200.0
1969-12-06,9384300.0
1969-12-07,9387600.0
1969-12-08,9376100.0
1969-12-09,9361300.0
1969-12-10,9352200.0
1969-12-11,9341500.0
1969-12-12,9333300.0
1969-12-13,9330900.0
1969-12-14,9333300.0
1969-12-15,9331700.0
1969-12-16,9327600.0
1969-12-17,9321000.0
1969-12-18,9314400.0
1969-12-19,9304600.0
1969-12-20,9303000.0
1969-12-21,9308700.0
1969-12-22,9305400.0
1969-12-23,9294800.0
1969-12-24,9297200.0
1969-12-25,9307100.0
1969-12-26,9315200.0
1969-12-27,9310300.0
1969-12-28,9319400.0
1969-12-29,9311200.0
1969-12-30,9298900.0
1969-12-31,9291500.0
1970-01-01,9291500.0
1970-01-02,9275900.0
1970-01-03,9258000.0
1970-01-04,9256300.0
1970-01-05,9231900.0
1970-01-06,9210700.0
1970-01-07,9191200.0
1970-01-08,9170100.0
1970-01-09,9151400.0
1970-01-10,9137600.0
1970-01-11,9138500.0
1970-01-12,9122300.0
1970-01-13,9116600.0
1970-01-14,9107700.0
1970-01-15,9102100.0
1970-01-16,9092400.0
1970-01-17,9085900.0
1970-01-18,9082700.0
1970-01-19,9074700.0
1970-01-20,9072200.0
1970-01-21,9068200.0
1970-01-22,9070600.0
1970-01-23,9076300.0
1970-01-24,9084300.0
1970-01-25,9096400.0
1970-01-26,9094000.0
1970-01-27,9092400.0
1970-01-28,9092400.0
1970-01-29,9087500.0
1970-01-30,9073800.0
1970-01-31,9069000.0
1970-02-01,9077000.0
1970-02-02,9075400.0
1970-02-03,9073000.0
1970-02-04,9067400.0
1970-02-05,9061700.0
1970-02-06,9060100.0
1970-02-07,9060900.0
1970-02-08,9070600.0
1970-02-09,9069800.0
1970-02-10,9068200.0
1970-02-11,9059300.0
1970-02-12,9048900.0
1970-02-13,9051300.0
1970-02-14,9051300.0
1970-02-15,9060100.0
1970-02-16,9063300.0
1970-02-17,9072200.0
1970-02-18,9070600.0
1970-02-19,9071400.0
1970-02-20,9076200.0
1970-02-21,9083500.0
1970-02-22,9093900.0
1970-02-23,9101200.0
1970-02-24,9104400.0
1970-02-25,9110100.0
1970-02-26,9115700.0
1970-02-27,9119800.0
1970-02-28,9130300.0
1970-03-01,9146500.0
1970-03-02,9152100.0
1970-03-03,9162700.0
1970-03-04,9176400.0
1970-03-05,9190300.0
1970-03-06,9200000.0
1970-03-07,9211400.0
1970-03-08,9217900.0
1970-03-09,9226000.0
1970-03-10,9232600.0
1970-03-11,9230100.0
1970-03-12,9230100.0
1970-03-13,9232500.0
1970-03-14,9238300.0
1970-03-15,9240700.0
1970-03-16,9242300.0
1970-03-17,9239100.0
1970-03-18,9243100.0
1970-03-19,9238200.0
1970-03-20,9236600.0
1970-03-21,9238200.0
1970-03-22,9239100.0
1970-03-23,9238200.0
1970-03-24,9231700.0
1970-03-25,9235000.0
1970-03-26,9235800.0
1970-03-27,9226800.0
1970-03-28,9224400.0
1970-03-29,9227600.0
1970-03-30,9229300.0
1970-03-31,9222700.0
1970-04-01,9212200.0
1970-04-02,9203200.0
1970-04-03,9187000.0
1970-04-04,9173100.0
1970-04-05,9157700.0
1970-04-06,9141500.0
1970-04-07,9124600.0
1970-04-08,9116500.0
1970-04-09,9092200.0
1970-04-10,9076900.0
1970-04-11,9066500.0
1970-04-12,9052800.0
1970-04-13,9036700.0
1970-04-14,9028700.0
1970-04-15,9021400.0
1970-04-16,9007800.0
1970-04-17,8996600.0
1970-04-18,8989400.0
1970-04-19,8994200.0
1970-04-20,8987800.0
1970-04-21,8976600.0
1970-04-22,8964600.0
1970-04-23,8949400.0
1970-04-24,8926300.0
1970-04-25,8910400.0
1970-04-26,8899200.0
1970-04-27,8885700.0
1970-04-28,8866700.0
1970-04-29,8857200.0
1970-04-30,8851600.0
1970-05-01,8849200.0
1970-05-02,8849200.0
1970-05-03,8853200.0
1970-05-04,8854800.0
1970-05-05,8854000.0
1970-05-06,8851600.0
1970-05-07,8861100.0
1970-05-08,8879300.0
1970-05-09,8904800.0
1970-05-10,8931800.0
1970-05-11,8966100.0
1970-05-12,8992500.0
1970-05-13,9024600.0
1970-05-14,9054300.0
1970-05-15,9090600.0
1970-05-16,9130900.0
1970-05-17,9173100.0
1970-05-18,9217000.0
1970-05-19,9270000.0
1970-05-20,9323200.0
1970-05-21,9384800.0
1970-05-22,9453400.0
1970-05-23,9531400.0
1970-05-24,9609100.0
1970-05-25,9686300.0
1970-05-26,9765600.0
1970-05-27,9832600.0
1970-05-28,9917800.0
1970-05-29,9982100.0
1970-05-30,10066400.0
1970-05-31,10135600.0
1970-06-01,10211200.0
1970-06-02,10274100.0
1970-06-03,10335400.0
1970-06-04,10384700.0
1970-06-05,10430600.0
1970-06-06,10480100.0
1970-06-07,10538700.0
1970-06-08,10589500.0
1970-06-09,10640400.0
1970-06-10,10696000.0
1970-06-11,10766100.0
1970-06-12,10824800.0
1970-06-13,10896500.0
1970-06-14,10973000.0
1970-06-15,11039700.0
1970-06-16,11095700.0
1970-06-17,11147300.0
1970-06-18,11183300.0
1970-06-19,11217500.0
1970-06-20,11252700.0
1970-06-21,11291700.0
1970-06-22,11330800.0
1970-06-23,11378300.0
1970-06-24,11423200.0
1970-06-25,11461700.0
1970-06-26,11500200.0
1970-06-27,11542500.0
1970-06-28,11587800.0
1970-06-29,11629500.0
1970-06-30,11679700.0
1970-07-01,11720600.0
1970-07-02,11740600.0
1970-07-03,11750100.0
1970-07-04,11770200.0
1970-07-05,11785400.0
1970-07-06,11803600.0
1970-07-07,11811200.0
1970-07-08,11834200.0
1970-07-09,11842800.0
1970-07-10,11861000.0
1970-07-11,11880200.0
1970-07-12,11896600.0
1970-07-13,11912000.0
1970-07-14,11921600.0
1970-07-15,11932200.0
1970-07-16,11916800.0
1970-07-17,11918700.0
1970-07-18,11904200.0
1970-07-19,11901400.0
1970-07-20,11890800.0
1970-07-21,11892700.0
1970-07-22,11892700.0
1970-07-23,11886900.0
1970-07-24,11878300.0
1970-07-25,11882100.0
1970-07-26,11882100.0
1970-07-27,11878300.0
1970-07-28,11867700.0
1970-07-29,11863900.0
1970-07-30,11854300.0
1970-07-31,11846600.0
1970-08-01,11830300.0
1970-08-02,11828400.0
1970-08-03,11823600.0
1970-08-04,11822700.0
1970-08-05,11812100.0
1970-08-06,11809300.0
1970-08-07,11799700.0
1970-08-08,11782500.0
1970-08-09,11785400.0
1970-08-10,11775800.0
1970-08-11,11763400.0
1970-08-12,11754800.0
1970-08-13,11748200.0
1970-08-14,11734800.0
1970-08-15,11731000.0
1970-08-16,11726200.0
1970-08-17,11715800.0
1970-08-18,11708100.0
1970-08-19,11690100.0
1970-08-20,11696700.0
1970-08-21,11692000.0
1970-08-22,11684400.0
1970-08-23,11691000.0
1970-08-24,11676800.0
1970-08-25,11657800.0
1970-08-26,11640700.0
1970-08-27,11619900.0
1970-08-28,11605700.0
1970-08-29,11593400.0
1970-08-30,11581100.0
1970-08-31,11563200.0
1970-09-01,11550900.0
1970-09-02,11528300.0
1970-09-03,11519800.0
1970-09-04,11511300.0
1970-09-05,11501900.0
1970-09-06,11556600.0
1970-09-07,11589600.0
1970-09-08,11627500.0
1970-09-09,11646400.0
1970-09-10,11644500.0
1970-09-11,11642600.0
1970-09-12,11655900.0
1970-09-13,11672000.0
1970-09-14,11677700.0
1970-09-15,11689100.0
1970-09-16,11708100.0
1970-09-17,11718600.0
1970-09-18,11720500.0
1970-09-19,11722400.0
1970-09-20,11728100.0
1970-09-21,11714700.0
1970-09-22,11724300.0
1970-09-23,11709000.0
1970-09-24,11714700.0
1970-09-25,11688100.0
1970-09-26,11684300.0
1970-09-27,11684300.0
1970-09-28,11672900.0
1970-09-29,11663400.0
1970-09-30,11654900.0
1970-10-01,11653000.0
1970-10-02,11652000.0
1970-10-03,11653900.0
1970-10-04,11661500.0
1970-10-05,11662500.0
1970-10-06,11665300.0
1970-10-07,11668200.0
1970-10-08,11679500.0
1970-10-09,11678600.0
1970-10-10,11683300.0
1970-10-11,11686200.0
1970-10-12,11682400.0
1970-10-13,11687100.0
1970-10-14,11690000.0
1970-10-15,11681400.0
1970-10-16,11686200.0
1970-10-17,11690900.0
1970-10-18,11702300.0
1970-10-19,11702300.0
1970-10-20,11702300.0
1970-10-21,11703300.0
1970-10-22,11701400.0
1970-10-23,11701400.0
1970-10-24,11709900.0
1970-10-25,11720400.0
1970-10-26,11721300.0
1970-10-27,11722300.0
1970-10-28,11729900.0
1970-10-29,11732800.0
1970-10-30,11735600.0
1970-10-31,11747100.0
1970-11-01,11754700.0
1970-11-02,11758500.0
1970-11-03,11760400.0
1970-11-04,11767100.0
1970-11-05,11769000.0
1970-11-06,11773800.0
1970-11-07,11784200.0
1970-11-08,11795700.0
1970-11-09,11800500.0
1970-11-10,11806200.0
1970-11-11,11808100.0
1970-11-12,11813900.0
1970-11-13,11816700.0
1970-11-14,11820600.0
1970-11-15,11834900.0
1970-11-16,11833000.0
1970-11-17,11827200.0
1970-11-18,11827200.0
1970-11-19,11819600.0
1970-11-20,11810000.0
1970-11-21,11812900.0
1970-11-22,11821500.0
1970-11-23,11818600.0
1970-11-24,11811900.0
1970-11-25,11811900.0
1970-11-26,11829100.0
1970-11-27,11829100.0
1970-11-28,11834900.0
1970-11-29,11841600.0
1970-11-30,11847300.0
1970-12-01,11853100.0
1970-12-02,11860800.0
1970-12-03,11862700.0
1970-12-04,11865600.0
1970-12-05,11869400.0
1970-12-06,11876100.0
1970-12-07,11876100.0
1970-12-08,11873200.0
1970-12-09,11869400.0
1970-12-10,11872300.0
1970-12-11,11866500.0
1970-12-12,11866500.0
1970-12-13,11873200.0
1970-12-14,11860800.0
1970-12-15,11855000.0
1970-12-16,11836800.0
1970-12-17,11826200.0
1970-12-18,11822400.0
1970-12-19,11809000.0
1970-12-20,11810900.0
1970-12-21,11799400.0
1970-12-22,11786100.0
1970-12-23,11777500.0
1970-12-24,11771800.0
1970-12-25,11779400.0
1970-12-26,11774600.0
1970-12-27,11777500.0
1970-12-28,11766000.0
1970-12-29,11750700.0
1970-12-30,11744100.0
1970-12-31,11741200.0
1971-01-01,11753600.0
1971-01-02,11757400.0
1971-01-03,11756500.0
1971-01-04,11740300.0
1971-01-05,11720300.0
1971-01-06,11703100.0
1971-01-07,11682200.0
1971-01-08,11661300.0
1971-01-09,11655600.0
1971-01-10,11654700.0
1971-01-11,11650000.0
1971-01-12,11648100.0
1971-01-13,11648100.0
1971-01-14,11654700.0
1971-01-15,11657500.0
1971-01-16,11662300.0
1971-01-17,11677500.0
1971-01-18,11684100.0
1971-01-19,11688800.0
1971-01-20,11700300.0
1971-01-21,11709800.0
1971-01-22,11725000.0
1971-01-23,11741200.0
1971-01-24,11751600.0
1971-01-25,11761200.0
1971-01-26,11766900.0
1971-01-27,11774500.0
1971-01-28,11785000.0
1971-01-29,11797500.0
1971-01-30,11817600.0
1971-01-31,11837700.0
1971-02-01,11847200.0
1971-02-02,11857800.0
1971-02-03,11866400.0
1971-02-04,11874100.0
1971-02-05,11887500.0
1971-02-06,11893300.0
1971-02-07,11911600.0
1971-02-08,11930800.0
1971-02-09,11934700.0
1971-02-10,11939500.0
1971-02-11,11946200.0
1971-02-12,11953000.0
1971-02-13,11958800.0
1971-02-14,11970300.0
1971-02-15,11980000.0
1971-02-16,11986800.0
1971-02-17,11989700.0
1971-02-18,11994500.0
1971-02-19,12007100.0
1971-02-20,12005100.0
1971-02-21,12015700.0
1971-02-22,12021600.0
1971-02-23,12021500.0
1971-02-24,12025400.0
1971-02-25,12022500.0
1971-02-26,12013800.0
1971-02-27,12021500.0
1971-02-28,12017700.0
1971-03-01,12009000.0
1971-03-02,12004100.0
1971-03-03,11991500.0
1971-03-04,11976100.0
1971-03-05,11984800.0
1971-03-06,11983800.0
1971-03-07,11987700.0
1971-03-08,11982900.0
1971-03-09,11985800.0
1971-03-10,11988700.0
1971-03-11,11986700.0
1971-03-12,11981900.0
1971-03-13,11980900.0
1971-03-14,11980900.0
1971-03-15,11979900.0
1971-03-16,11978000.0
1971-03-17,11980900.0
1971-03-18,11986700.0
1971-03-19,11992500.0
1971-03-20,11998300.0
1971-03-21,12003100.0
1971-03-22,12002200.0
1971-03-23,12005100.0
1971-03-24,12005100.0
1971-03-25,12001200.0
1971-03-26,12002100.0
1971-03-27,12006000.0
1971-03-28,12008000.0
1971-03-29,12008900.0
1971-03-30,12019500.0
1971-03-31,12037000.0
1971-04-01,12040800.0
1971-04-02,12039900.0
1971-04-03,12036000.0
1971-04-04,12036000.0
1971-04-05,12022400.0
1971-04-06,12009900.0
1971-04-07,11996300.0
1971-04-08,11983800.0
1971-04-09,11974100.0
1971-04-10,11968300.0
1971-04-11,11959600.0
1971-04-12,11955800.0
1971-04-13,11940300.0
1971-04-14,11934600.0
1971-04-15,11934500.0
1971-04-16,11942200.0
1971-04-17,11951900.0
1971-04-18,11972100.0
1971-04-19,11987600.0
1971-04-20,12003100.0
1971-04-21,12017600.0
1971-04-22,12038900.0
1971-04-23,12056300.0
1971-04-24,12074800.0
1971-04-25,12094200.0
1971-04-26,12096100.0
1971-04-27,12096100.0
1971-04-28,12100000.0
1971-04-29,12106800.0
1971-04-30,12110700.0
1971-05-01,12115600.0
1971-05-02,12126300.0
1971-05-03,12122400.0
1971-05-04,12120400.0
1971-05-05,12110700.0
1971-05-06,12110700.0
1971-05-07,12112600.0
1971-05-08,12127300.0
1971-05-09,12158500.0
1971-05-10,12172100.0
1971-05-11,12181900.0
1971-05-12,12198500.0
1971-05-13,12216100.0
1971-05-14,12232700.0
1971-05-15,12252300.0
1971-05-16,12282700.0
1971-05-17,12304400.0
1971-05-18,12325000.0
1971-05-19,12360500.0
1971-05-20,12396000.0
1971-05-21,12430700.0
1971-05-22,12455400.0
1971-05-23,12490200.0
1971-05-24,12502100.0
1971-05-25,12511000.0
1971-05-26,12511000.0
1971-05-27,12522000.0
1971-05-28,12527900.0
1971-05-29,12543900.0
1971-05-30,12580700.0
1971-05-31,12614700.0
1971-06-01,12660800.0
1971-06-02,12694900.0
1971-06-03,12734100.0
1971-06-04,12779400.0
1971-06-05,12824800.0
1971-06-06,12870400.0
1971-06-07,12905900.0
1971-06-08,12938400.0
1971-06-09,12972000.0
1971-06-10,13011700.0
1971-06-11,13050600.0
1971-06-12,13099700.0
1971-06-13,13139700.0
1971-06-14,13177800.0
1971-06-15,13208700.0
1971-06-16,13234400.0
1971-06-17,13270600.0
1971-06-18,13307800.0
1971-06-19,13360700.0
1971-06-20,13417900.0
1971-06-21,13473200.0
1971-06-22,13522300.0
1971-06-23,13569500.0
1971-06-24,13615700.0
1971-06-25,13654600.0
1971-06-26,13701000.0
1971-06-27,13750700.0
1971-06-28,13786700.0
1971-06-29,13823800.0
1971-06-30,13858900.0
1971-07-01,13884400.0
1971-07-02,13914300.0
1971-07-03,13931400.0
1971-07-04,13958100.0
1971-07-05,13981600.0
1971-07-06,13996700.0
1971-07-07,14009500.0
1971-07-08,14010600.0
1971-07-09,14015900.0
1971-07-10,14018100.0
1971-07-11,14024500.0
1971-07-12,14015900.0
1971-07-13,14015900.0
1971-07-14,14000900.0
1971-07-15,14000900.0
1971-07-16,13988100.0
1971-07-17,13972000.0
1971-07-18,13983800.0
1971-07-19,13959100.0
1971-07-20,13933500.0
1971-07-21,13931300.0
1971-07-22,13913200.0
1971-07-23,13913200.0
1971-07-24,13911100.0
1971-07-25,13910000.0
1971-07-26,13910000.0
1971-07-27,13899300.0
1971-07-28,13890800.0
1971-07-29,13879100.0
1971-07-30,13859900.0
1971-07-31,13859900.0
1971-08-01,13858800.0
1971-08-02,13837600.0
1971-08-03,13824800.0
1971-08-04,13819500.0
1971-08-05,13796100.0
1971-08-06,13776000.0
1971-08-07,13772800.0
1971-08-08,13767500.0
1971-08-09,13759100.0
1971-08-10,13744200.0
1971-08-11,13721000.0
1971-08-12,13703000.0
1971-08-13,13687200.0
1971-08-14,13667200.0
1971-08-15,13659800.0
1971-08-16,13636600.0
1971-08-17,13609300.0
1971-08-18,13598800.0
1971-08-19,13574600.0
1971-08-20,13553600.0
1971-08-21,13537900.0
1971-08-22,13547300.0
1971-08-23,13532700.0
1971-08-24,13524300.0
1971-08-25,13505400.0
1971-08-26,13511700.0
1971-08-27,13494000.0
1971-08-28,13511700.0
1971-08-29,13504400.0
1971-08-30,13492900.0
1971-08-31,13491900.0
1971-09-01,13478300.0
1971-09-02,13460500.0
1971-09-03,13453200.0
1971-09-04,13450100.0
1971-09-05,13454200.0
1971-09-06,13454200.0
1971-09-07,13446900.0
1971-09-08,13431300.0
1971-09-09,13416700.0
1971-09-10,13403200.0
1971-09-11,13388600.0
1971-09-12,13384500.0
1971-09-13,13366800.0
1971-09-14,13347100.0
1971-09-15,13329400.0
1971-09-16,13313900.0
1971-09-17,13295200.0
1971-09-18,13282800.0
1971-09-19,13285900.0
1971-09-20,13279700.0
1971-09-21,13270400.0
1971-09-22,13260100.0
1971-09-23,13251800.0
1971-09-24,13243500.0
1971-09-25,13232200.0
1971-09-26,13223900.0
1971-09-27,13214600.0
1971-09-28,13200200.0
1971-09-29,13193000.0
1971-09-30,13174500.0
1971-10-01,13174500.0
1971-10-02,13186800.0
1971-10-03,13190900.0
1971-10-04,13191900.0
1971-10-05,13190900.0
1971-10-06,13188900.0
1971-10-07,13182700.0
1971-10-08,13182700.0
1971-10-09,13180600.0
1971-10-10,13178600.0
1971-10-11,13173400.0
1971-10-12,13168300.0
1971-10-13,13160000.0
1971-10-14,13145600.0
1971-10-15,13140500.0
1971-10-16,13128200.0
1971-10-17,13126100.0
1971-10-18,13129200.0
1971-10-19,13136400.0
1971-10-20,13142500.0
1971-10-21,13143600.0
1971-10-22,13142500.0
1971-10-23,13149700.0
1971-10-24,13154900.0
1971-10-25,13161100.0
1971-10-26,13158000.0
1971-10-27,13158000.0
1971-10-28,13165100.0
1971-10-29,13156900.0
1971-10-30,13162000.0
1971-10-31,13164100.0
1971-11-01,13151800.0
1971-11-02,13146600.0
1971-11-03,13141500.0
1971-11-04,13131200.0
1971-11-05,13126100.0
1971-11-06,13121000.0
1971-11-07,13122000.0
1971-11-08,13116800.0
1971-11-09,13107600.0
1971-11-10,13096300.0
1971-11-11,13087100.0
1971-11-12,13071700.0
1971-11-13,13068700.0
1971-11-14,13072800.0
1971-11-15,13063500.0
1971-11-16,13063500.0
1971-11-17,13048200.0
1971-11-18,13037000.0
1971-11-19,13024700.0
1971-11-20,13013500.0
1971-11-21,13009400.0
1971-11-22,12997100.0
1971-11-23,12986900.0
1971-11-24,12977800.0
1971-11-25,12980800.0
1971-11-26,12979800.0
1971-11-27,12986900.0
1971-11-28,12990000.0
1971-11-29,12986900.0
1971-11-30,12986900.0
1971-12-01,12972700.0
1971-12-02,12958400.0
1971-12-03,12944200.0
1971-12-04,12927900.0
1971-12-05,12925900.0
1971-12-06,12925900.0
1971-12-07,12918700.0
1971-12-08,12899400.0
1971-12-09,12882200.0
1971-12-10,12871000.0
1971-12-11,12854800.0
1971-12-12,12850800.0
1971-12-13,12837600.0
1971-12-14,12817400.0
1971-12-15,12795200.0
1971-12-16,12769000.0
1971-12-17,12757900.0
1971-12-18,12736700.0
1971-12-19,12725700.0
1971-12-20,12706500.0
1971-12-21,12688500.0
1971-12-22,12668400.0
1971-12-23,12654400.0
1971-12-24,12652400.0
1971-12-25,12673400.0
1971-12-26,12694500.0
1971-12-27,12706500.0
1971-12-28,12704500.0
1971-12-29,12707500.0
1971-12-30,12707500.0
1971-12-31,12697500.0
1972-01-01,12704500.0
1972-01-02,12711500.0
1972-01-03,12709500.0
1972-01-04,12691500.0
1972-01-05,12664400.0
1972-01-06,12646300.0
1972-01-07,12631300.0
1972-01-08,12626300.0
1972-01-09,12624300.0
1972-01-10,12621300.0
1972-01-11,12604300.0
1972-01-12,12597300.0
1972-01-13,12592300.0
1972-01-14,12589300.0
1972-01-15,12585300.0
1972-01-16,12594300.0
1972-01-17,12585300.0
1972-01-18,12576300.0
1972-01-19,12572300.0
1972-01-20,12568300.0
1972-01-21,12564400.0
1972-01-22,12562400.0
1972-01-23,12562400.0
1972-01-24,12564300.0
1972-01-25,12561400.0
1972-01-26,12551400.0
1972-01-27,12542400.0
1972-01-28,12543400.0
1972-01-29,12542400.0
1972-01-30,12537400.0
1972-01-31,12528500.0
1972-02-01,12517500.0
1972-02-02,12495700.0
1972-02-03,12482700.0
1972-02-04,12470800.0
1972-02-05,12470800.0
1972-02-06,12478800.0
1972-02-07,12477800.0
1972-02-08,12477800.0
1972-02-09,12481700.0
1972-02-10,12475800.0
1972-02-11,12476800.0
1972-02-12,12478800.0
1972-02-13,12487700.0
1972-02-14,12495600.0
1972-02-15,12499600.0
1972-02-16,12504600.0
1972-02-17,12515500.0
1972-02-18,12528400.0
1972-02-19,12543400.0
1972-02-20,12556300.0
1972-02-21,12577300.0
1972-02-22,12593200.0
1972-02-23,12610200.0
1972-02-24,12618200.0
1972-02-25,12635200.0
1972-02-26,12646200.0
1972-02-27,12664300.0
1972-02-28,12677300.0
1972-02-29,12692400.0
1972-03-01,12700400.0
1972-03-02,12710400.0
1972-03-03,12727500.0
1972-03-04,12740600.0
1972-03-05,12759700.0
1972-03-06,12772800.0
1972-03-07,12794000.0
1972-03-08,12796000.0
1972-03-09,12801100.0
1972-03-10,12815200.0
1972-03-11,12827400.0
1972-03-12,12844500.0
1972-03-13,12852600.0
1972-03-14,12869900.0
1972-03-15,12879000.0
1972-03-16,12894200.0
1972-03-17,12908400.0
1972-03-18,12918500.0
1972-03-19,12941900.0
1972-03-20,12951100.0
1972-03-21,12959200.0
1972-03-22,12971400.0
1972-03-23,12984700.0
1972-03-24,12985700.0
1972-03-25,12992800.0
1972-03-26,13014200.0
1972-03-27,13009100.0
1972-03-28,13007100.0
1972-03-29,13014200.0
1972-03-30,13016300.0
1972-03-31,13019300.0
1972-04-01,13021400.0
1972-04-02,13030600.0
1972-04-03,13037700.0
1972-04-04,13037700.0
1972-04-05,13034600.0
1972-04-06,13030600.0
1972-04-07,13025500.0
1972-04-08,13022400.0
1972-04-09,13024400.0
1972-04-10,13017300.0
1972-04-11,13009100.0
1972-04-12,12982600.0
1972-04-13,12965300.0
1972-04-14,12944900.0
1972-04-15,12931700.0
1972-04-16,12924600.0
1972-04-17,12913400.0
1972-04-18,12906300.0
1972-04-19,12894100.0
1972-04-20,12875900.0
1972-04-21,12861700.0
1972-04-22,12858600.0
1972-04-23,12849500.0
1972-04-24,12833300.0
1972-04-25,12821200.0
1972-04-26,12812100.0
1972-04-27,12801000.0
1972-04-28,12792900.0
1972-04-29,12795900.0
1972-04-30,12800000.0
1972-05-01,12782800.0
1972-05-02,12772700.0
1972-05-03,12761600.0
1972-05-04,12747500.0
1972-05-05,12739500.0
1972-05-06,12743500.0
1972-05-07,12741500.0
1972-05-08,12738500.0
1972-05-09,12736500.0
1972-05-10,12725400.0
1972-05-11,12720400.0
1972-05-12,12719400.0
1972-05-13,12721400.0
1972-05-14,12735400.0
1972-05-15,12737400.0
1972-05-16,12734400.0
1972-05-17,12737400.0
1972-05-18,12744500.0
1972-05-19,12754500.0
1972-05-20,12765600.0
1972-05-21,12785800.0
1972-05-22,12804000.0
1972-05-23,12815100.0
1972-05-24,12823200.0
1972-05-25,12833300.0
1972-05-26,12845400.0
1972-05-27,12857600.0
1972-05-28,12874800.0
1972-05-29,12898100.0
1972-05-30,12915400.0
1972-05-31,12935700.0
1972-06-01,12954000.0
1972-06-02,12980500.0
1972-06-03,13013100.0
1972-06-04,13064200.0
1972-06-05,13102100.0
1972-06-06,13141100.0
1972-06-07,13186400.0
1972-06-08,13229600.0
1972-06-09,13270900.0
1972-06-10,13320600.0
1972-06-11,13377700.0
1972-06-12,13420400.0
1972-06-13,13462100.0
1972-06-14,13490300.0
1972-06-15,13526900.0
1972-06-16,13552000.0
1972-06-17,13582400.0
1972-06-18,13603400.0
1972-06-19,13622400.0
1972-06-20,13635000.0
1972-06-21,13655000.0
1972-06-22,13699300.0
1972-06-23,13716200.0
1972-06-24,13724600.0
1972-06-25,13735200.0
1972-06-26,13740500.0
1972-06-27,13743600.0
1972-06-28,13739400.0
1972-06-29,13734100.0
1972-06-30,13728800.0
1972-07-01,13729900.0
1972-07-02,13737300.0
1972-07-03,13739400.0
1972-07-04,13738300.0
1972-07-05,13734100.0
1972-07-06,13714000.0
1972-07-07,13703500.0
1972-07-08,13697100.0
1972-07-09,13689700.0
1972-07-10,13683400.0
1972-07-11,13655000.0
1972-07-12,13634900.0
1972-07-13,13619200.0
1972-07-14,13599200.0
1972-07-15,13587600.0
1972-07-16,13582400.0
1972-07-17,13567700.0
1972-07-18,13551900.0
1972-07-19,13543600.0
1972-07-20,13516400.0
1972-07-21,13496500.0
1972-07-22,13483900.0
1972-07-23,13475600.0
1972-07-24,13459900.0
1972-07-25,13430700.0
1972-07-26,13416100.0
1972-07-27,13381800.0
1972-07-28,13357900.0
1972-07-29,13339200.0
1972-07-30,13321600.0
1972-07-31,13295700.0
1972-08-01,13276000.0
1972-08-02,13262600.0
1972-08-03,13236800.0
1972-08-04,13211000.0
1972-08-05,13198600.0
1972-08-06,13184200.0
1972-08-07,13159500.0
1972-08-08,13134800.0
1972-08-09,13109200.0
1972-08-10,13081500.0
1972-08-11,13050800.0
1972-08-12,13036500.0
1972-08-13,13031400.0
1972-08-14,13007900.0
1972-08-15,12975200.0
1972-08-16,12952800.0
1972-08-17,12925400.0
1972-08-18,12898000.0
1972-08-19,12876700.0
1972-08-20,12865500.0
1972-08-21,12840200.0
1972-08-22,12809900.0
1972-08-23,12793700.0
1972-08-24,12768500.0
1972-08-25,12749300.0
1972-08-26,12736200.0
1972-08-27,12738300.0
1972-08-28,12711100.0
1972-08-29,12695000.0
1972-08-30,12673000.0
1972-08-31,12652900.0
1972-09-01,12632900.0
1972-09-02,12614900.0
1972-09-03,12603900.0
1972-09-04,12592900.0
1972-09-05,12572900.0
1972-09-06,12556900.0
1972-09-07,12538000.0
1972-09-08,12516100.0
1972-09-09,12495200.0
1972-09-10,12481300.0
1972-09-11,12456500.0
1972-09-12,12439700.0
1972-09-13,12414900.0
1972-09-14,12385300.0
1972-09-15,12356600.0
1972-09-16,12332000.0
1972-09-17,12317200.0
1972-09-18,12283800.0
1972-09-19,12267100.0
1972-09-20,12251400.0
1972-09-21,12226900.0
1972-09-22,12213200.0
1972-09-23,12202400.0
1972-09-24,12197500.0
1972-09-25,12179000.0
1972-09-26,12161400.0
1972-09-27,12142900.0
1972-09-28,12120500.0
1972-09-29,12102000.0
1972-09-30,12088300.0
1972-10-01,12089300.0
1972-10-02,12074800.0
1972-10-03,12054400.0
1972-10-04,12064100.0
1972-10-05,12063100.0
1972-10-06,12051500.0
1972-10-07,12074700.0
1972-10-08,12092200.0
1972-10-09,12097100.0
1972-10-10,12099000.0
1972-10-11,12102900.0
1972-10-12,12095100.0
1972-10-13,12086400.0
1972-10-14,12076700.0
1972-10-15,12124300.0
1972-10-16,12130200.0
1972-10-17,12140900.0
1972-10-18,12200400.0
1972-10-19,12323100.0
1972-10-20,12435600.0
1972-10-21,12493200.0
1972-10-22,12539900.0
1972-10-23,12568800.0
1972-10-24,12590800.0
1972-10-25,12598800.0
1972-10-26,12606200.0
1972-10-27,12618800.0
1972-10-28,12628800.0
1972-10-29,12655800.0
1972-10-30,12662800.0
1972-10-31,12649800.0
1972-11-01,12649800.0
1972-11-02,12648800.0
1972-11-03,12651800.0
1972-11-04,12656800.0
1972-11-05,12670800.0
1972-11-06,12677900.0
1972-11-07,12677900.0
1972-11-08,12671800.0
1972-11-09,12674800.0
1972-11-10,12676800.0
1972-11-11,12676800.0
1972-11-12,12698900.0
1972-11-13,12696900.0
1972-11-14,12689900.0
1972-11-15,12682800.0
1972-11-16,12676800.0
1972-11-17,12665800.0
1972-11-18,12663800.0
1972-11-19,12674800.0
1972-11-20,12676800.0
1972-11-21,12676800.0
1972-11-22,12674800.0
1972-11-23,12685800.0
1972-11-24,12697900.0
1972-11-25,12700900.0
1972-11-26,12711900.0
1972-11-27,12719000.0
1972-11-28,12714000.0
1972-11-29,12703900.0
1972-11-30,12691800.0
1972-12-01,12681800.0
1972-12-02,12669800.0
1972-12-03,12669800.0
1972-12-04,12674800.0
1972-12-05,12668800.0
1972-12-06,12653700.0
1972-12-07,12642700.0
1972-12-08,12627700.0
1972-12-09,12620700.0
1972-12-10,12614700.0
1972-12-11,12595700.0
1972-12-12,12575700.0
1972-12-13,12550800.0
1972-12-14,12530900.0
1972-12-15,12514900.0
1972-12-16,12494100.0
1972-12-17,12491100.0
1972-12-18,12465300.0
1972-12-19,12446400.0
1972-12-20,12426600.0
1972-12-21,12408800.0
1972-12-22,12392000.0
1972-12-23,12394000.0
1972-12-24,12405800.0
1972-12-25,12423600.0
1972-12-26,12422600.0
1972-12-27,12406800.0
1972-12-28,12392000.0
1972-12-29,12378200.0
1972-12-30,12363300.0
1972-12-31,12362300.0
1973-01-01,12355400.0
1973-01-02,12332800.0
1973-01-03,12307200.0
1973-01-04,12284600.0
1973-01-05,12259000.0
1973-01-06,12237500.0
1973-01-07,12232600.0
1973-01-08,12205200.0
1973-01-09,12176800.0
1973-01-10,12161200.0
1973-01-11,12142700.0
1973-01-12,12117300.0
1973-01-13,12110500.0
1973-01-14,12117300.0
1973-01-15,12107600.0
1973-01-16,12100800.0
1973-01-17,12087200.0
1973-01-18,12069700.0
1973-01-19,12052200.0
1973-01-20,12035800.0
1973-01-21,12035800.0
1973-01-22,12017300.0
1973-01-23,11999900.0
1973-01-24,11983500.0
1973-01-25,11970900.0
1973-01-26,11946800.0
1973-01-27,11923700.0
1973-01-28,11914100.0
1973-01-29,11892000.0
1973-01-30,11876600.0
1973-01-31,11860300.0
1973-02-01,11846800.0
1973-02-02,11837200.0
1973-02-03,11837200.0
1973-02-04,11844000.0
1973-02-05,11839200.0
1973-02-06,11835300.0
1973-02-07,11820000.0
1973-02-08,11814300.0
1973-02-09,11814300.0
1973-02-10,11820000.0
1973-02-11,11831500.0
1973-02-12,11828600.0
1973-02-13,11825700.0
1973-02-14,11821900.0
1973-02-15,11819000.0
1973-02-16,11814200.0
1973-02-17,11816200.0
1973-02-18,11828600.0
1973-02-19,11822800.0
1973-02-20,11815200.0
1973-02-21,11803700.0
1973-02-22,11789400.0
1973-02-23,11789400.0
1973-02-24,11792200.0
1973-02-25,11810400.0
1973-02-26,11814200.0
1973-02-27,11814200.0
1973-02-28,11825700.0
1973-03-01,11837200.0
1973-03-02,11846800.0
1973-03-03,11865000.0
1973-03-04,11873600.0
1973-03-05,11877500.0
1973-03-06,11886100.0
1973-03-07,11892800.0
1973-03-08,11900500.0
1973-03-09,11905300.0
1973-03-10,11911100.0
1973-03-11,11933200.0
1973-03-12,11921700.0
1973-03-13,11916900.0
1973-03-14,11899500.0
1973-03-15,11889000.0
1973-03-16,11883200.0
1973-03-17,11875500.0
1973-03-18,11881300.0
1973-03-19,11872600.0
1973-03-20,11852500.0
1973-03-21,11838100.0
1973-03-22,11819000.0
1973-03-23,11798900.0
1973-03-24,11777800.0
1973-03-25,11762600.0
1973-03-26,11730200.0
1973-03-27,11702600.0
1973-03-28,11674100.0
1973-03-29,11643700.0
1973-03-30,11605800.0
1973-03-31,11582200.0
1973-04-01,11561400.0
1973-04-02,11535000.0
1973-04-03,11495500.0
1973-04-04,11459800.0
1973-04-05,11432600.0
1973-04-06,11397900.0
1973-04-07,11368000.0
1973-04-08,11342900.0
1973-04-09,11311200.0
1973-04-10,11280500.0
1973-04-11,11243400.0
1973-04-12,11217400.0
1973-04-13,11179500.0
1973-04-14,11148100.0
1973-04-15,11128800.0
1973-04-16,11105700.0
1973-04-17,11089200.0
1973-04-18,11071700.0
1973-04-19,11047900.0
1973-04-20,11035000.0
1973-04-21,11016700.0
1973-04-22,11003900.0
1973-04-23,10981100.0
1973-04-24,10960100.0
1973-04-25,10935500.0
1973-04-26,10915400.0
1973-04-27,10900000.0
1973-04-28,10887300.0
1973-04-29,10885400.0
1973-04-30,10888100.0
1973-05-01,10900900.0
1973-05-02,10950000.0
1973-05-03,10992000.0
1973-05-04,11029500.0
1973-05-05,11084600.0
1973-05-06,11141600.0
1973-05-07,11203500.0
1973-05-08,11258100.0
1973-05-09,11307400.0
1973-05-10,11352100.0
1973-05-11,11411000.0
1973-05-12,11497300.0
1973-05-13,11595300.0
1973-05-14,11692000.0
1973-05-15,11796800.0
1973-05-16,11893700.0
1973-05-17,11983300.0
1973-05-18,12066600.0
1973-05-19,12162900.0
1973-05-20,12263700.0
1973-05-21,12384800.0
1973-05-22,12502700.0
1973-05-23,12624400.0
1973-05-24,12748800.0
1973-05-25,12876100.0
1973-05-26,12975700.0
1973-05-27,13093200.0
1973-05-28,13205300.0
1973-05-29,13289900.0
1973-05-30,13354200.0
1973-05-31,13408300.0
1973-06-01,13476000.0
1973-06-02,13545100.0
1973-06-03,13627000.0
1973-06-04,13712300.0
1973-06-05,13781100.0
1973-06-06,13849000.0
1973-06-07,13903400.0
1973-06-08,13952500.0
1973-06-09,14005000.0
1973-06-10,14072700.0
1973-06-11,14149200.0
1973-06-12,14246700.0
1973-06-13,14360000.0
1973-06-14,14471700.0
1973-06-15,14581900.0
1973-06-16,14702600.0
1973-06-17,14826300.0
1973-06-18,14926100.0
1973-06-19,14998100.0
1973-06-20,15072600.0
1973-06-21,15133800.0
1973-06-22,15187200.0
1973-06-23,15241800.0
1973-06-24,15302300.0
1973-06-25,15361900.0
1973-06-26,15402100.0
1973-06-27,15440000.0
1973-06-28,15487200.0
1973-06-29,15528800.0
1973-06-30,15587800.0
1973-07-01,15657400.0
1973-07-02,15713200.0
1973-07-03,15766900.0
1973-07-04,15827700.0
1973-07-05,15868700.0
1973-07-06,15899200.0
1973-07-07,15938000.0
1973-07-08,15979200.0
1973-07-09,16009900.0
1973-07-10,16031200.0
1973-07-11,16041800.0
1973-07-12,16059500.0
1973-07-13,16090300.0
1973-07-14,16103400.0
1973-07-15,16130600.0
1973-07-16,16155600.0
1973-07-17,16178100.0
1973-07-18,16191200.0
1973-07-19,16217400.0
1973-07-20,16252000.0
1973-07-21,16272300.0
1973-07-22,16307000.0
1973-07-23,16340500.0
1973-07-24,16374100.0
1973-07-25,16396900.0
1973-07-26,16412500.0
1973-07-27,16430500.0
1973-07-28,16451000.0
1973-07-29,16467900.0
1973-07-30,16490800.0
1973-07-31,16496800.0
1973-08-01,16506400.0
1973-08-02,16512500.0
1973-08-03,16510100.0
1973-08-04,16516100.0
1973-08-05,16527000.0
1973-08-06,16536600.0
1973-08-07,16537800.0
1973-08-08,16543900.0
1973-08-09,16548700.0
1973-08-10,16548700.0
1973-08-11,16565700.0
1973-08-12,16583800.0
1973-08-13,16587500.0
1973-08-14,16582600.0
1973-08-15,16579000.0
1973-08-16,16579000.0
1973-08-17,16575300.0
1973-08-18,16583800.0
1973-08-19,16599500.0
1973-08-20,16608000.0
1973-08-21,16597100.0
1973-08-22,16588700.0
1973-08-23,16585000.0
1973-08-24,16592300.0
1973-08-25,16603200.0
1973-08-26,16616500.0
1973-08-27,16621400.0
1973-08-28,16637100.0
1973-08-29,16635900.0
1973-08-30,16645600.0
1973-08-31,16642000.0
1973-09-01,16643200.0
1973-09-02,16648100.0
1973-09-03,16663800.0
1973-09-04,16665100.0
1973-09-05,16665100.0
1973-09-06,16665100.0
1973-09-07,16661400.0
1973-09-08,16676000.0
1973-09-09,16679700.0
1973-09-10,16691800.0
1973-09-11,16697900.0
1973-09-12,16708900.0
1973-09-13,16718600.0
1973-09-14,16719800.0
1973-09-15,16733200.0
1973-09-16,16741800.0
1973-09-17,16749100.0
1973-09-18,16750300.0
1973-09-19,16756400.0
1973-09-20,16751500.0
1973-09-21,16753900.0
1973-09-22,16750300.0
1973-09-23,16756400.0
1973-09-24,16747800.0
1973-09-25,16745400.0
1973-09-26,16743000.0
1973-09-27,16732000.0
1973-09-28,16729500.0
1973-09-29,16732550.0
1973-09-30,16735600.0
1973-10-01,16735600.0
1973-10-02,16732000.0
1973-10-03,16730700.0
1973-10-04,16723400.0
1973-10-05,16723400.0
1973-10-06,16722200.0
1973-10-07,16723400.0
1973-10-08,16723400.0
1973-10-09,16723400.0
1973-10-10,16718500.0
1973-10-11,16703900.0
1973-10-12,16711200.0
1973-10-13,16717300.0
1973-10-14,16724600.0
1973-10-15,16723400.0
1973-10-16,16719700.0
1973-10-17,16716100.0
1973-10-18,16716100.0
1973-10-19,16712400.0
1973-10-20,16710000.0
1973-10-21,16719700.0
1973-10-22,16723400.0
1973-10-23,16717300.0
1973-10-24,16713700.0
1973-10-25,16713700.0
1973-10-26,16705100.0
1973-10-27,16707600.0
1973-10-28,16717300.0
1973-10-29,16718500.0
1973-10-30,16714900.0
1973-10-31,16708800.0
1973-11-01,16716100.0
1973-11-02,16711200.0
1973-11-03,16718500.0
1973-11-04,16713600.0
1973-11-05,16703900.0
1973-11-06,16697800.0
1973-11-07,16694100.0
1973-11-08,16699000.0
1973-11-09,16707500.0
1973-11-10,16712400.0
1973-11-11,16719700.0
1973-11-12,16723300.0
1973-11-13,16728200.0
1973-11-14,16731900.0
1973-11-15,16729400.0
1973-11-16,16731900.0
1973-11-17,16744100.0
1973-11-18,16762400.0
1973-11-19,16761100.0
1973-11-20,16762400.0
1973-11-21,16774600.0
1973-11-22,16786800.0
1973-11-23,16794100.0
1973-11-24,16811200.0
1973-11-25,16816100.0
1973-11-26,16808800.0
1973-11-27,16805100.0
1973-11-28,16813700.0
1973-11-29,16824700.0
1973-11-30,16836900.0
1973-12-01,16841800.0
1973-12-02,16851600.0
1973-12-03,16873700.0
1973-12-04,16877400.0
1973-12-05,16878600.0
1973-12-06,16877400.0
1973-12-07,16878600.0
1973-12-08,16882300.0
1973-12-09,16889600.0
1973-12-10,16888400.0
1973-12-11,16888400.0
1973-12-12,16900700.0
1973-12-13,16904300.0
1973-12-14,16909300.0
1973-12-15,16914200.0
1973-12-16,16928900.0
1973-12-17,16931400.0
1973-12-18,16941200.0
1973-12-19,16946100.0
1973-12-20,16958400.0
1973-12-21,16968300.0
1973-12-22,16975700.0
1973-12-23,16986800.0
1973-12-24,17006500.0
1973-12-25,17025000.0
1973-12-26,17032400.0
1973-12-27,17037300.0
1973-12-28,17047200.0
1973-12-29,17053400.0
1973-12-30,17076900.0
1973-12-31,17081800.0
1974-01-01,17088000.0
1974-01-02,17063300.0
1974-01-03,17033600.0
1974-01-04,17008900.0
1974-01-05,16984300.0
1974-01-06,16967000.0
1974-01-07,16947300.0
1974-01-08,16930100.0
1974-01-09,16912900.0
1974-01-10,16894500.0
1974-01-11,16884700.0
1974-01-12,16877300.0
1974-01-13,16881000.0
1974-01-14,16876100.0
1974-01-15,16876000.0
1974-01-16,16873600.0
1974-01-17,16873600.0
1974-01-18,16866300.0
1974-01-19,16878500.0
1974-01-20,16884600.0
1974-01-21,16873600.0
1974-01-22,16862600.0
1974-01-23,16860100.0
1974-01-24,16846600.0
1974-01-25,16845400.0
1974-01-26,16845400.0
1974-01-27,16855200.0
1974-01-28,16865000.0
1974-01-29,16865000.0
1974-01-30,16863800.0
1974-01-31,16866200.0
1974-02-01,16877200.0
1974-02-02,16888300.0
1974-02-03,16896900.0
1974-02-04,16903000.0
1974-02-05,16920200.0
1974-02-06,16925100.0
1974-02-07,16933700.0
1974-02-08,16944800.0
1974-02-09,16957100.0
1974-02-10,16969400.0
1974-02-11,16975600.0
1974-02-12,16986700.0
1974-02-13,16992800.0
1974-02-14,16997700.0
1974-02-15,17005100.0
1974-02-16,17011300.0
1974-02-17,17024900.0
1974-02-18,17024900.0
1974-02-19,17023700.0
1974-02-20,17024900.0
1974-02-21,17032300.0
1974-02-22,17037200.0
1974-02-23,17032300.0
1974-02-24,17039700.0
1974-02-25,17042200.0
1974-02-26,17042200.0
1974-02-27,17038400.0
1974-02-28,17038400.0
1974-03-01,17042200.0
1974-03-02,17052000.0
1974-03-03,17061900.0
1974-03-04,17073000.0
1974-03-05,17083000.0
1974-03-06,17085400.0
1974-03-07,17095300.0
1974-03-08,17105200.0
1974-03-09,17116400.0
1974-03-10,17118800.0
1974-03-11,17127500.0
1974-03-12,17142400.0
1974-03-13,17156000.0
1974-03-14,17172200.0
1974-03-15,17188300.0
1974-03-16,17197000.0
1974-03-17,17214400.0
1974-03-18,17235600.0
1974-03-19,17249300.0
1974-03-20,17266800.0
1974-03-21,17285500.0
1974-03-22,17295400.0
1974-03-23,17319200.0
1974-03-24,17335400.0
1974-03-25,17342900.0
1974-03-26,17349200.0
1974-03-27,17346700.0
1974-03-28,17345400.0
1974-03-29,17341700.0
1974-03-30,17362900.0
1974-03-31,17367900.0
1974-04-01,17370400.0
1974-04-02,17371700.0
1974-04-03,17376700.0
1974-04-04,17386700.0
1974-04-05,17391700.0
1974-04-06,17408000.0
1974-04-07,17413000.0
1974-04-08,17413000.0
1974-04-09,17415500.0
1974-04-10,17418100.0
1974-04-11,17413000.0
1974-04-12,17400500.0
1974-04-13,17424300.0
1974-04-14,17416800.0
1974-04-15,17419300.0
1974-04-16,17421800.0
1974-04-17,17424300.0
1974-04-18,17414300.0
1974-04-19,17409300.0
1974-04-20,17414300.0
1974-04-21,17418000.0
1974-04-22,17419300.0
1974-04-23,17413000.0
1974-04-24,17413000.0
1974-04-25,17419300.0
1974-04-26,17431800.0
1974-04-27,17433100.0
1974-04-28,17460700.0
1974-04-29,17483400.0
1974-04-30,17518600.0
1974-05-01,17556400.0
1974-05-02,17598100.0
1974-05-03,17620800.0
1974-05-04,17658800.0
1974-05-05,17699400.0
1974-05-06,17726000.0
1974-05-07,17773100.0
1974-05-08,17811300.0
1974-05-09,17840600.0
1974-05-10,17889200.0
1974-05-11,17934000.0
1974-05-12,18005800.0
1974-05-13,18073900.0
1974-05-14,18128100.0
1974-05-15,18181100.0
1974-05-16,18236700.0
1974-05-17,18283400.0
1974-05-18,18323700.0
1974-05-19,18369200.0
1974-05-20,18417500.0
1974-05-21,18467100.0
1974-05-22,18506300.0
1974-05-23,18543000.0
1974-05-24,18581100.0
1974-05-25,18624400.0
1974-05-26,18660000.0
1974-05-27,18685000.0
1974-05-28,18699600.0
1974-05-29,18720700.0
1974-05-30,18760400.0
1974-05-31,18805400.0
1974-06-01,18861100.0
1974-06-02,18921000.0
1974-06-03,18965000.0
1974-06-04,19007800.0
1974-06-05,19061300.0
1974-06-06,19084100.0
1974-06-07,19131100.0
1974-06-08,19145900.0
1974-06-09,19176900.0
1974-06-10,19209200.0
1974-06-11,19240200.0
1974-06-12,19257700.0
1974-06-13,19267200.0
1974-06-14,19278000.0
1974-06-15,19286100.0
1974-06-16,19303700.0
1974-06-17,19310500.0
1974-06-18,19325400.0
1974-06-19,19343000.0
1974-06-20,19351100.0
1974-06-21,19370100.0
1974-06-22,19389100.0
1974-06-23,19412200.0
1974-06-24,19429900.0
1974-06-25,19442100.0
1974-06-26,19451700.0
1974-06-27,19455700.0
1974-06-28,19458500.0
1974-06-29,19474800.0
1974-06-30,19484400.0
1974-07-01,19476200.0
1974-07-02,19458400.0
1974-07-03,19454400.0
1974-07-04,19444800.0
1974-07-05,19423100.0
1974-07-06,19412200.0
1974-07-07,19401300.0
1974-07-08,19370100.0
1974-07-09,19347000.0
1974-07-10,19315900.0
1974-07-11,19294200.0
1974-07-12,19271200.0
1974-07-13,19241500.0
1974-07-14,19226600.0
1974-07-15,19206400.0
1974-07-16,19180800.0
1974-07-17,19139100.0
1974-07-18,19108200.0
1974-07-19,19088100.0
1974-07-20,19073300.0
1974-07-21,19063900.0
1974-07-22,19039800.0
1974-07-23,19023700.0
1974-07-24,19013100.0
1974-07-25,18979600.0
1974-07-26,18960900.0
1974-07-27,18946300.0
1974-07-28,18930300.0
1974-07-29,18903600.0
1974-07-30,18873000.0
1974-07-31,18847800.0
1974-08-01,18818500.0
1974-08-02,18798700.0
1974-08-03,18781400.0
1974-08-04,18758900.0
1974-08-05,18739100.0
1974-08-06,18712600.0
1974-08-07,18681000.0
1974-08-08,18658500.0
1974-08-09,18640100.0
1974-08-10,18617700.0
1974-08-11,18605900.0
1974-08-12,18584800.0
1974-08-13,18561200.0
1974-08-14,18535000.0
1974-08-15,18507500.0
1974-08-16,18472100.0
1974-08-17,18440800.0
1974-08-18,18405500.0
1974-08-19,18369000.0
1974-08-20,18331300.0
1974-08-21,18305300.0
1974-08-22,18275400.0
1974-08-23,18236500.0
1974-08-24,18200300.0
1974-08-25,18170500.0
1974-08-26,18134300.0
1974-08-27,18098200.0
1974-08-28,18063500.0
1974-08-29,18024900.0
1974-08-30,17994000.0
1974-08-31,17960700.0
1974-09-01,17928600.0
1974-09-02,17912000.0
1974-09-03,17881300.0
1974-09-04,17853200.0
1974-09-05,17827700.0
1974-09-06,17820000.0
1974-09-07,17809800.0
1974-09-08,17798300.0
1974-09-09,17780500.0
1974-09-10,17755000.0
1974-09-11,17751200.0
1974-09-12,17729600.0
1974-09-13,17708000.0
1974-09-14,17697900.0
1974-09-15,17690300.0
1974-09-16,17664900.0
1974-09-17,17652200.0
1974-09-18,17644600.0
1974-09-19,17635800.0
1974-09-20,17620600.0
1974-09-21,17604100.0
1974-09-22,17600300.0
1974-09-23,17573800.0
1974-09-24,17565000.0
1974-09-25,17534700.0
1974-09-26,17513300.0
1974-09-27,17494400.0
1974-09-28,17466700.0
1974-09-29,17457900.0
1974-09-30,17441600.0
1974-10-01,17434000.0
1974-10-02,17427800.0
1974-10-03,17416500.0
1974-10-04,17405200.0
1974-10-05,17411400.0
1974-10-06,17400100.0
1974-10-07,17391400.0
1974-10-08,17388900.0
1974-10-09,17385100.0
1974-10-10,17378800.0
1974-10-11,17378800.0
1974-10-12,17371300.0
1974-10-13,17368800.0
1974-10-14,17362600.0
1974-10-15,17348800.0
1974-10-16,17337500.0
1974-10-17,17331300.0
1974-10-18,17326300.0
1974-10-19,17328800.0
1974-10-20,17330000.0
1974-10-21,17325000.0
1974-10-22,17308800.0
1974-10-23,17300000.0
1974-10-24,17292500.0
1974-10-25,17292500.0
1974-10-26,17302500.0
1974-10-27,17306300.0
1974-10-28,17306300.0
1974-10-29,17326300.0
1974-10-30,17312500.0
1974-10-31,17313800.0
1974-11-01,17315000.0
1974-11-02,17307500.0
1974-11-03,17315000.0
1974-11-04,17307500.0
1974-11-05,17298800.0
1974-11-06,17283800.0
1974-11-07,17272500.0
1974-11-08,17260100.0
1974-11-09,17257600.0
1974-11-10,17261300.0
1974-11-11,17256300.0
1974-11-12,17251300.0
1974-11-13,17251300.0
1974-11-14,17251300.0
1974-11-15,17242600.0
1974-11-16,17243900.0
1974-11-17,17253800.0
1974-11-18,17245100.0
1974-11-19,17243800.0
1974-11-20,17233900.0
1974-11-21,17225200.0
1974-11-22,17214000.0
1974-11-23,17209000.0
1974-11-24,17216500.0
1974-11-25,17205300.0
1974-11-26,17186600.0
1974-11-27,17171700.0
1974-11-28,17177900.0
1974-11-29,17165500.0
1974-11-30,17158000.0
1974-12-01,17160500.0
1974-12-02,17160500.0
1974-12-03,17156800.0
1974-12-04,17146900.0
1974-12-05,17143100.0
1974-12-06,17134500.0
1974-12-07,17140700.0
1974-12-08,17139400.0
1974-12-09,17140700.0
1974-12-10,17136900.0
1974-12-11,17122000.0
1974-12-12,17122000.0
1974-12-13,17112100.0
1974-12-14,17102200.0
1974-12-15,17105900.0
1974-12-16,17092300.0
1974-12-17,17081200.0
1974-12-18,17065100.0
1974-12-19,17066300.0
1974-12-20,17054000.0
1974-12-21,17051500.0
1974-12-22,17066300.0
1974-12-23,17060100.0
1974-12-24,17058900.0
1974-12-25,17063800.0
1974-12-26,17045300.0
1974-12-27,17037900.0
1974-12-28,17030500.0
1974-12-29,17025500.0
1974-12-30,17020600.0
1974-12-31,17010700.0
1975-01-01,16997100.0
1975-01-02,16983600.0
1975-01-03,16961400.0
1975-01-04,16944200.0
1975-01-05,16927000.0
1975-01-06,16907300.0
1975-01-07,16888900.0
1975-01-08,16861900.0
1975-01-09,16848400.0
1975-01-10,16821500.0
1975-01-11,16795800.0
1975-01-12,16771400.0
1975-01-13,16745700.0
1975-01-14,16736000.0
1975-01-15,16727400.0
1975-01-16,16722500.0
1975-01-17,16711600.0
1975-01-18,16716500.0
1975-01-19,16727400.0
1975-01-20,16726200.0
1975-01-21,16720100.0
1975-01-22,16707900.0
1975-01-23,16700600.0
1975-01-24,16693300.0
1975-01-25,16698200.0
1975-01-26,16706700.0
1975-01-27,16704300.0
1975-01-28,16701800.0
1975-01-29,16701800.0
1975-01-30,16696900.0
1975-01-31,16705500.0
1975-02-01,16714000.0
1975-02-02,16725000.0
1975-02-03,16728600.0
1975-02-04,16727400.0
1975-02-05,16721300.0
1975-02-06,16718800.0
1975-02-07,16718800.0
1975-02-08,16720100.0
1975-02-09,16723700.0
1975-02-10,16706700.0
1975-02-11,16710300.0
1975-02-12,16710300.0
1975-02-13,16712800.0
1975-02-14,16718800.0
1975-02-15,16720000.0
1975-02-16,16732200.0
1975-02-17,16727400.0
1975-02-18,16721300.0
1975-02-19,16705400.0
1975-02-20,16690800.0
1975-02-21,16679900.0
1975-02-22,16667700.0
1975-02-23,16671400.0
1975-02-24,16670100.0
1975-02-25,16662800.0
1975-02-26,16658000.0
1975-02-27,16653100.0
1975-02-28,16651900.0
1975-03-01,16660400.0
1975-03-02,16666500.0
1975-03-03,16675000.0
1975-03-04,16681100.0
1975-03-05,16688400.0
1975-03-06,16694400.0
1975-03-07,16704200.0
1975-03-08,16709100.0
1975-03-09,16722400.0
1975-03-10,16732200.0
1975-03-11,16728500.0
1975-03-12,16732200.0
1975-03-13,16732200.0
1975-03-14,16728500.0
1975-03-15,16715100.0
1975-03-16,16711500.0
1975-03-17,16705400.0
1975-03-18,16706600.0
1975-03-19,16705400.0
1975-03-20,16706600.0
1975-03-21,16712700.0
1975-03-22,16723600.0
1975-03-23,16729700.0
1975-03-24,16740700.0
1975-03-25,16766300.0
1975-03-26,16746800.0
1975-03-27,16741900.0
1975-03-28,16737100.0
1975-03-29,16738300.0
1975-03-30,16743200.0
1975-03-31,16744400.0
1975-04-01,16741900.0
1975-04-02,16739500.0
1975-04-03,16739500.0
1975-04-04,16740700.0
1975-04-05,16746800.0
1975-04-06,16761400.0
1975-04-07,16749200.0
1975-04-08,16746800.0
1975-04-09,16751700.0
1975-04-10,16750400.0
1975-04-11,16754100.0
1975-04-12,16756500.0
1975-04-13,16762600.0
1975-04-14,16765100.0
1975-04-15,16765100.0
1975-04-16,16768700.0
1975-04-17,16763900.0
1975-04-18,16768700.0
1975-04-19,16778500.0
1975-04-20,16794400.0
1975-04-21,16801700.0
1975-04-22,16804200.0
1975-04-23,16816400.0
1975-04-24,16829900.0
1975-04-25,16847000.0
1975-04-26,16869100.0
1975-04-27,16896100.0
1975-04-28,16928000.0
1975-04-29,16937800.0
1975-04-30,16953800.0
1975-05-01,16957500.0
1975-05-02,16958700.0
1975-05-03,16972300.0
1975-05-04,16993200.0
1975-05-05,16987100.0
1975-05-06,16989500.0
1975-05-07,16989500.0
1975-05-08,16992000.0
1975-05-09,16988300.0
1975-05-10,16992000.0
1975-05-11,16992000.0
1975-05-12,17006800.0
1975-05-13,17014200.0
1975-05-14,17041300.0
1975-05-15,17062300.0
1975-05-16,17095700.0
1975-05-17,17130400.0
1975-05-18,17178800.0
1975-05-19,17222400.0
1975-05-20,17287200.0
1975-05-21,17342100.0
1975-05-22,17416000.0
1975-05-23,17490200.0
1975-05-24,17562000.0
1975-05-25,17635300.0
1975-05-26,17696100.0
1975-05-27,17735500.0
1975-05-28,17777500.0
1975-05-29,17833500.0
1975-05-30,17883300.0
1975-05-31,17932000.0
1975-06-01,17974200.0
1975-06-02,18016600.0
1975-06-03,18057800.0
1975-06-04,18091300.0
1975-06-05,18127400.0
1975-06-06,18181600.0
1975-06-07,18243800.0
1975-06-08,18328100.0
1975-06-09,18410200.0
1975-06-10,18496400.0
1975-06-11,18580400.0
1975-06-12,18658000.0
1975-06-13,18723900.0
1975-06-14,18783500.0
1975-06-15,18827200.0
1975-06-16,18877700.0
1975-06-17,18936300.0
1975-06-18,19039200.0
1975-06-19,19122300.0
1975-06-20,19196300.0
1975-06-21,19299000.0
1975-06-22,19355900.0
1975-06-23,19403400.0
1975-06-24,19434600.0
1975-06-25,19463200.0
1975-06-26,19502800.0
1975-06-27,19543700.0
1975-06-28,19602500.0
1975-06-29,19651900.0
1975-06-30,19695800.0
1975-07-01,19741200.0
1975-07-02,19786700.0
1975-07-03,19821200.0
1975-07-04,19873800.0
1975-07-05,19932000.0
1975-07-06,19979200.0
1975-07-07,20034800.0
1975-07-08,20065500.0
1975-07-09,20114300.0
1975-07-10,20153500.0
1975-07-11,20203900.0
1975-07-12,20261400.0
1975-07-13,20306400.0
1975-07-14,20348600.0
1975-07-15,20381100.0
1975-07-16,20409300.0
1975-07-17,20430500.0
1975-07-18,20454500.0
1975-07-19,20478600.0
1975-07-20,20501200.0
1975-07-21,20522500.0
1975-07-22,20522500.0
1975-07-23,20532400.0
1975-07-24,20532400.0
1975-07-25,20538100.0
1975-07-26,20533800.0
1975-07-27,20526800.0
1975-07-28,20516800.0
1975-07-29,20526800.0
1975-07-30,20523900.0
1975-07-31,20521100.0
1975-08-01,20525300.0
1975-08-02,20528200.0
1975-08-03,20529600.0
1975-08-04,20525300.0
1975-08-05,20502600.0
1975-08-06,20492700.0
1975-08-07,20471500.0
1975-08-08,20448800.0
1975-08-09,20430400.0
1975-08-10,20410700.0
1975-08-11,20383800.0
1975-08-12,20374000.0
1975-08-13,20364100.0
1975-08-14,20345800.0
1975-08-15,20333100.0
1975-08-16,20330200.0
1975-08-17,20320400.0
1975-08-18,20299300.0
1975-08-19,20283800.0
1975-08-20,20271200.0
1975-08-21,20262700.0
1975-08-22,20248700.0
1975-08-23,20234700.0
1975-08-24,20231800.0
1975-08-25,20213600.0
1975-08-26,20203800.0
1975-08-27,20185600.0
1975-08-28,20160400.0
1975-08-29,20139400.0
1975-08-30,20125400.0
1975-08-31,20110000.0
1975-09-01,20093300.0
1975-09-02,20066800.0
1975-09-03,20047200.0
1975-09-04,20015200.0
1975-09-05,19987400.0
1975-09-06,19963800.0
1975-09-07,19952700.0
1975-09-08,19933300.0
1975-09-09,19905500.0
1975-09-10,19880600.0
1975-09-11,19870900.0
1975-09-12,19844600.0
1975-09-13,19852900.0
1975-09-14,19861200.0
1975-09-15,19851500.0
1975-09-16,19837700.0
1975-09-17,19823900.0
1975-09-18,19817000.0
1975-09-19,19800400.0
1975-09-20,19775500.0
1975-09-21,19753500.0
1975-09-22,19727300.0
1975-09-23,19701200.0
1975-09-24,19676500.0
1975-09-25,19651700.0
1975-09-26,19628400.0
1975-09-27,19622900.0
1975-09-28,19622900.0
1975-09-29,19605100.0
1975-09-30,19580500.0
1975-10-01,19566800.0
1975-10-02,19550400.0
1975-10-03,19532600.0
1975-10-04,19534000.0
1975-10-05,19509400.0
1975-10-06,19487600.0
1975-10-07,19472600.0
1975-10-08,19452200.0
1975-10-09,19439900.0
1975-10-10,19418100.0
1975-10-11,19411300.0
1975-10-12,19411300.0
1975-10-13,19408600.0
1975-10-14,19395000.0
1975-10-15,19381400.0
1975-10-16,19374700.0
1975-10-17,19366500.0
1975-10-18,19370600.0
1975-10-19,19376000.0
1975-10-20,19373300.0
1975-10-21,19367900.0
1975-10-22,19367800.0
1975-10-23,19361100.0
1975-10-24,19358300.0
1975-10-25,19351600.0
1975-10-26,19350200.0
1975-10-27,19354300.0
1975-10-28,19361000.0
1975-10-29,19363800.0
1975-10-30,19369200.0
1975-10-31,19377300.0
1975-11-01,19389500.0
1975-11-02,19397700.0
1975-11-03,19409900.0
1975-11-04,19424900.0
1975-11-05,19434400.0
1975-11-06,19441200.0
1975-11-07,19454800.0
1975-11-08,19468400.0
1975-11-09,19475200.0
1975-11-10,19478000.0
1975-11-11,19449400.0
1975-11-12,19434400.0
1975-11-13,19418100.0
1975-11-14,19411300.0
1975-11-15,19419400.0
1975-11-16,19430300.0
1975-11-17,19430300.0
1975-11-18,19423500.0
1975-11-19,19412600.0
1975-11-20,19415300.0
1975-11-21,19409900.0
1975-11-22,19416700.0
1975-11-23,19426200.0
1975-11-24,19428900.0
1975-11-25,19427600.0
1975-11-26,19420700.0
1975-11-27,19437100.0
1975-11-28,19448000.0
1975-11-29,19445300.0
1975-11-30,19456100.0
1975-12-01,19460200.0
1975-12-02,19468400.0
1975-12-03,19471100.0
1975-12-04,19464300.0
1975-12-05,19460200.0
1975-12-06,19472500.0
1975-12-07,19487400.0
1975-12-08,19498400.0
1975-12-09,19512000.0
1975-12-10,19517500.0
1975-12-11,19524300.0
1975-12-12,19525600.0
1975-12-13,19528400.0
1975-12-14,19533800.0
1975-12-15,19532500.0
1975-12-16,19531100.0
1975-12-17,19522900.0
1975-12-18,19510600.0
1975-12-19,19491500.0
1975-12-20,19483400.0
1975-12-21,19473800.0
1975-12-22,19473800.0
1975-12-23,19476500.0
1975-12-24,19487400.0
1975-12-25,19506500.0
1975-12-26,19521500.0
1975-12-27,19537900.0
1975-12-28,19544800.0
1975-12-29,19551600.0
1975-12-30,19570700.0
1975-12-31,19555700.0
1976-01-01,19562500.0
1976-01-02,19551600.0
1976-01-03,19551600.0
1976-01-04,19547500.0
1976-01-05,19536500.0
1976-01-06,19537900.0
1976-01-07,19525600.0
1976-01-08,19513300.0
1976-01-09,19509200.0
1976-01-10,19514700.0
1976-01-11,19531100.0
1976-01-12,19537900.0
1976-01-13,19533800.0
1976-01-14,19524200.0
1976-01-15,19514700.0
1976-01-16,19511900.0
1976-01-17,19505100.0
1976-01-18,19495600.0
1976-01-19,19481900.0
1976-01-20,19473700.0
1976-01-21,19458700.0
1976-01-22,19447900.0
1976-01-23,19437000.0
1976-01-24,19431500.0
1976-01-25,19435600.0
1976-01-26,19428800.0
1976-01-27,19427400.0
1976-01-28,19419300.0
1976-01-29,19411100.0
1976-01-30,19404300.0
1976-01-31,19404300.0
1976-02-01,19411100.0
1976-02-02,19405700.0
1976-02-03,19392100.0
1976-02-04,19371700.0
1976-02-05,19360900.0
1976-02-06,19354100.0
1976-02-07,19359500.0
1976-02-08,19367600.0
1976-02-09,19364900.0
1976-02-10,19356800.0
1976-02-11,19356800.0
1976-02-12,19355400.0
1976-02-13,19360800.0
1976-02-14,19359500.0
1976-02-15,19367600.0
1976-02-16,19356800.0
1976-02-17,19360800.0
1976-02-18,19359500.0
1976-02-19,19359500.0
1976-02-20,19333700.0
1976-02-21,19324200.0
1976-02-22,19320200.0
1976-02-23,19314800.0
1976-02-24,19294400.0
1976-02-25,19280900.0
1976-02-26,19267400.0
1976-02-27,19249800.0
1976-02-28,19236300.0
1976-02-29,19222800.0
1976-03-01,19222800.0
1976-03-02,19222800.0
1976-03-03,19202600.0
1976-03-04,19193200.0
1976-03-05,19187800.0
1976-03-06,19182400.0
1976-03-07,19187800.0
1976-03-08,19187800.0
1976-03-09,19182400.0
1976-03-10,19170300.0
1976-03-11,19164900.0
1976-03-12,19160800.0
1976-03-13,19158100.0
1976-03-14,19163500.0
1976-03-15,19160800.0
1976-03-16,19154100.0
1976-03-17,19154100.0
1976-03-18,19148700.0
1976-03-19,19146000.0
1976-03-20,19148700.0
1976-03-21,19159500.0
1976-03-22,19155400.0
1976-03-23,19148700.0
1976-03-24,19136600.0
1976-03-25,19127200.0
1976-03-26,19129900.0
1976-03-27,19138000.0
1976-03-28,19135300.0
1976-03-29,19135300.0
1976-03-30,19131200.0
1976-03-31,19124500.0
1976-04-01,19119100.0
1976-04-02,19116400.0
1976-04-03,19120500.0
1976-04-04,19123100.0
1976-04-05,19111100.0
1976-04-06,19113800.0
1976-04-07,19117800.0
1976-04-08,19113800.0
1976-04-09,19127200.0
1976-04-10,19131200.0
1976-04-11,19129900.0
1976-04-12,19128500.0
1976-04-13,19123100.0
1976-04-14,19119100.0
1976-04-15,19124500.0
1976-04-16,19108400.0
1976-04-17,19115000.0
1976-04-18,19127100.0
1976-04-19,19125800.0
1976-04-20,19123100.0
1976-04-21,19123100.0
1976-04-22,19123100.0
1976-04-23,19115000.0
1976-04-24,19105700.0
1976-04-25,19093600.0
1976-04-26,19080200.0
1976-04-27,19068100.0
1976-04-28,19068100.0
1976-04-29,19064100.0
1976-04-30,19053300.0
1976-05-01,19050600.0
1976-05-02,19048000.0
1976-05-03,19044000.0
1976-05-04,19042600.0
1976-05-05,19042600.0
1976-05-06,19054700.0
1976-05-07,19073400.0
1976-05-08,19073400.0
1976-05-09,19089500.0
1976-05-10,19112300.0
1976-05-11,19127100.0
1976-05-12,19127100.0
1976-05-13,19140600.0
1976-05-14,19147300.0
1976-05-15,19160700.0
1976-05-16,19180900.0
1976-05-17,19190300.0
1976-05-18,19206500.0
1976-05-19,19222700.0
1976-05-20,19245600.0
1976-05-21,19282100.0
1976-05-22,19301100.0
1976-05-23,19339000.0
1976-05-24,19364700.0
1976-05-25,19394600.0
1976-05-26,19419000.0
1976-05-27,19440800.0
1976-05-28,19461200.0
1976-05-29,19477600.0
1976-05-30,19509000.0
1976-05-31,19539000.0
1976-06-01,19559500.0
1976-06-02,19580000.0
1976-06-03,19597800.0
1976-06-04,19627900.0
1976-06-05,19660900.0
1976-06-06,19707600.0
1976-06-07,19732300.0
1976-06-08,19759900.0
1976-06-09,19780600.0
1976-06-10,19808200.0
1976-06-11,19833000.0
1976-06-12,19873100.0
1976-06-13,19913300.0
1976-06-14,19943800.0
1976-06-15,19967400.0
1976-06-16,19984100.0
1976-06-17,20007700.0
1976-06-18,20023000.0
1976-06-19,20041100.0
1976-06-20,20056500.0
1976-06-21,20071800.0
1976-06-22,20067600.0
1976-06-23,20083000.0
1976-06-24,20096900.0
1976-06-25,20105300.0
1976-06-26,20126200.0
1976-06-27,20143000.0
1976-06-28,20145800.0
1976-06-29,20147200.0
1976-06-30,20147200.0
1976-07-01,20140200.0
1976-07-02,20143000.0
1976-07-03,20150000.0
1976-07-04,20157000.0
1976-07-05,20162600.0
1976-07-06,20154200.0
1976-07-07,20147200.0
1976-07-08,20134600.0
1976-07-09,20127600.0
1976-07-10,20115000.0
1976-07-11,20098300.0
1976-07-12,20089900.0
1976-07-13,20087100.0
1976-07-14,20078700.0
1976-07-15,20078700.0
1976-07-16,20062000.0
1976-07-17,20056400.0
1976-07-18,20043900.0
1976-07-19,20036900.0
1976-07-20,20018800.0
1976-07-21,20000700.0
1976-07-22,19988200.0
1976-07-23,19961800.0
1976-07-24,19954900.0
1976-07-25,19960400.0
1976-07-26,19935400.0
1976-07-27,19925700.0
1976-07-28,19910400.0
1976-07-29,19896600.0
1976-07-30,19877200.0
1976-07-31,19900700.0
1976-08-01,19902100.0
1976-08-02,19893800.0
1976-08-03,19888300.0
1976-08-04,19880000.0
1976-08-05,19880000.0
1976-08-06,19870300.0
1976-08-07,19870300.0
1976-08-08,19867500.0
1976-08-09,19848100.0
1976-08-10,19837100.0
1976-08-11,19826000.0
1976-08-12,19816300.0
1976-08-13,19806700.0
1976-08-14,19805300.0
1976-08-15,19795600.0
1976-08-16,19784600.0
1976-08-17,19772200.0
1976-08-18,19751500.0
1976-08-19,19733600.0
1976-08-20,19715700.0
1976-08-21,19693700.0
1976-08-22,19680000.0
1976-08-23,19652500.0
1976-08-24,19636000.0
1976-08-25,19614100.0
1976-08-26,19594900.0
1976-08-27,19568900.0
1976-08-28,19553900.0
1976-08-29,19537500.0
1976-08-30,19522400.0
1976-08-31,19495100.0
1976-09-01,19472000.0
1976-09-02,19455600.0
1976-09-03,19436600.0
1976-09-04,19425700.0
1976-09-05,19417500.0
1976-09-06,19403900.0
1976-09-07,19391700.0
1976-09-08,19371300.0
1976-09-09,19355000.0
1976-09-10,19332000.0
1976-09-11,19310300.0
1976-09-12,19309000.0
1976-09-13,19298100.0
1976-09-14,19275100.0
1976-09-15,19256200.0
1976-09-16,19234600.0
1976-09-17,19214400.0
1976-09-18,19202200.0
1976-09-19,19198200.0
1976-09-20,19182000.0
1976-09-21,19159100.0
1976-09-22,19133600.0
1976-09-23,19116100.0
1976-09-24,19098700.0
1976-09-25,19079900.0
1976-09-26,19074500.0
1976-09-27,19077200.0
1976-09-28,19061100.0
1976-09-29,19043700.0
1976-09-30,19030300.0
1976-10-01,19014200.0
1976-10-02,19007500.0
1976-10-03,19007500.0
1976-10-04,18998200.0
1976-10-05,18992800.0
1976-10-06,18980800.0
1976-10-07,18958100.0
1976-10-08,18947400.0
1976-10-09,18939400.0
1976-10-10,18938100.0
1976-10-11,18932800.0
1976-10-12,18916700.0
1976-10-13,18906100.0
1976-10-14,18896800.0
1976-10-15,18888800.0
1976-10-16,18879500.0
1976-10-17,18868800.0
1976-10-18,18862200.0
1976-10-19,18844900.0
1976-10-20,18830300.0
1976-10-21,18813100.0
1976-10-22,18797100.0
1976-10-23,18781200.0
1976-10-24,18770600.0
1976-10-25,18752100.0
1976-10-26,18744200.0
1976-10-27,18724300.0
1976-10-28,18707200.0
1976-10-29,18687300.0
1976-10-30,18674200.0
1976-10-31,18663600.0
1976-11-01,18649100.0
1976-11-02,18630700.0
1976-11-03,18612300.0
1976-11-04,18595200.0
1976-11-05,18583300.0
1976-11-06,18571500.0
1976-11-07,18559700.0
1976-11-08,18546600.0
1976-11-09,18534800.0
1976-11-10,18517700.0
1976-11-11,18504600.0
1976-11-12,18487600.0
1976-11-13,18466700.0
1976-11-14,18460100.0
1976-11-15,18444500.0
1976-11-16,18434000.0
1976-11-17,18422300.0
1976-11-18,18410500.0
1976-11-19,18398800.0
1976-11-20,18384500.0
1976-11-21,18376600.0
1976-11-22,18363600.0
1976-11-23,18344100.0
1976-11-24,18329700.0
1976-11-25,18323200.0
1976-11-26,18320700.0
1976-11-27,18289400.0
1976-11-28,18271300.0
1976-11-29,18246600.0
1976-11-30,18225900.0
1976-12-01,18207800.0
1976-12-02,18184500.0
1976-12-03,18165100.0
1976-12-04,18143100.0
1976-12-05,18130200.0
1976-12-06,18114700.0
1976-12-07,18107000.0
1976-12-08,18097900.0
1976-12-09,18091500.0
1976-12-10,18086400.0
1976-12-11,18079900.0
1976-12-12,18083800.0
1976-12-13,18081200.0
1976-12-14,18072200.0
1976-12-15,18072200.0
1976-12-16,18065700.0
1976-12-17,18054200.0
1976-12-18,18045100.0
1976-12-19,18045100.0
1976-12-20,18028400.0
1976-12-21,18018100.0
1976-12-22,18001400.0
1976-12-23,17993700.0
1976-12-24,17992400.0
1976-12-25,17997600.0
1976-12-26,18001400.0
1976-12-27,17979600.0
1976-12-28,17960400.0
1976-12-29,17934700.0
1976-12-30,17902700.0
1976-12-31,17893800.0
1977-01-01,17893800.0
1977-01-02,17905300.0
1977-01-03,17888600.0
1977-01-04,17875800.0
1977-01-05,17864400.0
1977-01-06,17846500.0
1977-01-07,17829900.0
1977-01-08,17805700.0
1977-01-09,17792900.0
1977-01-10,17778900.0
1977-01-11,17754700.0
1977-01-12,17728000.0
1977-01-13,17707700.0
1977-01-14,17686100.0
1977-01-15,17660800.0
1977-01-16,17646900.0
1977-01-17,17622800.0
1977-01-18,17596200.0
1977-01-19,17572200.0
1977-01-20,17557100.0
1977-01-21,17552000.0
1977-01-22,17543200.0
1977-01-23,17549500.0
1977-01-24,17541900.0
1977-01-25,17526800.0
1977-01-26,17511700.0
1977-01-27,17497800.0
1977-01-28,17480200.0
1977-01-29,17462600.0
1977-01-30,17457600.0
1977-01-31,17446300.0
1977-02-01,17435000.0
1977-02-02,17431200.0
1977-02-03,17429900.0
1977-02-04,17428700.0
1977-02-05,17431200.0
1977-02-06,17445000.0
1977-02-07,17442500.0
1977-02-08,17441200.0
1977-02-09,17436200.0
1977-02-10,17428700.0
1977-02-11,17418600.0
1977-02-12,17416100.0
1977-02-13,17422400.0
1977-02-14,17416100.0
1977-02-15,17411100.0
1977-02-16,17414900.0
1977-02-17,17417400.0
1977-02-18,17422400.0
1977-02-19,17429900.0
1977-02-20,17434900.0
1977-02-21,17429900.0
1977-02-22,17423600.0
1977-02-23,17431100.0
1977-02-24,17426100.0
1977-02-25,17421100.0
1977-02-26,17424900.0
1977-02-27,17421100.0
1977-02-28,17414800.0
1977-03-01,17399800.0
1977-03-02,17372200.0
1977-03-03,17347200.0
1977-03-04,17338400.0
1977-03-05,17335900.0
1977-03-06,17335900.0
1977-03-07,17324700.0
1977-03-08,17323400.0
1977-03-09,17309600.0
1977-03-10,17319600.0
1977-03-11,17310900.0
1977-03-12,17317100.0
1977-03-13,17324600.0
1977-03-14,17318400.0
1977-03-15,17318400.0
1977-03-16,17298400.0
1977-03-17,17304600.0
1977-03-18,17314600.0
1977-03-19,17315900.0
1977-03-20,17325900.0
1977-03-21,17334600.0
1977-03-22,17350900.0
1977-03-23,17354600.0
1977-03-24,17367100.0
1977-03-25,17383400.0
1977-03-26,17387200.0
1977-03-27,17399700.0
1977-03-28,17391000.0
1977-03-29,17377200.0
1977-03-30,17370900.0
1977-03-31,17373400.0
1977-04-01,17379700.0
1977-04-02,17387200.0
1977-04-03,17394700.0
1977-04-04,17401000.0
1977-04-05,17412300.0
1977-04-06,17423600.0
1977-04-07,17432300.0
1977-04-08,17437300.0
1977-04-09,17433600.0
1977-04-10,17443600.0
1977-04-11,17453700.0
1977-04-12,17471300.0
1977-04-13,17467500.0
1977-04-14,17477600.0
1977-04-15,17477600.0
1977-04-16,17483800.0
1977-04-17,17486400.0
1977-04-18,17490100.0
1977-04-19,17482600.0
1977-04-20,17485100.0
1977-04-21,17496400.0
1977-04-22,17505200.0
1977-04-23,17512800.0
1977-04-24,17519100.0
1977-04-25,17526600.0
1977-04-26,17531700.0
1977-04-27,17532900.0
1977-04-28,17539200.0
1977-04-29,17546800.0
1977-04-30,17553100.0
1977-05-01,17554400.0
1977-05-02,17554400.0
1977-05-03,17543000.0
1977-05-04,17551900.0
1977-05-05,17550600.0
1977-05-06,17554300.0
1977-05-07,17565700.0
1977-05-08,17580900.0
1977-05-09,17591000.0
1977-05-10,17594800.0
1977-05-11,17608700.0
1977-05-12,17616200.0
1977-05-13,17623800.0
1977-05-14,17623800.0
1977-05-15,17636500.0
1977-05-16,17646600.0
1977-05-17,17637800.0
1977-05-18,17646600.0
1977-05-19,17652900.0
1977-05-20,17661800.0
1977-05-21,17674500.0
1977-05-22,17687200.0
1977-05-23,17699900.0
1977-05-24,17702400.0
1977-05-25,17713800.0
1977-05-26,17721400.0
1977-05-27,17729000.0
1977-05-28,17736700.0
1977-05-29,17745600.0
1977-05-30,17758300.0
1977-05-31,17760800.0
1977-06-01,17763400.0
1977-06-02,17777400.0
1977-06-03,17768500.0
1977-06-04,17768500.0
1977-06-05,17788800.0
1977-06-06,17783700.0
1977-06-07,17792600.0
1977-06-08,17806600.0
1977-06-09,17802800.0
1977-06-10,17820700.0
1977-06-11,17841100.0
1977-06-12,17862800.0
1977-06-13,17873000.0
1977-06-14,17876800.0
1977-06-15,17876800.0
1977-06-16,17871700.0
1977-06-17,17866600.0
1977-06-18,17870400.0
1977-06-19,17862800.0
1977-06-20,17860200.0
1977-06-21,17852500.0
1977-06-22,17842300.0
1977-06-23,17819400.0
1977-06-24,17801500.0
1977-06-25,17774800.0
1977-06-26,17768400.0
1977-06-27,17735400.0
1977-06-28,17716300.0
1977-06-29,17694700.0
1977-06-30,17682000.0
1977-07-01,17684500.0
1977-07-02,17668100.0
1977-07-03,17647800.0
1977-07-04,17651600.0
1977-07-05,17635100.0
1977-07-06,17612400.0
1977-07-07,17589600.0
1977-07-08,17566900.0
1977-07-09,17544200.0
1977-07-10,17525200.0
1977-07-11,17500000.0
1977-07-12,17483700.0
1977-07-13,17458500.0
1977-07-14,17438400.0
1977-07-15,17417100.0
1977-07-16,17387000.0
1977-07-17,17371900.0
1977-07-18,17341900.0
1977-07-19,17311900.0
1977-07-20,17296900.0
1977-07-21,17276900.0
1977-07-22,17248300.0
1977-07-23,17258200.0
1977-07-24,17257000.0
1977-07-25,17242000.0
1977-07-26,17230800.0
1977-07-27,17220900.0
1977-07-28,17205900.0
1977-07-29,17184800.0
1977-07-30,17177300.0
1977-07-31,17143800.0
1977-08-01,17105400.0
1977-08-02,17069500.0
1977-08-03,17032400.0
1977-08-04,17000300.0
1977-08-05,16978100.0
1977-08-06,16957200.0
1977-08-07,16944900.0
1977-08-08,16904300.0
1977-08-09,16863800.0
1977-08-10,16830700.0
1977-08-11,16798900.0
1977-08-12,16769600.0
1977-08-13,16739100.0
1977-08-14,16713500.0
1977-08-15,16684300.0
1977-08-16,16651500.0
1977-08-17,16635600.0
1977-08-18,16602900.0
1977-08-19,16582300.0
1977-08-20,16570200.0
1977-08-21,16552000.0
1977-08-22,16521800.0
1977-08-23,16500100.0
1977-08-24,16473500.0
1977-08-25,16443400.0
1977-08-26,16410900.0
1977-08-27,16390500.0
1977-08-28,16377300.0
1977-08-29,16354500.0
1977-08-30,16329300.0
1977-08-31,16305400.0
1977-09-01,16281500.0
1977-09-02,16252800.0
1977-09-03,16233700.0
1977-09-04,16223000.0
1977-09-05,16202700.0
1977-09-06,16174100.0
1977-09-07,16139700.0
1977-09-08,16105300.0
1977-09-09,16068500.0
1977-09-10,16050800.0
1977-09-11,16043700.0
1977-09-12,16014200.0
1977-09-13,15985800.0
1977-09-14,15969300.0
1977-09-15,15942200.0
1977-09-16,15919900.0
1977-09-17,15909300.0
1977-09-18,15904600.0
1977-09-19,15882300.0
1977-09-20,15858800.0
1977-09-21,15847100.0
1977-09-22,15820100.0
1977-09-23,15800200.0
1977-09-24,15774500.0
1977-09-25,15754700.0
1977-09-26,15724300.0
1977-09-27,15698700.0
1977-09-28,15670800.0
1977-09-29,15642900.0
1977-09-30,15624300.0
1977-10-01,15611500.0
1977-10-02,15609200.0
1977-10-03,15598800.0
1977-10-04,15588300.0
1977-10-05,15581400.0
1977-10-06,15573300.0
1977-10-07,15566300.0
1977-10-08,15560500.0
1977-10-09,15558200.0
1977-10-10,15555900.0
1977-10-11,15549000.0
1977-10-12,15537400.0
1977-10-13,15529300.0
1977-10-14,15531600.0
1977-10-15,15536200.0
1977-10-16,15542000.0
1977-10-17,15539700.0
1977-10-18,15536200.0
1977-10-19,15531600.0
1977-10-20,15529300.0
1977-10-21,15528200.0
1977-10-22,15527000.0
1977-10-23,15523500.0
1977-10-24,15518900.0
1977-10-25,15509700.0
1977-10-26,15502700.0
1977-10-27,15492300.0
1977-10-28,15487700.0
1977-10-29,15485400.0
1977-10-30,15493500.0
1977-10-31,15502700.0
1977-11-01,15499300.0
1977-11-02,15505000.0
1977-11-03,15500400.0
1977-11-04,15487700.0
1977-11-05,15477300.0
1977-11-06,15484200.0
1977-11-07,15472700.0
1977-11-08,15468100.0
1977-11-09,15460000.0
1977-11-10,15456600.0
1977-11-11,15450800.0
1977-11-12,15450800.0
1977-11-13,15457700.0
1977-11-14,15456600.0
1977-11-15,15456600.0
1977-11-16,15448500.0
1977-11-17,15441600.0
1977-11-18,15434700.0
1977-11-19,15428900.0
1977-11-20,15426600.0
1977-11-21,15404800.0
1977-11-22,15392100.0
1977-11-23,15388700.0
1977-11-24,15391000.0
1977-11-25,15392100.0
1977-11-26,15396700.0
1977-11-27,15397900.0
1977-11-28,15395600.0
1977-11-29,15394400.0
1977-11-30,15384100.0
1977-12-01,15361100.0
1977-12-02,15353100.0
1977-12-03,15357700.0
1977-12-04,15364600.0
1977-12-05,15356500.0
1977-12-06,15345100.0
1977-12-07,15327900.0
1977-12-08,15311900.0
1977-12-09,15291300.0
1977-12-10,15287900.0
1977-12-11,15277600.0
1977-12-12,15263900.0
1977-12-13,15244500.0
1977-12-14,15226200.0
1977-12-15,15210300.0
1977-12-16,15190900.0
1977-12-17,15177300.0
1977-12-18,15159100.0
1977-12-19,15135300.0
1977-12-20,15106900.0
1977-12-21,15083100.0
1977-12-22,15046900.0
1977-12-23,15023200.0
1977-12-24,15006300.0
1977-12-25,14987100.0
1977-12-26,14965700.0
1977-12-27,14936500.0
1977-12-28,14912900.0
1977-12-29,14890400.0
1977-12-30,14868000.0
1977-12-31,14865800.0
1978-01-01,14849000.0
1978-01-02,14830000.0
1978-01-03,14808700.0
1978-01-04,14778600.0
1978-01-05,14752900.0
1978-01-06,14732900.0
1978-01-07,14706200.0
1978-01-08,14690600.0
1978-01-09,14670700.0
1978-01-10,14646300.0
1978-01-11,14630700.0
1978-01-12,14618600.0
1978-01-13,14606400.0
1978-01-14,14593100.0
1978-01-15,14586500.0
1978-01-16,14565500.0
1978-01-17,14548900.0
1978-01-18,14536800.0
1978-01-19,14515900.0
1978-01-20,14489500.0
1978-01-21,14475200.0
1978-01-22,14464200.0
1978-01-23,14441100.0
1978-01-24,14417000.0
1978-01-25,14391800.0
1978-01-26,14374300.0
1978-01-27,14361200.0
1978-01-28,14351400.0
1978-01-29,14347000.0
1978-01-30,14329500.0
1978-01-31,14309900.0
1978-02-01,14292500.0
1978-02-02,14278300.0
1978-02-03,14267400.0
1978-02-04,14267400.0
1978-02-05,14264200.0
1978-02-06,14260900.0
1978-02-07,14243500.0
1978-02-08,14238100.0
1978-02-09,14230500.0
1978-02-10,14228300.0
1978-02-11,14230500.0
1978-02-12,14237000.0
1978-02-13,14234900.0
1978-02-14,14219600.0
1978-02-15,14206600.0
1978-02-16,14202300.0
1978-02-17,14190400.0
1978-02-18,14181700.0
1978-02-19,14175200.0
1978-02-20,14170900.0
1978-02-21,14159000.0
1978-02-22,14149300.0
1978-02-23,14130900.0
1978-02-24,14115800.0
1978-02-25,14109300.0
1978-02-26,14099600.0
1978-02-27,14077000.0
1978-02-28,14059800.0
1978-03-01,14049000.0
1978-03-02,14036100.0
1978-03-03,14015700.0
1978-03-04,14016800.0
1978-03-05,14015700.0
1978-03-06,14014600.0
1978-03-07,14017800.0
1978-03-08,14017800.0
1978-03-09,14021100.0
1978-03-10,14024300.0
1978-03-11,14025300.0
1978-03-12,14025300.0
1978-03-13,14027500.0
1978-03-14,14033900.0
1978-03-15,14044700.0
1978-03-16,14050100.0
1978-03-17,14057600.0
1978-03-18,14066200.0
1978-03-19,14078000.0
1978-03-20,14072600.0
1978-03-21,14067300.0
1978-03-22,14060800.0
1978-03-23,14060800.0
1978-03-24,14060800.0
1978-03-25,14060800.0
1978-03-26,14062900.0
1978-03-27,14047900.0
1978-03-28,14056500.0
1978-03-29,14052200.0
1978-03-30,14051100.0
1978-03-31,14057500.0
1978-04-01,14061800.0
1978-04-02,14066200.0
1978-04-03,14078000.0
1978-04-04,14088800.0
1978-04-05,14107100.0
1978-04-06,14118900.0
1978-04-07,14131900.0
1978-04-08,14138400.0
1978-04-09,14160000.0
1978-04-10,14191400.0
1978-04-11,14213000.0
1978-04-12,14233700.0
1978-04-13,14252100.0
1978-04-14,14258600.0
1978-04-15,14278200.0
1978-04-16,14306500.0
1978-04-17,14318500.0
1978-04-18,14334900.0
1978-04-19,14352300.0
1978-04-20,14366500.0
1978-04-21,14373100.0
1978-04-22,14382900.0
1978-04-23,14401500.0
1978-04-24,14419000.0
1978-04-25,14427800.0
1978-04-26,14437700.0
1978-04-27,14455200.0
1978-04-28,14473900.0
1978-04-29,14488200.0
1978-04-30,14510200.0
1978-05-01,14543200.0
1978-05-02,14553200.0
1978-05-03,14563100.0
1978-05-04,14592900.0
1978-05-05,14581900.0
1978-05-06,14610600.0
1978-05-07,14629400.0
1978-05-08,14652700.0
1978-05-09,14669300.0
1978-05-10,14687100.0
1978-05-11,14700400.0
1978-05-12,14721500.0
1978-05-13,14741500.0
1978-05-14,14760500.0
1978-05-15,14770500.0
1978-05-16,14792800.0
1978-05-17,14819600.0
1978-05-18,14857700.0
1978-05-19,14908100.0
1978-05-20,14971100.0
1978-05-21,15024100.0
1978-05-22,15073800.0
1978-05-23,15119100.0
1978-05-24,15147500.0
1978-05-25,15182700.0
1978-05-26,15221400.0
1978-05-27,15280700.0
1978-05-28,15342500.0
1978-05-29,15404400.0
1978-05-30,15458500.0
1978-05-31,15498900.0
1978-06-01,15535800.0
1978-06-02,15576300.0
1978-06-03,15615700.0
1978-06-04,15668000.0
1978-06-05,15711000.0
1978-06-06,15756500.0
1978-06-07,15809100.0
1978-06-08,15847800.0
1978-06-09,15888800.0
1978-06-10,15940500.0
1978-06-11,16004200.0
1978-06-12,16066800.0
1978-06-13,16133200.0
1978-06-14,16192700.0
1978-06-15,16259400.0
1978-06-16,16334800.0
1978-06-17,16421200.0
1978-06-18,16511600.0
1978-06-19,16586600.0
1978-06-20,16659400.0
1978-06-21,16717800.0
1978-06-22,16771500.0
1978-06-23,16819100.0
1978-06-24,16880400.0
1978-06-25,16939400.0
1978-06-26,16991100.0
1978-06-27,17047900.0
1978-06-28,17098600.0
1978-06-29,17140700.0
1978-06-30,17179200.0
1978-07-01,17227700.0
1978-07-02,17272500.0
1978-07-03,17311200.0
1978-07-04,17346300.0
1978-07-05,17377600.0
1978-07-06,17412700.0
1978-07-07,17427700.0
1978-07-08,17454100.0
1978-07-09,17469200.0
1978-07-10,17485500.0
1978-07-11,17489300.0
1978-07-12,17495600.0
1978-07-13,17506900.0
1978-07-14,17506900.0
1978-07-15,17519500.0
1978-07-16,17543500.0
1978-07-17,17529600.0
1978-07-18,17535900.0
1978-07-19,17537100.0
1978-07-20,17534600.0
1978-07-21,17548500.0
1978-07-22,17551000.0
1978-07-23,17559800.0
1978-07-24,17567400.0
1978-07-25,17559800.0
1978-07-26,17557300.0
1978-07-27,17543400.0
1978-07-28,17533300.0
1978-07-29,17530800.0
1978-07-30,17525800.0
1978-07-31,17509400.0
1978-08-01,17490500.0
1978-08-02,17475400.0
1978-08-03,17461600.0
1978-08-04,17440200.0
1978-08-05,17422600.0
1978-08-06,17401300.0
1978-08-07,17378700.0
1978-08-08,17349900.0
1978-08-09,17324900.0
1978-08-10,17293700.0
1978-08-11,17271200.0
1978-08-12,17242500.0
1978-08-13,17220100.0
1978-08-14,17206500.0
1978-08-15,17170400.0
1978-08-16,17130700.0
1978-08-17,17101000.0
1978-08-18,17077400.0
1978-08-19,17053900.0
1978-08-20,17032900.0
1978-08-21,17004500.0
1978-08-22,16966300.0
1978-08-23,16938000.0
1978-08-24,16904800.0
1978-08-25,16864300.0
1978-08-26,16837400.0
1978-08-27,16821500.0
1978-08-28,16793300.0
1978-08-29,16766400.0
1978-08-30,16734700.0
1978-08-31,16705500.0
1978-09-01,16673800.0
1978-09-02,16652000.0
1978-09-03,16625200.0
1978-09-04,16588900.0
1978-09-05,16575033.3
1978-09-06,16521166.7
1978-09-07,16487300.0
1978-09-08,16447500.0
1978-09-09,16418600.0
1978-09-10,16386200.0
1978-09-11,16367000.0
1978-09-12,16334600.0
1978-09-13,16308300.0
1978-09-14,16293900.0
1978-09-15,16271200.0
1978-09-16,16255700.0
1978-09-17,16240100.0
1978-09-18,16231800.0
1978-09-19,16218700.0
1978-09-20,16197200.0
1978-09-21,16173400.0
1978-09-22,16160400.0
1978-09-23,16144900.0
1978-09-24,16129500.0
1978-09-25,16111700.0
1978-09-26,16093900.0
1978-09-27,16079700.0
1978-09-28,16057200.0
1978-09-29,16041800.0
1978-09-30,16030000.0
1978-10-01,16021700.0
1978-10-02,16009900.0
1978-10-03,16001600.0
1978-10-04,15992200.0
1978-10-05,15986300.0
1978-10-06,15972100.0
1978-10-07,15960400.0
1978-10-08,15961500.0
1978-10-09,15953300.0
1978-10-10,15941500.0
1978-10-11,15929700.0
1978-10-12,15907400.0
1978-10-13,15882700.0
1978-10-14,15878000.0
1978-10-15,15876900.0
1978-10-16,15862800.0
1978-10-17,15841700.0
1978-10-18,15828800.0
1978-10-19,15805400.0
1978-10-20,15798300.0
1978-10-21,15801800.0
1978-10-22,15789000.0
1978-10-23,15766800.0
1978-10-24,15738800.0
1978-10-25,15725900.0
1978-10-26,15716600.0
1978-10-27,15713100.0
1978-10-28,15703800.0
1978-10-29,15704900.0
1978-10-30,15706100.0
1978-10-31,15691000.0
1978-11-01,15687500.0
1978-11-02,15688600.0
1978-11-03,15704900.0
1978-11-04,15714300.0
1978-11-05,15729400.0
1978-11-06,15738700.0
1978-11-07,15739900.0
1978-11-08,15743400.0
1978-11-09,15742200.0
1978-11-10,15734100.0
1978-11-11,15744600.0
1978-11-12,15756200.0
1978-11-13,15742200.0
1978-11-14,15739900.0
1978-11-15,15720100.0
1978-11-16,15707200.0
1978-11-17,15695600.0
1978-11-18,15689800.0
1978-11-19,15678100.0
1978-11-20,15658400.0
1978-11-21,15640900.0
1978-11-22,15628200.0
1978-11-23,15636300.0
1978-11-24,15630500.0
1978-11-25,15618900.0
1978-11-26,15615400.0
1978-11-27,15596800.0
1978-11-28,15579500.0
1978-11-29,15570200.0
1978-11-30,15551700.0
1978-12-01,15557400.0
1978-12-02,15552800.0
1978-12-03,15550500.0
1978-12-04,15529700.0
1978-12-05,15523900.0
1978-12-06,15503100.0
1978-12-07,15482400.0
1978-12-08,15451200.0
1978-12-09,15421300.0
1978-12-10,15398300.0
1978-12-11,15374200.0
1978-12-12,15341000.0
1978-12-13,15311200.0
1978-12-14,15281500.0
1978-12-15,15260900.0
1978-12-16,15250600.0
1978-12-17,15254100.0
1978-12-18,15256300.0
1978-12-19,15255200.0
1978-12-20,15250600.0
1978-12-21,15241500.0
1978-12-22,15232400.0
1978-12-23,15238100.0
1978-12-24,15249500.0
1978-12-25,15256300.0
1978-12-26,15242600.0
1978-12-27,15222100.0
1978-12-28,15201600.0
1978-12-29,15180000.0
1978-12-30,15175500.0
1978-12-31,15178900.0
1979-01-01,15168600.0
1979-01-02,15145900.0
1979-01-03,15120900.0
1979-01-04,15097100.0
1979-01-05,15077900.0
1979-01-06,15059800.0
1979-01-07,15056400.0
1979-01-08,15034900.0
1979-01-09,15012400.0
1979-01-10,14995400.0
1979-01-11,14967300.0
1979-01-12,14952600.0
1979-01-13,14936900.0
1979-01-14,14930100.0
1979-01-15,14911000.0
1979-01-16,14894200.0
1979-01-17,14879600.0
1979-01-18,14871800.0
1979-01-19,14877400.0
1979-01-20,14898700.0
1979-01-21,14908800.0
1979-01-22,14906500.0
1979-01-23,14895300.0
1979-01-24,14875100.0
1979-01-25,14859400.0
1979-01-26,14831500.0
1979-01-27,14824700.0
1979-01-28,14814700.0
1979-01-29,14784500.0
1979-01-30,14757800.0
1979-01-31,14729900.0
1979-02-01,14706600.0
1979-02-02,14684300.0
1979-02-03,14668800.0
1979-02-04,14658800.0
1979-02-05,14633300.0
1979-02-06,14612300.0
1979-02-07,14588000.0
1979-02-08,14569200.0
1979-02-09,14554800.0
1979-02-10,14551500.0
1979-02-11,14550400.0
1979-02-12,14543800.0
1979-02-13,14532800.0
1979-02-14,14537200.0
1979-02-15,14530600.0
1979-02-16,14518400.0
1979-02-17,14530600.0
1979-02-18,14553700.0
1979-02-19,14564800.0
1979-02-20,14571400.0
1979-02-21,14581300.0
1979-02-22,14590200.0
1979-02-23,14594600.0
1979-02-24,14611200.0
1979-02-25,14625500.0
1979-02-26,14634400.0
1979-02-27,14628900.0
1979-02-28,14635500.0
1979-03-01,14641000.0
1979-03-02,14642200.0
1979-03-03,14661000.0
1979-03-04,14678700.0
1979-03-05,14695400.0
1979-03-06,14712100.0
1979-03-07,14734300.0
1979-03-08,14762200.0
1979-03-09,14788900.0
1979-03-10,14821300.0
1979-03-11,14849300.0
1979-03-12,14875000.0
1979-03-13,14898600.0
1979-03-14,14926700.0
1979-03-15,14951400.0
1979-03-16,14978400.0
1979-03-17,15004300.0
1979-03-18,15033700.0
1979-03-19,15065300.0
1979-03-20,15090200.0
1979-03-21,15103800.0
1979-03-22,15125300.0
1979-03-23,15153700.0
1979-03-24,15191200.0
1979-03-25,15224200.0
1979-03-26,15253900.0
1979-03-27,15279000.0
1979-03-28,15321300.0
1979-03-29,15346500.0
1979-03-30,15382100.0
1979-03-31,15430300.0
1979-04-01,15483300.0
1979-04-02,15511000.0
1979-04-03,15539900.0
1979-04-04,15565300.0
1979-04-05,15600100.0
1979-04-06,15629100.0
1979-04-07,15668600.0
1979-04-08,15705800.0
1979-04-09,15736100.0
1979-04-10,15773500.0
1979-04-11,15799200.0
1979-04-12,15841300.0
1979-04-13,15868300.0
1979-04-14,15900000.0
1979-04-15,15932900.0
1979-04-16,15968200.0
1979-04-17,16009500.0
1979-04-18,16052100.0
1979-04-19,16105400.0
1979-04-20,16164700.0
1979-04-21,16226600.0
1979-04-22,16279200.0
1979-04-23,16328200.0
1979-04-24,16382100.0
1979-04-25,16462800.0
1979-04-26,16532700.0
1979-04-27,16594500.0
1979-04-28,16651500.0
1979-04-29,16706200.0
1979-04-30,16763500.0
1979-05-01,16819800.0
1979-05-02,16870000.0
1979-05-03,16930200.0
1979-05-04,16985600.0
1979-05-05,17036100.0
1979-05-06,17089300.0
1979-05-07,17143900.0
1979-05-08,17199700.0
1979-05-09,17265800.0
1979-05-10,17333200.0
1979-05-11,17388300.0
1979-05-12,17444700.0
1979-05-13,17495000.0
1979-05-14,17539100.0
1979-05-15,17585800.0
1979-05-16,17623700.0
1979-05-17,17661700.0
1979-05-18,17711200.0
1979-05-19,17769700.0
1979-05-20,17843600.0
1979-05-21,17916400.0
1979-05-22,17995900.0
1979-05-23,18087300.0
1979-05-24,18180200.0
1979-05-25,18273500.0
1979-05-26,18377500.0
1979-05-27,18489800.0
1979-05-28,18607900.0
1979-05-29,18733100.0
1979-05-30,18868400.0
1979-05-31,18996400.0
1979-06-01,19130400.0
1979-06-02,19243600.0
1979-06-03,19361300.0
1979-06-04,19449700.0
1979-06-05,19530100.0
1979-06-06,19604000.0
1979-06-07,19682200.0
1979-06-08,19766100.0
1979-06-09,19871100.0
1979-06-10,19977900.0
1979-06-11,20067000.0
1979-06-12,20136800.0
1979-06-13,20199800.0
1979-06-14,20264300.0
1979-06-15,20330500.0
1979-06-16,20402400.0
1979-06-17,20491500.0
1979-06-18,20579500.0
1979-06-19,20677700.0
1979-06-20,20772000.0
1979-06-21,20843700.0
1979-06-22,20905500.0
1979-06-23,20965900.0
1979-06-24,21022200.0
1979-06-25,21072800.0
1979-06-26,21122000.0
1979-06-27,21175700.0
1979-06-28,21228000.0
1979-06-29,21280400.0
1979-06-30,21322700.0
1979-07-01,21369400.0
1979-07-02,21416300.0
1979-07-03,21470500.0
1979-07-04,21533600.0
1979-07-05,21585100.0
1979-07-06,21630800.0
1979-07-07,21676600.0
1979-07-08,21718000.0
1979-07-09,21750600.0
1979-07-10,21772800.0
1979-07-11,21806900.0
1979-07-12,21829200.0
1979-07-13,21853000.0
1979-07-14,21873800.0
1979-07-15,21897600.0
1979-07-16,21911000.0
1979-07-17,21931900.0
1979-07-18,21945300.0
1979-07-19,21957200.0
1979-07-20,21960200.0
1979-07-21,21967700.0
1979-07-22,21963200.0
1979-07-23,21963200.0
1979-07-24,21963200.0
1979-07-25,21958700.0
1979-07-26,21945300.0
1979-07-27,21933400.0
1979-07-28,21922900.0
1979-07-29,21917000.0
1979-07-30,21902100.0
1979-07-31,21900600.0
1979-08-01,21890100.0
1979-08-02,21875200.0
1979-08-03,21855900.0
1979-08-04,21839600.0
1979-08-05,21808400.0
1979-08-06,21820300.0
1979-08-07,21790600.0
1979-08-08,21765300.0
1979-08-09,21741600.0
1979-08-10,21720900.0
1979-08-11,21698700.0
1979-08-12,21695800.0
1979-08-13,21681000.0
1979-08-14,21688400.0
1979-08-15,21675100.0
1979-08-16,21660300.0
1979-08-17,21627800.0
1979-08-18,21611600.0
1979-08-19,21596900.0
1979-08-20,21577700.0
1979-08-21,21563000.0
1979-08-22,21554100.0
1979-08-23,21543800.0
1979-08-24,21530600.0
1979-08-25,21518800.0
1979-08-26,21501200.0
1979-08-27,21471800.0
1979-08-28,21444000.0
1979-08-29,21422000.0
1979-08-30,21403000.0
1979-08-31,21379600.0
1979-09-01,21366400.0
1979-09-02,21359100.0
1979-09-03,21344500.0
1979-09-04,21324000.0
1979-09-05,21303600.0
1979-09-06,21283200.0
1979-09-07,21265700.0
1979-09-08,21245300.0
1979-09-09,21223500.0
1979-09-10,21201700.0
1979-09-11,21193000.0
1979-09-12,21177000.0
1979-09-13,21162500.0
1979-09-14,21156700.0
1979-09-15,21150800.0
1979-09-16,21143600.0
1979-09-17,21133500.0
1979-09-18,21130600.0
1979-09-19,21114600.0
1979-09-20,21104400.0
1979-09-21,21095800.0
1979-09-22,21078400.0
1979-09-23,21071100.0
1979-09-24,21055300.0
1979-09-25,21040800.0
1979-09-26,21027800.0
1979-09-27,21013300.0
1979-09-28,21004700.0
1979-09-29,20997400.0
1979-09-30,20988800.0
1979-10-01,20983000.0
1979-10-02,20964300.0
1979-10-03,20958500.0
1979-10-04,20951300.0
1979-10-05,20942700.0
1979-10-06,20934000.0
1979-10-07,20934000.0
1979-10-08,20921100.0
1979-10-09,20906700.0
1979-10-10,20890900.0
1979-10-11,20869300.0
1979-10-12,20852100.0
1979-10-13,20844900.0
1979-10-14,20842000.0
1979-10-15,20837700.0
1979-10-16,20839200.0
1979-10-17,20829100.0
1979-10-18,20820500.0
1979-10-19,20817600.0
1979-10-20,20833400.0
1979-10-21,20826200.0
1979-10-22,20811900.0
1979-10-23,20796100.0
1979-10-24,20778900.0
1979-10-25,20771800.0
1979-10-26,20771800.0
1979-10-27,20770400.0
1979-10-28,20763200.0
1979-10-29,20748900.0
1979-10-30,20726000.0
1979-10-31,20706000.0
1979-11-01,20680300.0
1979-11-02,20658900.0
1979-11-03,20639000.0
1979-11-04,20626200.0
1979-11-05,20616200.0
1979-11-06,20593400.0
1979-11-07,20577800.0
1979-11-08,20580600.0
1979-11-09,20559300.0
1979-11-10,20547900.0
1979-11-11,20552200.0
1979-11-12,20542300.0
1979-11-13,20532300.0
1979-11-14,20518100.0
1979-11-15,20506800.0
1979-11-16,20499700.0
1979-11-17,20494000.0
1979-11-18,20494000.0
1979-11-19,20479900.0
1979-11-20,20454400.0
1979-11-21,20445900.0
1979-11-22,20438800.0
1979-11-23,20434600.0
1979-11-24,20409100.0
1979-11-25,20403500.0
1979-11-26,20392200.0
1979-11-27,20387900.0
1979-11-28,20372400.0
1979-11-29,20351300.0
1979-11-30,20333000.0
1979-12-01,20311900.0
1979-12-02,20293500.0
1979-12-03,20272500.0
1979-12-04,20261200.0
1979-12-05,20254200.0
1979-12-06,20247100.0
1979-12-07,20244400.0
1979-12-08,20245700.0
1979-12-09,20251400.0
1979-12-10,20227500.0
1979-12-11,20224700.0
1979-12-12,20212100.0
1979-12-13,20198100.0
1979-12-14,20189600.0
1979-12-15,20188200.0
1979-12-16,20193800.0
1979-12-17,20191000.0
1979-12-18,20186800.0
1979-12-19,20182600.0
1979-12-20,20175600.0
1979-12-21,20172800.0
1979-12-22,20184000.0
1979-12-23,20186800.0
1979-12-24,20191000.0
1979-12-25,20206500.0
1979-12-26,20205100.0
1979-12-27,20203600.0
1979-12-28,20193800.0
1979-12-29,20193800.0
1979-12-30,20205000.0
1979-12-31,20217600.0
1980-01-01,20228900.0
1980-01-02,20228900.0
1980-01-03,20224700.0
1980-01-04,20220400.0
1980-01-05,20212000.0
1980-01-06,20216200.0
1980-01-07,20209200.0
1980-01-08,20196600.0
1980-01-09,20185400.0
1980-01-10,20199400.0
1980-01-11,20196600.0
1980-01-12,20203600.0
1980-01-13,20221800.0
1980-01-14,20233100.0
1980-01-15,20254100.0
1980-01-16,20266800.0
1980-01-17,20268200.0
1980-01-18,20293500.0
1980-01-19,20296300.0
1980-01-20,20297700.0
1980-01-21,20290600.0
1980-01-22,20292000.0
1980-01-23,20293400.0
1980-01-24,20296300.0
1980-01-25,20301900.0
1980-01-26,20304700.0
1980-01-27,20306100.0
1980-01-28,20300500.0
1980-01-29,20287800.0
1980-01-30,20272400.0
1980-01-31,20266700.0
1980-02-01,20249900.0
1980-02-02,20245600.0
1980-02-03,20248400.0
1980-02-04,20249800.0
1980-02-05,20240000.0
1980-02-06,20248400.0
1980-02-07,20248400.0
1980-02-08,20242800.0
1980-02-09,20234400.0
1980-02-10,20227400.0
1980-02-11,20219000.0
1980-02-12,20216200.0
1980-02-13,20213300.0
1980-02-14,20210500.0
1980-02-15,20209200.0
1980-02-16,20213300.0
1980-02-17,20223200.0
1980-02-18,20224600.0
1980-02-19,20238600.0
1980-02-20,20263900.0
1980-02-21,20268100.0
1980-02-22,20307500.0
1980-02-23,20322900.0
1980-02-24,20349700.0
1980-02-25,20368000.0
1980-02-26,20394800.0
1980-02-27,20409000.0
1980-02-28,20420300.0
1980-02-29,20440100.0
1980-03-01,20445700.0
1980-03-02,20458400.0
1980-03-03,20472600.0
1980-03-04,20471200.0
1980-03-05,20481100.0
1980-03-06,20502300.0
1980-03-07,20515100.0
1980-03-08,20526500.0
1980-03-09,20544900.0
1980-03-10,20553400.0
1980-03-11,20554800.0
1980-03-12,20564700.0
1980-03-13,20584700.0
1980-03-14,20588900.0
1980-03-15,20591800.0
1980-03-16,20598900.0
1980-03-17,20598800.0
1980-03-18,20598800.0
1980-03-19,20588900.0
1980-03-20,20586100.0
1980-03-21,20587500.0
1980-03-22,20594600.0
1980-03-23,20607400.0
1980-03-24,20607400.0
1980-03-25,20601700.0
1980-03-26,20598800.0
1980-03-27,20598800.0
1980-03-28,20608800.0
1980-03-29,20617300.0
1980-03-30,20621600.0
1980-03-31,20621600.0
1980-04-01,20603100.0
1980-04-02,20603100.0
1980-04-03,20604500.0
1980-04-04,20600200.0
1980-04-05,20597400.0
1980-04-06,20597400.0
1980-04-07,20596000.0
1980-04-08,20583200.0
1980-04-09,20577500.0
1980-04-10,20573200.0
1980-04-11,20561900.0
1980-04-12,20554800.0
1980-04-13,20530600.0
1980-04-14,20519300.0
1980-04-15,20510800.0
1980-04-16,20503700.0
1980-04-17,20500800.0
1980-04-18,20496600.0
1980-04-19,20509300.0
1980-04-20,20532000.0
1980-04-21,20561900.0
1980-04-22,20574600.0
1980-04-23,20601600.0
1980-04-24,20645800.0
1980-04-25,20682800.0
1980-04-26,20728500.0
1980-04-27,20770000.0
1980-04-28,20817300.0
1980-04-29,20877600.0
1980-04-30,20922100.0
1980-05-01,20982600.0
1980-05-02,21043300.0
1980-05-03,21105500.0
1980-05-04,21172200.0
1980-05-05,21224500.0
1980-05-06,21282700.0
1980-05-07,21357100.0
1980-05-08,21418600.0
1980-05-09,21496300.0
1980-05-10,21580100.0
1980-05-11,21679000.0
1980-05-12,21756000.0
1980-05-13,21840500.0
1980-05-14,21907500.0
1980-05-15,21989500.0
1980-05-16,22055300.0
1980-05-17,22112300.0
1980-05-18,22163300.0
1980-05-19,22209900.0
1980-05-20,22265600.0
1980-05-21,22324500.0
1980-05-22,22383500.0
1980-05-23,22450100.0
1980-05-24,22535200.0
1980-05-25,22619000.0
1980-05-26,22707500.0
1980-05-27,22782600.0
1980-05-28,22847100.0
1980-05-29,22911700.0
1980-05-30,22961000.0
1980-05-31,23022700.0
1980-06-01,23089200.0
1980-06-02,23141900.0
1980-06-03,23202400.0
1980-06-04,23255300.0
1980-06-05,23306700.0
1980-06-06,23353500.0
1980-06-07,23412900.0
1980-06-08,23470900.0
1980-06-09,23528900.0
1980-06-10,23583900.0
1980-06-11,23635800.0
1980-06-12,23709900.0
1980-06-13,23773100.0
1980-06-14,23844300.0
1980-06-15,23928400.0
1980-06-16,23995200.0
1980-06-17,24046200.0
1980-06-18,24089300.0
1980-06-19,24140400.0
1980-06-20,24191600.0
1980-06-21,24267000.0
1980-06-22,24331200.0
1980-06-23,24365000.0
1980-06-24,24382700.0
1980-06-25,24415000.0
1980-06-26,24416600.0
1980-06-27,24418200.0
1980-06-28,24353700.0
1980-06-29,24423000.0
1980-06-30,24408500.0
1980-07-01,24402000.0
1980-07-02,24389100.0
1980-07-03,24382700.0
1980-07-04,24385900.0
1980-07-05,24381100.0
1980-07-06,24369800.0
1980-07-07,24376300.0
1980-07-08,24352100.0
1980-07-09,24345700.0
1980-07-10,24332800.0
1980-07-11,24315100.0
1980-07-12,24302300.0
1980-07-13,24274900.0
1980-07-14,24257300.0
1980-07-15,24236400.0
1980-07-16,24210800.0
1980-07-17,24188400.0
1980-07-18,24164400.0
1980-07-19,24142000.0
1980-07-20,24116400.0
1980-07-21,24090800.0
1980-07-22,24063700.0
1980-07-23,24027000.0
1980-07-24,23998300.0
1980-07-25,23968100.0
1980-07-26,23928400.0
1980-07-27,23904500.0
1980-07-28,23875900.0
1980-07-29,23830000.0
1980-07-30,23787300.0
1980-07-31,23754000.0
1980-08-01,23711400.0
1980-08-02,23676600.0
1980-08-03,23656200.0
1980-08-04,23619900.0
1980-08-05,23586900.0
1980-08-06,23552300.0
1980-08-07,23519300.0
1980-08-08,23491100.0
1980-08-09,23450400.0
1980-08-10,23414400.0
1980-08-11,23381500.0
1980-08-12,23339700.0
1980-08-13,23303500.0
1980-08-14,23261400.0
1980-08-15,23227200.0
1980-08-16,23193000.0
1980-08-17,23163500.0
1980-08-18,23124700.0
1980-08-19,23093700.0
1980-08-20,23070500.0
1980-08-21,23047300.0
1980-08-22,23011700.0
1980-08-23,22983900.0
1980-08-24,22968500.0
1980-08-25,22933000.0
1980-08-26,22923800.0
1980-08-27,22896100.0
1980-08-28,22876100.0
1980-08-29,22857600.0
1980-08-30,22846900.0
1980-08-31,22831500.0
1980-09-01,22816100.0
1980-09-02,22796200.0
1980-09-03,22779300.0
1980-09-04,22753300.0
1980-09-05,22738000.0
1980-09-06,22708900.0
1980-09-07,22685900.0
1980-09-08,22664500.0
1980-09-09,22664500.0
1980-09-10,22672200.0
1980-09-11,22672200.0
1980-09-12,22667600.0
1980-09-13,22666100.0
1980-09-14,22661500.0
1980-09-15,22644700.0
1980-09-16,22637000.0
1980-09-17,22627900.0
1980-09-18,22608100.0
1980-09-19,22589800.0
1980-09-20,22573000.0
1980-09-21,22568400.0
1980-09-22,22538000.0
1980-09-23,22519700.0
1980-09-24,22506100.0
1980-09-25,22489300.0
1980-09-26,22478700.0
1980-09-27,22463500.0
1980-09-28,22451400.0
1980-09-29,22430200.0
1980-09-30,22419600.0
1980-10-01,22416500.0
1980-10-02,22405900.0
1980-10-03,22396800.0
1980-10-04,22390800.0
1980-10-05,22375600.0
1980-10-06,22357500.0
1980-10-07,22334800.0
1980-10-08,22312200.0
1980-10-09,22291000.0
1980-10-10,22266900.0
1980-10-11,22251800.0
1980-10-12,22244300.0
1980-10-13,22233700.0
1980-10-14,22203600.0
1980-10-15,22176500.0
1980-10-16,22164500.0
1980-10-17,22163000.0
1980-10-18,22169000.0
1980-10-19,22175000.0
1980-10-20,22167500.0
1980-10-21,22158500.0
1980-10-22,22152500.0
1980-10-23,22135900.0
1980-10-24,22121000.0
1980-10-25,22107400.0
1980-10-26,22099900.0
1980-10-27,22095400.0
1980-10-28,22083500.0
1980-10-29,22082000.0
1980-10-30,22077500.0
1980-10-31,22071500.0
1980-11-01,22064000.0
1980-11-02,22062500.0
1980-11-03,22055000.0
1980-11-04,22047500.0
1980-11-05,22037000.0
1980-11-06,22019100.0
1980-11-07,22004100.0
1980-11-08,21986200.0
1980-11-09,21980200.0
1980-11-10,21966800.0
1980-11-11,21954800.0
1980-11-12,21935500.0
1980-11-13,21916100.0
1980-11-14,21898200.0
1980-11-15,21875900.0
1980-11-16,21853600.0
1980-11-17,21837200.0
1980-11-18,21817900.0
1980-11-19,21800100.0
1980-11-20,21777800.0
1980-11-21,21760000.0
1980-11-22,21742200.0
1980-11-23,21725900.0
1980-11-24,21706700.0
1980-11-25,21689000.0
1980-11-26,21677200.0
1980-11-27,21681600.0
1980-11-28,21681600.0
1980-11-29,21677100.0
1980-11-30,21675700.0
1980-12-01,21665300.0
1980-12-02,21653500.0
1980-12-03,21644700.0
1980-12-04,21635800.0
1980-12-05,21622500.0
1980-12-06,21598900.0
1980-12-07,21588600.0
1980-12-08,21570900.0
1980-12-09,21554700.0
1980-12-10,21529700.0
1980-12-11,21507700.0
1980-12-12,21491500.0
1980-12-13,21484200.0
1980-12-14,21479800.0
1980-12-15,21469500.0
1980-12-16,21473900.0
1980-12-17,21475300.0
1980-12-18,21470900.0
1980-12-19,21453400.0
1980-12-20,21441600.0
1980-12-21,21441600.0
1980-12-22,21438700.0
1980-12-23,21444500.0
1980-12-24,21435700.0
1980-12-25,21441600.0
1980-12-26,21443100.0
1980-12-27,21446000.0
1980-12-28,21448900.0
1980-12-29,21448900.0
1980-12-30,21451900.0
1980-12-31,21450400.0
1981-01-01,21456300.0
1981-01-02,21465000.0
1981-01-03,21448900.0
1981-01-04,21443100.0
1981-01-05,21422600.0
1981-01-06,21409400.0
1981-01-07,21409400.0
1981-01-08,21394700.0
1981-01-09,21387400.0
1981-01-10,21380100.0
1981-01-11,21374200.0
1981-01-12,21366900.0
1981-01-13,21368400.0
1981-01-14,21368400.0
1981-01-15,21359600.0
1981-01-16,21355200.0
1981-01-17,21340600.0
1981-01-18,21323100.0
1981-01-19,21308500.0
1981-01-20,21295400.0
1981-01-21,21286600.0
1981-01-22,21282200.0
1981-01-23,21263300.0
1981-01-24,21267700.0
1981-01-25,21264800.0
1981-01-26,21256000.0
1981-01-27,21247300.0
1981-01-28,21235600.0
1981-01-29,21231300.0
1981-01-30,21219600.0
1981-01-31,21200700.0
1981-02-01,21178900.0
1981-02-02,21158600.0
1981-02-03,21134000.0
1981-02-04,21115100.0
1981-02-05,21109300.0
1981-02-06,21094800.0
1981-02-07,21084700.0
1981-02-08,21070200.0
1981-02-09,21060100.0
1981-02-10,21051400.0
1981-02-11,21036900.0
1981-02-12,21025400.0
1981-02-13,21022500.0
1981-02-14,21013800.0
1981-02-15,21003700.0
1981-02-16,21000800.0
1981-02-17,20999400.0
1981-02-18,20999400.0
1981-02-19,21002300.0
1981-02-20,20997900.0
1981-02-21,20999400.0
1981-02-22,21000800.0
1981-02-23,21002300.0
1981-02-24,21006600.0
1981-02-25,21003700.0
1981-02-26,20996500.0
1981-02-27,20990700.0
1981-02-28,20986400.0
1981-03-01,20996500.0
1981-03-02,20992100.0
1981-03-03,20993600.0
1981-03-04,20997900.0
1981-03-05,21009500.0
1981-03-06,21002200.0
1981-03-07,21005100.0
1981-03-08,21006600.0
1981-03-09,21002200.0
1981-03-10,21005100.0
1981-03-11,21003700.0
1981-03-12,21003700.0
1981-03-13,21003700.0
1981-03-14,20996500.0
1981-03-15,21003700.0
1981-03-16,20999300.0
1981-03-17,21002200.0
1981-03-18,20992100.0
1981-03-19,20983500.0
1981-03-20,20973400.0
1981-03-21,20970500.0
1981-03-22,20973400.0
1981-03-23,20966200.0
1981-03-24,20963300.0
1981-03-25,20956100.0
1981-03-26,20948900.0
1981-03-27,20946000.0
1981-03-28,20947400.0
1981-03-29,20944500.0
1981-03-30,20940200.0
1981-03-31,20937300.0
1981-04-01,20935900.0
1981-04-02,20933000.0
1981-04-03,20918600.0
1981-04-04,20921500.0
1981-04-05,20922900.0
1981-04-06,20915700.0
1981-04-07,20922900.0
1981-04-08,20917200.0
1981-04-09,20912900.0
1981-04-10,20911400.0
1981-04-11,20910000.0
1981-04-12,20904200.0
1981-04-13,20902800.0
1981-04-14,20897000.0
1981-04-15,20895600.0
1981-04-16,20892700.0
1981-04-17,20886900.0
1981-04-18,20884100.0
1981-04-19,20888400.0
1981-04-20,20884100.0
1981-04-21,20884100.0
1981-04-22,20875500.0
1981-04-23,20875500.0
1981-04-24,20868300.0
1981-04-25,20868300.0
1981-04-26,20868300.0
1981-04-27,20862500.0
1981-04-28,20862500.0
1981-04-29,20868300.0
1981-04-30,20865400.0
1981-05-01,20865400.0
1981-05-02,20871100.0
1981-05-03,20869700.0
1981-05-04,20871100.0
1981-05-05,20866800.0
1981-05-06,20874000.0
1981-05-07,20884000.0
1981-05-08,20891200.0
1981-05-09,20912800.0
1981-05-10,20921400.0
1981-05-11,20932900.0
1981-05-12,20940100.0
1981-05-13,20934400.0
1981-05-14,20924300.0
1981-05-15,20924300.0
1981-05-16,20927200.0
1981-05-17,20921400.0
1981-05-18,20915700.0
1981-05-19,20902700.0
1981-05-20,20895500.0
1981-05-21,20886900.0
1981-05-22,20895500.0
1981-05-23,20896900.0
1981-05-24,20898400.0
1981-05-25,20899800.0
1981-05-26,20899800.0
1981-05-27,20907000.0
1981-05-28,20901300.0
1981-05-29,20902700.0
1981-05-30,20924300.0
1981-05-31,20938700.0
1981-06-01,20958800.0
1981-06-02,20974700.0
1981-06-03,21003500.0
1981-06-04,21026600.0
1981-06-05,21051200.0
1981-06-06,21080100.0
1981-06-07,21112000.0
1981-06-08,21138000.0
1981-06-09,21165600.0
1981-06-10,21197600.0
1981-06-11,21231000.0
1981-06-12,21261600.0
1981-06-13,21289300.0
1981-06-14,21325700.0
1981-06-15,21347600.0
1981-06-16,21365200.0
1981-06-17,21382700.0
1981-06-18,21382700.0
1981-06-19,21390000.0
1981-06-20,21397300.0
1981-06-21,21398800.0
1981-06-22,21395900.0
1981-06-23,21390000.0
1981-06-24,21388600.0
1981-06-25,21384200.0
1981-06-26,21376900.0
1981-06-27,21376900.0
1981-06-28,21372500.0
1981-06-29,21366600.0
1981-06-30,21352000.0
1981-07-01,21341800.0
1981-07-02,21331500.0
1981-07-03,21334500.0
1981-07-04,21330100.0
1981-07-05,21325700.0
1981-07-06,21309700.0
1981-07-07,21295000.0
1981-07-08,21283400.0
1981-07-09,21264400.0
1981-07-10,21242600.0
1981-07-11,21220800.0
1981-07-12,21239700.0
1981-07-13,21213500.0
1981-07-14,21210600.0
1981-07-15,21219300.0
1981-07-16,21204800.0
1981-07-17,21199000.0
1981-07-18,21201900.0
1981-07-19,21196100.0
1981-07-20,21177200.0
1981-07-21,21172800.0
1981-07-22,21148100.0
1981-07-23,21130700.0
1981-07-24,21103200.0
1981-07-25,21084400.0
1981-07-26,21071300.0
1981-07-27,21046800.0
1981-07-28,21020800.0
1981-07-29,20993300.0
1981-07-30,20961600.0
1981-07-31,20942900.0
1981-08-01,20921300.0
1981-08-02,20901100.0
1981-08-03,20871000.0
1981-08-04,20846600.0
1981-08-05,20822100.0
1981-08-06,20797300.0
1981-08-07,20772500.0
1981-08-08,20747700.0
1981-08-09,20729100.0
1981-08-10,20704800.0
1981-08-11,20680500.0
1981-08-12,20663400.0
1981-08-13,20647700.0
1981-08-14,20630700.0
1981-08-15,20620700.0
1981-08-16,20612100.0
1981-08-17,20585100.0
1981-08-18,20569500.0
1981-08-19,20552400.0
1981-08-20,20531100.0
1981-08-21,20511300.0
1981-08-22,20502700.0
1981-08-23,20478700.0
1981-08-24,20461700.0
1981-08-25,20439000.0
1981-08-26,20422100.0
1981-08-27,20393800.0
1981-08-28,20372700.0
1981-08-29,20359900.0
1981-08-30,20344500.0
1981-08-31,20323300.0
1981-09-01,20300800.0
1981-09-02,20282500.0
1981-09-03,20268500.0
1981-09-04,20262800.0
1981-09-05,20260000.0
1981-09-06,20265600.0
1981-09-07,20307800.0
1981-09-08,20305000.0
1981-09-09,20289500.0
1981-09-10,20283875.0
1981-09-11,20278250.0
1981-09-12,20272625.0
1981-09-13,20267000.0
1981-09-14,20253000.0
1981-09-15,20248700.0
1981-09-16,20234700.0
1981-09-17,20216500.0
1981-09-18,20202500.0
1981-09-19,20198300.0
1981-09-20,20192600.0
1981-09-21,20182800.0
1981-09-22,20170200.0
1981-09-23,20161800.0
1981-09-24,20146400.0
1981-09-25,20140800.0
1981-09-26,20136700.0
1981-09-27,20138100.0
1981-09-28,20132500.0
1981-09-29,20125500.0
1981-09-30,20115700.0
1981-10-01,20110100.0
1981-10-02,20142200.0
1981-10-03,20154800.0
1981-10-04,20188400.0
1981-10-05,20192600.0
1981-10-06,20187000.0
1981-10-07,20184200.0
1981-10-08,20185600.0
1981-10-09,20185600.0
1981-10-10,20185600.0
1981-10-11,20191200.0
1981-10-12,20191200.0
1981-10-13,20181400.0
1981-10-14,20187000.0
1981-10-15,20182800.0
1981-10-16,20191200.0
1981-10-17,20208000.0
1981-10-18,20217800.0
1981-10-19,20206600.0
1981-10-20,20191200.0
1981-10-21,20173000.0
1981-10-22,20159000.0
1981-10-23,20146400.0
1981-10-24,20146400.0
1981-10-25,20147800.0
1981-10-26,20147800.0
1981-10-27,20142200.0
1981-10-28,20142200.0
1981-10-29,20119800.0
1981-10-30,20115600.0
1981-10-31,20112800.0
1981-11-01,20114200.0
1981-11-02,20107200.0
1981-11-03,20105800.0
1981-11-04,20105100.0
1981-11-05,20104400.0
1981-11-06,20098800.0
1981-11-07,20090500.0
1981-11-08,20097400.0
1981-11-09,20084300.0
1981-11-10,20071200.0
1981-11-11,20058100.0
1981-11-12,20045000.0
1981-11-13,20031900.0
1981-11-14,20030500.0
1981-11-15,20031900.0
1981-11-16,20026300.0
1981-11-17,20016600.0
1981-11-18,20016600.0
1981-11-19,19995700.0
1981-11-20,19984600.0
1981-11-21,19966500.0
1981-11-22,19966500.0
1981-11-23,19958200.0
1981-11-24,19952600.0
1981-11-25,19942900.0
1981-11-26,19941500.0
1981-11-27,19942900.0
1981-11-28,19956800.0
1981-11-29,19952600.0
1981-11-30,19937300.0
1981-12-01,19923500.0
1981-12-02,19915100.0
1981-12-03,19904000.0
1981-12-04,19887400.0
1981-12-05,19876300.0
1981-12-06,19868000.0
1981-12-07,19859700.0
1981-12-08,19850000.0
1981-12-09,19844500.0
1981-12-10,19834800.0
1981-12-11,19821000.0
1981-12-12,19804400.0
1981-12-13,19792000.0
1981-12-14,19767100.0
1981-12-15,19749200.0
1981-12-16,19735500.0
1981-12-17,19702400.0
1981-12-18,19670800.0
1981-12-19,19643400.0
1981-12-20,19631000.0
1981-12-21,19615900.0
1981-12-22,19595400.0
1981-12-23,19576200.0
1981-12-24,19563900.0
1981-12-25,19551600.0
1981-12-26,19543400.0
1981-12-27,19547500.0
1981-12-28,19533800.0
1981-12-29,19520100.0
1981-12-30,19501100.0
1981-12-31,19495600.0
1982-01-01,19501000.0
1982-01-02,19492900.0
1982-01-03,19477900.0
1982-01-04,19456000.0
1982-01-05,19441100.0
1982-01-06,19424700.0
1982-01-07,19411200.0
1982-01-08,19390800.0
1982-01-09,19371800.0
1982-01-10,19362200.0
1982-01-11,19344600.0
1982-01-12,19319400.0
1982-01-13,19282900.0
1982-01-14,19252600.0
1982-01-15,19241800.0
1982-01-16,19233700.0
1982-01-17,19233700.0
1982-01-18,19217500.0
1982-01-19,19194500.0
1982-01-20,19181100.0
1982-01-21,19155500.0
1982-01-22,19129900.0
1982-01-23,19113800.0
1982-01-24,19099000.0
1982-01-25,19085600.0
1982-01-26,19066800.0
1982-01-27,19054800.0
1982-01-28,19026600.0
1982-01-29,19017300.0
1982-01-30,19006600.0
1982-01-31,18993200.0
1982-02-01,18977100.0
1982-02-02,18962500.0
1982-02-03,18943800.0
1982-02-04,18919800.0
1982-02-05,18897100.0
1982-02-06,18877200.0
1982-02-07,18857200.0
1982-02-08,18829300.0
1982-02-09,18804100.0
1982-02-10,18792200.0
1982-02-11,18778900.0
1982-02-12,18763000.0
1982-02-13,18745800.0
1982-02-14,18751100.0
1982-02-15,18752400.0
1982-02-16,18763000.0
1982-02-17,18773600.0
1982-02-18,18784200.0
1982-02-19,18790800.0
1982-02-20,18802800.0
1982-02-21,18812000.0
1982-02-22,18816000.0
1982-02-23,18817400.0
1982-02-24,18817400.0
1982-02-25,18818700.0
1982-02-26,18828000.0
1982-02-27,18837300.0
1982-02-28,18859900.0
1982-03-01,18873200.0
1982-03-02,18875800.0
1982-03-03,18879800.0
1982-03-04,18882400.0
1982-03-05,18890400.0
1982-03-06,18901100.0
1982-03-07,18913100.0
1982-03-08,18918400.0
1982-03-09,18929100.0
1982-03-10,18939700.0
1982-03-11,18941100.0
1982-03-12,18946400.0
1982-03-13,18950400.0
1982-03-14,18955700.0
1982-03-15,18977100.0
1982-03-16,18978400.0
1982-03-17,18987800.0
1982-03-18,18989100.0
1982-03-19,18990400.0
1982-03-20,18997100.0
1982-03-21,19010500.0
1982-03-22,19015800.0
1982-03-23,19018500.0
1982-03-24,19017200.0
1982-03-25,19013100.0
1982-03-26,19007800.0
1982-03-27,19015800.0
1982-03-28,19018500.0
1982-03-29,19023900.0
1982-03-30,19025200.0
1982-03-31,19021200.0
1982-04-01,19025200.0
1982-04-02,19018500.0
1982-04-03,19014500.0
1982-04-04,19023200.0
1982-04-05,19019500.0
1982-04-06,19005800.0
1982-04-07,18991700.0
1982-04-08,18975700.0
1982-04-09,18978400.0
1982-04-10,18969000.0
1982-04-11,18966400.0
1982-04-12,18966400.0
1982-04-13,18959700.0
1982-04-14,18953000.0
1982-04-15,18962300.0
1982-04-16,18975700.0
1982-04-17,18997100.0
1982-04-18,19026500.0
1982-04-19,19054600.0
1982-04-20,19061300.0
1982-04-21,19086800.0
1982-04-22,19106900.0
1982-04-23,19127100.0
1982-04-24,19141900.0
1982-04-25,19160700.0
1982-04-26,19180900.0
1982-04-27,19195700.0
1982-04-28,19209200.0
1982-04-29,19228100.0
1982-04-30,19240200.0
1982-05-01,19265900.0
1982-05-02,19301100.0
1982-05-03,19334900.0
1982-05-04,19362000.0
1982-05-05,19408200.0
1982-05-06,19455800.0
1982-05-07,19517200.0
1982-05-08,19582800.0
1982-05-09,19651300.0
1982-05-10,19691200.0
1982-05-11,19737900.0
1982-05-12,19782100.0
1982-05-13,19820700.0
1982-05-14,19864900.0
1982-05-15,19912000.0
1982-05-16,19948100.0
1982-05-17,19987000.0
1982-05-18,20013400.0
1982-05-19,20046900.0
1982-05-20,20055200.0
1982-05-21,20078900.0
1982-05-22,20106800.0
1982-05-23,20140400.0
1982-05-24,20185200.0
1982-05-25,20210400.0
1982-05-26,20238500.0
1982-05-27,20266600.0
1982-05-28,20313000.0
1982-05-29,20363700.0
1982-05-30,20442800.0
1982-05-31,20485200.0
1982-06-01,20549000.0
1982-06-02,20628700.0
1982-06-03,20675700.0
1982-06-04,20735700.0
1982-06-05,20788600.0
1982-06-06,20834500.0
1982-06-07,20874700.0
1982-06-08,20923600.0
1982-06-09,20956700.0
1982-06-10,20999900.0
1982-06-11,21052000.0
1982-06-12,21101100.0
1982-06-13,21151900.0
1982-06-14,21217200.0
1982-06-15,21269600.0
1982-06-16,21323600.0
1982-06-17,21364500.0
1982-06-18,21426000.0
1982-06-19,21468400.0
1982-06-20,21528700.0
1982-06-21,21587500.0
1982-06-22,21633300.0
1982-06-23,21671600.0
1982-06-24,21704200.0
1982-06-25,21751500.0
1982-06-26,21801900.0
1982-06-27,21851000.0
1982-06-28,21891100.0
1982-06-29,21909000.0
1982-06-30,21988100.0
1982-07-01,22022400.0
1982-07-02,22065800.0
1982-07-03,22109300.0
1982-07-04,22154300.0
1982-07-05,22194900.0
1982-07-06,22223500.0
1982-07-07,22250600.0
1982-07-08,22267200.0
1982-07-09,22282300.0
1982-07-10,22309400.0
1982-07-11,22327500.0
1982-07-12,22336600.0
1982-07-13,22335100.0
1982-07-14,22335100.0
1982-07-15,22336600.0
1982-07-16,22342700.0
1982-07-17,22348700.0
1982-07-18,22356300.0
1982-07-19,22359300.0
1982-07-20,22357800.0
1982-07-21,22354800.0
1982-07-22,22345700.0
1982-07-23,22342700.0
1982-07-24,22345700.0
1982-07-25,22344200.0
1982-07-26,22344200.0
1982-07-27,22350200.0
1982-07-28,22341100.0
1982-07-29,22345700.0
1982-07-30,22353200.0
1982-07-31,22353200.0
1982-08-01,22371400.0
1982-08-02,22363800.0
1982-08-03,22369800.0
1982-08-04,22365300.0
1982-08-05,22357700.0
1982-08-06,22347200.0
1982-08-07,22368300.0
1982-08-08,22345600.0
1982-08-09,22336600.0
1982-08-10,22326000.0
1982-08-11,22309400.0
1982-08-12,22298800.0
1982-08-13,22286700.0
1982-08-14,22274700.0
1982-08-15,22279200.0
1982-08-16,22270100.0
1982-08-17,22247500.0
1982-08-18,22240000.0
1982-08-19,22232500.0
1982-08-20,22224900.0
1982-08-21,22217400.0
1982-08-22,22215900.0
1982-08-23,22214400.0
1982-08-24,22217400.0
1982-08-25,22224900.0
1982-08-26,22253500.0
1982-08-27,22261100.0
1982-08-28,22267100.0
1982-08-29,22271600.0
1982-08-30,22261100.0
1982-08-31,22246000.0
1982-09-01,22240000.0
1982-09-02,22230900.0
1982-09-03,22224900.0
1982-09-04,22229400.0
1982-09-05,22218900.0
1982-09-06,22209800.0
1982-09-07,22217400.0
1982-09-08,22208300.0
1982-09-09,22203800.0
1982-09-10,22202300.0
1982-09-11,22215800.0
1982-09-12,22218900.0
1982-09-13,22240000.0
1982-09-14,22250500.0
1982-09-15,22247500.0
1982-09-16,22261000.0
1982-09-17,22270100.0
1982-09-18,22282100.0
1982-09-19,22295700.0
1982-09-20,22300200.0
1982-09-21,22303300.0
1982-09-22,22301800.0
1982-09-23,22301700.0
1982-09-24,22307800.0
1982-09-25,22318400.0
1982-09-26,22322900.0
1982-09-27,22322900.0
1982-09-28,22333500.0
1982-09-29,22348600.0
1982-09-30,22341000.0
1982-10-01,22353100.0
1982-10-02,22372800.0
1982-10-03,22384900.0
1982-10-04,22395400.0
1982-10-05,22416700.0
1982-10-06,22415200.0
1982-10-07,22404500.0
1982-10-08,22409100.0
1982-10-09,22416700.0
1982-10-10,22422700.0
1982-10-11,22416700.0
1982-10-12,22415100.0
1982-10-13,22418200.0
1982-10-14,22416700.0
1982-10-15,22416700.0
1982-10-16,22412100.0
1982-10-17,22413600.0
1982-10-18,22407500.0
1982-10-19,22418200.0
1982-10-20,22412100.0
1982-10-21,22403000.0
1982-10-22,22406000.0
1982-10-23,22412100.0
1982-10-24,22424200.0
1982-10-25,22425700.0
1982-10-26,22422700.0
1982-10-27,22424200.0
1982-10-28,22416600.0
1982-10-29,22403000.0
1982-10-30,22395400.0
1982-10-31,22398400.0
1982-11-01,22396900.0
1982-11-02,22383300.0
1982-11-03,22375700.0
1982-11-04,22368200.0
1982-11-05,22350000.0
1982-11-06,22337900.0
1982-11-07,22330400.0
1982-11-08,22322800.0
1982-11-09,22319800.0
1982-11-10,22307700.0
1982-11-11,22294100.0
1982-11-12,22280500.0
1982-11-13,22288100.0
1982-11-14,22279000.0
1982-11-15,22274500.0
1982-11-16,22270000.0
1982-11-17,22262400.0
1982-11-18,22245800.0
1982-11-19,22248800.0
1982-11-20,22245800.0
1982-11-21,22248800.0
1982-11-22,22248800.0
1982-11-23,22251800.0
1982-11-24,22241300.0
1982-11-25,22236800.0
1982-11-26,22229300.0
1982-11-27,22218700.0
1982-11-28,22208200.0
1982-11-29,22191600.0
1982-11-30,22188600.0
1982-12-01,22167600.0
1982-12-02,22164600.0
1982-12-03,22163100.0
1982-12-04,22158600.0
1982-12-05,22149500.0
1982-12-06,22134500.0
1982-12-07,22119500.0
1982-12-08,22113500.0
1982-12-09,22103000.0
1982-12-10,22089500.0
1982-12-11,22089500.0
1982-12-12,22095500.0
1982-12-13,22088000.0
1982-12-14,22077500.0
1982-12-15,22058000.0
1982-12-16,22040100.0
1982-12-17,22022100.0
1982-12-18,22022100.0
1982-12-19,22022100.0
1982-12-20,22008700.0
1982-12-21,22004200.0
1982-12-22,22002700.0
1982-12-23,21992200.0
1982-12-24,22010200.0
1982-12-25,22004200.0
1982-12-26,22010200.0
1982-12-27,22010200.0
1982-12-28,22005700.0
1982-12-29,21989200.0
1982-12-30,21966800.0
1982-12-31,21960800.0
1983-01-01,21943000.0
1983-01-02,21920600.0
1983-01-03,21904200.0
1983-01-04,21886300.0
1983-01-05,21874400.0
1983-01-06,21858100.0
1983-01-07,21846100.0
1983-01-08,21847600.0
1983-01-09,21852100.0
1983-01-10,21849100.0
1983-01-11,21859500.0
1983-01-12,21850600.0
1983-01-13,21837200.0
1983-01-14,21834200.0
1983-01-15,21832700.0
1983-01-16,21831300.0
1983-01-17,21831300.0
1983-01-18,21825300.0
1983-01-19,21819400.0
1983-01-20,21806000.0
1983-01-21,21792700.0
1983-01-22,21774900.0
1983-01-23,21770400.0
1983-01-24,21760000.0
1983-01-25,21746700.0
1983-01-26,21746700.0
1983-01-27,21743700.0
1983-01-28,21740800.0
1983-01-29,21748200.0
1983-01-30,21752600.0
1983-01-31,21749700.0
1983-02-01,21739300.0
1983-02-02,21725900.0
1983-02-03,21705200.0
1983-02-04,21675700.0
1983-02-05,21663800.0
1983-02-06,21650500.0
1983-02-07,21632800.0
1983-02-08,21619500.0
1983-02-09,21604800.0
1983-02-10,21598900.0
1983-02-11,21593000.0
1983-02-12,21591500.0
1983-02-13,21591500.0
1983-02-14,21587100.0
1983-02-15,21587100.0
1983-02-16,21576800.0
1983-02-17,21569400.0
1983-02-18,21572400.0
1983-02-19,21570900.0
1983-02-20,21581200.0
1983-02-21,21579700.0
1983-02-22,21579700.0
1983-02-23,21578200.0
1983-02-24,21572400.0
1983-02-25,21556200.0
1983-02-26,21565000.0
1983-02-27,21573800.0
1983-02-28,21573800.0
1983-03-01,21567900.0
1983-03-02,21575300.0
1983-03-03,21581200.0
1983-03-04,21590000.0
1983-03-05,21610600.0
1983-03-06,21622400.0
1983-03-07,21628300.0
1983-03-08,21641600.0
1983-03-09,21649000.0
1983-03-10,21660800.0
1983-03-11,21675600.0
1983-03-12,21691800.0
1983-03-13,21709600.0
1983-03-14,21720000.0
1983-03-15,21727300.0
1983-03-16,21746600.0
1983-03-17,21764400.0
1983-03-18,21786600.0
1983-03-19,21805900.0
1983-03-20,21834100.0
1983-03-21,21852000.0
1983-03-22,21872800.0
1983-03-23,21871300.0
1983-03-24,21889200.0
1983-03-25,21895100.0
1983-03-26,21905500.0
1983-03-27,21923400.0
1983-03-28,21933800.0
1983-03-29,21935300.0
1983-03-30,21944300.0
1983-03-31,21942800.0
1983-04-01,21957700.0
1983-04-02,21965200.0
1983-04-03,21999500.0
1983-04-04,22010000.0
1983-04-05,22020400.0
1983-04-06,22021900.0
1983-04-07,22030900.0
1983-04-08,22041400.0
1983-04-09,22044400.0
1983-04-10,22042900.0
1983-04-11,22039900.0
1983-04-12,22024900.0
1983-04-13,22004000.0
1983-04-14,21992000.0
1983-04-15,21986000.0
1983-04-16,21981500.0
1983-04-17,21983000.0
1983-04-18,21978600.0
1983-04-19,21977100.0
1983-04-20,21978600.0
1983-04-21,21968100.0
1983-04-22,21972600.0
1983-04-23,21981500.0
1983-04-24,21981500.0
1983-04-25,21995000.0
1983-04-26,22003900.0
1983-04-27,22035300.0
1983-04-28,22066800.0
1983-04-29,22093700.0
1983-04-30,22119200.0
1983-05-01,22165800.0
1983-05-02,22204900.0
1983-05-03,22241000.0
1983-05-04,22265100.0
1983-05-05,22289200.0
1983-05-06,22314900.0
1983-05-07,22361800.0
1983-05-08,22401100.0
1983-05-09,22434400.0
1983-05-10,22466300.0
1983-05-11,22513400.0
1983-05-12,22569700.0
1983-05-13,22613900.0
1983-05-14,22659700.0
1983-05-15,22710100.0
1983-05-16,22740700.0
1983-05-17,22779000.0
1983-05-18,22808200.0
1983-05-19,22826600.0
1983-05-20,22848100.0
1983-05-21,22888100.0
1983-05-22,22908100.0
1983-05-23,22940400.0
1983-05-24,22963600.0
1983-05-25,23002200.0
1983-05-26,23053100.0
1983-05-27,23121300.0
1983-05-28,23208200.0
1983-05-29,23304700.0
1983-05-30,23425000.0
1983-05-31,23544100.0
1983-06-01,23677900.0
1983-06-02,23812200.0
1983-06-03,23932800.0
1983-06-04,24037800.0
1983-06-05,24128800.0
1983-06-06,24208800.0
1983-06-07,24266500.0
1983-06-08,24343700.0
1983-06-09,24390400.0
1983-06-10,24451700.0
1983-06-11,24513000.0
1983-06-12,24568100.0
1983-06-13,24642700.0
1983-06-14,24706100.0
1983-06-15,24771200.0
1983-06-16,24815300.0
1983-06-17,24846300.0
1983-06-18,24879000.0
1983-06-19,24911700.0
1983-06-20,24949400.0
1983-06-21,25003500.0
1983-06-22,25059400.0
1983-06-23,25113700.0
1983-06-24,25166400.0
1983-06-25,25239100.0
1983-06-26,25298700.0
1983-06-27,25370000.0
1983-06-28,25418100.0
1983-06-29,25453100.0
1983-06-30,25493000.0
1983-07-01,25514700.0
1983-07-02,25531400.0
1983-07-03,25553100.0
1983-07-04,25548000.0
1983-07-05,25539700.0
1983-07-06,25539700.0
1983-07-07,25554700.0
1983-07-08,25579700.0
1983-07-09,25593100.0
1983-07-10,25621500.0
1983-07-11,25650000.0
1983-07-12,25668400.0
1983-07-13,25686800.0
1983-07-14,25695200.0
1983-07-15,25688500.0
1983-07-16,25680100.0
1983-07-17,25666700.0
1983-07-18,25655000.0
1983-07-19,25636600.0
1983-07-20,25624800.0
1983-07-21,25624800.0
1983-07-22,25618200.0
1983-07-23,25603100.0
1983-07-24,25603100.0
1983-07-25,25593100.0
1983-07-26,25579700.0
1983-07-27,25593100.0
1983-07-28,25589700.0
1983-07-29,25584700.0
1983-07-30,25564700.0
1983-07-31,25546300.0
1983-08-01,25524700.0
1983-08-02,25514600.0
1983-08-03,25508000.0
1983-08-04,25488000.0
1983-08-05,25473000.0
1983-08-06,25454700.0
1983-08-07,25439700.0
1983-08-08,25436400.0
1983-08-09,25413100.0
1983-08-10,25394800.0
1983-08-11,25399800.0
1983-08-12,25393200.0
1983-08-13,25394800.0
1983-08-14,25389800.0
1983-08-15,25373200.0
1983-08-16,25369900.0
1983-08-17,25363300.0
1983-08-18,25348300.0
1983-08-19,25320100.0
1983-08-20,25300200.0
1983-08-21,25278700.0
1983-08-22,25258900.0
1983-08-23,25240700.0
1983-08-24,25214200.0
1983-08-25,25194400.0
1983-08-26,25171300.0
1983-08-27,25146500.0
1983-08-28,25120100.0
1983-08-29,25095500.0
1983-08-30,25072400.0
1983-08-31,25044400.0
1983-09-01,25013200.0
1983-09-02,24985300.0
1983-09-03,24950900.0
1983-09-04,24921400.0
1983-09-05,24888600.0
1983-09-06,24864100.0
1983-09-07,24826500.0
1983-09-08,24803700.0
1983-09-09,24767800.0
1983-09-10,24740100.0
1983-09-11,24717300.0
1983-09-12,24688000.0
1983-09-13,24660400.0
1983-09-14,24626300.0
1983-09-15,24597100.0
1983-09-16,24561400.0
1983-09-17,24525800.0
1983-09-18,24503200.0
1983-09-19,24466900.0
1983-09-20,24430600.0
1983-09-21,24394300.0
1983-09-22,24358000.0
1983-09-23,24325800.0
1983-09-24,24298500.0
1983-09-25,24267900.0
1983-09-26,24237500.0
1983-09-27,24205400.0
1983-09-28,24183000.0
1983-09-29,24144600.0
1983-09-30,24143000.0
1983-10-01,24115800.0
1983-10-02,24098200.0
1983-10-03,24080700.0
1983-10-04,24064700.0
1983-10-05,24039200.0
1983-10-06,24016900.0
1983-10-07,23989800.0
1983-10-08,23969100.0
1983-10-09,23940500.0
1983-10-10,23921400.0
1983-10-11,23896000.0
1983-10-12,23880100.0
1983-10-13,23856300.0
1983-10-14,23837300.0
1983-10-15,23816700.0
1983-10-16,23796100.0
1983-10-17,23774000.0
1983-10-18,23751800.0
1983-10-19,23728100.0
1983-10-20,23706000.0
1983-10-21,23683900.0
1983-10-22,23663400.0
1983-10-23,23638200.0
1983-10-24,23614600.0
1983-10-25,23586300.0
1983-10-26,23559500.0
1983-10-27,23531300.0
1983-10-28,23499900.0
1983-10-29,23470100.0
1983-10-30,23440300.0
1983-10-31,23410600.0
1983-11-01,23387200.0
1983-11-02,23355900.0
1983-11-03,23326200.0
1983-11-04,23290400.0
1983-11-05,23253000.0
1983-11-06,23225000.0
1983-11-07,23198600.0
1983-11-08,23181500.0
1983-11-09,23161300.0
1983-11-10,23131800.0
1983-11-11,23107000.0
1983-11-12,23085300.0
1983-11-13,23057500.0
1983-11-14,23046600.0
1983-11-15,23029600.0
1983-11-16,23009500.0
1983-11-17,22989500.0
1983-11-18,22978600.0
1983-11-19,22954000.0
1983-11-20,22943200.0
1983-11-21,22920100.0
1983-11-22,22898500.0
1983-11-23,22877000.0
1983-11-24,22857000.0
1983-11-25,22843100.0
1983-11-26,22826200.0
1983-11-27,22798600.0
1983-11-28,22772500.0
1983-11-29,22754100.0
1983-11-30,22728100.0
1983-12-01,22705100.0
1983-12-02,22685300.0
1983-12-03,22654700.0
1983-12-04,22641000.0
1983-12-05,22619600.0
1983-12-06,22596700.0
1983-12-07,22570800.0
1983-12-08,22552500.0
1983-12-09,22522100.0
1983-12-10,22502400.0
1983-12-11,22485600.0
1983-12-12,22458300.0
1983-12-13,22429500.0
1983-12-14,22405200.0
1983-12-15,22393100.0
1983-12-16,22368900.0
1983-12-17,22349300.0
1983-12-18,22320500.0
1983-12-19,22293300.0
1983-12-20,22279800.0
1983-12-21,22257100.0
1983-12-22,22234600.0
1983-12-23,22212000.0
1983-12-24,22201400.0
1983-12-25,22172800.0
1983-12-26,22145800.0
1983-12-27,22121800.0
1983-12-28,22106800.0
1983-12-29,22084300.0
1983-12-30,22060300.0
1983-12-31,22034900.0
1984-01-01,22012500.0
1984-01-02,21987000.0
1984-01-03,21958700.0
1984-01-04,21933300.0
1984-01-05,21910900.0
1984-01-06,21885600.0
1984-01-07,21861800.0
1984-01-08,21841000.0
1984-01-09,21818700.0
1984-01-10,21800900.0
1984-01-11,21781600.0
1984-01-12,21768300.0
1984-01-13,21753500.0
1984-01-14,21728200.0
1984-01-15,21714900.0
1984-01-16,21692700.0
1984-01-17,21667600.0
1984-01-18,21646900.0
1984-01-19,21620400.0
1984-01-20,21589400.0
1984-01-21,21558500.0
1984-01-22,21521700.0
1984-01-23,21489400.0
1984-01-24,21464400.0
1984-01-25,21445400.0
1984-01-26,21423400.0
1984-01-27,21407300.0
1984-01-28,21391200.0
1984-01-29,21376500.0
1984-01-30,21357500.0
1984-01-31,21338500.0
1984-02-01,21315200.0
1984-02-02,21297700.0
1984-02-03,21280200.0
1984-02-04,21261200.0
1984-02-05,21246700.0
1984-02-06,21226300.0
1984-02-07,21207400.0
1984-02-08,21189900.0
1984-02-09,21175400.0
1984-02-10,21150700.0
1984-02-11,21140600.0
1984-02-12,21120300.0
1984-02-13,21104300.0
1984-02-14,21087000.0
1984-02-15,21073900.0
1984-02-16,21052300.0
1984-02-17,21040700.0
1984-02-18,21032000.0
1984-02-19,21014700.0
1984-02-20,20998800.0
1984-02-21,20984400.0
1984-02-22,20971400.0
1984-02-23,20945400.0
1984-02-24,20925300.0
1984-02-25,20903700.0
1984-02-26,20887900.0
1984-02-27,20867800.0
1984-02-28,20851900.0
1984-02-29,20830400.0
1984-03-01,20820400.0
1984-03-02,20803200.0
1984-03-03,20783100.0
1984-03-04,20768800.0
1984-03-05,20744500.0
1984-03-06,20727300.0
1984-03-07,20713000.0
1984-03-08,20693100.0
1984-03-09,20674500.0
1984-03-10,20656000.0
1984-03-11,20644500.0
1984-03-12,20630300.0
1984-03-13,20616100.0
1984-03-14,20603200.0
1984-03-15,20576200.0
1984-03-16,20577700.0
1984-03-17,20566300.0
1984-03-18,20556300.0
1984-03-19,20546400.0
1984-03-20,20540700.0
1984-03-21,20522300.0
1984-03-22,20513800.0
1984-03-23,20502400.0
1984-03-24,20493900.0
1984-03-25,20475500.0
1984-03-26,20467000.0
1984-03-27,20457100.0
1984-03-28,20445800.0
1984-03-29,20445800.0
1984-03-30,20427400.0
1984-03-31,20414700.0
1984-04-01,20403300.0
1984-04-02,20389200.0
1984-04-03,20380800.0
1984-04-04,20368100.0
1984-04-05,20353900.0
1984-04-06,20338500.0
1984-04-07,20322900.0
1984-04-08,20308900.0
1984-04-09,20307500.0
1984-04-10,20284900.0
1984-04-11,20289200.0
1984-04-12,20277900.0
1984-04-13,20277900.0
1984-04-14,20273700.0
1984-04-15,20273700.0
1984-04-16,20268100.0
1984-04-17,20268100.0
1984-04-18,20258200.0
1984-04-19,20258200.0
1984-04-20,20275100.0
1984-04-21,20292000.0
1984-04-22,20307400.0
1984-04-23,20330000.0
1984-04-24,20349700.0
1984-04-25,20358100.0
1984-04-26,20379300.0
1984-04-27,20396200.0
1984-04-28,20400500.0
1984-04-29,20408900.0
1984-04-30,20424500.0
1984-05-01,20433000.0
1984-05-02,20438600.0
1984-05-03,20441400.0
1984-05-04,20437200.0
1984-05-05,20423000.0
1984-05-06,20423000.0
1984-05-07,20407500.0
1984-05-08,20400400.0
1984-05-09,20387700.0
1984-05-10,20377900.0
1984-05-11,20379300.0
1984-05-12,20387700.0
1984-05-13,20407500.0
1984-05-14,20459800.0
1984-05-15,20512200.0
1984-05-16,20586100.0
1984-05-17,20677200.0
1984-05-18,20788700.0
1984-05-19,20902100.0
1984-05-20,21153500.0
1984-05-21,21117200.0
1984-05-22,21231900.0
1984-05-23,21344200.0
1984-05-24,21468600.0
1984-05-25,21601000.0
1984-05-26,21729500.0
1984-05-27,21873400.0
1984-05-28,22019600.0
1984-05-29,22162100.0
1984-05-30,22306600.0
1984-05-31,22424600.0
1984-06-01,22692600.0
1984-06-02,22651300.0
1984-06-03,22761500.0
1984-06-04,22865800.0
1984-06-05,22975200.0
1984-06-06,23057100.0
1984-06-07,23148500.0
1984-06-08,23240100.0
1984-06-09,23339900.0
1984-06-10,23435200.0
1984-06-11,23508900.0
1984-06-12,23581100.0
1984-06-13,23634600.0
1984-06-14,23688200.0
1984-06-15,23738700.0
1984-06-16,23789300.0
1984-06-17,23852700.0
1984-06-18,23917700.0
1984-06-19,23992500.0
1984-06-20,24041900.0
1984-06-21,24100900.0
1984-06-22,24158500.0
1984-06-23,24216100.0
1984-06-24,24273900.0
1984-06-25,24318800.0
1984-06-26,24360700.0
1984-06-27,24412200.0
1984-06-28,24454200.0
1984-06-29,24483200.0
1984-06-30,24531700.0
1984-07-01,24560900.0
1984-07-02,24586800.0
1984-07-03,24629000.0
1984-07-04,24655000.0
1984-07-05,24692300.0
1984-07-06,24708600.0
1984-07-07,24723200.0
1984-07-08,24723200.0
1984-07-09,24718300.0
1984-07-10,24720000.0
1984-07-11,24700500.0
1984-07-12,24702100.0
1984-07-13,24713500.0
1984-07-14,24689100.0
1984-07-15,24677700.0
1984-07-16,24677700.0
1984-07-17,24684200.0
1984-07-18,24674400.0
1984-07-19,24667900.0
1984-07-20,24661400.0
1984-07-21,24674400.0
1984-07-22,24663100.0
1984-07-23,24653300.0
1984-07-24,24654900.0
1984-07-25,24658200.0
1984-07-26,24664700.0
1984-07-27,24663000.0
1984-07-28,24687400.0
1984-07-29,24672800.0
1984-07-30,24684200.0
1984-07-31,24672800.0
1984-08-01,24684200.0
1984-08-02,24684100.0
1984-08-03,24687400.0
1984-08-04,24684100.0
1984-08-05,24680900.0
1984-08-06,24679300.0
1984-08-07,24672700.0
1984-08-08,24667900.0
1984-08-09,24661400.0
1984-08-10,24651600.0
1984-08-11,24641900.0
1984-08-12,24588300.0
1984-08-13,24543000.0
1984-08-14,24518700.0
1984-08-15,24468600.0
1984-08-16,24460500.0
1984-08-17,24447600.0
1984-08-18,24433100.0
1984-08-19,24426600.0
1984-08-20,24426600.0
1984-08-21,24439500.0
1984-08-22,24437900.0
1984-08-23,24434700.0
1984-08-24,24429800.0
1984-08-25,24426600.0
1984-08-26,24431400.0
1984-08-27,24428200.0
1984-08-28,24420200.0
1984-08-29,24413700.0
1984-08-30,24402400.0
1984-08-31,24383100.0
1984-09-01,24376700.0
1984-09-02,24357300.0
1984-09-03,24350900.0
1984-09-04,24338000.0
1984-09-05,24325100.0
1984-09-06,24297800.0
1984-09-07,24288200.0
1984-09-08,24260900.0
1984-09-09,24225600.0
1984-09-10,24196700.0
1984-09-11,24172700.0
1984-09-12,24143900.0
1984-09-13,24123100.0
1984-09-14,24097600.0
1984-09-15,24072000.0
1984-09-16,24059300.0
1984-09-17,24025800.0
1984-09-18,23997100.0
1984-09-19,23973200.0
1984-09-20,23954100.0
1984-09-21,23930300.0
1984-09-22,23896900.0
1984-09-23,23865200.0
1984-09-24,23841400.0
1984-09-25,23806600.0
1984-09-26,23787500.0
1984-09-27,23759100.0
1984-09-28,23732200.0
1984-09-29,23705400.0
1984-09-30,23673800.0
1984-10-01,23654900.0
1984-10-02,23637600.0
1984-10-03,23612400.0
1984-10-04,23593500.0
1984-10-05,23588800.0
1984-10-06,23574600.0
1984-10-07,23555700.0
1984-10-08,23541600.0
1984-10-09,23527500.0
1984-10-10,23508700.0
1984-10-11,23485100.0
1984-10-12,23467900.0
1984-10-13,23444400.0
1984-10-14,23427200.0
1984-10-15,23402100.0
1984-10-16,23389600.0
1984-10-17,23358300.0
1984-10-18,23358300.0
1984-10-19,23377100.0
1984-10-20,23395800.0
1984-10-21,23417800.0
1984-10-22,23427200.0
1984-10-23,23405200.0
1984-10-24,23391200.0
1984-10-25,23366100.0
1984-10-26,23342700.0
1984-10-27,23331800.0
1984-10-28,23310000.0
1984-10-29,23295900.0
1984-10-30,23275700.0
1984-10-31,23263200.0
1984-11-01,23249200.0
1984-11-02,23213400.0
1984-11-03,23197900.0
1984-11-04,23183900.0
1984-11-05,23162100.0
1984-11-06,23137300.0
1984-11-07,23103200.0
1984-11-08,23100100.0
1984-11-09,23080000.0
1984-11-10,23056800.0
1984-11-11,23035100.0
1984-11-12,23018100.0
1984-11-13,22988800.0
1984-11-14,22973300.0
1984-11-15,22954800.0
1984-11-16,22934800.0
1984-11-17,22913200.0
1984-11-18,22896300.0
1984-11-19,22873200.0
1984-11-20,22854700.0
1984-11-21,22836300.0
1984-11-22,22813300.0
1984-11-23,22785600.0
1984-11-24,22756500.0
1984-11-25,22741200.0
1984-11-26,22722800.0
1984-11-27,22696800.0
1984-11-28,22670800.0
1984-11-29,22654000.0
1984-11-30,22632600.0
1984-12-01,22612800.0
1984-12-02,22596000.0
1984-12-03,22577800.0
1984-12-04,22558000.0
1984-12-05,22538200.0
1984-12-06,22519900.0
1984-12-07,22503200.0
1984-12-08,22471300.0
1984-12-09,22451600.0
1984-12-10,22427300.0
1984-12-11,22406100.0
1984-12-12,22377300.0
1984-12-13,22369700.0
1984-12-14,22345600.0
1984-12-15,22324400.0
1984-12-16,22300200.0
1984-12-17,22280600.0
1984-12-18,22259500.0
1984-12-19,22236900.0
1984-12-20,22215800.0
1984-12-21,22190200.0
1984-12-22,22169200.0
1984-12-23,22145100.0
1984-12-24,22122600.0
1984-12-25,22097100.0
1984-12-26,22073100.0
1984-12-27,22053700.0
1984-12-28,22028200.0
1984-12-29,22004300.0
1984-12-30,21986300.0
1984-12-31,21962500.0
1985-01-01,21943100.0
1985-01-02,21923700.0
1985-01-03,21899900.0
1985-01-04,21879000.0
1985-01-05,21853700.0
1985-01-06,21825500.0
1985-01-07,21807600.0
1985-01-08,21778000.0
1985-01-09,21763100.0
1985-01-10,21743900.0
1985-01-11,21727600.0
1985-01-12,21703900.0
1985-01-13,21684700.0
1985-01-14,21662500.0
1985-01-15,21637400.0
1985-01-16,21613800.0
1985-01-17,21597600.0
1985-01-18,21569600.0
1985-01-19,21544600.0
1985-01-20,21521000.0
1985-01-21,21504800.0
1985-01-22,21491700.0
1985-01-23,21472500.0
1985-01-24,21456400.0
1985-01-25,21441800.0
1985-01-26,21424200.0
1985-01-27,21403700.0
1985-01-28,21387600.0
1985-01-29,21368500.0
1985-01-30,21351000.0
1985-01-31,21333500.0
1985-02-01,21302800.0
1985-02-02,21272200.0
1985-02-03,21234400.0
1985-02-04,21203800.0
1985-02-05,21180500.0
1985-02-06,21157300.0
1985-02-07,21131200.0
1985-02-08,21105100.0
1985-02-09,21092100.0
1985-02-10,21070400.0
1985-02-11,21048700.0
1985-02-12,21029900.0
1985-02-13,21009700.0
1985-02-14,20989400.0
1985-02-15,20972200.0
1985-02-16,20952000.0
1985-02-17,20933200.0
1985-02-18,20913100.0
1985-02-19,20888600.0
1985-02-20,20870000.0
1985-02-21,20859900.0
1985-02-22,20838400.0
1985-02-23,20814000.0
1985-02-24,20789600.0
1985-02-25,20768200.0
1985-02-26,20749500.0
1985-02-27,20728100.0
1985-02-28,20701000.0
1985-03-01,20679500.0
1985-03-02,20658100.0
1985-03-03,20628200.0
1985-03-04,20612600.0
1985-03-05,20588400.0
1985-03-06,20565600.0
1985-03-07,20548600.0
1985-03-08,20535800.0
1985-03-09,20530100.0
1985-03-10,20523000.0
1985-03-11,20520200.0
1985-03-12,20515900.0
1985-03-13,20523000.0
1985-03-14,20524400.0
1985-03-15,20525800.0
1985-03-16,20537200.0
1985-03-17,20552800.0
1985-03-18,20562700.0
1985-03-19,20591200.0
1985-03-20,20598300.0
1985-03-21,20621100.0
1985-03-22,20625300.0
1985-03-23,20642400.0
1985-03-24,20656700.0
1985-03-25,20661000.0
1985-03-26,20658100.0
1985-03-27,20698100.0
1985-03-28,20713700.0
1985-03-29,20725200.0
1985-03-30,20735200.0
1985-03-31,20750900.0
1985-04-01,20765200.0
1985-04-02,20772400.0
1985-04-03,20779500.0
1985-04-04,20776600.0
1985-04-05,20776600.0
1985-04-06,20786700.0
1985-04-07,20796700.0
1985-04-08,20806800.0
1985-04-09,20822500.0
1985-04-10,20851200.0
1985-04-11,20884200.0
1985-04-12,20924500.0
1985-04-13,20960500.0
1985-04-14,21003800.0
1985-04-15,21050000.0
1985-04-16,21107900.0
1985-04-17,21174600.0
1985-04-18,21245800.0
1985-04-19,21302700.0
1985-04-20,21377200.0
1985-04-21,21435700.0
1985-04-22,21507600.0
1985-04-23,21572300.0
1985-04-24,21638700.0
1985-04-25,21688900.0
1985-04-26,21745200.0
1985-04-27,21786700.0
1985-04-28,21803000.0
1985-04-29,21880300.0
1985-04-30,21936900.0
1985-05-01,22004100.0
1985-05-02,22054900.0
1985-05-03,22114900.0
1985-05-04,22164400.0
1985-05-05,22235100.0
1985-05-06,22325600.0
1985-05-07,22424000.0
1985-05-08,22524200.0
1985-05-09,22630800.0
1985-05-10,22722500.0
1985-05-11,22836000.0
1985-05-12,22937500.0
1985-05-13,23041000.0
1985-05-14,23132300.0
1985-05-15,23216200.0
1985-05-16,23284600.0
1985-05-17,23317400.0
1985-05-18,23336100.0
1985-05-19,23353300.0
1985-05-20,23357900.0
1985-05-21,23378300.0
1985-05-22,23392400.0
1985-05-23,23411100.0
1985-05-24,23426800.0
1985-05-25,23445500.0
1985-05-26,23458100.0
1985-05-27,23481500.0
1985-05-28,23511300.0
1985-05-29,23539600.0
1985-05-30,23575800.0
1985-05-31,23621400.0
1985-06-01,23652900.0
1985-06-02,23682800.0
1985-06-03,23695500.0
1985-06-04,23730200.0
1985-06-05,23744400.0
1985-06-06,23774400.0
1985-06-07,23817200.0
1985-06-08,23860000.0
1985-06-09,23913900.0
1985-06-10,23982300.0
1985-06-11,24065100.0
1985-06-12,24140200.0
1985-06-13,24204200.0
1985-06-14,24242700.0
1985-06-15,24271600.0
1985-06-16,24295700.0
1985-06-17,24319800.0
1985-06-18,24326200.0
1985-06-19,24332700.0
1985-06-20,24340700.0
1985-06-21,24339100.0
1985-06-22,24332600.0
1985-06-23,24335900.0
1985-06-24,24331000.0
1985-06-25,24314900.0
1985-06-26,24331000.0
1985-06-27,24327800.0
1985-06-28,24335900.0
1985-06-29,24340700.0
1985-06-30,24342300.0
1985-07-01,24343900.0
1985-07-02,24337500.0
1985-07-03,24331000.0
1985-07-04,24310100.0
1985-07-05,24300500.0
1985-07-06,24266700.0
1985-07-07,24265100.0
1985-07-08,24245900.0
1985-07-09,24223400.0
1985-07-10,24210600.0
1985-07-11,24183400.0
1985-07-12,24156200.0
1985-07-13,24151300.0
1985-07-14,24129000.0
1985-07-15,24098600.0
1985-07-16,24065100.0
1985-07-17,24052300.0
1985-07-18,24028400.0
1985-07-19,24004500.0
1985-07-20,23983800.0
1985-07-21,23974300.0
1985-07-22,23982200.0
1985-07-23,23974300.0
1985-07-24,23966300.0
1985-07-25,23972700.0
1985-07-26,23955100.0
1985-07-27,23939300.0
1985-07-28,23921800.0
1985-07-29,23907400.0
1985-07-30,23878900.0
1985-07-31,23864600.0
1985-08-01,23845600.0
1985-08-02,23824200.0
1985-08-03,23802800.0
1985-08-04,23785400.0
1985-08-05,23755300.0
1985-08-06,23734800.0
1985-08-07,23704800.0
1985-08-08,23676400.0
1985-08-09,23655900.0
1985-08-10,23611800.0
1985-08-11,23580300.0
1985-08-12,23544200.0
1985-08-13,23509700.0
1985-08-14,23476700.0
1985-08-15,23432800.0
1985-08-16,23395300.0
1985-08-17,23368700.0
1985-08-18,23326600.0
1985-08-19,23286000.0
1985-08-20,23261100.0
1985-08-21,23225300.0
1985-08-22,23192700.0
1985-08-23,23163200.0
1985-08-24,23132100.0
1985-08-25,23088700.0
1985-08-26,23051600.0
1985-08-27,23026900.0
1985-08-28,22986700.0
1985-08-29,22951200.0
1985-08-30,22905000.0
1985-08-31,22868100.0
1985-09-01,22822000.0
1985-09-02,22777400.0
1985-09-03,22740700.0
1985-09-04,22694800.0
1985-09-05,22653500.0
1985-09-06,22613800.0
1985-09-07,22589400.0
1985-09-08,22552900.0
1985-09-09,22517900.0
1985-09-10,22482900.0
1985-09-11,22475300.0
1985-09-12,22432800.0
1985-09-13,22405600.0
1985-09-14,22396500.0
1985-09-15,22360100.0
1985-09-16,22334400.0
1985-09-17,22311800.0
1985-09-18,22295200.0
1985-09-19,22296700.0
1985-09-20,22278600.0
1985-09-21,22266500.0
1985-09-22,22252900.0
1985-09-23,22237900.0
1985-09-24,22218300.0
1985-09-25,22198700.0
1985-09-26,22183700.0
1985-09-27,22158100.0
1985-09-28,22146100.0
1985-09-29,22123600.0
1985-09-30,22096600.0
1985-10-01,22096600.0
1985-10-02,22098100.0
1985-10-03,22098100.0
1985-10-04,22096600.0
1985-10-05,22096600.0
1985-10-06,22099600.0
1985-10-07,22095100.0
1985-10-08,22102600.0
1985-10-09,22095100.0
1985-10-10,22107100.0
1985-10-11,22117600.0
1985-10-12,22126600.0
1985-10-13,22147600.0
1985-10-14,22158100.0
1985-10-15,22168600.0
1985-10-16,22176100.0
1985-10-17,22182100.0
1985-10-18,22185100.0
1985-10-19,22194200.0
1985-10-20,22200200.0
1985-10-21,22195700.0
1985-10-22,22200200.0
1985-10-23,22204700.0
1985-10-24,22204700.0
1985-10-25,22204700.0
1985-10-26,22204700.0
1985-10-27,22204700.0
1985-10-28,22197200.0
1985-10-29,22188100.0
1985-10-30,22185100.0
1985-10-31,22182100.0
1985-11-01,22182100.0
1985-11-02,22180600.0
1985-11-03,22192600.0
1985-11-04,22192600.0
1985-11-05,22192600.0
1985-11-06,22192600.0
1985-11-07,22188100.0
1985-11-08,22186600.0
1985-11-09,22186600.0
1985-11-10,22183600.0
1985-11-11,22179100.0
1985-11-12,22170100.0
1985-11-13,22170000.0
1985-11-14,22170000.0
1985-11-15,22165600.0
1985-11-16,22168500.0
1985-11-17,22174600.0
1985-11-18,22168500.0
1985-11-19,22168500.0
1985-11-20,22164100.0
1985-11-21,22158000.0
1985-11-22,22159500.0
1985-11-23,22158000.0
1985-11-24,22155000.0
1985-11-25,22165600.0
1985-11-26,22164000.0
1985-11-27,22174500.0
1985-11-28,22192600.0
1985-11-29,22209100.0
1985-11-30,22218200.0
1985-12-01,22237800.0
1985-12-02,22242200.0
1985-12-03,22248300.0
1985-12-04,22260300.0
1985-12-05,22260300.0
1985-12-06,22260300.0
1985-12-07,22275400.0
1985-12-08,22278400.0
1985-12-09,22286000.0
1985-12-10,22289000.0
1985-12-11,22275400.0
1985-12-12,22260300.0
1985-12-13,22252800.0
1985-12-14,22252800.0
1985-12-15,22263300.0
1985-12-16,22257300.0
1985-12-17,22257300.0
1985-12-18,22248200.0
1985-12-19,22252800.0
1985-12-20,22252800.0
1985-12-21,22252800.0
1985-12-22,22272400.0
1985-12-23,22279900.0
1985-12-24,22279900.0
1985-12-25,22299500.0
1985-12-26,22310100.0
1985-12-27,22310100.0
1985-12-28,22310100.0
1985-12-29,22313100.0
1985-12-30,22320600.0
1985-12-31,22326700.0
1986-01-01,22331200.0
1986-01-02,22335800.0
1986-01-03,22329700.0
1986-01-04,22331200.0
1986-01-05,22329700.0
1986-01-06,22338800.0
1986-01-07,22335800.0
1986-01-08,22332700.0
1986-01-09,22332700.0
1986-01-10,22320600.0
1986-01-11,22323600.0
1986-01-12,22325200.0
1986-01-13,22325200.0
1986-01-14,22325200.0
1986-01-15,22319100.0
1986-01-16,22307000.0
1986-01-17,22287400.0
1986-01-18,22276900.0
1986-01-19,22272300.0
1986-01-20,22266300.0
1986-01-21,22257200.0
1986-01-22,22248200.0
1986-01-23,22237700.0
1986-01-24,22215000.0
1986-01-25,22191000.0
1986-01-26,22168400.0
1986-01-27,22144400.0
1986-01-28,22118900.0
1986-01-29,22106900.0
1986-01-30,22090400.0
1986-01-31,22085900.0
1986-02-01,22069400.0
1986-02-02,22049900.0
1986-02-03,22034900.0
1986-02-04,22020000.0
1986-02-05,21996100.0
1986-02-06,21985600.0
1986-02-07,21963200.0
1986-02-08,21942300.0
1986-02-09,21919900.0
1986-02-10,21906500.0
1986-02-11,21881200.0
1986-02-12,21867800.0
1986-02-13,21854400.0
1986-02-14,21838100.0
1986-02-15,21824700.0
1986-02-16,21808400.0
1986-02-17,21796500.0
1986-02-18,21784600.0
1986-02-19,21766800.0
1986-02-20,21763800.0
1986-02-21,21759400.0
1986-02-22,21763800.0
1986-02-23,21784600.0
1986-02-24,21792000.0
1986-02-25,21793500.0
1986-02-26,21789100.0
1986-02-27,21789100.0
1986-02-28,21784600.0
1986-03-01,21784600.0
1986-03-02,21778700.0
1986-03-03,21763800.0
1986-03-04,21750500.0
1986-03-05,21735700.0
1986-03-06,21722300.0
1986-03-07,21706100.0
1986-03-08,21682400.0
1986-03-09,21678000.0
1986-03-10,21666200.0
1986-03-11,21645500.0
1986-03-12,21632200.0
1986-03-13,21617400.0
1986-03-14,21652800.0
1986-03-15,21624800.0
1986-03-16,21601200.0
1986-03-17,21592400.0
1986-03-18,21574700.0
1986-03-19,21558500.0
1986-03-20,21540800.0
1986-03-21,21523200.0
1986-03-22,21505500.0
1986-03-23,21487900.0
1986-03-24,21460000.0
1986-03-25,21446800.0
1986-03-26,21423400.0
1986-03-27,21407300.0
1986-03-28,21394100.0
1986-03-29,21383900.0
1986-03-30,21370700.0
1986-03-31,21359000.0
1986-04-01,21367700.0
1986-04-02,21360400.0
1986-04-03,21388200.0
1986-04-04,21414600.0
1986-04-05,21440900.0
1986-04-06,21455600.0
1986-04-07,21467300.0
1986-04-08,21474700.0
1986-04-09,21484900.0
1986-04-10,21479100.0
1986-04-11,21477600.0
1986-04-12,21479100.0
1986-04-13,21477600.0
1986-04-14,21477600.0
1986-04-15,21470200.0
1986-04-16,21483500.0
1986-04-17,21482000.0
1986-04-18,21479100.0
1986-04-19,21477600.0
1986-04-20,21487900.0
1986-04-21,21489300.0
1986-04-22,21487900.0
1986-04-23,21480500.0
1986-04-24,21482000.0
1986-04-25,21482000.0
1986-04-26,21482000.0
1986-04-27,21493700.0
1986-04-28,21515800.0
1986-04-29,21534800.0
1986-04-30,21561400.0
1986-05-01,21579000.0
1986-05-02,21602600.0
1986-05-03,21621800.0
1986-05-04,21649800.0
1986-05-05,21698600.0
1986-05-06,21748900.0
1986-05-07,21833500.0
1986-05-08,21876600.0
1986-05-09,21907900.0
1986-05-10,21933200.0
1986-05-11,21939200.0
1986-05-12,21939200.0
1986-05-13,21933200.0
1986-05-14,21928700.0
1986-05-15,21922800.0
1986-05-16,21900400.0
1986-05-17,21885500.0
1986-05-18,21884000.0
1986-05-19,21875100.0
1986-05-20,21861700.0
1986-05-21,21872100.0
1986-05-22,21864700.0
1986-05-23,21861700.0
1986-05-24,21867600.0
1986-05-25,21884000.0
1986-05-26,21901900.0
1986-05-27,21916800.0
1986-05-28,21937700.0
1986-05-29,21952500.0
1986-05-30,21988400.0
1986-05-31,22010800.0
1986-06-01,22039200.0
1986-06-02,22064700.0
1986-06-03,22123100.0
1986-06-04,22148700.0
1986-06-05,22210300.0
1986-06-06,22270600.0
1986-06-07,22334000.0
1986-06-08,22399000.0
1986-06-09,22493100.0
1986-06-10,22573700.0
1986-06-11,22662100.0
1986-06-12,22738600.0
1986-06-13,22803000.0
1986-06-14,22856700.0
1986-06-15,22915200.0
1986-06-16,22964600.0
1986-06-17,23020100.0
1986-06-18,23058800.0
1986-06-19,23106800.0
1986-06-20,23151800.0
1986-06-21,23199900.0
1986-06-22,23245000.0
1986-06-23,23288600.0
1986-06-24,23332200.0
1986-06-25,23363500.0
1986-06-26,23396300.0
1986-06-27,23435400.0
1986-06-28,23462000.0
1986-06-29,23488700.0
1986-06-30,23527900.0
1986-07-01,23559300.0
1986-07-02,23604900.0
1986-07-03,23639500.0
1986-07-04,23678900.0
1986-07-05,23718400.0
1986-07-06,23756300.0
1986-07-07,23800600.0
1986-07-08,23830700.0
1986-07-09,23859200.0
1986-07-10,23892500.0
1986-07-11,23927500.0
1986-07-12,23972000.0
1986-07-13,24023000.0
1986-07-14,24061200.0
1986-07-15,24107500.0
1986-07-16,24126700.0
1986-07-17,24158700.0
1986-07-18,24179500.0
1986-07-19,24227500.0
1986-07-20,24235500.0
1986-07-21,24285300.0
1986-07-22,24286900.0
1986-07-23,24301400.0
1986-07-24,24314200.0
1986-07-25,24319000.0
1986-07-26,24309400.0
1986-07-27,24327100.0
1986-07-28,24323900.0
1986-07-29,24306200.0
1986-07-30,24296500.0
1986-07-31,24277200.0
1986-08-01,24250000.0
1986-08-02,24227500.0
1986-08-03,24198700.0
1986-08-04,24195400.0
1986-08-05,24192200.0
1986-08-06,24169800.0
1986-08-07,24166600.0
1986-08-08,24155400.0
1986-08-09,24123400.0
1986-08-10,24097900.0
1986-08-11,24062800.0
1986-08-12,24035600.0
1986-08-13,24008600.0
1986-08-14,23973500.0
1986-08-15,23959200.0
1986-08-16,23919500.0
1986-08-17,23887700.0
1986-08-18,23856000.0
1986-08-19,23813200.0
1986-08-20,23789400.0
1986-08-21,23751500.0
1986-08-22,23730900.0
1986-08-23,23688300.0
1986-08-24,23655200.0
1986-08-25,23620500.0
1986-08-26,23593800.0
1986-08-27,23563900.0
1986-08-28,23557600.0
1986-08-29,23535600.0
1986-08-30,23515200.0
1986-08-31,23485400.0
1986-09-01,23463500.0
1986-09-02,23441500.0
1986-09-03,23410200.0
1986-09-04,23386800.0
1986-09-05,23360200.0
1986-09-06,23324300.0
1986-09-07,23294700.0
1986-09-08,23262000.0
1986-09-09,23252600.0
1986-09-10,23209000.0
1986-09-11,23181100.0
1986-09-12,23154700.0
1986-09-13,23128300.0
1986-09-14,23092700.0
1986-09-15,23066400.0
1986-09-16,23033900.0
1986-09-17,23004500.0
1986-09-18,22970500.0
1986-09-19,22933500.0
1986-09-20,22904300.0
1986-09-21,22865800.0
1986-09-22,22842800.0
1986-09-23,22816600.0
1986-09-24,22802800.0
1986-09-25,22778300.0
1986-09-26,22767500.0
1986-09-27,22747600.0
1986-09-28,22738400.0
1986-09-29,22720100.0
1986-09-30,22695600.0
1986-10-01,22692500.0
1986-10-02,22684900.0
1986-10-03,22686400.0
1986-10-04,22683300.0
1986-10-05,22678700.0
1986-10-06,22672600.0
1986-10-07,22672600.0
1986-10-08,22672600.0
1986-10-09,22672600.0
1986-10-10,22660400.0
1986-10-11,22684900.0
1986-10-12,22686400.0
1986-10-13,22687900.0
1986-10-14,22692500.0
1986-10-15,22695600.0
1986-10-16,22691000.0
1986-10-17,22691000.0
1986-10-18,22684800.0
1986-10-19,22687900.0
1986-10-20,22687900.0
1986-10-21,22680200.0
1986-10-22,22680200.0
1986-10-23,22677200.0
1986-10-24,22671100.0
1986-10-25,22668000.0
1986-10-26,22663400.0
1986-10-27,22655800.0
1986-10-28,22648200.0
1986-10-29,22639000.0
1986-10-30,22631300.0
1986-10-31,22634400.0
1986-11-01,22625200.0
1986-11-02,22623700.0
1986-11-03,22628300.0
1986-11-04,22628300.0
1986-11-05,22625200.0
1986-11-06,22625200.0
1986-11-07,22622200.0
1986-11-08,22632900.0
1986-11-09,22632800.0
1986-11-10,22626700.0
1986-11-11,22620600.0
1986-11-12,22616100.0
1986-11-13,22600800.0
1986-11-14,22587100.0
1986-11-15,22571900.0
1986-11-16,22561200.0
1986-11-17,22549000.0
1986-11-18,22552000.0
1986-11-19,22539900.0
1986-11-20,22533800.0
1986-11-21,22523100.0
1986-11-22,22521600.0
1986-11-23,22515500.0
1986-11-24,22506400.0
1986-11-25,22503400.0
1986-11-26,22491200.0
1986-11-27,22483600.0
1986-11-28,22486700.0
1986-11-29,22474500.0
1986-11-30,22457800.0
1986-12-01,22439600.0
1986-12-02,22416900.0
1986-12-03,22391100.0
1986-12-04,22366900.0
1986-12-05,22354800.0
1986-12-06,22339700.0
1986-12-07,22324500.0
1986-12-08,22303400.0
1986-12-09,22291300.0
1986-12-10,22265700.0
1986-12-11,22243100.0
1986-12-12,22232500.0
1986-12-13,22200900.0
1986-12-14,22182900.0
1986-12-15,22160300.0
1986-12-16,22145300.0
1986-12-17,22124300.0
1986-12-18,22109300.0
1986-12-19,22092700.0
1986-12-20,22070300.0
1986-12-21,22062800.0
1986-12-22,22034300.0
1986-12-23,22019400.0
1986-12-24,22011900.0
1986-12-25,22010400.0
1986-12-26,21998500.0
1986-12-27,21985000.0
1986-12-28,21970100.0
1986-12-29,21947700.0
1986-12-30,21923800.0
1986-12-31,21901500.0
1987-01-01,21871700.0
1987-01-02,21847900.0
1987-01-03,21818200.0
1987-01-04,21794400.0
1987-01-05,21770700.0
1987-01-06,21745500.0
1987-01-07,21724700.0
1987-01-08,21704000.0
1987-01-09,21675900.0
1987-01-10,21646400.0
1987-01-11,21628700.0
1987-01-12,21602100.0
1987-01-13,21575600.0
1987-01-14,21552000.0
1987-01-15,21525600.0
1987-01-16,21507900.0
1987-01-17,21478500.0
1987-01-18,21446300.0
1987-01-19,21438900.0
1987-01-20,21399400.0
1987-01-21,21371600.0
1987-01-22,21346700.0
1987-01-23,21310200.0
1987-01-24,21281000.0
1987-01-25,21259200.0
1987-01-26,21235900.0
1987-01-27,21215500.0
1987-01-28,21189400.0
1987-01-29,21170500.0
1987-01-30,21150200.0
1987-01-31,21124100.0
1987-02-01,21111000.0
1987-02-02,21090700.0
1987-02-03,21076300.0
1987-02-04,21060300.0
1987-02-05,21038600.0
1987-02-06,21022800.0
1987-02-07,21011200.0
1987-02-08,21004000.0
1987-02-09,20996800.0
1987-02-10,20991000.0
1987-02-11,20983800.0
1987-02-12,20982300.0
1987-02-13,20976600.0
1987-02-14,20975100.0
1987-02-15,20979400.0
1987-02-16,20979400.0
1987-02-17,20972200.0
1987-02-18,20972200.0
1987-02-19,20975100.0
1987-02-20,20959200.0
1987-02-21,20953500.0
1987-02-22,20947700.0
1987-02-23,20942000.0
1987-02-24,20924700.0
1987-02-25,20918900.0
1987-02-26,20917500.0
1987-02-27,20916000.0
1987-02-28,20918900.0
1987-03-01,20923200.0
1987-03-02,20916000.0
1987-03-03,20904500.0
1987-03-04,20900200.0
1987-03-05,20893000.0
1987-03-06,20895900.0
1987-03-07,20898800.0
1987-03-08,20901600.0
1987-03-09,20908800.0
1987-03-10,20923200.0
1987-03-11,20949100.0
1987-03-12,20960600.0
1987-03-13,20989500.0
1987-03-14,21005400.0
1987-03-15,21034200.0
1987-03-16,21054500.0
1987-03-17,21066000.0
1987-03-18,21074700.0
1987-03-19,21090700.0
1987-03-20,21112400.0
1987-03-21,21126900.0
1987-03-22,21142800.0
1987-03-23,21154400.0
1987-03-24,21160200.0
1987-03-25,21160200.0
1987-03-26,21161700.0
1987-03-27,21171800.0
1987-03-28,21184900.0
1987-03-29,21190700.0
1987-03-30,21180500.0
1987-03-31,21174700.0
1987-04-01,21184900.0
1987-04-02,21200900.0
1987-04-03,21200900.0
1987-04-04,21227100.0
1987-04-05,21235800.0
1987-04-06,21248900.0
1987-04-07,21260500.0
1987-04-08,21276600.0
1987-04-09,21288200.0
1987-04-10,21301300.0
1987-04-11,21317400.0
1987-04-12,21336400.0
1987-04-13,21368500.0
1987-04-14,21396300.0
1987-04-15,21421200.0
1987-04-16,21438800.0
1987-04-17,21459300.0
1987-04-18,21476900.0
1987-04-19,21516600.0
1987-04-20,21562200.0
1987-04-21,21594600.0
1987-04-22,21624000.0
1987-04-23,21656500.0
1987-04-24,21678700.0
1987-04-25,21717200.0
1987-04-26,21746800.0
1987-04-27,21785300.0
1987-04-28,21823900.0
1987-04-29,21859600.0
1987-04-30,21914600.0
1987-05-01,21968400.0
1987-05-02,22049100.0
1987-05-03,22109000.0
1987-05-04,22172100.0
1987-05-05,22232300.0
1987-05-06,22286500.0
1987-05-07,22334800.0
1987-05-08,22383300.0
1987-05-09,22425700.0
1987-05-10,22477200.0
1987-05-11,22519800.0
1987-05-12,22556300.0
1987-05-13,22599000.0
1987-05-14,22646300.0
1987-05-15,22693600.0
1987-05-16,22748700.0
1987-05-17,22822300.0
1987-05-18,22899200.0
1987-05-19,22973200.0
1987-05-20,23039600.0
1987-05-21,23098400.0
1987-05-22,23160400.0
1987-05-23,23238100.0
1987-05-24,23278600.0
1987-05-25,23328500.0
1987-05-26,23356600.0
1987-05-27,23383200.0
1987-05-28,23408200.0
1987-05-29,23433200.0
1987-05-30,23450400.0
1987-05-31,23461400.0
1987-06-01,23477000.0
1987-06-02,23492700.0
1987-06-03,23514700.0
1987-06-04,23532000.0
1987-06-05,23561800.0
1987-06-06,23598000.0
1987-06-07,23634200.0
1987-06-08,23679900.0
1987-06-09,23698800.0
1987-06-10,23741500.0
1987-06-11,23785700.0
1987-06-12,23836400.0
1987-06-13,23880800.0
1987-06-14,23915700.0
1987-06-15,23950700.0
1987-06-16,23976100.0
1987-06-17,23998400.0
1987-06-18,24023900.0
1987-06-19,24044600.0
1987-06-20,24057400.0
1987-06-21,24065300.0
1987-06-22,24068500.0
1987-06-23,24071700.0
1987-06-24,24074900.0
1987-06-25,24078100.0
1987-06-26,24074900.0
1987-06-27,24074900.0
1987-06-28,24074900.0
1987-06-29,24073300.0
1987-06-30,24062200.0
1987-07-01,24055800.0
1987-07-02,24055800.0
1987-07-03,24049400.0
1987-07-04,24052600.0
1987-07-05,24052600.0
1987-07-06,24046200.0
1987-07-07,24041400.0
1987-07-08,24030200.0
1987-07-09,24019100.0
1987-07-10,24012700.0
1987-07-11,24015900.0
1987-07-12,24014300.0
1987-07-13,23996800.0
1987-07-14,23982500.0
1987-07-15,23974500.0
1987-07-16,23968100.0
1987-07-17,23947400.0
1987-07-18,23934700.0
1987-07-19,23928400.0
1987-07-20,23917200.0
1987-07-21,23896600.0
1987-07-22,23883900.0
1987-07-23,23868000.0
1987-07-24,23852200.0
1987-07-25,23836300.0
1987-07-26,23799900.0
1987-07-27,23788800.0
1987-07-28,23765100.0
1987-07-29,23744500.0
1987-07-30,23722400.0
1987-07-31,23700300.0
1987-08-01,23678200.0
1987-08-02,23659300.0
1987-08-03,23641900.0
1987-08-04,23626200.0
1987-08-05,23607300.0
1987-08-06,23579000.0
1987-08-07,23571100.0
1987-08-08,23561700.0
1987-08-09,23546000.0
1987-08-10,23530300.0
1987-08-11,23522400.0
1987-08-12,23491000.0
1987-08-13,23475300.0
1987-08-14,23442400.0
1987-08-15,23409600.0
1987-08-16,23381400.0
1987-08-17,23347100.0
1987-08-18,23312800.0
1987-08-19,23272200.0
1987-08-20,23236400.0
1987-08-21,23194400.0
1987-08-22,23168000.0
1987-08-23,23151000.0
1987-08-24,23115300.0
1987-08-25,23099900.0
1987-08-26,23075000.0
1987-08-27,23048700.0
1987-08-28,23034800.0
1987-08-29,23025500.0
1987-08-30,23014700.0
1987-08-31,23000800.0
1987-09-01,22985300.0
1987-09-02,22968300.0
1987-09-03,22951400.0
1987-09-04,22931300.0
1987-09-05,22915900.0
1987-09-06,22903600.0
1987-09-07,22883600.0
1987-09-08,22859000.0
1987-09-09,22839000.0
1987-09-10,22823600.0
1987-09-11,22803700.0
1987-09-12,22783700.0
1987-09-13,22774500.0
1987-09-14,22737800.0
1987-09-15,22701000.0
1987-09-16,22681200.0
1987-09-17,22655200.0
1987-09-18,22633800.0
1987-09-19,22607900.0
1987-09-20,22589600.0
1987-09-21,22563700.0
1987-09-22,22551500.0
1987-09-23,22534800.0
1987-09-24,22525600.0
1987-09-25,22504300.0
1987-09-26,22484600.0
1987-09-27,22481500.0
1987-09-28,22467800.0
1987-09-29,22452700.0
1987-09-30,22440500.0
1987-10-01,22431400.0
1987-10-02,22423900.0
1987-10-03,22414800.0
1987-10-04,22414800.0
1987-10-05,22404200.0
1987-10-06,22398100.0
1987-10-07,22384500.0
1987-10-08,22387500.0
1987-10-09,22381500.0
1987-10-10,22379900.0
1987-10-11,22381400.0
1987-10-12,22364800.0
1987-10-13,22366300.0
1987-10-14,22366300.0
1987-10-15,22358700.0
1987-10-16,22357200.0
1987-10-17,22360200.0
1987-10-18,22367800.0
1987-10-19,22361700.0
1987-10-20,22355700.0
1987-10-21,22351200.0
1987-10-22,22349700.0
1987-10-23,22348100.0
1987-10-24,22357200.0
1987-10-25,22366300.0
1987-10-26,22367800.0
1987-10-27,22373800.0
1987-10-28,22376900.0
1987-10-29,22399600.0
1987-10-30,22404100.0
1987-10-31,22416200.0
1987-11-01,22452600.0
1987-11-02,22460200.0
1987-11-03,22463300.0
1987-11-04,22467800.0
1987-11-05,22461700.0
1987-11-06,22498200.0
1987-11-07,22514900.0
1987-11-08,22525500.0
1987-11-09,22524000.0
1987-11-10,22516400.0
1987-11-11,22511800.0
1987-11-12,22504300.0
1987-11-13,22495100.0
1987-11-14,22484500.0
1987-11-15,22484500.0
1987-11-16,22478400.0
1987-11-17,22467800.0
1987-11-18,22461700.0
1987-11-19,22458700.0
1987-11-20,22445000.0
1987-11-21,22435900.0
1987-11-22,22428300.0
1987-11-23,22410100.0
1987-11-24,22390500.0
1987-11-25,22373800.0
1987-11-26,22381400.0
1987-11-27,22372300.0
1987-11-28,22369200.0
1987-11-29,22366200.0
1987-11-30,22361700.0
1987-12-01,22346600.0
1987-12-02,22331400.0
1987-12-03,22314800.0
1987-12-04,22296700.0
1987-12-05,22286100.0
1987-12-06,22281600.0
1987-12-07,22269500.0
1987-12-08,22260500.0
1987-12-09,22249900.0
1987-12-10,22231900.0
1987-12-11,22233400.0
1987-12-12,22236400.0
1987-12-13,22221300.0
1987-12-14,22197200.0
1987-12-15,22186700.0
1987-12-16,22165600.0
1987-12-17,22149100.0
1987-12-18,22126600.0
1987-12-19,22120600.0
1987-12-20,22115350.0
1987-12-21,22110100.0
1987-12-22,22099600.0
1987-12-23,22099600.0
1987-12-24,22099600.0
1987-12-25,22098100.0
1987-12-26,22077100.0
1987-12-27,22075600.0
1987-12-28,22077100.0
1987-12-29,22068100.0
1987-12-30,22051600.0
1987-12-31,22041100.0
1988-01-01,22029200.0
1988-01-02,22009700.0
1988-01-03,21996300.0
1988-01-04,21975400.0
1988-01-05,21950000.0
1988-01-06,21936600.0
1988-01-07,21941000.0
1988-01-08,21938000.0
1988-01-09,21942500.0
1988-01-10,21942500.0
1988-01-11,21924600.0
1988-01-12,21927600.0
1988-01-13,21921600.0
1988-01-14,21914200.0
1988-01-15,21896300.0
1988-01-16,21887400.0
1988-01-17,21897800.0
1988-01-18,21868000.0
1988-01-19,21851600.0
1988-01-20,21835300.0
1988-01-21,21827900.0
1988-01-22,21807100.0
1988-01-23,21801100.0
1988-01-24,21778900.0
1988-01-25,21758100.0
1988-01-26,21749200.0
1988-01-27,21729900.0
1988-01-28,21718100.0
1988-01-29,21704800.0
1988-01-30,21704800.0
1988-01-31,21704800.0
1988-02-01,21695900.0
1988-02-02,21691500.0
1988-02-03,21682600.0
1988-02-04,21679600.0
1988-02-05,21676700.0
1988-02-06,21676700.0
1988-02-07,21673700.0
1988-02-08,21663400.0
1988-02-09,21648600.0
1988-02-10,21644100.0
1988-02-11,21638300.0
1988-02-12,21635300.0
1988-02-13,21623500.0
1988-02-14,21629400.0
1988-02-15,21614600.0
1988-02-16,21610200.0
1988-02-17,21589600.0
1988-02-18,21574800.0
1988-02-19,21561600.0
1988-02-20,21554200.0
1988-02-21,21549800.0
1988-02-22,21539500.0
1988-02-23,21536500.0
1988-02-24,21523300.0
1988-02-25,21510100.0
1988-02-26,21499800.0
1988-02-27,21508600.0
1988-02-28,21514500.0
1988-02-29,21514500.0
1988-03-01,21507100.0
1988-03-02,21518900.0
1988-03-03,21520400.0
1988-03-04,21524800.0
1988-03-05,21526300.0
1988-03-06,21532100.0
1988-03-07,21538000.0
1988-03-08,21539500.0
1988-03-09,21529200.0
1988-03-10,21546800.0
1988-03-11,21543900.0
1988-03-12,21539500.0
1988-03-13,21536500.0
1988-03-14,21535000.0
1988-03-15,21521800.0
1988-03-16,21530700.0
1988-03-17,21520400.0
1988-03-18,21518900.0
1988-03-19,21523300.0
1988-03-20,21532100.0
1988-03-21,21520300.0
1988-03-22,21521800.0
1988-03-23,21508600.0
1988-03-24,21505600.0
1988-03-25,21510000.0
1988-03-26,21508600.0
1988-03-27,21530600.0
1988-03-28,21519100.0
1988-03-29,21505600.0
1988-03-30,21511500.0
1988-03-31,21505600.0
1988-04-01,21507100.0
1988-04-02,21514400.0
1988-04-03,21511500.0
1988-04-04,21524700.0
1988-04-05,21510000.0
1988-04-06,21511500.0
1988-04-07,21514400.0
1988-04-08,21511500.0
1988-04-09,21515900.0
1988-04-10,21520300.0
1988-04-11,21524700.0
1988-04-12,21527700.0
1988-04-13,21524700.0
1988-04-14,21539400.0
1988-04-15,21530600.0
1988-04-16,21563000.0
1988-04-17,21567400.0
1988-04-18,21580600.0
1988-04-19,21595400.0
1988-04-20,21602700.0
1988-04-21,21614500.0
1988-04-22,21639600.0
1988-04-23,21666200.0
1988-04-24,21688300.0
1988-04-25,21715000.0
1988-04-26,21735700.0
1988-04-27,21756400.0
1988-04-28,21769800.0
1988-04-29,21784600.0
1988-04-30,21789100.0
1988-05-01,21803900.0
1988-05-02,21811300.0
1988-05-03,21824700.0
1988-05-04,21835100.0
1988-05-05,21855900.0
1988-05-06,21861900.0
1988-05-07,21875200.0
1988-05-08,21893100.0
1988-05-09,21908000.0
1988-05-10,21924400.0
1988-05-11,21928900.0
1988-05-12,21937800.0
1988-05-13,21940800.0
1988-05-14,21951200.0
1988-05-15,21957200.0
1988-05-16,21976600.0
1988-05-17,21981100.0
1988-05-18,22019900.0
1988-05-19,22043900.0
1988-05-20,22090300.0
1988-05-21,22141300.0
1988-05-22,22187900.0
1988-05-23,22231500.0
1988-05-24,22266200.0
1988-05-25,22299400.0
1988-05-26,22319000.0
1988-05-27,22335600.0
1988-05-28,22362800.0
1988-05-29,22387100.0
1988-05-30,22417400.0
1988-05-31,22449200.0
1988-06-01,22482600.0
1988-06-02,22519100.0
1988-06-03,22554000.0
1988-06-04,22584500.0
1988-06-05,22616500.0
1988-06-06,22636400.0
1988-06-07,22665400.0
1988-06-08,22694400.0
1988-06-09,22729600.0
1988-06-10,22760200.0
1988-06-11,22798600.0
1988-06-12,22849200.0
1988-06-13,22881600.0
1988-06-14,22921600.0
1988-06-15,22949300.0
1988-06-16,22970900.0
1988-06-17,23001800.0
1988-06-18,23015700.0
1988-06-19,23049700.0
1988-06-20,23054300.0
1988-06-21,23074400.0
1988-06-22,23091500.0
1988-06-23,23094600.0
1988-06-24,23110100.0
1988-06-25,23131700.0
1988-06-26,23136400.0
1988-06-27,23161200.0
1988-06-28,23178300.0
1988-06-29,23173600.0
1988-06-30,23200000.0
1988-07-01,23221800.0
1988-07-02,23234300.0
1988-07-03,23252900.0
1988-07-04,23259200.0
1988-07-05,23263800.0
1988-07-06,23256000.0
1988-07-07,23246700.0
1988-07-08,23231100.0
1988-07-09,23249800.0
1988-07-10,23237300.0
1988-07-11,23226500.0
1988-07-12,23220200.0
1988-07-13,23206200.0
1988-07-14,23195400.0
1988-07-15,23184500.0
1988-07-16,23176700.0
1988-07-17,23173600.0
1988-07-18,23162700.0
1988-07-19,23145700.0
1988-07-20,23130100.0
1988-07-21,23113100.0
1988-07-22,23092900.0
1988-07-23,23089800.0
1988-07-24,23071300.0
1988-07-25,23052700.0
1988-07-26,23029500.0
1988-07-27,23003200.0
1988-07-28,22971500.0
1988-07-29,22943600.0
1988-07-30,22923000.0
1988-07-31,22903000.0
1988-08-01,22893700.0
1988-08-02,22866100.0
1988-08-03,22852200.0
1988-08-04,22830700.0
1988-08-05,22804600.0
1988-08-06,22809200.0
1988-08-07,22790800.0
1988-08-08,22777000.0
1988-08-09,22767800.0
1988-08-10,22747900.0
1988-08-11,22741700.0
1988-08-12,22714200.0
1988-08-13,22695800.0
1988-08-14,22691200.0
1988-08-15,22665200.0
1988-08-16,22651500.0
1988-08-17,22625500.0
1988-08-18,22604200.0
1988-08-19,22585900.0
1988-08-20,22581300.0
1988-08-21,22573700.0
1988-08-22,22556900.0
1988-08-23,22534100.0
1988-08-24,22526500.0
1988-08-25,22503700.0
1988-08-26,22500700.0
1988-08-27,22505200.0
1988-08-28,22500700.0
1988-08-29,22485500.0
1988-08-30,22485500.0
1988-08-31,22459700.0
1988-09-01,22450500.0
1988-09-02,22436900.0
1988-09-03,22430800.0
1988-09-04,22427800.0
1988-09-05,22421700.0
1988-09-06,22406600.0
1988-09-07,22386900.0
1988-09-08,22374800.0
1988-09-09,22358100.0
1988-09-10,22352100.0
1988-09-11,22343000.0
1988-09-12,22326400.0
1988-09-13,22308300.0
1988-09-14,22293100.0
1988-09-15,22282600.0
1988-09-16,22276600.0
1988-09-17,22267500.0
1988-09-18,22270500.0
1988-09-19,22252400.0
1988-09-20,22240300.0
1988-09-21,22216200.0
1988-09-22,22207200.0
1988-09-23,22189200.0
1988-09-24,22181600.0
1988-09-25,22174100.0
1988-09-26,22151600.0
1988-09-27,22132000.0
1988-09-28,22112500.0
1988-09-29,22099000.0
1988-09-30,22087100.0
1988-10-01,22081060.0
1988-10-02,22082560.0
1988-10-03,22072060.0
1988-10-04,22063064.0
1988-10-05,22057068.0
1988-10-06,22039123.0
1988-10-07,22027142.0
1988-10-08,22019656.0
1988-10-09,22025645.0
1988-10-10,22012209.0
1988-10-11,22004727.0
1988-10-12,22000238.0
1988-10-13,21980797.0
1988-10-14,21967381.0
1988-10-15,21965887.0
1988-10-16,21962898.0
1988-10-17,21950948.0
1988-10-18,21937546.0
1988-10-19,21931575.0
1988-10-20,21925606.0
1988-10-21,21913671.0
1988-10-22,21912179.0
1988-10-23,21910688.0
1988-10-24,21895813.0
1988-10-25,21894323.0
1988-10-26,21885380.0
1988-10-27,21882400.0
1988-10-28,21877930.0
1988-10-29,21883890.0
1988-10-30,21882400.0
1988-10-31,21874951.0
1988-11-01,21866014.0
1988-11-02,21855628.0
1988-11-03,21854140.0
1988-11-04,21851163.0
1988-11-05,21848186.0
1988-11-06,21842234.0
1988-11-07,21828845.0
1988-11-08,21812526.0
1988-11-09,21800636.0
1988-11-10,21781363.0
1988-11-11,21778393.0
1988-11-12,21768002.0
1988-11-13,21766518.0
1988-11-14,21772455.0
1988-11-15,21754648.0
1988-11-16,21733922.0
1988-11-17,21719102.0
1988-11-18,21698402.0
1988-11-19,21677717.0
1988-11-20,21657010.0
1988-11-21,21637832.0
1988-11-22,21621584.0
1988-11-23,21599478.0
1988-11-24,21608297.0
1988-11-25,21589152.0
1988-11-26,21581777.0
1988-11-27,21578828.0
1988-11-28,21559702.0
1988-11-29,21565597.0
1988-11-30,21565597.0
1988-12-01,21558229.0
1988-12-02,21547917.0
1988-12-03,21544971.0
1988-12-04,21549390.0
1988-12-05,21536136.0
1988-12-06,21530283.0
1988-12-07,21522924.0
1988-12-08,21503800.0
1988-12-09,21486194.0
1988-12-10,21478846.0
1988-12-11,21475908.0
1988-12-12,21464157.0
1988-12-13,21455382.0
1988-12-14,21458319.0
1988-12-15,21437770.0
1988-12-16,21420205.0
1988-12-17,21415807.0
1988-12-18,21414341.0
1988-12-19,21396747.0
1988-12-20,21380678.0
1988-12-21,21366040.0
1988-12-22,21342660.0
1988-12-23,21319282.0
1988-12-24,21304711.0
1988-12-25,21287192.0
1988-12-26,21275555.0
1988-12-27,21260971.0
1988-12-28,21247852.0
1988-12-29,21236230.0
1988-12-30,21228947.0
1988-12-31,21223122.0
1989-01-01,21218754.0
1989-01-02,21214387.0
1989-01-03,21204199.0
1989-01-04,21186792.0
1989-01-05,21175146.0
1989-01-06,21153385.0
1989-01-07,21135959.0
1989-01-08,21125834.0
1989-01-09,21105525.0
1989-01-10,21092512.0
1989-01-11,21078021.0
1989-01-12,21053438.0
1989-01-13,21031734.0
1989-01-14,21025950.0
1989-01-15,21015864.0
1989-01-16,20998523.0
1989-01-17,20979783.0
1989-01-18,20956693.0
1989-01-19,20937982.0
1989-01-20,20922129.0
1989-01-21,20916366.0
1989-01-22,20912080.0
1989-01-23,20900561.0
1989-01-24,20890485.0
1989-01-25,20880413.0
1989-01-26,20866065.0
1989-01-27,20835921.0
1989-01-28,20821561.0
1989-01-29,20805809.0
1989-01-30,20785729.0
1989-01-31,20765699.0
1989-02-01,20749943.0
1989-02-02,20725646.0
1989-02-03,20707054.0
1989-02-04,20697083.0
1989-02-05,20679939.0
1989-02-06,20649531.0
1989-02-07,20625786.0
1989-02-08,20598715.0
1989-02-09,20577396.0
1989-02-10,20558904.0
1989-02-11,20558904.0
1989-02-12,20560326.0
1989-02-13,20556095.0
1989-02-14,20551829.0
1989-02-15,20556095.0
1989-02-16,20548986.0
1989-02-17,20533354.0
1989-02-18,20530513.0
1989-02-19,20531933.0
1989-02-20,20527672.0
1989-02-21,20520606.0
1989-02-22,20509248.0
1989-02-23,20497895.0
1989-02-24,20485163.0
1989-02-25,20485163.0
1989-02-26,20490801.0
1989-02-27,20490801.0
1989-02-28,20483744.0
1989-03-01,20480908.0
1989-03-02,20473819.0
1989-03-03,20456814.0
1989-03-04,20468150.0
1989-03-05,20453980.0
1989-03-06,20448349.0
1989-03-07,20445517.0
1989-03-08,20445517.0
1989-03-09,20448349.0
1989-03-10,20449766.0
1989-03-11,20456814.0
1989-03-12,20468150.0
1989-03-13,20479490.0
1989-03-14,20478073.0
1989-03-15,20475237.0
1989-03-16,20469567.0
1989-03-17,20480908.0
1989-03-18,20483744.0
1989-03-19,20506409.0
1989-03-20,20492220.0
1989-03-21,20486546.0
1989-03-22,20489383.0
1989-03-23,20492220.0
1989-03-24,20490801.0
1989-03-25,20490801.0
1989-03-26,20492220.0
1989-03-27,20495057.0
1989-03-28,20493638.0
1989-03-29,20493638.0
1989-03-30,20489383.0
1989-03-31,20482326.0
1989-04-01,20492220.0
1989-04-02,20496476.0
1989-04-03,20496476.0
1989-04-04,20496476.0
1989-04-05,20495057.0
1989-04-06,20495057.0
1989-04-07,20489383.0
1989-04-08,20490801.0
1989-04-09,20496476.0
1989-04-10,20486546.0
1989-04-11,20485163.0
1989-04-12,20489383.0
1989-04-13,20495057.0
1989-04-14,20502151.0
1989-04-15,20510667.0
1989-04-16,20516346.0
1989-04-17,20526252.0
1989-04-18,20526252.0
1989-04-19,20526252.0
1989-04-20,20533354.0
1989-04-21,20543301.0
1989-04-22,20550408.0
1989-04-23,20554673.0
1989-04-24,20564593.0
1989-04-25,20575973.0
1989-04-26,20587359.0
1989-04-27,20598715.0
1989-04-28,20612959.0
1989-04-29,20638583.0
1989-04-30,20659984.0
1989-05-01,20678510.0
1989-05-02,20684223.0
1989-05-03,20705624.0
1989-05-04,20711343.0
1989-05-05,20718494.0
1989-05-06,20722785.0
1989-05-07,20722785.0
1989-05-08,20714203.0
1989-05-09,20712773.0
1989-05-10,20712773.0
1989-05-11,20712773.0
1989-05-12,20725646.0
1989-05-13,20734231.0
1989-05-14,20759968.0
1989-05-15,20785729.0
1989-05-16,20795767.0
1989-05-17,20808644.0
1989-05-18,20814384.0
1989-05-19,20827304.0
1989-05-20,20838793.0
1989-05-21,20850253.0
1989-05-22,20854564.0
1989-05-23,20860314.0
1989-05-24,20864627.0
1989-05-25,20878974.0
1989-05-26,20887607.0
1989-05-27,20899121.0
1989-05-28,20916366.0
1989-05-29,20923569.0
1989-05-30,20932216.0
1989-05-31,20945190.0
1989-06-01,20949517.0
1989-06-02,20962464.0
1989-06-03,20976896.0
1989-06-04,20995633.0
1989-06-05,20999967.0
1989-06-06,21025950.0
1989-06-07,21030288.0
1989-06-08,21034627.0
1989-06-09,21033181.0
1989-06-10,21043308.0
1989-06-11,21060641.0
1989-06-12,21056334.0
1989-06-13,21057781.0
1989-06-14,21060641.0
1989-06-15,21040414.0
1989-06-16,21038967.0
1989-06-17,21036074.0
1989-06-18,21037521.0
1989-06-19,21034627.0
1989-06-20,21024504.0
1989-06-21,21012973.0
1989-06-22,21008637.0
1989-06-23,21014419.0
1989-06-24,20992744.0
1989-06-25,20991300.0
1989-06-26,20975452.0
1989-06-27,20958136.0
1989-06-28,20955251.0
1989-06-29,20938256.0
1989-06-30,20921271.0
1989-07-01,20904297.0
1989-07-02,20887333.0
1989-07-03,20870379.0
1989-07-04,20858876.0
1989-07-05,20840230.0
1989-07-06,20818690.0
1989-07-07,20792899.0
1989-07-08,20767131.0
1989-07-09,20742784.0
1989-07-10,20718494.0
1989-07-11,20695654.0
1989-07-12,20677081.0
1989-07-13,20668514.0
1989-07-14,20644288.0
1989-07-15,20625786.0
1989-07-16,20615809.0
1989-07-17,20597291.0
1989-07-18,20580242.0
1989-07-19,20556095.0
1989-07-20,20523411.0
1989-07-21,20502151.0
1989-07-22,20480908.0
1989-07-23,20468150.0
1989-07-24,20442685.0
1989-07-25,20422869.0
1989-07-26,20396033.0
1989-07-27,20369223.0
1989-07-28,20362164.0
1989-07-29,20359340.0
1989-07-30,20348050.0
1989-07-31,20339619.0
1989-08-01,20315650.0
1989-08-02,20297370.0
1989-08-03,20290329.0
1989-08-04,20269251.0
1989-08-05,20253780.0
1989-08-06,20245345.0
1989-08-07,20228517.0
1989-08-08,20204647.0
1989-08-09,20186442.0
1989-08-10,20158440.0
1989-08-11,20155638.0
1989-08-12,20133267.0
1989-08-13,20116476.0
1989-08-14,20095536.0
1989-08-15,20073181.0
1989-08-16,20046694.0
1989-08-17,20041114.0
1989-08-18,20048089.0
1989-08-19,20041114.0
1989-08-20,20046694.0
1989-08-21,20031352.0
1989-08-22,20011872.0
1989-08-23,19986839.0
1989-08-24,19965967.0
1989-08-25,19949316.0
1989-08-26,19927086.0
1989-08-27,19910459.0
1989-08-28,19882750.0
1989-08-29,19852299.0
1989-08-30,19827385.0
1989-08-31,19805292.0
1989-09-01,19795618.0
1989-09-02,19772172.0
1989-09-03,19754231.0
1989-09-04,19741851.0
1989-09-05,19721189.0
1989-09-06,19695390.0
1989-09-07,19669617.0
1989-09-08,19642851.0
1989-09-09,19618162.0
1989-09-10,19604456.0
1989-09-11,19592122.0
1989-09-12,19568862.0
1989-09-13,19544254.0
1989-09-14,19522371.0
1989-09-15,19495077.0
1989-09-16,19469177.0
1989-09-17,19445995.0
1989-09-18,19424231.0
1989-09-19,19401124.0
1989-09-20,19379365.0
1989-09-21,19356300.0
1989-09-22,19331899.0
1989-09-23,19315623.0
1989-09-24,19302101.0
1989-09-25,19280428.0
1989-09-26,19253397.0
1989-09-27,19230448.0
1989-09-28,19211538.0
1989-09-29,19199422.0
1989-09-30,19183233.0
1989-10-01,19183233.0
1989-10-02,19167087.0
1989-10-03,19149573.0
1989-10-04,19145532.0
1989-10-05,19133449.0
1989-10-06,19129412.0
1989-10-07,19129412.0
1989-10-08,19129412.0
1989-10-09,19129412.0
1989-10-10,19119994.0
1989-10-11,19109234.0
1989-10-12,19095825.0
1989-10-13,19079704.0
1989-10-14,19071680.0
1989-10-15,19078361.0
1989-10-16,19064969.0
1989-10-17,19040822.0
1989-10-18,19019411.0
1989-10-19,19008696.0
1989-10-20,18998019.0
1989-10-21,18994003.0
1989-10-22,18991327.0
1989-10-23,18983300.0
1989-10-24,18975275.0
1989-10-25,18971297.0
1989-10-26,18972601.0
1989-10-27,18965949.0
1989-10-28,18964603.0
1989-10-29,18963428.0
1989-10-30,18955562.0
1989-10-31,18947699.0
1989-11-01,18930797.0
1989-11-02,18915247.0
1989-11-03,18901925.0
1989-11-04,18892604.0
1989-11-05,18884617.0
1989-11-06,18880625.0
1989-11-07,18875290.0
1989-11-08,18858017.0
1989-11-09,18852695.0
1989-11-10,18848704.0
1989-11-11,18843383.0
1989-11-12,18839394.0
1989-11-13,18822147.0
1989-11-14,18812848.0
1989-11-15,18800929.0
1989-11-16,18787657.0
1989-11-17,18771773.0
1989-11-18,18766470.0
1989-11-19,18770448.0
1989-11-20,18755868.0
1989-11-21,18747919.0
1989-11-22,18739973.0
1989-11-23,18737357.0
1989-11-24,18729414.0
1989-11-25,18729414.0
1989-11-26,18728091.0
1989-11-27,18714860.0
1989-11-28,18697702.0
1989-11-29,18679205.0
1989-11-30,18668673.0
1989-12-01,18652837.0
1989-12-02,18654156.0
1989-12-03,18654156.0
1989-12-04,18651517.0
1989-12-05,18644922.0
1989-12-06,18642285.0
1989-12-07,18626498.0
1989-12-08,18612007.0
1989-12-09,18601505.0
1989-12-10,18598873.0
1989-12-11,18573910.0
1989-12-12,18552881.0
1989-12-13,18530592.0
1989-12-14,18512225.0
1989-12-15,18488664.0
1989-12-16,18482115.0
1989-12-17,18469053.0
1989-12-18,18454656.0
1989-12-19,18435069.0
1989-12-20,18420691.0
1989-12-21,18399824.0
1989-12-22,18382855.0
1989-12-23,18375059.0
1989-12-24,18368537.0
1989-12-25,18368537.0
1989-12-26,18360713.0
1989-12-27,18347679.0
1989-12-28,18332078.0
1989-12-29,18312581.0
1989-12-30,18299570.0
1989-12-31,18291767.0
1990-01-01,18286566.0
1990-01-02,18276199.0
1990-01-03,18254115.0
1990-01-04,18233379.0
1990-01-05,18219111.0
1990-01-06,18199698.0
1990-01-07,18193220.0
1990-01-08,18176415.0
1990-01-09,18163472.0
1990-01-10,18145394.0
1990-01-11,18131174.0
1990-01-12,18115701.0
1990-01-13,18111827.0
1990-01-14,18114410.0
1990-01-15,18100206.0
1990-01-16,18084752.0
1990-01-17,18082172.0
1990-01-18,18058963.0
1990-01-19,18040958.0
1990-01-20,18026795.0
1990-01-21,18025508.0
1990-01-22,18008812.0
1990-01-23,17990810.0
1990-01-24,17981845.0
1990-01-25,17977991.0
1990-01-26,17975422.0
1990-01-27,17958727.0
1990-01-28,17953624.0
1990-01-29,17940792.0
1990-01-30,17930531.0
1990-01-31,17922869.0
1990-02-01,17916460.0
1990-02-02,17899804.0
1990-02-03,17897242.0
1990-02-04,17897242.0
1990-02-05,17887030.0
1990-02-06,17879350.0
1990-02-07,17869114.0
1990-02-08,17851236.0
1990-02-09,17842294.0
1990-02-10,17841016.0
1990-02-11,17843572.0
1990-02-12,17839738.0
1990-02-13,17828272.0
1990-02-14,17806576.0
1990-02-15,17790008.0
1990-02-16,17775997.0
1990-02-17,17764553.0
1990-02-18,17755637.0
1990-02-19,17742904.0
1990-02-20,17730209.0
1990-02-21,17714947.0
1990-02-22,17700995.0
1990-02-23,17689561.0
1990-02-24,17680671.0
1990-02-25,17678131.0
1990-02-26,17661662.0
1990-02-27,17636330.0
1990-02-28,17613525.0
1990-03-01,17597099.0
1990-03-02,17583182.0
1990-03-03,17575625.0
1990-03-04,17568039.0
1990-03-05,17551612.0
1990-03-06,17525130.0
1990-03-07,17516298.0
1990-03-08,17511284.0
1990-03-09,17497415.0
1990-03-10,17498676.0
1990-03-11,17512545.0
1990-03-12,17498676.0
1990-03-13,17487344.0
1990-03-14,17473509.0
1990-03-15,17465955.0
1990-03-16,17464696.0
1990-03-17,17463437.0
1990-03-18,17468473.0
1990-03-19,17458403.0
1990-03-20,17452112.0
1990-03-21,17445853.0
1990-03-22,17428249.0
1990-03-23,17408178.0
1990-03-24,17408178.0
1990-03-25,17409434.0
1990-03-26,17405666.0
1990-03-27,17396877.0
1990-03-28,17384358.0
1990-03-29,17371815.0
1990-03-30,17356771.0
1990-03-31,17344273.0
1990-04-01,17341768.0
1990-04-02,17341768.0
1990-04-03,17334254.0
1990-04-04,17324270.0
1990-04-05,17309256.0
1990-04-06,17305503.0
1990-04-07,17310506.0
1990-04-08,17304253.0
1990-04-09,17296751.0
1990-04-10,17289281.0
1990-04-11,17273040.0
1990-04-12,17255591.0
1990-04-13,17251848.0
1990-04-14,17248104.0
1990-04-15,17244362.0
1990-04-16,17234384.0
1990-04-17,17210734.0
1990-04-18,17206997.0
1990-04-19,17197065.0
1990-04-20,17187107.0
1990-04-21,17184618.0
1990-04-22,17185863.0
1990-04-23,17192086.0
1990-04-24,17179641.0
1990-04-25,17170934.0
1990-04-26,17175909.0
1990-04-27,17169691.0
1990-04-28,17167234.0
1990-04-29,17159774.0
1990-04-30,17154802.0
1990-05-01,17153560.0
1990-05-02,17156045.0
1990-05-03,17157288.0
1990-05-04,17154802.0
1990-05-05,17156045.0
1990-05-06,17153560.0
1990-05-07,17142377.0
1990-05-08,17133714.0
1990-05-09,17125023.0
1990-05-10,17107651.0
1990-05-11,17097761.0
1990-05-12,17096521.0
1990-05-13,17101481.0
1990-05-14,17095281.0
1990-05-15,17084126.0
1990-05-16,17081648.0
1990-05-17,17070529.0
1990-05-18,17060624.0
1990-05-19,17061862.0
1990-05-20,17066814.0
1990-05-21,17069291.0
1990-05-22,17061862.0
1990-05-23,17049485.0
1990-05-24,17037144.0
1990-05-25,17029725.0
1990-05-26,17032198.0
1990-05-27,17043329.0
1990-05-28,17054435.0
1990-05-29,17058148.0
1990-05-30,17061862.0
1990-05-31,17065576.0
1990-06-01,17094041.0
1990-06-02,17106441.0
1990-06-03,17122541.0
1990-06-04,17141135.0
1990-06-05,17141135.0
1990-06-06,17142377.0
1990-06-07,17138651.0
1990-06-08,17152317.0
1990-06-09,17174666.0
1990-06-10,17192086.0
1990-06-11,17213226.0
1990-06-12,17225687.0
1990-06-13,17241867.0
1990-06-14,17251848.0
1990-06-15,17270542.0
1990-06-16,17303002.0
1990-06-17,17325491.0
1990-06-18,17327994.0
1990-06-19,17334254.0
1990-06-20,17335506.0
1990-06-21,17331750.0
1990-06-22,17321767.0
1990-06-23,17303002.0
1990-06-24,17303002.0
1990-06-25,17305503.0
1990-06-26,17289281.0
1990-06-27,17273040.0
1990-06-28,17263050.0
1990-06-29,17270542.0
1990-06-30,17279285.0
1990-07-01,17283033.0
1990-07-02,17279285.0
1990-07-03,17253095.0
1990-07-04,17238125.0
1990-07-05,17223195.0
1990-07-06,17198310.0
1990-07-07,17190841.0
1990-07-08,17190841.0
1990-07-09,17185863.0
1990-07-10,17165990.0
1990-07-11,17163504.0
1990-07-12,17149832.0
1990-07-13,17148589.0
1990-07-14,17156045.0
1990-07-15,17165990.0
1990-07-16,17146104.0
1990-07-17,17122541.0
1990-07-18,17111373.0
1990-07-19,17099001.0
1990-07-20,17073006.0
1990-07-21,17055672.0
1990-07-22,17027253.0
1990-07-23,17005042.0
1990-07-24,16981617.0
1990-07-25,16960651.0
1990-07-26,16938503.0
1990-07-27,16936040.0
1990-07-28,16936040.0
1990-07-29,16932346.0
1990-07-30,16910223.0
1990-07-31,16883207.0
1990-08-01,16851312.0
1990-08-02,16824364.0
1990-08-03,16798670.0
1990-08-04,16775421.0
1990-08-05,16759557.0
1990-08-06,16729052.0
1990-08-07,16698587.0
1990-08-08,16666945.0
1990-08-09,16636562.0
1990-08-10,16606214.0
1990-08-11,16585604.0
1990-08-12,16568645.0
1990-08-13,16545649.0
1990-08-14,16520269.0
1990-08-15,16492496.0
1990-08-16,16473176.0
1990-08-17,16449078.0
1990-08-18,16433438.0
1990-08-19,16418984.0
1990-08-20,16394943.0
1990-08-21,16367324.0
1990-08-22,16343339.0
1990-08-23,16313386.0
1990-08-24,16284671.0
1990-08-25,16265528.0
1990-08-26,16253601.0
1990-08-27,16230903.0
1990-08-28,16205872.0
1990-08-29,16174913.0
1990-08-30,16154704.0
1990-08-31,16128570.0
1990-09-01,16109562.0
1990-09-02,16097720.0
1990-09-03,16087041.0
1990-09-04,16076396.0
1990-09-05,16056249.0
1990-09-06,16037332.0
1990-09-07,16017240.0
1990-09-08,15997167.0
1990-09-09,15977111.0
1990-09-10,15957083.0
1990-09-11,15945292.0
1990-09-12,15928825.0
1990-09-13,15911164.0
1990-09-14,15906457.0
1990-09-15,15899426.0
1990-09-16,15892370.0
1990-09-17,15873575.0
1990-09-18,15860661.0
1990-09-19,15847754.0
1990-09-20,15833703.0
1990-09-21,15813771.0
1990-09-22,15795057.0
1990-09-23,15784521.0
1990-09-24,15770509.0
1990-09-25,15752999.0
1990-09-26,15734306.0
1990-09-27,15720326.0
1990-09-28,15719159.0
1990-09-29,15719159.0
1990-09-30,15722660.0
1990-10-01,15720326.0
1990-10-02,15727301.0
1990-10-03,15727301.0
1990-10-04,15721493.0
1990-10-05,15716825.0
1990-10-06,15714491.0
1990-10-07,15712158.0
1990-10-08,15708658.0
1990-10-09,15699328.0
1990-10-10,15691196.0
1990-10-11,15691196.0
1990-10-12,15688865.0
1990-10-13,15686535.0
1990-10-14,15691196.0
1990-10-15,15688865.0
1990-10-16,15681874.0
1990-10-17,15680709.0
1990-10-18,15677214.0
1990-10-19,15676049.0
1990-10-20,15680709.0
1990-10-21,15680709.0
1990-10-22,15685369.0
1990-10-23,15686535.0
1990-10-24,15685369.0
1990-10-25,15683039.0
1990-10-26,15688865.0
1990-10-27,15693528.0
1990-10-28,15696996.0
1990-10-29,15699328.0
1990-10-30,15699328.0
1990-10-31,15696996.0
1990-11-01,15692362.0
1990-11-02,15691196.0
1990-11-03,15692362.0
1990-11-04,15692362.0
1990-11-05,15688865.0
1990-11-06,15693528.0
1990-11-07,15679544.0
1990-11-08,15671391.0
1990-11-09,15672555.0
1990-11-10,15678379.0
1990-11-11,15680709.0
1990-11-12,15679544.0
1990-11-13,15672555.0
1990-11-14,15664433.0
1990-11-15,15656286.0
1990-11-16,15646978.0
1990-11-17,15643488.0
1990-11-18,15643488.0
1990-11-19,15631889.0
1990-11-20,15631889.0
1990-11-21,15610975.0
1990-11-22,15605197.0
1990-11-23,15601714.0
1990-11-24,15600553.0
1990-11-25,15597071.0
1990-11-26,15583148.0
1990-11-27,15578226.0
1990-11-28,15573305.0
1990-11-29,15568385.0
1990-11-30,15563466.0
1990-12-01,15556514.0
1990-12-02,15557673.0
1990-12-03,15546118.0
1990-12-04,15535699.0
1990-12-05,15525285.0
1990-12-06,15511435.0
1990-12-07,15498721.0
1990-12-08,15491817.0
1990-12-09,15484888.0
1990-12-10,15471035.0
1990-12-11,15456066.0
1990-12-12,15445689.0
1990-12-13,15431890.0
1990-12-14,15433042.0
1990-12-15,15431890.0
1990-12-16,15431890.0
1990-12-17,15421525.0
1990-12-18,15412315.0
1990-12-19,15399687.0
1990-12-20,15388187.0
1990-12-21,15376722.0
1990-12-22,15362938.0
1990-12-23,15345748.0
1990-12-24,15327397.0
1990-12-25,15309090.0
1990-12-26,15290798.0
1990-12-27,15275926.0
1990-12-28,15267920.0
1990-12-29,15264491.0
1990-12-30,15267920.0
1990-12-31,15246237.0
1991-01-01,15222293.0
1991-01-02,15201796.0
1991-01-03,15184706.0
1991-01-04,15168796.0
1991-01-05,15152870.0
1991-01-06,15136983.0
1991-01-07,15121081.0
1991-01-08,15106353.0
1991-01-09,15091635.0
1991-01-10,15078033.0
1991-01-11,15083699.0
1991-01-12,15082566.0
1991-01-13,15084833.0
1991-01-14,15081433.0
1991-01-15,15076900.0
1991-01-16,15059938.0
1991-01-17,15053146.0
1991-01-18,15038438.0
1991-01-19,15032811.0
1991-01-20,15038438.0
1991-01-21,15023767.0
1991-01-22,15015857.0
1991-01-23,14995558.0
1991-01-24,14973023.0
1991-01-25,14976406.0
1991-01-26,14976406.0
1991-01-27,14973023.0
1991-01-28,14960624.0
1991-01-29,14949386.0
1991-01-30,14942630.0
1991-01-31,14932500.0
1991-02-01,14920152.0
1991-02-02,14908909.0
1991-02-03,14902166.0
1991-02-04,14890960.0
1991-02-05,14885345.0
1991-02-06,14878609.0
1991-02-07,14868510.0
1991-02-08,14867388.0
1991-02-09,14871876.0
1991-02-10,14877487.0
1991-02-11,14868510.0
1991-02-12,14853959.0
1991-02-13,14844992.0
1991-02-14,14838297.0
1991-02-15,14831577.0
1991-02-16,14819262.0
1991-02-17,14823739.0
1991-02-18,14813667.0
1991-02-19,14798036.0
1991-02-20,14784623.0
1991-02-21,14777948.0
1991-02-22,14765665.0
1991-02-23,14763433.0
1991-02-24,14761201.0
1991-02-25,14756737.0
1991-02-26,14753417.0
1991-02-27,14746725.0
1991-02-28,14741149.0
1991-03-01,14737805.0
1991-03-02,14733346.0
1991-03-03,14738919.0
1991-03-04,14737805.0
1991-03-05,14731117.0
1991-03-06,14728888.0
1991-03-07,14725573.0
1991-03-08,14725573.0
1991-03-09,14725573.0
1991-03-10,14731117.0
1991-03-11,14726687.0
1991-03-12,14722231.0
1991-03-13,14718890.0
1991-03-14,14714435.0
1991-03-15,14713322.0
1991-03-16,14709982.0
1991-03-17,14711095.0
1991-03-18,14708869.0
1991-03-19,14706642.0
1991-03-20,14705529.0
1991-03-21,14705529.0
1991-03-22,14684420.0
1991-03-23,14664444.0
1991-03-24,14653340.0
1991-03-25,14635607.0
1991-03-26,14617885.0
1991-03-27,14605714.0
1991-03-28,14593534.0
1991-03-29,14599069.0
1991-03-30,14601284.0
1991-03-31,14602391.0
1991-04-01,14590214.0
1991-04-02,14586921.0
1991-04-03,14576965.0
1991-04-04,14574753.0
1991-04-05,14565909.0
1991-04-06,14573647.0
1991-04-07,14565909.0
1991-04-08,14559304.0
1991-04-09,14552676.0
1991-04-10,14540528.0
1991-04-11,14538321.0
1991-04-12,14532829.0
1991-04-13,14533906.0
1991-04-14,14537217.0
1991-04-15,14541632.0
1991-04-16,14539425.0
1991-04-17,14543841.0
1991-04-18,14540528.0
1991-04-19,14543841.0
1991-04-20,14541632.0
1991-04-21,14559304.0
1991-04-22,14565909.0
1991-04-23,14559304.0
1991-04-24,14562593.0
1991-04-25,14565909.0
1991-04-26,14562593.0
1991-04-27,14572542.0
1991-04-28,14585815.0
1991-04-29,14586921.0
1991-04-30,14586921.0
1991-05-01,14584708.0
1991-05-02,14589107.0
1991-05-03,14621198.0
1991-05-04,14612360.0
1991-05-05,14609036.0
1991-05-06,14602391.0
1991-05-07,14590214.0
1991-05-08,14575859.0
1991-05-09,14576965.0
1991-05-10,14572542.0
1991-05-11,14554885.0
1991-05-12,14553780.0
1991-05-13,14560409.0
1991-05-14,14569225.0
1991-05-15,14583602.0
1991-05-16,14601284.0
1991-05-17,14634503.0
1991-05-18,14677750.0
1991-05-19,14715549.0
1991-05-20,14734461.0
1991-05-21,14755621.0
1991-05-22,14783506.0
1991-05-23,14829337.0
1991-05-24,14860686.0
1991-05-25,14892083.0
1991-05-26,14930249.0
1991-05-27,14961751.0
1991-05-28,14994429.0
1991-05-29,15022637.0
1991-05-30,15053146.0
1991-05-31,15112027.0
1991-06-01,15165382.0
1991-06-02,15212028.0
1991-06-03,15250806.0
1991-06-04,15286220.0
1991-06-05,15307944.0
1991-06-06,15337717.0
1991-06-07,15354901.0
1991-06-08,15384738.0
1991-06-09,15426131.0
1991-06-10,15450301.0
1991-06-11,15476806.0
1991-06-12,15509123.0
1991-06-13,15534542.0
1991-06-14,15554197.0
1991-06-15,15594750.0
1991-06-16,15631889.0
1991-06-17,15657449.0
1991-06-18,15676049.0
1991-06-19,15698162.0
1991-06-20,15721493.0
1991-06-21,15741314.0
1991-06-22,15765831.0
1991-06-23,15793886.0
1991-06-24,15810284.0
1991-06-25,15817287.0
1991-06-26,15821976.0
1991-06-27,15824321.0
1991-06-28,15839568.0
1991-06-29,15861842.0
1991-06-30,15887665.0
1991-07-01,15880612.0
1991-07-02,15871211.0
1991-07-03,15864191.0
1991-07-04,15850101.0
1991-07-05,15832530.0
1991-07-06,15819632.0
1991-07-07,15802084.0
1991-07-08,15778698.0
1991-07-09,15762322.0
1991-07-10,15742482.0
1991-07-11,15723827.0
1991-07-12,15731971.0
1991-07-13,15738978.0
1991-07-14,15748324.0
1991-07-15,15729636.0
1991-07-16,15712158.0
1991-07-17,15695831.0
1991-07-18,15673720.0
1991-07-19,15650468.0
1991-07-20,15636539.0
1991-07-21,15619106.0
1991-07-22,15595910.0
1991-07-23,15584308.0
1991-07-24,15562307.0
1991-07-25,15542645.0
1991-07-26,15543802.0
1991-07-27,15543802.0
1991-07-28,15547276.0
1991-07-29,15536856.0
1991-07-30,15507967.0
1991-07-31,15488352.0
1991-08-01,15465266.0
1991-08-02,15462987.0
1991-08-03,15437622.0
1991-08-04,15444537.0
1991-08-05,15424979.0
1991-08-06,15410013.0
1991-08-07,15399687.0
1991-08-08,15391636.0
1991-08-09,15376722.0
1991-08-10,15362938.0
1991-08-11,15349162.0
1991-08-12,15331983.0
1991-08-13,15322812.0
1991-08-14,15302218.0
1991-08-15,15283932.0
1991-08-16,15265634.0
1991-08-17,15250806.0
1991-08-18,15234818.0
1991-08-19,15221152.0
1991-08-20,15204075.0
1991-08-21,15181290.0
1991-08-22,15161969.0
1991-08-23,15141529.0
1991-08-24,15123352.0
1991-08-25,15113162.0
1991-08-26,15091635.0
1991-08-27,15068970.0
1991-08-28,15053146.0
1991-08-29,15033942.0
1991-08-30,15012468.0
1991-08-31,14989915.0
1991-09-01,14984274.0
1991-09-02,14977534.0
1991-09-03,14959497.0
1991-09-04,14940379.0
1991-09-05,14919028.0
1991-09-06,14913406.0
1991-09-07,14908909.0
1991-09-08,14906661.0
1991-09-09,14902166.0
1991-09-10,14903290.0
1991-09-11,14895425.0
1991-09-12,14887591.0
1991-09-13,14881977.0
1991-09-14,14877487.0
1991-09-15,14878609.0
1991-09-16,14870754.0
1991-09-17,14860686.0
1991-09-18,14850596.0
1991-09-19,14838297.0
1991-09-20,14828217.0
1991-09-21,14813667.0
1991-09-22,14812548.0
1991-09-23,14800272.0
1991-09-24,14783506.0
1991-09-25,14767898.0
1991-09-26,14750071.0
1991-09-27,14731117.0
1991-09-28,14717776.0
1991-09-29,14705529.0
1991-09-30,14698880.0
1991-10-01,14694429.0
1991-10-02,14691093.0
1991-10-03,14684420.0
1991-10-04,14681085.0
1991-10-05,14676639.0
1991-10-06,14673305.0
1991-10-07,14664444.0
1991-10-08,14662223.0
1991-10-09,14651119.0
1991-10-10,14642268.0
1991-10-11,14636721.0
1991-10-12,14630067.0
1991-10-13,14625632.0
1991-10-14,14618981.0
1991-10-15,14612360.0
1991-10-16,14604606.0
1991-10-17,14594641.0
1991-10-18,14593534.0
1991-10-19,14590214.0
1991-10-20,14583602.0
1991-10-21,14576965.0
1991-10-22,14568119.0
1991-10-23,14558200.0
1991-10-24,14554885.0
1991-10-25,14549362.0
1991-10-26,14540528.0
1991-10-27,14546049.0
1991-10-28,14542736.0
1991-10-29,14538321.0
1991-10-30,14543841.0
1991-10-31,14546049.0
1991-11-01,14540528.0
1991-11-02,14543841.0
1991-11-03,14540528.0
1991-11-04,14531726.0
1991-11-05,14527312.0
1991-11-06,14522900.0
1991-11-07,14518488.0
1991-11-08,14515180.0
1991-11-09,14514078.0
1991-11-10,14510771.0
1991-11-11,14509668.0
1991-11-12,14505287.0
1991-11-13,14498676.0
1991-11-14,14505287.0
1991-11-15,14504185.0
1991-11-16,14500879.0
1991-11-17,14508566.0
1991-11-18,14510771.0
1991-11-19,14511873.0
1991-11-20,14508566.0
1991-11-21,14506362.0
1991-11-22,14504185.0
1991-11-23,14496473.0
1991-11-24,14497574.0
1991-11-25,14492067.0
1991-11-26,14483259.0
1991-11-27,14481057.0
1991-11-28,14477782.0
1991-11-29,14476682.0
1991-11-30,14474481.0
1991-12-01,14462381.0
1991-12-02,14455784.0
1991-12-03,14447019.0
1991-12-04,14439329.0
1991-12-05,14428348.0
1991-12-06,14417400.0
1991-12-07,14407528.0
1991-12-08,14400950.0
1991-12-09,14391113.0
1991-12-10,14382349.0
1991-12-11,14376873.0
1991-12-12,14364860.0
1991-12-13,14363766.0
1991-12-14,14360483.0
1991-12-15,14360483.0
1991-12-16,14353920.0
1991-12-17,14342987.0
1991-12-18,14333179.0
1991-12-19,14327717.0
1991-12-20,14318982.0
1991-12-21,14308094.0
1991-12-22,14308094.0
1991-12-23,14302640.0
1991-12-24,14295006.0
1991-12-25,14291735.0
1991-12-26,14285221.0
1991-12-27,14278684.0
1991-12-28,14272148.0
1991-12-29,14268881.0
1991-12-30,14259110.0
1991-12-31,14251493.0
1992-01-01,14244966.0
1992-01-02,14236268.0
1992-01-03,14223253.0
1992-01-04,14215650.0
1992-01-05,14212393.0
1992-01-06,14197225.0
1992-01-07,14188547.0
1992-01-08,14178790.0
1992-01-09,14169064.0
1992-01-10,14158234.0
1992-01-11,14148518.0
1992-01-12,14139863.0
1992-01-13,14126887.0
1992-01-14,14121510.0
1992-01-15,14109626.0
1992-01-16,14093459.0
1992-01-17,14076202.0
1992-01-18,14064373.0
1992-01-19,14053601.0
1992-01-20,14034254.0
1992-01-21,14013853.0
1992-01-22,13993446.0
1992-01-23,13978451.0
1992-01-24,13966656.0
1992-01-25,13952752.0
1992-01-26,13948468.0
1992-01-27,13936692.0
1992-01-28,13921741.0
1992-01-29,13914257.0
1992-01-30,13904665.0
1992-01-31,13897188.0
1992-02-01,13893984.0
1992-02-02,13889714.0
1992-02-03,13882268.0
1992-02-04,13872667.0
1992-02-05,13866268.0
1992-02-06,13864136.0
1992-02-07,13856675.0
1992-02-08,13851373.0
1992-02-09,13850308.0
1992-02-10,13847112.0
1992-02-11,13838593.0
1992-02-12,13833271.0
1992-02-13,13829040.0
1992-02-14,13827976.0
1992-02-15,13826912.0
1992-02-16,13826912.0
1992-02-17,13824784.0
1992-02-18,13813085.0
1992-02-19,13807770.0
1992-02-20,13800358.0
1992-02-21,13793984.0
1992-02-22,13786551.0
1992-02-23,13786551.0
1992-02-24,13773841.0
1992-02-25,13769598.0
1992-02-26,13760054.0
1992-02-27,13752634.0
1992-02-28,13749481.0
1992-02-29,13745243.0
1992-03-01,13744184.0
1992-03-02,13737828.0
1992-03-03,13741006.0
1992-03-04,13736769.0
1992-03-05,13735710.0
1992-03-06,13734651.0
1992-03-07,13733592.0
1992-03-08,13738887.0
1992-03-09,13734651.0
1992-03-10,13733592.0
1992-03-11,13731475.0
1992-03-12,13733592.0
1992-03-13,13732534.0
1992-03-14,13731475.0
1992-03-15,13729357.0
1992-03-16,13725123.0
1992-03-17,13719858.0
1992-03-18,13715625.0
1992-03-19,13716683.0
1992-03-20,13706106.0
1992-03-21,13698705.0
1992-03-22,13700819.0
1992-03-23,13703991.0
1992-03-24,13696617.0
1992-03-25,13694503.0
1992-03-26,13687106.0
1992-03-27,13690276.0
1992-03-28,13690276.0
1992-03-29,13690276.0
1992-03-30,13693446.0
1992-03-31,13698705.0
1992-04-01,13699762.0
1992-04-02,13697648.0
1992-04-03,13699762.0
1992-04-04,13697648.0
1992-04-05,13699762.0
1992-04-06,13698705.0
1992-04-07,13697648.0
1992-04-08,13697648.0
1992-04-09,13694503.0
1992-04-10,13698705.0
1992-04-11,13701877.0
1992-04-12,13709279.0
1992-04-13,13715625.0
1992-04-14,13718800.0
1992-04-15,13724065.0
1992-04-16,13735710.0
1992-04-17,13743124.0
1992-04-18,13762175.0
1992-04-19,13771720.0
1992-04-20,13787613.0
1992-04-21,13798233.0
1992-04-22,13820529.0
1992-04-23,13835400.0
1992-04-24,13846047.0
1992-04-25,13859872.0
1992-04-26,13873733.0
1992-04-27,13891849.0
1992-04-28,13895052.0
1992-04-29,13904665.0
1992-04-30,13913188.0
1992-05-01,13923880.0
1992-05-02,13936692.0
1992-05-03,13958109.0
1992-05-04,13970944.0
1992-05-05,13990226.0
1992-05-06,14009555.0
1992-05-07,14032103.0
1992-05-08,14050371.0
1992-05-09,14082672.0
1992-05-10,14099909.0
1992-05-11,14134455.0
1992-05-12,14170148.0
1992-05-13,14197225.0
1992-05-14,14223253.0
1992-05-15,14252581.0
1992-05-16,14287374.0
1992-05-17,14322257.0
1992-05-18,14355014.0
1992-05-19,14387826.0
1992-05-20,14428348.0
1992-05-21,14467880.0
1992-05-22,14490966.0
1992-05-23,14536113.0
1992-05-24,14585815.0
1992-05-25,14643378.0
1992-05-26,14679974.0
1992-05-27,14723345.0
1992-05-28,14772364.0
1992-05-29,14820381.0
1992-05-30,14874120.0
1992-05-31,14934751.0
1992-06-01,14970768.0
1992-06-02,14989915.0
1992-06-03,15037307.0
1992-06-04,15067837.0
1992-06-05,15090501.0
1992-06-06,15109757.0
1992-06-07,15133575.0
1992-06-08,15160831.0
1992-06-09,15183567.0
1992-06-10,15206327.0
1992-06-11,15216590.0
1992-06-12,15222293.0
1992-06-13,15237102.0
1992-06-14,15249663.0
1992-06-15,15255376.0
1992-06-16,15271350.0
1992-06-17,15281644.0
1992-06-18,15288509.0
1992-06-19,15294204.0
1992-06-20,15295348.0
1992-06-21,15303363.0
1992-06-22,15302218.0
1992-06-23,15306799.0
1992-06-24,15301073.0
1992-06-25,15297638.0
1992-06-26,15297638.0
1992-06-27,15298783.0
1992-06-28,15293059.0
1992-06-29,15287365.0
1992-06-30,15275925.0
1992-07-01,15265634.0
1992-07-02,15253091.0
1992-07-03,15259947.0
1992-07-04,15239385.0
1992-07-05,15233705.0
1992-07-06,15220012.0
1992-07-07,15200656.0
1992-07-08,15185845.0
1992-07-09,15172210.0
1992-07-10,15159694.0
1992-07-11,15141529.0
1992-07-12,15135847.0
1992-07-13,15131303.0
1992-07-14,15129031.0
1992-07-15,15118838.0
1992-07-16,15110892.0
1992-07-17,15097278.0
1992-07-18,15087100.0
1992-07-19,15083699.0
1992-07-20,15065572.0
1992-07-21,15046356.0
1992-07-22,15033942.0
1992-07-23,15021507.0
1992-07-24,14997815.0
1992-07-25,14984274.0
1992-07-26,14982018.0
1992-07-27,14971896.0
1992-07-28,14962878.0
1992-07-29,14956117.0
1992-07-30,14932500.0
1992-07-31,14913406.0
1992-08-01,14902166.0
1992-08-02,14890960.0
1992-08-03,14866294.0
1992-08-04,14848354.0
1992-08-05,14836057.0
1992-08-06,14815905.0
1992-08-07,14792446.0
1992-08-08,14774597.0
1992-08-09,14758969.0
1992-08-10,14747840.0
1992-08-11,14725573.0
1992-08-12,14703303.0
1992-08-13,14693317.0
1992-08-14,14668888.0
1992-08-15,14646680.0
1992-08-16,14633394.0
1992-08-17,14607929.0
1992-08-18,14590214.0
1992-08-19,14571436.0
1992-08-20,14552676.0
1992-08-21,14536678.0
1992-08-22,14520694.0
1992-08-23,14509668.0
1992-08-24,14489864.0
1992-08-25,14481057.0
1992-08-26,14470080.0
1992-08-27,14459082.0
1992-08-28,14444821.0
1992-08-29,14434936.0
1992-08-30,14438230.0
1992-08-31,14427250.0
1992-09-01,14413012.0
1992-09-02,14400950.0
1992-09-03,14390017.0
1992-09-04,14380159.0
1992-09-05,14369211.0
1992-09-06,14361577.0
1992-09-07,14355014.0
1992-09-08,14339735.0
1992-09-09,14325533.0
1992-09-10,14311368.0
1992-09-11,14293915.0
1992-09-12,14280863.0
1992-09-13,14271059.0
1992-09-14,14256933.0
1992-09-15,14240616.0
1992-09-16,14224340.0
1992-09-17,14211307.0
1992-09-18,14202650.0
1992-09-19,14201565.0
1992-09-20,14199395.0
1992-09-21,14191801.0
1992-09-22,14180958.0
1992-09-23,14167981.0
1992-09-24,14152821.0
1992-09-25,14148518.0
1992-09-26,14129049.0
1992-09-27,14120429.0
1992-09-28,14108546.0
1992-09-29,14096697.0
1992-09-30,14084829.0
1992-10-01,14079436.0
1992-10-02,14071890.0
1992-10-03,14063295.0
1992-10-04,14061141.0
1992-10-05,14052525.0
1992-10-06,14041786.0
1992-10-07,14028877.0
1992-10-08,14021350.0
1992-10-09,14014927.0
1992-10-10,14006332.0
1992-10-11,13998814.0
1992-10-12,13992373.0
1992-10-13,13982741.0
1992-10-14,13970944.0
1992-10-15,13964512.0
1992-10-16,13955966.0
1992-10-17,13954895.0
1992-10-18,13949539.0
1992-10-19,13943114.0
1992-10-20,13936692.0
1992-10-21,13930298.0
1992-10-22,13921741.0
1992-10-23,13914257.0
1992-10-24,13907871.0
1992-10-25,13908939.0
1992-10-26,13903597.0
1992-10-27,13901460.0
1992-10-28,13891849.0
1992-10-29,13888646.0
1992-10-30,13882268.0
1992-10-31,13891849.0
1992-11-01,13888646.0
1992-11-02,13887579.0
1992-11-03,13886511.0
1992-11-04,13882268.0
1992-11-05,13879067.0
1992-11-06,13873733.0
1992-11-07,13867334.0
1992-11-08,13862004.0
1992-11-09,13855635.0
1992-11-10,13851373.0
1992-11-11,13846047.0
1992-11-12,13837529.0
1992-11-13,13829040.0
1992-11-14,13821593.0
1992-11-15,13818402.0
1992-11-16,13810959.0
1992-11-17,13803519.0
1992-11-18,13797171.0
1992-11-19,13786551.0
1992-11-20,13780182.0
1992-11-21,13773841.0
1992-11-22,13774902.0
1992-11-23,13758994.0
1992-11-24,13748421.0
1992-11-25,13741006.0
1992-11-26,13733592.0
1992-11-27,13726182.0
1992-11-28,13717741.0
1992-11-29,13712452.0
1992-11-30,13703991.0
1992-12-01,13691332.0
1992-12-02,13678655.0
1992-12-03,13668123.0
1992-12-04,13656875.0
1992-12-05,13645633.0
1992-12-06,13634397.0
1992-12-07,13627021.0
1992-12-08,13610197.0
1992-12-09,13597569.0
1992-12-10,13586025.0
1992-12-11,13571310.0
1992-12-12,13563982.0
1992-12-13,13554531.0
1992-12-14,13538814.0
1992-12-15,13525181.0
1992-12-16,13513651.0
1992-12-17,13505296.0
1992-12-18,13493778.0
1992-12-19,13484384.0
1992-12-20,13473923.0
1992-12-21,13461377.0
1992-12-22,13448864.0
1992-12-23,13436334.0
1992-12-24,13423836.0
1992-12-25,13410278.0
1992-12-26,13397796.0
1992-12-27,13385296.0
1992-12-28,13371789.0
1992-12-29,13359305.0
1992-12-30,13346854.0
1992-12-31,13334385.0
1993-01-01,13329217.0
1993-01-02,13318835.0
1993-01-03,13312608.0
1993-01-04,13302260.0
1993-01-05,13289818.0
1993-01-06,13275338.0
1993-01-07,13262913.0
1993-01-08,13254634.0
1993-01-09,13254634.0
1993-01-10,13257738.0
1993-01-11,13254634.0
1993-01-12,13255669.0
1993-01-13,13244315.0
1993-01-14,13226767.0
1993-01-15,13218503.0
1993-01-16,13213339.0
1993-01-17,13213339.0
1993-01-18,13210242.0
1993-01-19,13210242.0
1993-01-20,13209209.0
1993-01-21,13203016.0
1993-01-22,13195818.0
1993-01-23,13188598.0
1993-01-24,13182411.0
1993-01-25,13168007.0
1993-01-26,13153589.0
1993-01-27,13139206.0
1993-01-28,13123806.0
1993-01-29,13110446.0
1993-01-30,13102230.0
1993-01-31,13104284.0
1993-02-01,13104284.0
1993-02-02,13098148.0
1993-02-03,13089936.0
1993-02-04,13078651.0
1993-02-05,13066371.0
1993-02-06,13055099.0
1993-02-07,13053051.0
1993-02-08,13054075.0
1993-02-09,13047930.0
1993-02-10,13045906.0
1993-02-11,13042835.0
1993-02-12,13040787.0
1993-02-13,13034646.0
1993-02-14,13027484.0
1993-02-15,13023392.0
1993-02-16,13010125.0
1993-02-17,13003993.0
1993-02-18,12990739.0
1993-02-19,12979510.0
1993-02-20,12997863.0
1993-02-21,13011147.0
1993-02-22,13011147.0
1993-02-23,13007059.0
1993-02-24,13010125.0
1993-02-25,13005015.0
1993-02-26,13000928.0
1993-02-27,12996842.0
1993-02-28,12993802.0
1993-03-01,12994824.0
1993-03-02,13002971.0
1993-03-03,13002971.0
1993-03-04,13002971.0
1993-03-05,13008081.0
1993-03-06,13013191.0
1993-03-07,13020349.0
1993-03-08,13022369.0
1993-03-09,13031576.0
1993-03-10,13035669.0
1993-03-11,13044883.0
1993-03-12,13053051.0
1993-03-13,13062272.0
1993-03-14,13066371.0
1993-03-15,13076599.0
1993-03-16,13082754.0
1993-03-17,13087884.0
1993-03-18,13106338.0
1993-03-19,13116611.0
1993-03-20,13132006.0
1993-03-21,13158737.0
1993-03-22,13185504.0
1993-03-23,13211274.0
1993-03-24,13237077.0
1993-03-25,13254634.0
1993-03-26,13275338.0
1993-03-27,13301223.0
1993-03-28,13332308.0
1993-03-29,13359305.0
1993-03-30,13389462.0
1993-03-31,13412363.0
1993-04-01,13433228.0
1993-04-02,13459313.0
1993-04-03,13485431.0
1993-04-04,13514699.0
1993-04-05,13533569.0
1993-04-06,13554531.0
1993-04-07,13571310.0
1993-04-08,13591283.0
1993-04-09,13615461.0
1993-04-10,13639667.0
1993-04-11,13664956.0
1993-04-12,13680768.0
1993-04-13,13705049.0
1993-04-14,13727240.0
1993-04-15,13745243.0
1993-04-16,13764295.0
1993-04-17,13779121.0
1993-04-18,13816275.0
1993-04-19,13823720.0
1993-04-20,13843917.0
1993-04-21,13867334.0
1993-04-22,13890781.0
1993-04-23,13908939.0
1993-04-24,13943114.0
1993-04-25,13975233.0
1993-04-26,14008480.0
1993-04-27,14042862.0
1993-04-28,14076202.0
1993-04-29,14112866.0
1993-04-30,14159317.0
1993-05-01,14211307.0
1993-05-02,14263437.0
1993-05-03,14305912.0
1993-05-04,14358295.0
1993-05-05,14404239.0
1993-05-06,14453586.0
1993-05-07,14505287.0
1993-05-08,14554885.0
1993-05-09,14604606.0
1993-05-10,14652230.0
1993-05-11,14695542.0
1993-05-12,14732232.0
1993-05-13,14770131.0
1993-05-14,14821500.0
1993-05-15,14878609.0
1993-05-16,14953864.0
1993-05-17,15028289.0
1993-05-18,15121081.0
1993-05-19,15240527.0
1993-05-20,15366383.0
1993-05-21,15489507.0
1993-05-22,15610975.0
1993-05-23,15740146.0
1993-05-24,15872386.0
1993-05-25,16005429.0
1993-05-26,16134513.0
1993-05-27,16255963.0
1993-05-28,16385323.0
1993-05-29,16519060.0
1993-05-30,16665727.0
1993-05-31,16804762.0
1993-06-01,16936040.0
1993-06-02,17070529.0
1993-06-03,17208243.0
1993-06-04,17323018.0
1993-06-05,17453370.0
1993-06-06,17560456.0
1993-06-07,17664200.0
1993-06-08,17760731.0
1993-06-09,17851241.0
1993-06-10,17929248.0
1993-06-11,17997238.0
1993-06-12,18066697.0
1993-06-13,18135051.0
1993-06-14,18197106.0
1993-06-15,18269702.0
1993-06-16,18345104.0
1993-06-17,18414158.0
1993-06-18,18508324.0
1993-06-19,18600189.0
1993-06-20,18684488.0
1993-06-21,18761169.0
1993-06-22,18839394.0
1993-06-23,18925914.0
1993-06-24,18994003.0
1993-06-25,19066311.0
1993-06-26,19132103.0
1993-06-27,19195374.0
1993-06-28,19249339.0
1993-06-29,19293971.0
1993-06-30,19337327.0
1993-07-01,19375320.0
1993-07-02,19410616.0
1993-07-03,19447358.0
1993-07-04,19496443.0
1993-07-05,19519637.0
1993-07-06,19546957.0
1993-07-07,19568862.0
1993-07-08,19593493.0
1993-07-09,19604463.0
1993-07-10,19615404.0
1993-07-11,19630502.0
1993-07-12,19638741.0
1993-07-13,19646983.0
1993-07-14,19653819.0
1993-07-15,19653819.0
1993-07-16,19653819.0
1993-07-17,19655193.0
1993-07-18,19659316.0
1993-07-19,19656568.0
1993-07-20,19651071.0
1993-07-21,19642862.0
1993-07-22,19634621.0
1993-07-23,19622266.0
1993-07-24,19620893.0
1993-07-25,19607206.0
1993-07-26,19596235.0
1993-07-27,19586639.0
1993-07-28,19571601.0
1993-07-29,19559276.0
1993-07-30,19540149.0
1993-07-31,19526472.0
1993-08-01,19512803.0
1993-08-02,19495077.0
1993-08-03,19469177.0
1993-08-04,19467812.0
1993-08-05,19443303.0
1993-08-06,19422869.0
1993-08-07,19403845.0
1993-08-08,19388882.0
1993-08-09,19372602.0
1993-08-10,19361733.0
1993-08-11,19344080.0
1993-08-12,19327829.0
1993-08-13,19308845.0
1993-08-14,19293971.0
1993-08-15,19270985.0
1993-08-16,19249339.0
1993-08-17,19234502.0
1993-08-18,19215589.0
1993-08-19,19203471.0
1993-08-20,19191326.0
1993-08-21,19171131.0
1993-08-22,19160349.0
1993-08-23,19146879.0
1993-08-24,19130757.0
1993-08-25,19140147.0
1993-08-26,19115958.0
1993-08-27,19102545.0
1993-08-28,19093137.0
1993-08-29,19078361.0
1993-08-30,19077018.0
1993-08-31,19074333.0
1993-09-01,19060943.0
1993-09-02,19063627.0
1993-09-03,19055575.0
1993-09-04,19050209.0
1993-09-05,19054234.0
1993-09-06,19035492.0
1993-09-07,19028790.0
1993-09-08,19020750.0
1993-09-09,19010035.0
1993-09-10,19000696.0
1993-09-11,18988651.0
1993-09-12,18987313.0
1993-09-13,18976613.0
1993-09-14,18961940.0
1993-09-15,18948578.0
1993-09-16,18935257.0
1993-09-17,18927249.0
1993-09-18,18924580.0
1993-09-19,18919243.0
1993-09-20,18911239.0
1993-09-21,18903271.0
1993-09-22,18891275.0
1993-09-23,18881949.0
1993-09-24,18876622.0
1993-09-25,18871328.0
1993-09-26,18864671.0
1993-09-27,18855356.0
1993-09-28,18846043.0
1993-09-29,18836767.0
1993-09-30,18824804.0
1993-10-01,18816833.0
1993-10-02,18814176.0
1993-10-03,18810191.0
1993-10-04,18804912.0
1993-10-05,18792965.0
1993-10-06,18796947.0
1993-10-07,18802257.0
1993-10-08,18807535.0
1993-10-09,18798274.0
1993-10-10,18799602.0
1993-10-11,18799602.0
1993-10-12,18800929.0
1993-10-13,18799602.0
1993-10-14,18794292.0
1993-10-15,18792965.0
1993-10-16,18795620.0
1993-10-17,18791638.0
1993-10-18,18798274.0
1993-10-19,18796947.0
1993-10-20,18796947.0
1993-10-21,18799602.0
1993-10-22,18799602.0
1993-10-23,18799602.0
1993-10-24,18802257.0
1993-10-25,18802257.0
1993-10-26,18803584.0
1993-10-27,18791638.0
1993-10-28,18796947.0
1993-10-29,18798274.0
1993-10-30,18790311.0
1993-10-31,18790311.0
1993-11-01,18786331.0
1993-11-02,18773067.0
1993-11-03,18757193.0
1993-11-04,18759843.0
1993-11-05,18751893.0
1993-11-06,18745270.0
1993-11-07,18749244.0
1993-11-08,18741297.0
1993-11-09,18734709.0
1993-11-10,18733385.0
1993-11-11,18728091.0
1993-11-12,18728091.0
1993-11-13,18733385.0
1993-11-14,18736033.0
1993-11-15,18726767.0
1993-11-16,18728091.0
1993-11-17,18724121.0
1993-11-18,18724121.0
1993-11-19,18718828.0
1993-11-20,18721474.0
1993-11-21,18720151.0
1993-11-22,18714860.0
1993-11-23,18716182.0
1993-11-24,18713537.0
1993-11-25,18709569.0
1993-11-26,18704312.0
1993-11-27,18708247.0
1993-11-28,18706924.0
1993-11-29,18701668.0
1993-11-30,18693737.0
1993-12-01,18685809.0
1993-12-02,18679205.0
1993-12-03,18667353.0
1993-12-04,18659434.0
1993-12-05,18658114.0
1993-12-06,18646241.0
1993-12-07,18638361.0
1993-12-08,18629134.0
1993-12-09,18621228.0
1993-12-10,18610690.0
1993-12-11,18601505.0
1993-12-12,18600189.0
1993-12-13,18588345.0
1993-12-14,18581768.0
1993-12-15,18566022.0
1993-12-16,18555509.0
1993-12-17,18548941.0
1993-12-18,18537155.0
1993-12-19,18535842.0
1993-12-20,18518783.0
1993-12-21,18509603.0
1993-12-22,18493905.0
1993-12-23,18480805.0
1993-12-24,18469053.0
1993-12-25,18459890.0
1993-12-26,18449423.0
1993-12-27,18433762.0
1993-12-28,18428533.0
1993-12-29,18416771.0
1993-12-30,18410271.0
1993-12-31,18402435.0
1994-01-01,18397212.0
1994-01-02,18390685.0
1994-01-03,18382855.0
1994-01-04,18372450.0
1994-01-05,18365929.0
1994-01-06,18358106.0
1994-01-07,18345104.0
1994-01-08,18341196.0
1994-01-09,18334682.0
1994-01-10,18321661.0
1994-01-11,18312581.0
1994-01-12,18296969.0
1994-01-13,18290467.0
1994-01-14,18274899.0
1994-01-15,18265804.0
1994-01-16,18264505.0
1994-01-17,18250220.0
1994-01-18,18242463.0
1994-01-19,18233379.0
1994-01-20,18221704.0
1994-01-21,18212659.0
1994-01-22,18206178.0
1994-01-23,18203586.0
1994-01-24,18193220.0
1994-01-25,18177710.0
1994-01-26,18167355.0
1994-01-27,18160884.0
1994-01-28,18149274.0
1994-01-29,18141515.0
1994-01-30,18138929.0
1994-01-31,18122129.0
1994-02-01,18113118.0
1994-02-02,18098915.0
1994-02-03,18087301.0
1994-02-04,18079592.0
1994-02-05,18071855.0
1994-02-06,18060252.0
1994-02-07,18047398.0
1994-02-08,18034519.0
1994-02-09,18016531.0
1994-02-10,18003667.0
1994-02-11,17998524.0
1994-02-12,17986986.0
1994-02-13,17984415.0
1994-02-14,17974137.0
1994-02-15,17962579.0
1994-02-16,17954907.0
1994-02-17,17940792.0
1994-02-18,17929248.0
1994-02-19,17921587.0
1994-02-20,17917741.0
1994-02-21,17911334.0
1994-02-22,17902365.0
1994-02-23,17887030.0
1994-02-24,17876790.0
1994-02-25,17869114.0
1994-02-26,17863997.0
1994-02-27,17862718.0
1994-02-28,17851241.0
1994-03-01,17847406.0
1994-03-02,17846128.0
1994-03-03,17844850.0
1994-03-04,17846128.0
1994-03-05,17849963.0
1994-03-06,17858913.0
1994-03-07,17853798.0
1994-03-08,17860191.0
1994-03-09,17860191.0
1994-03-10,17860191.0
1994-03-11,17851241.0
1994-03-12,17856355.0
1994-03-13,17856355.0
1994-03-14,17853798.0
1994-03-15,17851241.0
1994-03-16,17844850.0
1994-03-17,17842294.0
1994-03-18,17834628.0
1994-03-19,17835905.0
1994-03-20,17834628.0
1994-03-21,17828272.0
1994-03-22,17821887.0
1994-03-23,17816779.0
1994-03-24,17812950.0
1994-03-25,17807844.0
1994-03-26,17806568.0
1994-03-27,17804016.0
1994-03-28,17796392.0
1994-03-29,17800188.0
1994-03-30,17792566.0
1994-03-31,17784914.0
1994-04-01,17774716.0
1994-04-02,17783639.0
1994-04-03,17775991.0
1994-04-04,17768344.0
1994-04-05,17767070.0
1994-04-06,17762005.0
1994-04-07,17756910.0
1994-04-08,17746723.0
1994-04-09,17742904.0
1994-04-10,17737813.0
1994-04-11,17735268.0
1994-04-12,17728937.0
1994-04-13,17720033.0
1994-04-14,17720033.0
1994-04-15,17709861.0
1994-04-16,17704777.0
1994-04-17,17699724.0
1994-04-18,17693371.0
1994-04-19,17683210.0
1994-04-20,17675592.0
1994-04-21,17668007.0
1994-04-22,17664200.0
1994-04-23,17660393.0
1994-04-24,17665469.0
1994-04-25,17660393.0
1994-04-26,17670545.0
1994-04-27,17680671.0
1994-04-28,17693371.0
1994-04-29,17703506.0
1994-04-30,17720033.0
1994-05-01,17734026.0
1994-05-02,17750543.0
1994-05-03,17760731.0
1994-05-04,17767070.0
1994-05-05,17772167.0
1994-05-06,17778540.0
1994-05-07,17787465.0
1994-05-08,17801464.0
1994-05-09,17819333.0
1994-05-10,17830795.0
1994-05-11,17853798.0
1994-05-12,17867834.0
1994-05-13,17892151.0
1994-05-14,17921587.0
1994-05-15,17948490.0
1994-05-16,17985701.0
1994-05-17,18015244.0
1994-05-18,18053840.0
1994-05-19,18096334.0
1994-05-20,18136344.0
1994-05-21,18186743.0
1994-05-22,18237272.0
1994-05-23,18280098.0
1994-05-24,18321661.0
1994-05-25,18372450.0
1994-05-26,18416771.0
1994-05-27,18461199.0
1994-05-28,18507012.0
1994-05-29,18543688.0
1994-05-30,18583083.0
1994-05-31,18627816.0
1994-06-01,18663393.0
1994-06-02,18704312.0
1994-06-03,18747919.0
1994-06-04,18795620.0
1994-06-05,18846043.0
1994-06-06,18889943.0
1994-06-07,18932588.0
1994-06-08,18976613.0
1994-06-09,19012713.0
1994-06-10,19043504.0
1994-06-11,19074333.0
1994-06-12,19102545.0
1994-06-13,19124029.0
1994-06-14,19141493.0
1994-06-15,19157655.0
1994-06-16,19169783.0
1994-06-17,19184582.0
1994-06-18,19202121.0
1994-06-19,19214238.0
1994-06-20,19219640.0
1994-06-21,19222342.0
1994-06-22,19229097.0
1994-06-23,19226395.0
1994-06-24,19237205.0
1994-06-25,19243931.0
1994-06-26,19252044.0
1994-06-27,19256102.0
1994-06-28,19257454.0
1994-06-29,19254749.0
1994-06-30,19245283.0
1994-07-01,19238557.0
1994-07-02,19230448.0
1994-07-03,19219640.0
1994-07-04,19211538.0
1994-07-05,19195374.0
1994-07-06,19189977.0
1994-07-07,19169783.0
1994-07-08,19154960.0
1994-07-09,19138833.0
1994-07-10,19128066.0
1994-07-11,19110579.0
1994-07-12,19091794.0
1994-07-13,19074333.0
1994-07-14,19055575.0
1994-07-15,19032811.0
1994-07-16,19015392.0
1994-07-17,19006018.0
1994-07-18,18984638.0
1994-07-19,18965949.0
1994-07-20,18943236.0
1994-07-21,18921911.0
1994-07-22,18905255.0
1994-07-23,18888610.0
1994-07-24,18871977.0
1994-07-25,18855356.0
1994-07-26,18831450.0
1994-07-27,18808863.0
1994-07-28,18786331.0
1994-07-29,18759843.0
1994-07-30,18743946.0
1994-07-31,18724121.0
1994-08-01,18708247.0
1994-08-02,18680526.0
1994-08-03,18658114.0
1994-08-04,18633088.0
1994-08-05,18609373.0
1994-08-06,18587033.0
1994-08-07,18567327.0
1994-08-08,18545014.0
1994-08-09,18518790.0
1994-08-10,18495216.0
1994-08-11,18469053.0
1994-08-12,18448115.0
1994-08-13,18432455.0
1994-08-14,18418078.0
1994-08-15,18402435.0
1994-08-16,18377668.0
1994-08-17,18348982.0
1994-08-18,18335985.0
1994-08-19,18312581.0
1994-08-20,18296969.0
1994-08-21,18280098.0
1994-08-22,18259310.0
1994-08-23,18239867.0
1994-08-24,18220407.0
1994-08-25,18200994.0
1994-08-26,18177710.0
1994-08-27,18169943.0
1994-08-28,18150567.0
1994-08-29,18133759.0
1994-08-30,18111818.0
1994-08-31,18089882.0
1994-09-01,18074434.0
1994-09-02,18062830.0
1994-09-03,18049975.0
1994-09-04,18038382.0
1994-09-05,18029369.0
1994-09-06,18011385.0
1994-09-07,18007526.0
1994-09-08,17992096.0
1994-09-09,17979276.0
1994-09-10,17972852.0
1994-09-11,17965147.0
1994-09-12,17953624.0
1994-09-13,17931813.0
1994-09-14,17924151.0
1994-09-15,17904927.0
1994-09-16,17895961.0
1994-09-17,17888310.0
1994-09-18,17887030.0
1994-09-19,17875521.0
1994-09-20,17864018.0
1994-09-21,17852520.0
1994-09-22,17846128.0
1994-09-23,17833350.0
1994-09-24,17824440.0
1994-09-25,17819333.0
1994-09-26,17810397.0
1994-09-27,17797668.0
1994-09-28,17784914.0
1994-09-29,17786190.0
1994-09-30,17772167.0
1994-10-01,17764553.0
1994-10-02,17759458.0
1994-10-03,17759458.0
1994-10-04,17753090.0
1994-10-05,17750543.0
1994-10-06,17741631.0
1994-10-07,17735268.0
1994-10-08,17735268.0
1994-10-09,17732754.0
1994-10-10,17728937.0
1994-10-11,17721305.0
1994-10-12,17721305.0
1994-10-13,17721305.0
1994-10-14,17711132.0
1994-10-15,17706048.0
1994-10-16,17708590.0
1994-10-17,17703506.0
1994-10-18,17703506.0
1994-10-19,17700995.0
1994-10-20,17698454.0
1994-10-21,17697183.0
1994-10-22,17698454.0
1994-10-23,17697183.0
1994-10-24,17697183.0
1994-10-25,17694642.0
1994-10-26,17693371.0
1994-10-27,17692101.0
1994-10-28,17692101.0
1994-10-29,17692101.0
1994-10-30,17687020.0
1994-10-31,17684480.0
1994-11-01,17676862.0
1994-11-02,17675592.0
1994-11-03,17666738.0
1994-11-04,17657856.0
1994-11-05,17652782.0
1994-11-06,17648977.0
1994-11-07,17638865.0
1994-11-08,17632528.0
1994-11-09,17629993.0
1994-11-10,17623658.0
1994-11-11,17621124.0
1994-11-12,17617324.0
1994-11-13,17610992.0
1994-11-14,17607225.0
1994-11-15,17602161.0
1994-11-16,17592037.0
1994-11-17,17579388.0
1994-11-18,17579388.0
1994-11-19,17575625.0
1994-11-20,17570568.0
1994-11-21,17569304.0
1994-11-22,17564248.0
1994-11-23,17555402.0
1994-11-24,17552876.0
1994-11-25,17550349.0
1994-11-26,17545297.0
1994-11-27,17539004.0
1994-11-28,17532702.0
1994-11-29,17525130.0
1994-11-30,17516298.0
1994-12-01,17504979.0
1994-12-02,17491114.0
1994-12-03,17482295.0
1994-12-04,17470991.0
1994-12-05,17463437.0
1994-12-06,17455886.0
1994-12-07,17444595.0
1994-12-08,17430763.0
1994-12-09,17425736.0
1994-12-10,17421966.0
1994-12-11,17413202.0
1994-12-12,17399388.0
1994-12-13,17388092.0
1994-12-14,17376831.0
1994-12-15,17359278.0
1994-12-16,17349284.0
1994-12-17,17339263.0
1994-12-18,17334254.0
1994-12-19,17319264.0
1994-12-20,17303002.0
1994-12-21,17298001.0
1994-12-22,17288032.0
1994-12-23,17275538.0
1994-12-24,17270542.0
1994-12-25,17266796.0
1994-12-26,17259336.0
1994-12-27,17250600.0
1994-12-28,17246857.0
1994-12-29,17236878.0
1994-12-30,17218210.0
1994-12-31,17220702.0
1995-01-01,17205752.0
1995-01-02,17199556.0
1995-01-03,17190841.0
1995-01-04,17178397.0
1995-01-05,17159774.0
1995-01-06,17143619.0
1995-01-07,17131230.0
1995-01-08,17121300.0
1995-01-09,17102721.0
1995-01-10,17090323.0
1995-01-11,17084126.0
1995-01-12,17064338.0
1995-01-13,17049485.0
1995-01-14,17043329.0
1995-01-15,17034671.0
1995-01-16,17026017.0
1995-01-17,17005042.0
1995-01-18,16996398.0
1995-01-19,16986523.0
1995-01-20,16970515.0
1995-01-21,16961884.0
1995-01-22,16950822.0
1995-01-23,16938503.0
1995-01-24,16928652.0
1995-01-25,16911453.0
1995-01-26,16891779.0
1995-01-27,16880749.0
1995-01-28,16870923.0
1995-01-29,16859903.0
1995-01-30,16852539.0
1995-01-31,16842725.0
1995-02-01,16830462.0
1995-02-02,16826815.0
1995-02-03,16817011.0
1995-02-04,16810886.0
1995-02-05,16803538.0
1995-02-06,16797446.0
1995-02-07,16792549.0
1995-02-08,16790102.0
1995-02-09,16774198.0
1995-02-10,16766891.0
1995-02-11,16757112.0
1995-02-12,16747338.0
1995-02-13,16740010.0
1995-02-14,16721729.0
1995-02-15,16714409.0
1995-02-16,16705902.0
1995-02-17,16691274.0
1995-02-18,16683964.0
1995-02-19,16675467.0
1995-02-20,16665727.0
1995-02-21,16652342.0
1995-02-22,16641425.0
1995-02-23,16629269.0
1995-02-24,16617119.0
1995-02-25,16605005.0
1995-02-26,16596508.0
1995-02-27,16584405.0
1995-02-28,16569855.0
1995-03-01,16568643.0
1995-03-02,16560159.0
1995-03-03,16552920.0
1995-03-04,16551709.0
1995-03-05,16560159.0
1995-03-06,16573491.0
1995-03-07,16581980.0
1995-03-08,16590441.0
1995-03-09,16591654.0
1995-03-10,16588015.0
1995-03-11,16583192.0
1995-03-12,16583192.0
1995-03-13,16584405.0
1995-03-14,16581980.0
1995-03-15,16579554.0
1995-03-16,16579554.0
1995-03-17,16581980.0
1995-03-18,16579554.0
1995-03-19,16584405.0
1995-03-20,16583192.0
1995-03-21,16589228.0
1995-03-22,16583192.0
1995-03-23,16591654.0
1995-03-24,16586802.0
1995-03-25,16600149.0
1995-03-26,16612290.0
1995-03-27,16613505.0
1995-03-28,16614719.0
1995-03-29,16620763.0
1995-03-30,16623193.0
1995-03-31,16626838.0
1995-04-01,16631700.0
1995-04-02,16632915.0
1995-04-03,16631700.0
1995-04-04,16632915.0
1995-04-05,16628053.0
1995-04-06,16628053.0
1995-04-07,16626838.0
1995-04-08,16637778.0
1995-04-09,16635346.0
1995-04-10,16640209.0
1995-04-11,16647476.0
1995-04-12,16649909.0
1995-04-13,16653558.0
1995-04-14,16653558.0
1995-04-15,16655992.0
1995-04-16,16657208.0
1995-04-17,16668162.0
1995-04-18,16677873.0
1995-04-19,16680309.0
1995-04-20,16685182.0
1995-04-21,16694930.0
1995-04-22,16714409.0
1995-04-23,16730272.0
1995-04-24,16736376.0
1995-04-25,16744895.0
1995-04-26,16746116.0
1995-04-27,16753446.0
1995-04-28,16763223.0
1995-04-29,16768114.0
1995-04-30,16786431.0
1995-05-01,16793773.0
1995-05-02,16815786.0
1995-05-03,16830462.0
1995-05-04,16848858.0
1995-05-05,16880749.0
1995-05-06,16899155.0
1995-05-07,16927421.0
1995-05-08,16961884.0
1995-05-09,16996398.0
1995-05-10,17028489.0
1995-05-11,17058148.0
1995-05-12,17091562.0
1995-05-13,17126265.0
1995-05-14,17163504.0
1995-05-15,17205752.0
1995-05-16,17244362.0
1995-05-17,17295501.0
1995-05-18,17359278.0
1995-05-19,17420709.0
1995-05-20,17483554.0
1995-05-21,17552876.0
1995-05-22,17619858.0
1995-05-23,17694642.0
1995-05-24,17767070.0
1995-05-25,17863997.0
1995-05-26,17940792.0
1995-05-27,18037095.0
1995-05-28,18122129.0
1995-05-29,18208770.0
1995-05-30,18282666.0
1995-05-31,18350285.0
1995-06-01,18411546.0
1995-06-02,18467743.0
1995-06-03,18525343.0
1995-06-04,18600189.0
1995-06-05,18669993.0
1995-06-06,18759843.0
1995-06-07,18847373.0
1995-06-08,18936592.0
1995-06-09,19040822.0
1995-06-10,19142839.0
1995-06-11,19238557.0
1995-06-12,19319691.0
1995-06-13,19401124.0
1995-06-14,19486884.0
1995-06-15,19578451.0
1995-06-16,19682693.0
1995-06-17,19785981.0
1995-06-18,19917400.0
1995-06-19,20050880.0
1995-06-20,20186442.0
1995-06-21,20315650.0
1995-06-22,20438437.0
1995-06-23,20557482.0
1995-06-24,20675653.0
1995-06-25,20787163.0
1995-06-26,20886168.0
1995-06-27,20995633.0
1995-06-28,21092512.0
1995-06-29,21189687.0
1995-06-30,21298870.0
1995-07-01,21395289.0
1995-07-02,21493543.0
1995-07-03,21608297.0
1995-07-04,21710249.0
1995-07-05,21814012.0
1995-07-06,21909196.0
1995-07-07,22000238.0
1995-07-08,22078060.0
1995-07-09,22163606.0
1995-07-10,22243328.0
1995-07-11,22315738.0
1995-07-12,22401966.0
1995-07-13,22483879.0
1995-07-14,22575160.0
1995-07-15,22654481.0
1995-07-16,22740101.0
1995-07-17,22822921.0
1995-07-18,22876729.0
1995-07-19,22941392.0
1995-07-20,22993859.0
1995-07-21,23043280.0
1995-07-22,23088165.0
1995-07-23,23139324.0
1995-07-24,23168800.0
1995-07-25,23204527.0
1995-07-26,23230987.0
1995-07-27,23257432.0
1995-07-28,23276100.0
1995-07-29,23299499.0
1995-07-30,23296378.0
1995-07-31,23307302.0
1995-08-01,23315069.0
1995-08-02,23321315.0
1995-08-03,23332247.0
1995-08-04,23322876.0
1995-08-05,23316630.0
1995-08-06,23308863.0
1995-08-07,23299499.0
1995-08-08,23288577.0
1995-08-09,23279219.0
1995-08-10,23274541.0
1995-08-11,23254315.0
1995-08-12,23235621.0
1995-08-13,23221646.0
1995-08-14,23216976.0
1995-08-15,23196749.0
1995-08-16,23187455.0
1995-08-17,23167246.0
1995-08-18,23156408.0
1995-08-19,23137771.0
1995-08-20,23125353.0
1995-08-21,23111426.0
1995-08-22,23091266.0
1995-08-23,23074254.0
1995-08-24,23057215.0
1995-08-25,23046376.0
1995-08-26,23032484.0
1995-08-27,23029389.0
1995-08-28,23013920.0
1995-08-29,22996950.0
1995-08-30,22981497.0
1995-08-31,22972229.0
1995-09-01,22955282.0
1995-09-02,22935221.0
1995-09-03,22921377.0
1995-09-04,22901338.0
1995-09-05,22885969.0
1995-09-06,22858257.0
1995-09-07,22829070.0
1995-09-08,22801446.0
1995-09-09,22783018.0
1995-09-10,22761571.0
1995-09-11,22741634.0
1995-09-12,22721747.0
1995-09-13,22706429.0
1995-09-14,22688096.0
1995-09-15,22666677.0
1995-09-16,22643781.0
1995-09-17,22630030.0
1995-09-18,22602583.0
1995-09-19,22578210.0
1995-09-20,22562964.0
1995-09-21,22526440.0
1995-09-22,22502128.0
1995-09-23,22477798.0
1995-09-24,22452006.0
1995-09-25,22429234.0
1995-09-26,22395902.0
1995-09-27,22376238.0
1995-09-28,22355037.0
1995-09-29,22327836.0
1995-09-30,22311240.0
1995-10-01,22290084.0
1995-10-02,22275018.0
1995-10-03,22262942.0
1995-10-04,22250870.0
1995-10-05,22235824.0
1995-10-06,22220749.0
1995-10-07,22202669.0
1995-10-08,22199693.0
1995-10-09,22186142.0
1995-10-10,22174101.0
1995-10-11,22162102.0
1995-10-12,22156086.0
1995-10-13,22135039.0
1995-10-14,22124558.0
1995-10-15,22121553.0
1995-10-16,22108037.0
1995-10-17,22094527.0
1995-10-18,22079560.0
1995-10-19,22070561.0
1995-10-20,22049611.0
1995-10-21,22039123.0
1995-10-22,22039123.0
1995-10-23,22012209.0
1995-10-24,21995751.0
1995-10-25,21980797.0
1995-10-26,21965887.0
1995-10-27,21965887.0
1995-10-28,21958416.0
1995-10-29,21950948.0
1995-10-30,21940495.0
1995-10-31,21933068.0
1995-11-01,21925606.0
1995-11-02,21916654.0
1995-11-03,21900286.0
1995-11-04,21888361.0
1995-11-05,21882400.0
1995-11-06,21868993.0
1995-11-07,21857117.0
1995-11-08,21837770.0
1995-11-09,21828845.0
1995-11-10,21819959.0
1995-11-11,21814012.0
1995-11-12,21811039.0
1995-11-13,21805094.0
1995-11-14,21796179.0
1995-11-15,21788788.0
1995-11-16,21781363.0
1995-11-17,21775424.0
1995-11-18,21772455.0
1995-11-19,21770971.0
1995-11-20,21759099.0
1995-11-21,21750234.0
1995-11-22,21741336.0
1995-11-23,21738370.0
1995-11-24,21732440.0
1995-11-25,21727993.0
1995-11-26,21725029.0
1995-11-27,21714693.0
1995-11-28,21702844.0
1995-11-29,21689519.0
1995-11-30,21680640.0
1995-12-01,21665883.0
1995-12-02,21658489.0
1995-12-03,21652575.0
1995-12-04,21643707.0
1995-12-05,21639310.0
1995-12-06,21633400.0
1995-12-07,21621584.0
1995-12-08,21612725.0
1995-12-09,21606821.0
1995-12-10,21602430.0
1995-12-11,21595052.0
1995-12-12,21584727.0
1995-12-13,21580303.0
1995-12-14,21571457.0
1995-12-15,21559702.0
1995-12-16,21552336.0
1995-12-17,21550863.0
1995-12-18,21536136.0
1995-12-19,21525868.0
1995-12-20,21509683.0
1995-12-21,21499388.0
1995-12-22,21487664.0
1995-12-23,21480316.0
1995-12-24,21474439.0
1995-12-25,21453914.0
1995-12-26,21446575.0
1995-12-27,21434836.0
1995-12-28,21423102.0
1995-12-29,21408477.0
1995-12-30,21398219.0
1995-12-31,21392359.0
1996-01-01,21382143.0
1996-01-02,21367503.0
1996-01-03,21354334.0
1996-01-04,21339745.0
1996-01-05,21328050.0
1996-01-06,21314899.0
1996-01-07,21307632.0
1996-01-08,21294490.0
1996-01-09,21278437.0
1996-01-10,21263887.0
1996-01-11,21249309.0
1996-01-12,21234774.0
1996-01-13,21221666.0
1996-01-14,21217298.0
1996-01-15,21204199.0
1996-01-16,21189687.0
1996-01-17,21173692.0
1996-01-18,21154837.0
1996-01-19,21135959.0
1996-01-20,21118579.0
1996-01-21,21105525.0
1996-01-22,21085266.0
1996-01-23,21064985.0
1996-01-24,21046202.0
1996-01-25,21027396.0
1996-01-26,21012973.0
1996-01-27,21004302.0
1996-01-28,20995633.0
1996-01-29,20978340.0
1996-01-30,20962464.0
1996-01-31,20946632.0
1996-02-01,20927892.0
1996-02-02,20913520.0
1996-02-03,20904880.0
1996-02-04,20896242.0
1996-02-05,20884729.0
1996-02-06,20877570.0
1996-02-07,20866065.0
1996-02-08,20856002.0
1996-02-09,20847379.0
1996-02-10,20843068.0
1996-02-11,20840230.0
1996-02-12,20833048.0
1996-02-13,20821561.0
1996-02-14,20815819.0
1996-02-15,20807209.0
1996-02-16,20797201.0
1996-02-17,20788597.0
1996-02-18,20782862.0
1996-02-19,20772828.0
1996-02-20,20762833.0
1996-02-21,20751375.0
1996-02-22,20741353.0
1996-02-23,20734231.0
1996-02-24,20732800.0
1996-02-25,20732800.0
1996-02-26,20724216.0
1996-02-27,20715633.0
1996-02-28,20702765.0
1996-02-29,20692796.0
1996-03-01,20684223.0
1996-03-02,20672797.0
1996-03-03,20672797.0
1996-03-04,20664231.0
1996-03-05,20658557.0
1996-03-06,20652848.0
1996-03-07,20648568.0
1996-03-08,20644288.0
1996-03-09,20641436.0
1996-03-10,20638583.0
1996-03-11,20632879.0
1996-03-12,20627211.0
1996-03-13,20620084.0
1996-03-14,20610110.0
1996-03-15,20601563.0
1996-03-16,20600139.0
1996-03-17,20602987.0
1996-03-18,20597291.0
1996-03-19,20593019.0
1996-03-20,20585936.0
1996-03-21,20580242.0
1996-03-22,20584512.0
1996-03-23,20590206.0
1996-03-24,20595867.0
1996-03-25,20600139.0
1996-03-26,20551829.0
1996-03-27,20486546.0
1996-03-28,20418624.0
1996-03-29,20349461.0
1996-03-30,20284697.0
1996-03-31,20220090.0
1996-04-01,20152837.0
1996-04-02,20102491.0
1996-04-03,20087150.0
1996-04-04,20096933.0
1996-04-05,20103889.0
1996-04-06,20115077.0
1996-04-07,20127669.0
1996-04-08,20126270.0
1996-04-09,20120673.0
1996-04-10,20123471.0
1996-04-11,20116476.0
1996-04-12,20117875.0
1996-04-13,20123471.0
1996-04-14,20133267.0
1996-04-15,20145834.0
1996-04-16,20161242.0
1996-04-17,20172420.0
1996-04-18,20180832.0
1996-04-19,20179430.0
1996-04-20,20183637.0
1996-04-21,20183637.0
1996-04-22,20186442.0
1996-04-23,20185039.0
1996-04-24,20183637.0
1996-04-25,20182235.0
1996-04-26,20179430.0
1996-04-27,20179430.0
1996-04-28,20179430.0
1996-04-29,20180832.0
1996-04-30,20186442.0
1996-05-01,20196261.0
1996-05-02,20214473.0
1996-05-03,20221494.0
1996-05-04,20228517.0
1996-05-05,20242534.0
1996-05-06,20253780.0
1996-05-07,20265031.0
1996-05-08,20276252.0
1996-05-09,20303004.0
1996-05-10,20328337.0
1996-05-11,20364987.0
1996-05-12,20408757.0
1996-05-13,20444101.0
1996-05-14,20480908.0
1996-05-15,20526252.0
1996-05-16,20577396.0
1996-05-17,20627211.0
1996-05-18,20684223.0
1996-05-19,20758536.0
1996-05-20,20824432.0
1996-05-21,20893363.0
1996-05-22,20962464.0
1996-05-23,21033181.0
1996-05-24,21091063.0
1996-05-25,21146123.0
1996-05-26,21196960.0
1996-05-27,21244937.0
1996-05-28,21288652.0
1996-05-29,21316360.0
1996-05-30,21354334.0
1996-05-31,21389430.0
1996-06-01,21421672.0
1996-06-02,21455382.0
1996-06-03,21478846.0
1996-06-04,21496448.0
1996-06-05,21522924.0
1996-06-06,21552336.0
1996-06-07,21581777.0
1996-06-08,21617154.0
1996-06-09,21655532.0
1996-06-10,21692480.0
1996-06-11,21729475.0
1996-06-12,21769487.0
1996-06-13,21803608.0
1996-06-14,21833307.0
1996-06-15,21882400.0
1996-06-16,21915162.0
1996-06-17,21944975.0
1996-06-18,21982292.0
1996-06-19,22018159.0
1996-06-20,22060066.0
1996-06-21,22091526.0
1996-06-22,22126060.0
1996-06-23,22165074.0
1996-06-24,22205681.0
1996-06-25,22246344.0
1996-06-26,22284042.0
1996-06-27,22318762.0
1996-06-28,22349019.0
1996-06-29,22380784.0
1996-06-30,22409548.0
1996-07-01,22426236.0
1996-07-02,22441377.0
1996-07-03,22450487.0
1996-07-04,22464158.0
1996-07-05,22468680.0
1996-07-06,22485399.0
1996-07-07,22494523.0
1996-07-08,22491481.0
1996-07-09,22474758.0
1996-07-10,22470199.0
1996-07-11,22462639.0
1996-07-12,22459601.0
1996-07-13,22445932.0
1996-07-14,22433787.0
1996-07-15,22424718.0
1996-07-16,22406515.0
1996-07-17,22394386.0
1996-07-18,22382299.0
1996-07-19,22370179.0
1996-07-20,22364121.0
1996-07-21,22356551.0
1996-07-22,22352046.0
1996-07-23,22335400.0
1996-07-24,22317250.0
1996-07-25,22311240.0
1996-07-26,22288573.0
1996-07-27,22279511.0
1996-07-28,22268979.0
1996-07-29,22247853.0
1996-07-30,22235824.0
1996-07-31,22219242.0
1996-08-01,22192164.0
1996-08-02,22174101.0
1996-08-03,22156086.0
1996-08-04,22136542.0
1996-08-05,22111040.0
1996-08-06,22097529.0
1996-08-07,22073560.0
1996-08-08,22052572.0
1996-08-09,22022650.0
1996-08-10,22007719.0
1996-08-11,21983799.0
1996-08-12,21958416.0
1996-08-13,21939039.0
1996-08-14,21912179.0
1996-08-15,21885379.0
1996-08-16,21858606.0
1996-08-17,21839258.0
1996-08-18,21825907.0
1996-08-19,21802122.0
1996-08-20,21778388.0
1996-08-21,21750234.0
1996-08-22,21735405.0
1996-08-23,21711730.0
1996-08-24,21692480.0
1996-08-25,21679196.0
1996-08-26,21659967.0
1996-08-27,21642265.0
1996-08-28,21623061.0
1996-08-29,21603905.0
1996-08-30,21584727.0
1996-08-31,21580303.0
1996-09-01,21571457.0
1996-09-02,21565597.0
1996-09-03,21543498.0
1996-09-04,21522924.0
1996-09-05,21500859.0
1996-09-06,21480316.0
1996-09-07,21468563.0
1996-09-08,21445107.0
1996-09-09,21424569.0
1996-09-10,21404080.0
1996-09-11,21385071.0
1996-09-12,21368967.0
1996-09-13,21355797.0
1996-09-14,21347056.0
1996-09-15,21338282.0
1996-09-16,21326588.0
1996-09-17,21317821.0
1996-09-18,21310553.0
1996-09-19,21303250.0
1996-09-20,21290111.0
1996-09-21,21279896.0
1996-09-22,21268262.0
1996-09-23,21253682.0
1996-09-24,21237687.0
1996-09-25,21221666.0
1996-09-26,21207110.0
1996-09-27,21188232.0
1996-09-28,21178054.0
1996-09-29,21166461.0
1996-09-30,21154837.0
1996-10-01,21143218.0
1996-10-02,21130188.0
1996-10-03,21127286.0
1996-10-04,21118579.0
1996-10-05,21125834.0
1996-10-06,21127286.0
1996-10-07,21124383.0
1996-10-08,21118579.0
1996-10-09,21109876.0
1996-10-10,21099725.0
1996-10-11,21093962.0
1996-10-12,21091063.0
1996-10-13,21091063.0
1996-10-14,21086715.0
1996-10-15,21075124.0
1996-10-16,21070778.0
1996-10-17,21056334.0
1996-10-18,21043308.0
1996-10-19,21033181.0
1996-10-20,21025964.0
1996-10-21,21021647.0
1996-10-22,21012973.0
1996-10-23,21008637.0
1996-10-24,20997078.0
1996-10-25,20997078.0
1996-10-26,20998523.0
1996-10-27,20985559.0
1996-10-28,20975452.0
1996-10-29,20976896.0
1996-10-30,20976896.0
1996-10-31,20968236.0
1996-11-01,20968236.0
1996-11-02,20971122.0
1996-11-03,20965350.0
1996-11-04,20966793.0
1996-11-05,20975452.0
1996-11-06,20955251.0
1996-11-07,20949517.0
1996-11-08,20948074.0
1996-11-09,20945190.0
1996-11-10,20945190.0
1996-11-11,20945190.0
1996-11-12,20939423.0
1996-11-13,20933657.0
1996-11-14,20929333.0
1996-11-15,20935099.0
1996-11-16,20930775.0
1996-11-17,20935099.0
1996-11-18,20930775.0
1996-11-19,20932216.0
1996-11-20,20932216.0
1996-11-21,20925010.0
1996-11-22,20913520.0
1996-11-23,20922129.0
1996-11-24,20922129.0
1996-11-25,20916366.0
1996-11-26,20916366.0
1996-11-27,20900561.0
1996-11-28,20903440.0
1996-11-29,20900561.0
1996-11-30,20894802.0
1996-12-01,20891924.0
1996-12-02,20884729.0
1996-12-03,20870379.0
1996-12-04,20851690.0
1996-12-05,20830176.0
1996-12-06,20821561.0
1996-12-07,20814384.0
1996-12-08,20808644.0
1996-12-09,20790031.0
1996-12-10,20772828.0
1996-12-11,20764266.0
1996-12-12,20745648.0
1996-12-13,20732800.0
1996-12-14,20728508.0
1996-12-15,20721355.0
1996-12-16,20711343.0
1996-12-17,20692796.0
1996-12-18,20675653.0
1996-12-19,20657129.0
1996-12-20,20630028.0
1996-12-21,20615809.0
1996-12-22,20614384.0
1996-12-23,20585936.0
1996-12-24,20571705.0
1996-12-25,20568860.0
1996-12-26,20550408.0
1996-12-27,20534775.0
1996-12-28,20524831.0
1996-12-29,20530513.0
1996-12-30,20510667.0
1996-12-31,20497895.0
1997-01-01,20493638.0
1997-01-02,20479490.0
1997-01-03,20468150.0
1997-01-04,20462481.0
1997-01-05,20455397.0
1997-01-06,20438437.0
1997-01-07,20422869.0
1997-01-08,20401687.0
1997-01-09,20383314.0
1997-01-10,20367811.0
1997-01-11,20342441.0
1997-01-12,20331157.0
1997-01-13,20311422.0
1997-01-14,20293145.0
1997-01-15,20280474.0
1997-01-16,20260811.0
1997-01-17,20241128.0
1997-01-18,20214473.0
1997-01-19,20189247.0
1997-01-20,20159841.0
1997-01-21,20137433.0
1997-01-22,20122072.0
1997-01-23,20101093.0
1997-01-24,20081562.0
1997-01-25,20067596.0
1997-01-26,20062045.0
1997-01-27,20050880.0
1997-01-28,20035535.0
1997-01-29,20021627.0
1997-01-30,20007693.0
1997-01-31,19991015.0
1997-02-01,19979880.0
1997-02-02,19967358.0
1997-02-03,19949316.0
1997-02-04,19931253.0
1997-02-05,19910459.0
1997-02-06,19888296.0
1997-02-07,19873046.0
1997-02-08,19857806.0
1997-02-09,19838455.0
1997-02-10,19821851.0
1997-02-11,19803910.0
1997-02-12,19788710.0
1997-02-13,19762510.0
1997-02-14,19743230.0
1997-02-15,19725310.0
1997-02-16,19704681.0
1997-02-17,19686787.0
1997-02-18,19655193.0
1997-02-19,19622266.0
1997-02-20,19586639.0
1997-02-21,19555169.0
1997-02-22,19525105.0
1997-02-23,19493711.0
1997-02-24,19462356.0
1997-02-25,19425592.0
1997-02-26,19386163.0
1997-02-27,19357658.0
1997-02-28,19321047.0
1997-03-01,19291262.0
1997-03-02,19257454.0
1997-03-03,19241227.0
1997-03-04,19200772.0
1997-03-05,19169783.0
1997-03-06,19137487.0
1997-03-07,19103889.0
1997-03-08,19068995.0
1997-03-09,19040822.0
1997-03-10,19010035.0
1997-03-11,18984638.0
1997-03-12,18963276.0
1997-03-13,18945907.0
1997-03-14,18927249.0
1997-03-15,18917909.0
1997-03-16,18916575.0
1997-03-17,18916575.0
1997-03-18,18911239.0
1997-03-19,18907239.0
1997-03-20,18904605.0
1997-03-21,18903271.0
1997-03-22,18899272.0
1997-03-23,18901938.0
1997-03-24,18907239.0
1997-03-25,18907239.0
1997-03-26,18912573.0
1997-03-27,18911239.0
1997-03-28,18920577.0
1997-03-29,18913907.0
1997-03-30,18916575.0
1997-03-31,18917909.0
1997-04-01,18913907.0
1997-04-02,18915241.0
1997-04-03,18921911.0
1997-04-04,18919243.0
1997-04-05,18929918.0
1997-04-06,18931253.0
1997-04-07,18935257.0
1997-04-08,18941901.0
1997-04-09,18932588.0
1997-04-10,18945907.0
1997-04-11,18948578.0
1997-04-12,18947243.0
1997-04-13,18949914.0
1997-04-14,18947243.0
1997-04-15,18945907.0
1997-04-16,18943236.0
1997-04-17,18937928.0
1997-04-18,18932588.0
1997-04-19,18929918.0
1997-04-20,18935257.0
1997-04-21,18935257.0
1997-04-22,18955258.0
1997-04-23,18965949.0
1997-04-24,18989989.0
1997-04-25,19006018.0
1997-04-26,19030130.0
1997-04-27,19052892.0
1997-04-28,19068995.0
1997-04-29,19087763.0
1997-04-30,19107890.0
1997-05-01,19141493.0
1997-05-02,19153613.0
1997-05-03,19180536.0
1997-05-04,19214238.0
1997-05-05,19242579.0
1997-05-06,19264219.0
1997-05-07,19287199.0
1997-05-08,19318335.0
1997-05-09,19353584.0
1997-05-10,19394322.0
1997-05-11,19440577.0
1997-05-12,19495077.0
1997-05-13,19548326.0
1997-05-14,19603092.0
1997-05-15,19666190.0
1997-05-16,19730822.0
1997-05-17,19801145.0
1997-05-18,19877204.0
1997-05-19,19953486.0
1997-05-20,20043904.0
1997-05-21,20131868.0
1997-05-22,20217281.0
1997-05-23,20315650.0
1997-05-24,20424284.0
1997-05-25,20526252.0
1997-05-26,20638583.0
1997-05-27,20741353.0
1997-05-28,20847379.0
1997-05-29,20942307.0
1997-05-30,21020201.0
1997-05-31,21089613.0
1997-06-01,21163554.0
1997-06-02,21247852.0
1997-06-03,21339745.0
1997-06-04,21446575.0
1997-06-05,21564123.0
1997-06-06,21667362.0
1997-06-07,21775424.0
1997-06-08,21877930.0
1997-06-09,21985282.0
1997-06-10,22087061.0
1997-06-11,22195175.0
1997-06-12,22294616.0
1997-06-13,22374723.0
1997-06-14,22453525.0
1997-06-15,22544678.0
1997-06-16,22628502.0
1997-06-17,22703367.0
1997-06-18,22766173.0
1997-06-19,22819847.0
1997-06-20,22875190.0
1997-06-21,22950651.0
1997-06-22,23012373.0
1997-06-23,23078903.0
1997-06-24,23143982.0
1997-06-25,23207639.0
1997-06-26,23258990.0
1997-06-27,23301059.0
1997-06-28,23338496.0
1997-06-29,23368157.0
1997-06-30,23383798.0
1997-07-01,23413501.0
1997-07-02,23429164.0
1997-07-03,23455772.0
1997-07-04,23477694.0
1997-07-05,23493389.0
1997-07-06,23510623.0
1997-07-07,23521620.0
1997-07-08,23532621.0
1997-07-09,23537336.0
1997-07-10,23542052.0
1997-07-11,23540480.0
1997-07-12,23537336.0
1997-07-13,23535764.0
1997-07-14,23534192.0
1997-07-15,23527906.0
1997-07-16,23521620.0
1997-07-17,23510623.0
1997-07-18,23499669.0
1997-07-19,23476125.0
1997-07-20,23474556.0
1997-07-21,23458908.0
1997-07-22,23440095.0
1997-07-23,23427598.0
1997-07-24,23410369.0
1997-07-25,23391584.0
1997-07-26,23374412.0
1997-07-27,23357212.0
1997-07-28,23341621.0
1997-07-29,23322876.0
1997-07-30,23302620.0
1997-07-31,23293257.0
1997-08-01,23277660.0
1997-08-02,23255873.0
1997-08-03,23260549.0
1997-08-04,23240294.0
1997-08-05,23230987.0
1997-08-06,23232545.0
1997-08-07,23218533.0
1997-08-08,23199860.0
1997-08-09,23199860.0
1997-08-10,23189010.0
1997-08-11,23179681.0
1997-08-12,23185900.0
1997-08-13,23168800.0
1997-08-14,23157924.0
1997-08-15,23143982.0
1997-08-16,23133114.0
1997-08-17,23117632.0
1997-08-18,23111426.0
1997-08-19,23092816.0
1997-08-20,23078903.0
1997-08-21,23061861.0
1997-08-22,23032484.0
1997-08-23,23017013.0
1997-08-24,22993859.0
1997-08-25,22972229.0
1997-08-26,22952195.0
1997-08-27,22929051.0
1997-08-28,22907503.0
1997-08-29,22892093.0
1997-08-30,22889013.0
1997-08-31,22892093.0
1997-09-01,22904420.0
1997-09-02,22889013.0
1997-09-03,22889013.0
1997-09-04,22878269.0
1997-09-05,22859796.0
1997-09-06,22842910.0
1997-09-07,22838296.0
1997-09-08,22815236.0
1997-09-09,22801446.0
1997-09-10,22792231.0
1997-09-11,22778413.0
1997-09-12,22764639.0
1997-09-13,22753901.0
1997-09-14,22743167.0
1997-09-15,22767708.0
1997-09-16,22758503.0
1997-09-17,22746234.0
1997-09-18,22740101.0
1997-09-19,22723279.0
1997-09-20,22711024.0
1997-09-21,22709492.0
1997-09-22,22730941.0
1997-09-23,22755435.0
1997-09-24,22770777.0
1997-09-25,22779948.0
1997-09-26,22790695.0
1997-09-27,22802982.0
1997-09-28,22801446.0
1997-09-29,22801446.0
1997-09-30,22801446.0
1997-10-01,22796838.0
1997-10-02,22801446.0
1997-10-03,22806054.0
1997-10-04,22799910.0
1997-10-05,22799910.0
1997-10-06,22792231.0
1997-10-07,22790695.0
1997-10-08,22789160.0
1997-10-09,22784553.0
1997-10-10,22773809.0
1997-10-11,22776878.0
1997-10-12,22763105.0
1997-10-13,22750834.0
1997-10-14,22743167.0
1997-10-15,22729409.0
1997-10-16,22723279.0
1997-10-17,22712556.0
1997-10-18,22704898.0
1997-10-19,22701836.0
1997-10-20,22695712.0
1997-10-21,22686565.0
1997-10-22,22675854.0
1997-10-23,22665147.0
1997-10-24,22649895.0
1997-10-25,22630030.0
1997-10-26,22622393.0
1997-10-27,22613268.0
1997-10-28,22596478.0
1997-10-29,22582748.0
1997-10-30,22566012.0
1997-10-31,22553819.0
1997-11-01,22544678.0
1997-11-02,22534054.0
1997-11-03,22506655.0
1997-11-04,22476278.0
1997-11-05,22447450.0
1997-11-06,22433787.0
1997-11-07,22418649.0
1997-11-08,22414099.0
1997-11-09,22404999.0
1997-11-10,22389876.0
1997-11-11,22379268.0
1997-11-12,22355037.0
1997-11-13,22341452.0
1997-11-14,22332374.0
1997-11-15,22312752.0
1997-11-16,22302171.0
1997-11-17,22284042.0
1997-11-18,22267470.0
1997-11-19,22247853.0
1997-11-20,22240311.0
1997-11-21,22220749.0
1997-11-22,22214721.0
1997-11-23,22207188.0
1997-11-24,22189153.0
1997-11-25,22181626.0
1997-11-26,22162102.0
1997-11-27,22157590.0
1997-11-28,22139548.0
1997-11-29,22130531.0
1997-11-30,22123055.0
1997-12-01,22105034.0
1997-12-02,22088561.0
1997-12-03,22076560.0
1997-12-04,22063064.0
1997-12-05,22051110.0
1997-12-06,22036128.0
1997-12-07,22024147.0
1997-12-08,22007719.0
1997-12-09,21991264.0
1997-12-10,21976348.0
1997-12-11,21953935.0
1997-12-12,21933068.0
1997-12-13,21913671.0
1997-12-14,21900286.0
1997-12-15,21882400.0
1997-12-16,21860095.0
1997-12-17,21845210.0
1997-12-18,21825907.0
1997-12-19,21811039.0
1997-12-20,21788788.0
1997-12-21,21785818.0
1997-12-22,21759099.0
1997-12-23,21733922.0
1997-12-24,21723547.0
1997-12-25,21708768.0
1997-12-26,21686559.0
1997-12-27,21665883.0
1997-12-28,21657010.0
1997-12-29,21634877.0
1997-12-30,21615678.0
1997-12-31,21595052.0
1998-01-01,21578828.0
1998-01-02,21558229.0
1998-01-03,21552336.0
1998-01-04,21539081.0
1998-01-05,21521453.0
1998-01-06,21508212.0
1998-01-07,21495013.0
1998-01-08,21480316.0
1998-01-09,21459751.0
1998-01-10,21448043.0
1998-01-11,21428969.0
1998-01-12,21417273.0
1998-01-13,21399684.0
1998-01-14,21380678.0
1998-01-15,21363113.0
1998-01-16,21351408.0
1998-01-17,21336820.0
1998-01-18,21322204.0
1998-01-19,21303250.0
1998-01-20,21291571.0
1998-01-21,21274096.0
1998-01-22,21260971.0
1998-01-23,21243480.0
1998-01-24,21224579.0
1998-01-25,21211476.0
1998-01-26,21194050.0
1998-01-27,21176600.0
1998-01-28,21157743.0
1998-01-29,21138862.0
1998-01-30,21115678.0
1998-01-31,21102625.0
1998-02-01,21089613.0
1998-02-02,21075124.0
1998-02-03,21064985.0
1998-02-04,21041861.0
1998-02-05,21025950.0
1998-02-06,21004302.0
1998-02-07,20995633.0
1998-02-08,20981227.0
1998-02-09,20959578.0
1998-02-10,20943748.0
1998-02-11,20923569.0
1998-02-12,20907760.0
1998-02-13,20891924.0
1998-02-14,20874694.0
1998-02-15,20866065.0
1998-02-16,20845942.0
1998-02-17,20825868.0
1998-02-18,20808644.0
1998-02-19,20792899.0
1998-02-20,20777128.0
1998-02-21,20755671.0
1998-02-22,20752807.0
1998-02-23,20727077.0
1998-02-24,20691367.0
1998-02-25,20679938.0
1998-02-26,20664231.0
1998-02-27,20644288.0
1998-02-28,20630028.0
1998-03-01,20617234.0
1998-03-02,20597291.0
1998-03-03,20575973.0
1998-03-04,20563170.0
1998-03-05,20540459.0
1998-03-06,20529092.0
1998-03-07,20519186.0
1998-03-08,20507828.0
1998-03-09,20485163.0
1998-03-10,20470984.0
1998-03-11,20452564.0
1998-03-12,20432775.0
1998-03-13,20417209.0
1998-03-14,20400274.0
1998-03-15,20384727.0
1998-03-16,20369223.0
1998-03-17,20362164.0
1998-03-18,20335388.0
1998-03-19,20321288.0
1998-03-20,20314241.0
1998-03-21,20314241.0
1998-03-22,20290329.0
1998-03-23,20283290.0
1998-03-24,20270658.0
1998-03-25,20263624.0
1998-03-26,20239723.0
1998-03-27,20229922.0
1998-03-28,20243939.0
1998-03-29,20239723.0
1998-03-30,20250968.0
1998-03-31,20273472.0
1998-04-01,20277660.0
1998-04-02,20300186.0
1998-04-03,20311422.0
1998-04-04,20325517.0
1998-04-05,20343851.0
1998-04-06,20350872.0
1998-04-07,20356517.0
1998-04-08,20363575.0
1998-04-09,20377697.0
1998-04-10,20386140.0
1998-04-11,20405929.0
1998-04-12,20414415.0
1998-04-13,20422869.0
1998-04-14,20431359.0
1998-04-15,20438437.0
1998-04-16,20456814.0
1998-04-17,20468150.0
1998-04-18,20489383.0
1998-04-19,20514926.0
1998-04-20,20527672.0
1998-04-21,20539038.0
1998-04-22,20547565.0
1998-04-23,20556095.0
1998-04-24,20566015.0
1998-04-25,20583089.0
1998-04-26,20622935.0
1998-04-27,20658557.0
1998-04-28,20679938.0
1998-04-29,20712773.0
1998-04-30,20745648.0
1998-05-01,20785729.0
1998-05-02,20838793.0
1998-05-03,20900561.0
1998-05-04,20955251.0
1998-05-05,21015864.0
1998-05-06,21086715.0
1998-05-07,21153385.0
1998-05-08,21221666.0
1998-05-09,21300330.0
1998-05-10,21366040.0
1998-05-11,21420205.0
1998-05-12,21472970.0
1998-05-13,21527340.0
1998-05-14,21581777.0
1998-05-15,21642265.0
1998-05-16,21698402.0
1998-05-17,21757615.0
1998-05-18,21809553.0
1998-05-19,21855628.0
1998-05-20,21909196.0
1998-05-21,21955429.0
1998-05-22,22021153.0
1998-05-23,22087061.0
1998-05-24,22174101.0
1998-05-25,22255396.0
1998-05-26,22326324.0
1998-05-27,22389876.0
1998-05-28,22450487.0
1998-05-29,22511220.0
1998-05-30,22573635.0
1998-05-31,22645310.0
1998-06-01,22714087.0
1998-06-02,22781483.0
1998-06-03,22853641.0
1998-06-04,22909044.0
1998-06-05,22978408.0
1998-06-06,23040222.0
1998-06-07,23103671.0
1998-06-08,23147088.0
1998-06-09,23192121.0
1998-06-10,23229430.0
1998-06-11,23260549.0
1998-06-12,23280779.0
1998-06-13,23310424.0
1998-06-14,23350997.0
1998-06-15,23366593.0
1998-06-16,23396279.0
1998-06-17,23413501.0
1998-06-18,23435394.0
1998-06-19,23457340.0
1998-06-20,23488679.0
1998-06-21,23516907.0
1998-06-22,23543625.0
1998-06-23,23564033.0
1998-06-24,23592325.0
1998-06-25,23611226.0
1998-06-26,23634830.0
1998-06-27,23658488.0
1998-06-28,23686863.0
1998-06-29,23708940.0
1998-06-30,23727909.0
1998-07-01,23746849.0
1998-07-02,23765840.0
1998-07-03,23780089.0
1998-07-04,23800645.0
1998-07-05,23822837.0
1998-07-06,23833900.0
1998-07-07,23852940.0
1998-07-08,23843419.0
1998-07-09,23833900.0
1998-07-10,23840246.0
1998-07-11,23837073.0
1998-07-12,23835486.0
1998-07-13,23829142.0
1998-07-14,23824384.0
1998-07-15,23821251.0
1998-07-16,23811739.0
1998-07-17,23799060.0
1998-07-18,23783257.0
1998-07-19,23764257.0
1998-07-20,23753178.0
1998-07-21,23726328.0
1998-07-22,23713681.0
1998-07-23,23694760.0
1998-07-24,23664800.0
1998-07-25,23653755.0
1998-07-26,23630100.0
1998-07-27,23614378.0
1998-07-28,23601774.0
1998-07-29,23589176.0
1998-07-30,23578195.0
1998-07-31,23565606.0
1998-08-01,23548304.0
1998-08-02,23540480.0
1998-08-03,23526334.0
1998-08-04,23510623.0
1998-08-05,23494958.0
1998-08-06,23476125.0
1998-08-07,23451068.0
1998-08-08,23438528.0
1998-08-09,23413501.0
1998-08-10,23399410.0
1998-08-11,23371284.0
1998-08-12,23352522.0
1998-08-13,23321315.0
1998-08-14,23294818.0
1998-08-15,23273020.0
1998-08-16,23246525.0
1998-08-17,23224759.0
1998-08-18,23193676.0
1998-08-19,23161031.0
1998-08-20,23131562.0
1998-08-21,23105222.0
1998-08-22,23081965.0
1998-08-23,23055666.0
1998-08-24,23029389.0
1998-08-25,23015467.0
1998-08-26,22987678.0
1998-08-27,22964507.0
1998-08-28,22938306.0
1998-08-29,22912127.0
1998-08-30,22881349.0
1998-08-31,22865953.0
1998-09-01,22844448.0
1998-09-02,22819847.0
1998-09-03,22799910.0
1998-09-04,22784553.0
1998-09-05,22801446.0
1998-09-06,22786089.0
1998-09-07,22772274.0
1998-09-08,22755435.0
1998-09-09,22726344.0
1998-09-10,22711024.0
1998-09-11,22704898.0
1998-09-12,22711024.0
1998-09-13,22706429.0
1998-09-14,22689626.0
1998-09-15,22678914.0
1998-09-16,22662089.0
1998-09-17,22646838.0
1998-09-18,22630030.0
1998-09-19,22613268.0
1998-09-20,22598004.0
1998-09-21,22578210.0
1998-09-22,22555343.0
1998-09-23,22540145.0
1998-09-24,22515785.0
1998-09-25,22497565.0
1998-09-26,22479318.0
1998-09-27,22470199.0
1998-09-28,22452006.0
1998-09-29,22427753.0
1998-09-30,22403483.0
1998-10-01,22392870.0
1998-10-02,22373209.0
1998-10-03,22356565.0
1998-10-04,22341452.0
1998-10-05,22335400.0
1998-10-06,22318762.0
1998-10-07,22302171.0
1998-10-08,22291594.0
1998-10-09,22282532.0
1998-10-10,22268979.0
1998-10-11,22267470.0
1998-10-12,22258414.0
1998-10-13,22243328.0
1998-10-14,22231301.0
1998-10-15,22216228.0
1998-10-16,22213214.0
1998-10-17,22204175.0
1998-10-18,22195175.0
1998-10-19,22181626.0
1998-10-20,22168082.0
1998-10-21,22165074.0
1998-10-22,22172596.0
1998-10-23,22162102.0
1998-10-24,22159094.0
1998-10-25,22183131.0
1998-10-26,22178616.0
1998-10-27,22171091.0
1998-10-28,22192164.0
1998-10-29,22199693.0
1998-10-30,22202669.0
1998-10-31,22198187.0
1998-11-01,22204175.0
1998-11-02,22205681.0
1998-11-03,22201199.0
1998-11-04,22193670.0
1998-11-05,22184636.0
1998-11-06,22181626.0
1998-11-07,22174101.0
1998-11-08,22186142.0
1998-11-09,22181626.0
1998-11-10,22181626.0
1998-11-11,22189153.0
1998-11-12,22177111.0
1998-11-13,22172596.0
1998-11-14,22168082.0
1998-11-15,22165074.0
1998-11-16,22165074.0
1998-11-17,22154582.0
1998-11-18,22148567.0
1998-11-19,22139548.0
1998-11-20,22132033.0
1998-11-21,22121553.0
1998-11-22,22120051.0
1998-11-23,22115545.0
1998-11-24,22108037.0
1998-11-25,22102032.0
1998-11-26,22097529.0
1998-11-27,22090025.0
1998-11-28,22087061.0
1998-11-29,22076560.0
1998-11-30,22076560.0
1998-12-01,22064563.0
1998-12-02,22055569.0
1998-12-03,22043618.0
1998-12-04,22031634.0
1998-12-05,22028639.0
1998-12-06,22018159.0
1998-12-07,22004727.0
1998-12-08,21995751.0
1998-12-09,21991264.0
1998-12-10,21970370.0
1998-12-11,21959910.0
1998-12-12,21947961.0
1998-12-13,21939039.0
1998-12-14,21927098.0
1998-12-15,21912179.0
1998-12-16,21897304.0
1998-12-17,21882400.0
1998-12-18,21866014.0
1998-12-19,21843722.0
1998-12-20,21846698.0
1998-12-21,21845210.0
1998-12-22,21825907.0
1998-12-23,21806580.0
1998-12-24,21782848.0
1998-12-25,21763550.0
1998-12-26,21744301.0
1998-12-27,21725029.0
1998-12-28,21702844.0
1998-12-29,21688039.0
1998-12-30,21676237.0
1998-12-31,21654053.0
1999-01-01,21651097.0
1999-01-02,21636355.0
1999-01-03,21626015.0
1999-01-04,21614202.0
1999-01-05,21599478.0
1999-01-06,21584727.0
1999-01-07,21569983.0
1999-01-08,21561176.0
1999-01-09,21549390.0
1999-01-10,21540553.0
1999-01-11,21528811.0
1999-01-12,21518510.0
1999-01-13,21508212.0
1999-01-14,21496448.0
1999-01-15,21489133.0
1999-01-16,21475908.0
1999-01-17,21470032.0
1999-01-18,21462688.0
1999-01-19,21455382.0
1999-01-20,21445107.0
1999-01-21,21430435.0
1999-01-22,21421672.0
1999-01-23,21417273.0
1999-01-24,21417273.0
1999-01-25,21407012.0
1999-01-26,21392359.0
1999-01-27,21385071.0
1999-01-28,21374822.0
1999-01-29,21361649.0
1999-01-30,21354334.0
1999-01-31,21344131.0
1999-02-01,21336820.0
1999-02-02,21320743.0
1999-02-03,21316360.0
1999-02-04,21307632.0
1999-02-05,21293031.0
1999-02-06,21287192.0
1999-02-07,21274096.0
1999-02-08,21269721.0
1999-02-09,21266804.0
1999-02-10,21255139.0
1999-02-11,21246394.0
1999-02-12,21239144.0
1999-02-13,21228947.0
1999-02-14,21218754.0
1999-02-15,21211476.0
1999-02-16,21198414.0
1999-02-17,21191141.0
1999-02-18,21179507.0
1999-02-19,21173692.0
1999-02-20,21165008.0
1999-02-21,21141766.0
1999-02-22,21138862.0
1999-02-23,21135959.0
1999-02-24,21127286.0
1999-02-25,21114227.0
1999-02-26,21102625.0
1999-02-27,21096826.0
1999-02-28,21088164.0
1999-03-01,21080919.0
1999-03-02,21069330.0
1999-03-03,21056334.0
1999-03-04,21054886.0
1999-03-05,21051991.0
1999-03-06,21040414.0
1999-03-07,21033181.0
1999-03-08,21031734.0
1999-03-09,21025950.0
1999-03-10,21023058.0
1999-03-11,21007192.0
1999-03-12,21005747.0
1999-03-13,21002857.0
1999-03-14,21001412.0
1999-03-15,20989856.0
1999-03-16,20981227.0
1999-03-17,20975452.0
1999-03-18,20966793.0
1999-03-19,20963907.0
1999-03-20,20950924.0
1999-03-21,20942307.0
1999-03-22,20950924.0
1999-03-23,20943748.0
1999-03-24,20939423.0
1999-03-25,20935099.0
1999-03-26,20932216.0
1999-03-27,20932216.0
1999-03-28,20929333.0
1999-03-29,20922129.0
1999-03-30,20927892.0
1999-03-31,20916366.0
1999-04-01,20912080.0
1999-04-02,20904880.0
1999-04-03,20917807.0
1999-04-04,20910640.0
1999-04-05,20909200.0
1999-04-06,20909200.0
1999-04-07,20904880.0
1999-04-08,20909200.0
1999-04-09,20904880.0
1999-04-10,20906320.0
1999-04-11,20909200.0
1999-04-12,20902000.0
1999-04-13,20891924.0
1999-04-14,20889046.0
1999-04-15,20880413.0
1999-04-16,20871817.0
1999-04-17,20868941.0
1999-04-18,20866065.0
1999-04-19,20861752.0
1999-04-20,20868941.0
1999-04-21,20853127.0
1999-04-22,20857439.0
1999-04-23,20853127.0
1999-04-24,20857439.0
1999-04-25,20856002.0
1999-04-26,20856002.0
1999-04-27,20863189.0
1999-04-28,20877570.0
1999-04-29,20887607.0
1999-04-30,20893363.0
1999-05-01,20912080.0
1999-05-02,20933657.0
1999-05-03,20955251.0
1999-05-04,20985559.0
1999-05-05,21008637.0
1999-05-06,21028842.0
1999-05-07,21049096.0
1999-05-08,21060641.0
1999-05-09,21072227.0
1999-05-10,21079470.0
1999-05-11,21075124.0
1999-05-12,21070778.0
1999-05-13,21076572.0
1999-05-14,21073675.0
1999-05-15,21078021.0
1999-05-16,21102625.0
1999-05-17,21102625.0
1999-05-18,21108425.0
1999-05-19,21112777.0
1999-05-20,21128737.0
1999-05-21,21140314.0
1999-05-22,21154837.0
1999-05-23,21178054.0
1999-05-24,21204199.0
1999-05-25,21244937.0
1999-05-26,21282815.0
1999-05-27,21332435.0
1999-05-28,21383607.0
1999-05-29,21439238.0
1999-05-30,21493543.0
1999-05-31,21561176.0
1999-06-01,21618631.0
1999-06-02,21685079.0
1999-06-03,21754648.0
1999-06-04,21812526.0
1999-06-05,21889851.0
1999-06-06,21955429.0
1999-06-07,22021153.0
1999-06-08,22079560.0
1999-06-09,22133536.0
1999-06-10,22199693.0
1999-06-11,22253887.0
1999-06-12,22317250.0
1999-06-13,22377753.0
1999-06-14,22426236.0
1999-06-15,22471719.0
1999-06-16,22549248.0
1999-06-17,22582748.0
1999-06-18,22652952.0
1999-06-19,22717151.0
1999-06-20,22796838.0
1999-06-21,22865953.0
1999-06-22,22910585.0
1999-06-23,22976863.0
1999-06-24,23034031.0
1999-06-25,23092816.0
1999-06-26,23142430.0
1999-06-27,23189010.0
1999-06-28,23230987.0
1999-06-29,23273020.0
1999-06-30,23304180.0
1999-07-01,23327561.0
1999-07-02,23349434.0
1999-07-03,23368157.0
1999-07-04,23388492.0
1999-07-05,23405671.0
1999-07-06,23413501.0
1999-07-07,23421331.0
1999-07-08,23446365.0
1999-07-09,23449500.0
1999-07-10,23454204.0
1999-07-11,23472987.0
1999-07-12,23476125.0
1999-07-13,23474556.0
1999-07-14,23474556.0
1999-07-15,23468319.0
1999-07-16,23485540.0
1999-07-17,23483971.0
1999-07-18,23485540.0
1999-07-19,23471418.0
1999-07-20,23471418.0
1999-07-21,23471418.0
1999-07-22,23455772.0
1999-07-23,23449500.0
1999-07-24,23435394.0
1999-07-25,23435394.0
1999-07-26,23415067.0
1999-07-27,23416633.0
1999-07-28,23397844.0
1999-07-29,23388492.0
1999-07-30,23372848.0
1999-07-31,23377541.0
1999-08-01,23369720.0
1999-08-02,23357212.0
1999-08-03,23361902.0
1999-08-04,23350997.0
1999-08-05,23344746.0
1999-08-06,23344746.0
1999-08-07,23344746.0
1999-08-08,23346309.0
1999-08-09,23340058.0
1999-08-10,23332247.0
1999-08-11,23330685.0
1999-08-12,23327561.0
1999-08-13,23333809.0
1999-08-14,23324438.0
1999-08-15,23332247.0
1999-08-16,23326000.0
1999-08-17,23319753.0
1999-08-18,23313508.0
1999-08-19,23313508.0
1999-08-20,23305741.0
1999-08-21,23310424.0
1999-08-22,23319753.0
1999-08-23,23313508.0
1999-08-24,23318192.0
1999-08-25,23311985.0
1999-08-26,23308863.0
1999-08-27,23310424.0
1999-08-28,23301059.0
1999-08-29,23296378.0
1999-08-30,23291697.0
1999-08-31,23291697.0
1999-09-01,23287017.0
1999-09-02,23274541.0
1999-09-03,23263666.0
1999-09-04,23268343.0
1999-09-05,23273020.0
1999-09-06,23279219.0
1999-09-07,23283898.0
1999-09-08,23276100.0
1999-09-09,23266784.0
1999-09-10,23258990.0
1999-09-11,23244967.0
1999-09-12,23246525.0
1999-09-13,23234102.0
1999-09-14,23227873.0
1999-09-15,23215420.0
1999-09-16,23201415.0
1999-09-17,23192121.0
1999-09-18,23167246.0
1999-09-19,23179681.0
1999-09-20,23157924.0
1999-09-21,23130009.0
1999-09-22,23114529.0
1999-09-23,23099018.0
1999-09-24,23088165.0
1999-09-25,23075804.0
1999-09-26,23074254.0
1999-09-27,23058763.0
1999-09-28,23034031.0
1999-09-29,23015467.0
1999-09-30,22996950.0
1999-10-01,22986132.0
1999-10-02,22973773.0
1999-10-03,22963001.0
1999-10-04,22952195.0
1999-10-05,22938306.0
1999-10-06,22918294.0
1999-10-07,22915210.0
1999-10-08,22898256.0
1999-10-09,22885969.0
1999-10-10,22876729.0
1999-10-11,22861335.0
1999-10-12,22847525.0
1999-10-13,22833683.0
1999-10-14,22813699.0
1999-10-15,22801446.0
1999-10-16,22776892.0
1999-10-17,22755435.0
1999-10-18,22744700.0
1999-10-19,22724811.0
1999-10-20,22706429.0
1999-10-21,22692687.0
1999-10-22,22677384.0
1999-10-23,22662089.0
1999-10-24,22648366.0
1999-10-25,22630030.0
1999-10-26,22611741.0
1999-10-27,22596478.0
1999-10-28,22572111.0
1999-10-29,22564488.0
1999-10-30,22549248.0
1999-10-31,22534054.0
1999-11-01,22518829.0
1999-11-02,22502128.0
1999-11-03,22483879.0
1999-11-04,22467160.0
1999-11-05,22450487.0
1999-11-06,22436823.0
1999-11-07,22417132.0
1999-11-08,22397418.0
1999-11-09,22380784.0
1999-11-10,22362607.0
1999-11-11,22345992.0
1999-11-12,22321787.0
1999-11-13,22302171.0
1999-11-14,22287063.0
1999-11-15,22264451.0
1999-11-16,22246344.0
1999-11-17,22231301.0
1999-11-18,22205681.0
1999-11-19,22184636.0
1999-11-20,22165074.0
1999-11-21,22151574.0
1999-11-22,22124558.0
1999-11-23,22103533.0
1999-11-24,22081060.0
1999-11-25,22063064.0
1999-11-26,22040621.0
1999-11-27,22027142.0
1999-11-28,22010712.0
1999-11-29,21991264.0
1999-11-30,21968875.0
1999-12-01,21955429.0
1999-12-02,21931575.0
1999-12-03,21916654.0
1999-12-04,21894323.0
1999-12-05,21885380.0
1999-12-06,21858606.0
1999-12-07,21839258.0
1999-12-08,21824420.0
1999-12-09,21806580.0
1999-12-10,21785818.0
1999-12-11,21769487.0
1999-12-12,21751717.0
1999-12-13,21736887.0
1999-12-14,21714693.0
1999-12-15,21696921.0
1999-12-16,21671799.0
1999-12-17,21657010.0
1999-12-18,21642265.0
1999-12-19,21624538.0
1999-12-20,21609773.0
1999-12-21,21590627.0
1999-12-22,21572931.0
1999-12-23,21562649.0
1999-12-24,21540553.0
1999-12-25,21534664.0
1999-12-26,21522924.0
1999-12-27,21505271.0
1999-12-28,21489133.0
1999-12-29,21472970.0
1999-12-30,21458319.0
1999-12-31,21443640.0
2000-01-01,21434836.0
2000-01-02,21426035.0
2000-01-03,21415807.0
2000-01-04,21399684.0
2000-01-05,21393824.0
2000-01-06,21376286.0
2000-01-07,21360186.0
2000-01-08,21344131.0
2000-01-09,21332435.0
2000-01-10,21316360.0
2000-01-11,21304711.0
2000-01-12,21295950.0
2000-01-13,21290111.0
2000-01-14,21281355.0
2000-01-15,21272638.0
2000-01-16,21269721.0
2000-01-17,21259513.0
2000-01-18,21252224.0
2000-01-19,21243480.0
2000-01-20,21231860.0
2000-01-21,21223122.0
2000-01-22,21218754.0
2000-01-23,21211476.0
2000-01-24,21205654.0
2000-01-25,21199869.0
2000-01-26,21182415.0
2000-01-27,21179507.0
2000-01-28,21166461.0
2000-01-29,21160648.0
2000-01-30,21151932.0
2000-01-31,21137411.0
2000-02-01,21135959.0
2000-02-02,21127286.0
2000-02-03,21120030.0
2000-02-04,21111326.0
2000-02-05,21106975.0
2000-02-06,21101175.0
2000-02-07,21086715.0
2000-02-08,21078021.0
2000-02-09,21070778.0
2000-02-10,21062089.0
2000-02-11,21057781.0
2000-02-12,21054886.0
2000-02-13,21047649.0
2000-02-14,21040414.0
2000-02-15,21038967.0
2000-02-16,21031734.0
2000-02-17,21018755.0
2000-02-18,21015864.0
2000-02-19,21014419.0
2000-02-20,21002857.0
2000-02-21,20985559.0
2000-02-22,20991300.0
2000-02-23,20985542.0
2000-02-24,20971122.0
2000-02-25,20974009.0
2000-02-26,20965350.0
2000-02-27,20961021.0
2000-02-28,20955251.0
2000-02-29,20948074.0
2000-03-01,20943748.0
2000-03-02,20936540.0
2000-03-03,20927892.0
2000-03-04,20927892.0
2000-03-05,20919247.0
2000-03-06,20917807.0
2000-03-07,20900561.0
2000-03-08,20891924.0
2000-03-09,20889046.0
2000-03-10,20886168.0
2000-03-11,20878974.0
2000-03-12,20878974.0
2000-03-13,20873255.0
2000-03-14,20866065.0
2000-03-15,20861752.0
2000-03-16,20850253.0
2000-03-17,20843068.0
2000-03-18,20835921.0
2000-03-19,20828740.0
2000-03-20,20837357.0
2000-03-21,20820125.0
2000-03-22,20808644.0
2000-03-23,20798636.0
2000-03-24,20800070.0
2000-03-25,20800070.0
2000-03-26,20807209.0
2000-03-27,20801505.0
2000-03-28,20808644.0
2000-03-29,20805809.0
2000-03-30,20815819.0
2000-03-31,20818690.0
2000-04-01,20805809.0
2000-04-02,20817254.0
2000-04-03,20821561.0
2000-04-04,20825868.0
2000-04-05,20831612.0
2000-04-06,20824432.0
2000-04-07,20821561.0
2000-04-08,20805809.0
2000-04-09,20791465.0
2000-04-10,20782862.0
2000-04-11,20771395.0
2000-04-12,20761401.0
2000-04-13,20751375.0
2000-04-14,20739922.0
2000-04-15,20738490.0
2000-04-16,20728508.0
2000-04-17,20725646.0
2000-04-18,20718494.0
2000-04-19,20715633.0
2000-04-20,20709913.0
2000-04-21,20702765.0
2000-04-22,20701336.0
2000-04-23,20692796.0
2000-04-24,20691367.0
2000-04-25,20684223.0
2000-04-26,20685652.0
2000-04-27,20678510.0
2000-04-28,20678510.0
2000-04-29,20664231.0
2000-04-30,20674225.0
2000-05-01,20684223.0
2000-05-02,20685652.0
2000-05-03,20662838.0
2000-05-04,20644288.0
2000-05-05,20630028.0
2000-05-06,20614384.0
2000-05-07,20630028.0
2000-05-08,20648568.0
2000-05-09,20669942.0
2000-05-10,20692796.0
2000-05-11,20724216.0
2000-05-12,20749943.0
2000-05-13,20765699.0
2000-05-14,20785729.0
2000-05-15,20801505.0
2000-05-16,20812949.0
2000-05-17,20818690.0
2000-05-18,20830176.0
2000-05-19,20834484.0
2000-05-20,20838793.0
2000-05-21,20840230.0
2000-05-22,20845942.0
2000-05-23,20848816.0
2000-05-24,20847379.0
2000-05-25,20857439.0
2000-05-26,20874694.0
2000-05-27,20896242.0
2000-05-28,20930775.0
2000-05-29,20968236.0
2000-05-30,21002857.0
2000-05-31,21044755.0
2000-06-01,21096826.0
2000-06-02,21157743.0
2000-06-03,21218754.0
2000-06-04,21279896.0
2000-06-05,21335358.0
2000-06-06,21385071.0
2000-06-07,21436303.0
2000-06-08,21477377.0
2000-06-09,21508212.0
2000-06-10,21544971.0
2000-06-11,21574405.0
2000-06-12,21603905.0
2000-06-13,21627491.0
2000-06-14,21646663.0
2000-06-15,21667362.0
2000-06-16,21680640.0
2000-06-17,21685079.0
2000-06-18,21696921.0
2000-06-19,21704325.0
2000-06-20,21707287.0
2000-06-21,21711730.0
2000-06-22,21719102.0
2000-06-23,21727993.0
2000-06-24,21726511.0
2000-06-25,21741336.0
2000-06-26,21744301.0
2000-06-27,21739853.0
2000-06-28,21744301.0
2000-06-29,21750234.0
2000-06-30,21757615.0
2000-07-01,21751717.0
2000-07-02,21753200.0
2000-07-03,21748751.0
2000-07-04,21742818.0
2000-07-05,21739853.0
2000-07-06,21732440.0
2000-07-07,21738370.0
2000-07-08,21726511.0
2000-07-09,21727993.0
2000-07-10,21719102.0
2000-07-11,21716175.0
2000-07-12,21708768.0
2000-07-13,21704325.0
2000-07-14,21702844.0
2000-07-15,21696921.0
2000-07-16,21686571.0
2000-07-17,21673278.0
2000-07-18,21670320.0
2000-07-19,21662925.0
2000-07-20,21655532.0
2000-07-21,21652575.0
2000-07-22,21643707.0
2000-07-23,21633400.0
2000-07-24,21633400.0
2000-07-25,21624538.0
2000-07-26,21611249.0
2000-07-27,21603905.0
2000-07-28,21590627.0
2000-07-29,21589152.0
2000-07-30,21574405.0
2000-07-31,21568545.0
2000-08-01,21556755.0
2000-08-02,21543498.0
2000-08-03,21536150.0
2000-08-04,21522924.0
2000-08-05,21521453.0
2000-08-06,21511154.0
2000-08-07,21500859.0
2000-08-08,21490603.0
2000-08-09,21475908.0
2000-08-10,21472970.0
2000-08-11,21461220.0
2000-08-12,21453914.0
2000-08-13,21445107.0
2000-08-14,21431902.0
2000-08-15,21423102.0
2000-08-16,21412875.0
2000-08-17,21404080.0
2000-08-18,21393824.0
2000-08-19,21385071.0
2000-08-20,21373358.0
2000-08-21,21368967.0
2000-08-22,21364576.0
2000-08-23,21352871.0
2000-08-24,21349946.0
2000-08-25,21345594.0
2000-08-26,21341207.0
2000-08-27,21341207.0
2000-08-28,21328050.0
2000-08-29,21322204.0
2000-08-30,21316360.0
2000-08-31,21304711.0
2000-09-01,21301790.0
2000-09-02,21293031.0
2000-09-03,21291571.0
2000-09-04,21282815.0
2000-09-05,21234774.0
2000-09-06,21185324.0
2000-09-07,21128737.0
2000-09-08,21092512.0
2000-09-09,21082368.0
2000-09-10,21072227.0
2000-09-11,21069330.0
2000-09-12,21069330.0
2000-09-13,21063537.0
2000-09-14,21059194.0
2000-09-15,21051991.0
2000-09-16,21047649.0
2000-09-17,21036078.0
2000-09-18,21023058.0
2000-09-19,21024504.0
2000-09-20,21014419.0
2000-09-21,20999967.0
2000-09-22,20989856.0
2000-09-23,20979783.0
2000-09-24,20974009.0
2000-09-25,20962464.0
2000-09-26,20955251.0
2000-09-27,20950924.0
2000-09-28,20955251.0
2000-09-29,20942307.0
2000-09-30,20939423.0
2000-10-01,20930775.0
2000-10-02,20920688.0
2000-10-03,20914926.0
2000-10-04,20900561.0
2000-10-05,20903440.0
2000-10-06,20894802.0
2000-10-07,20886168.0
2000-10-08,20877570.0
2000-10-09,20864627.0
2000-10-10,20853127.0
2000-10-11,20838779.0
2000-10-12,20824432.0
2000-10-13,20818690.0
2000-10-14,20810079.0
2000-10-15,20805809.0
2000-10-16,20795767.0
2000-10-17,20785729.0
2000-10-18,20779995.0
2000-10-19,20772828.0
2000-10-20,20764266.0
2000-10-21,20769997.0
2000-10-22,20774261.0
2000-10-23,20767131.0
2000-10-24,20777128.0
2000-10-25,20778561.0
2000-10-26,20774261.0
2000-10-27,20778561.0
2000-10-28,20767117.0
2000-10-29,20758536.0
2000-10-30,20759968.0
2000-10-31,20752807.0
2000-11-01,20745648.0
2000-11-02,20734231.0
2000-11-03,20721355.0
2000-11-04,20707054.0
2000-11-05,20697083.0
2000-11-06,20682795.0
2000-11-07,20664231.0
2000-11-08,20644288.0
2000-11-09,20630028.0
2000-11-10,20620084.0
2000-11-11,20604412.0
2000-11-12,20585936.0
2000-11-13,20571705.0
2000-11-14,20551829.0
2000-11-15,20537617.0
2000-11-16,20521991.0
2000-11-17,20509248.0
2000-11-18,20489383.0
2000-11-19,20478073.0
2000-11-20,20461064.0
2000-11-21,20445517.0
2000-11-22,20427114.0
2000-11-23,20411586.0
2000-11-24,20393206.0
2000-11-25,20376285.0
2000-11-26,20360752.0
2000-11-27,20349461.0
2000-11-28,20332567.0
2000-11-29,20322698.0
2000-11-30,20301595.0
2000-12-01,20290329.0
2000-12-02,20276252.0
2000-12-03,20260811.0
2000-12-04,20243939.0
2000-12-05,20228517.0
2000-12-06,20213069.0
2000-12-07,20199068.0
2000-12-08,20183637.0
2000-12-09,20169617.0
2000-12-10,20151436.0
2000-12-11,20144433.0
2000-12-12,20122072.0
2000-12-13,20105287.0
2000-12-14,20085753.0
2000-12-15,20081562.0
2000-12-16,20062045.0
2000-12-17,20042509.0
2000-12-18,20029958.0
2000-12-19,20016053.0
2000-12-20,20004907.0
2000-12-21,19981271.0
2000-12-22,19964577.0
2000-12-23,19950706.0
2000-12-24,19943757.0
2000-12-25,19920177.0
2000-12-26,19899358.0
2000-12-27,19882750.0
2000-12-28,19870275.0
2000-12-29,19853684.0
2000-12-30,19839839.0
2000-12-31,19823235.0
2001-01-01,19812205.0
2001-01-02,19798381.0
2001-01-03,19779075.0
2001-01-04,19762510.0
2001-01-05,19745988.0
2001-01-06,19733579.0
2001-01-07,19719798.0
2001-01-08,19700551.0
2001-01-09,19682693.0
2001-01-10,19660691.0
2001-01-11,19642862.0
2001-01-12,19629129.0
2001-01-13,19615404.0
2001-01-14,19605835.0
2001-01-15,19589381.0
2001-01-16,19574341.0
2001-01-17,19555169.0
2001-01-18,19538781.0
2001-01-19,19519637.0
2001-01-20,19501906.0
2001-01-21,19492346.0
2001-01-22,19471905.0
2001-01-23,19454175.0
2001-01-24,19439215.0
2001-01-25,19418784.0
2001-01-26,19406567.0
2001-01-27,19391602.0
2001-01-28,19378006.0
2001-01-29,19363091.0
2001-01-30,19345437.0
2001-01-31,19327829.0
2001-02-01,19318335.0
2001-02-02,19303456.0
2001-02-03,19288553.0
2001-02-04,19283136.0
2001-02-05,19269632.0
2001-02-06,19258807.0
2001-02-07,19239908.0
2001-02-08,19226395.0
2001-02-09,19218290.0
2001-02-10,19208838.0
2001-02-11,19198072.0
2001-02-12,19187279.0
2001-02-13,19172479.0
2001-02-14,19161697.0
2001-02-15,19148226.0
2001-02-16,19137487.0
2001-02-17,19130757.0
2001-02-18,19115958.0
2001-02-19,19105234.0
2001-02-20,19089107.0
2001-02-21,19082390.0
2001-02-22,19070338.0
2001-02-23,19060943.0
2001-02-24,19050209.0
2001-02-25,19048868.0
2001-02-26,19039481.0
2001-02-27,19031471.0
2001-02-28,19023430.0
2001-03-01,19019411.0
2001-03-02,19015392.0
2001-03-03,19012713.0
2001-03-04,19008696.0
2001-03-05,19000696.0
2001-03-06,18992665.0
2001-03-07,18987313.0
2001-03-08,18979287.0
2001-03-09,18969960.0
2001-03-10,18969960.0
2001-03-11,18964613.0
2001-03-12,18961940.0
2001-03-13,18957930.0
2001-03-14,18949914.0
2001-03-15,18941901.0
2001-03-16,18931253.0
2001-03-17,18931253.0
2001-03-18,18931253.0
2001-03-19,18916575.0
2001-03-20,18904605.0
2001-03-21,18896606.0
2001-03-22,18889943.0
2001-03-23,18885946.0
2001-03-24,18879285.0
2001-03-25,18872627.0
2001-03-26,18873958.0
2001-03-27,18867334.0
2001-03-28,18868665.0
2001-03-29,18867334.0
2001-03-30,18866002.0
2001-03-31,18864671.0
2001-04-01,18866002.0
2001-04-02,18868665.0
2001-04-03,18859348.0
2001-04-04,18858017.0
2001-04-05,18852695.0
2001-04-06,18850034.0
2001-04-07,18847373.0
2001-04-08,18846043.0
2001-04-09,18836767.0
2001-04-10,18838097.0
2001-04-11,18839394.0
2001-04-12,18834108.0
2001-04-13,18831450.0
2001-04-14,18830121.0
2001-04-15,18835438.0
2001-04-16,18834108.0
2001-04-17,18830121.0
2001-04-18,18822147.0
2001-04-19,18819490.0
2001-04-20,18808863.0
2001-04-21,18807535.0
2001-04-22,18811519.0
2001-04-23,18808863.0
2001-04-24,18807535.0
2001-04-25,18808863.0
2001-04-26,18807535.0
2001-04-27,18812848.0
2001-04-28,18811519.0
2001-04-29,18816833.0
2001-04-30,18820818.0
2001-05-01,18831450.0
2001-05-02,18835438.0
2001-05-03,18847373.0
2001-05-04,18858017.0
2001-05-05,18875290.0
2001-05-06,18905905.0
2001-05-07,18920577.0
2001-05-08,18933922.0
2001-05-09,18948578.0
2001-05-10,18960603.0
2001-05-11,18975275.0
2001-05-12,18985975.0
2001-05-13,19006018.0
2001-05-14,19015392.0
2001-05-15,19036832.0
2001-05-16,19078361.0
2001-05-17,19114613.0
2001-05-18,19165740.0
2001-05-19,19211538.0
2001-05-20,19265572.0
2001-05-21,19323760.0
2001-05-22,19378006.0
2001-05-23,19429678.0
2001-05-24,19481424.0
2001-05-25,19529207.0
2001-05-26,19571601.0
2001-05-27,19619521.0
2001-05-28,19659316.0
2001-05-29,19712944.0
2001-05-30,19756990.0
2001-05-31,19797000.0
2001-06-01,19838455.0
2001-06-02,19870275.0
2001-06-03,19911847.0
2001-06-04,19939588.0
2001-06-05,19974314.0
2001-06-06,20009086.0
2001-06-07,20036930.0
2001-06-08,20060649.0
2001-06-09,20084356.0
2001-06-10,20106686.0
2001-06-11,20129068.0
2001-06-12,20165446.0
2001-06-13,20158440.0
2001-06-14,20173822.0
2001-06-15,20190650.0
2001-06-16,20203278.0
2001-06-17,20220090.0
2001-06-18,20227112.0
2001-06-19,20236947.0
2001-06-20,20241128.0
2001-06-21,20246751.0
2001-06-22,20241128.0
2001-06-23,20253780.0
2001-06-24,20252374.0
2001-06-25,20249562.0
2001-06-26,20257999.0
2001-06-27,20256592.0
2001-06-28,20253780.0
2001-06-29,20253780.0
2001-06-30,20259405.0
2001-07-01,20259405.0
2001-07-02,20242534.0
2001-07-03,20234136.0
2001-07-04,20222898.0
2001-07-05,20208858.0
2001-07-06,20187844.0
2001-07-07,20162633.0
2001-07-08,20148637.0
2001-07-09,20136033.0
2001-07-10,20126270.0
2001-07-11,20113678.0
2001-07-12,20096933.0
2001-07-13,20081562.0
2001-07-14,20070388.0
2001-07-15,20052275.0
2001-07-16,20038324.0
2001-07-17,20023021.0
2001-07-18,20007693.0
2001-07-19,19991015.0
2001-07-20,19971531.0
2001-07-21,19954877.0
2001-07-22,19942367.0
2001-07-23,19921565.0
2001-07-24,19906296.0
2001-07-25,19885523.0
2001-07-26,19863347.0
2001-07-27,19841223.0
2001-07-28,19814970.0
2001-07-29,19802528.0
2001-07-30,19783218.0
2001-07-31,19763890.0
2001-08-01,19743230.0
2001-08-02,19722554.0
2001-08-03,19695044.0
2001-08-04,19681318.0
2001-08-05,19674440.0
2001-08-06,19655193.0
2001-08-07,19634619.0
2001-08-08,19616776.0
2001-08-09,19622266.0
2001-08-10,19607206.0
2001-08-11,19585269.0
2001-08-12,19586639.0
2001-08-13,19577081.0
2001-08-14,19572971.0
2001-08-15,19566123.0
2001-08-16,19556538.0
2001-08-17,19534678.0
2001-08-18,19516903.0
2001-08-19,19518270.0
2001-08-20,19493711.0
2001-08-21,19488250.0
2001-08-22,19465084.0
2001-08-23,19448721.0
2001-08-24,19435127.0
2001-08-25,19420146.0
2001-08-26,19413339.0
2001-08-27,19398403.0
2001-08-28,19376662.0
2001-08-29,19361730.0
2001-08-30,19340041.0
2001-08-31,19321047.0
2001-09-01,19312911.0
2001-09-02,19306167.0
2001-09-03,19302101.0
2001-09-04,19296681.0
2001-09-05,19283136.0
2001-09-06,19283136.0
2001-09-07,19272339.0
2001-09-08,19260157.0
2001-09-09,19249339.0
2001-09-10,19242579.0
2001-09-11,19235853.0
2001-09-12,19231799.0
2001-09-13,19216939.0
2001-09-14,19215589.0
2001-09-15,19211538.0
2001-09-16,19202121.0
2001-09-17,19210188.0
2001-09-18,19203471.0
2001-09-19,19191326.0
2001-09-20,19185930.0
2001-09-21,19181884.0
2001-09-22,19180536.0
2001-09-23,19176491.0
2001-09-24,19168435.0
2001-09-25,19164392.0
2001-09-26,19160349.0
2001-09-27,19153613.0
2001-09-28,19146879.0
2001-09-29,19144186.0
2001-09-30,19134795.0
2001-10-01,19119994.0
2001-10-02,19107890.0
2001-10-03,19095825.0
2001-10-04,19082390.0
2001-10-05,19068995.0
2001-10-06,19055575.0
2001-10-07,19043504.0
2001-10-08,19028790.0
2001-10-09,19018075.0
2001-10-10,19010047.0
2001-10-11,18998019.0
2001-10-12,18987314.0
2001-10-13,18969960.0
2001-10-14,18968623.0
2001-10-15,18957930.0
2001-10-16,18945907.0
2001-10-17,18932588.0
2001-10-18,18925914.0
2001-10-19,18916575.0
2001-10-20,18907239.0
2001-10-21,18905905.0
2001-10-22,18892608.0
2001-10-23,18885946.0
2001-10-24,18872627.0
2001-10-25,18859348.0
2001-10-26,18851364.0
2001-10-27,18839394.0
2001-10-28,18835438.0
2001-10-29,18826133.0
2001-10-30,18814176.0
2001-10-31,18802257.0
2001-11-01,18794292.0
2001-11-02,18785004.0
2001-11-03,18777045.0
2001-11-04,18770448.0
2001-11-05,18758518.0
2001-11-06,18749244.0
2001-11-07,18742621.0
2001-11-08,18736033.0
2001-11-09,18721474.0
2001-11-10,18712214.0
2001-11-11,18705634.0
2001-11-12,18697702.0
2001-11-13,18687131.0
2001-11-14,18675243.0
2001-11-15,18664713.0
2001-11-16,18652837.0
2001-11-17,18642285.0
2001-11-18,18638361.0
2001-11-19,18625180.0
2001-11-20,18613324.0
2001-11-21,18604138.0
2001-11-22,18597557.0
2001-11-23,18581768.0
2001-11-24,18569965.0
2001-11-25,18566022.0
2001-11-26,18554195.0
2001-11-27,18534520.0
2001-11-28,18521407.0
2001-11-29,18514848.0
2001-11-30,18510914.0
2001-12-01,18495213.0
2001-12-02,18484742.0
2001-12-03,18474275.0
2001-12-04,18450740.0
2001-12-05,18425920.0
2001-12-06,18410256.0
2001-12-07,18388075.0
2001-12-08,18376363.0
2001-12-09,18371146.0
2001-12-10,18345104.0
2001-12-11,18330775.0
2001-12-12,18311280.0
2001-12-13,18291767.0
2001-12-14,18276199.0
2001-12-15,18258011.0
2001-12-16,18245059.0
2001-12-17,18221704.0
2001-12-18,18203586.0
2001-12-19,18189334.0
2001-12-20,18169943.0
2001-12-21,18145394.0
2001-12-22,18131174.0
2001-12-23,18120837.0
2001-12-24,18100206.0
2001-12-25,18091172.0
2001-12-26,18070565.0
2001-12-27,18055097.0
2001-12-28,18038382.0
2001-12-29,18022934.0
2001-12-30,18008812.0
2001-12-31,17995952.0
2002-01-01,17984415.0
2002-01-02,17961295.0
2002-01-03,17947207.0
2002-01-04,17931813.0
2002-01-05,17921587.0
2002-01-06,17910052.0
2002-01-07,17898523.0
2002-01-08,17883190.0
2002-01-09,17866555.0
2002-01-10,17844850.0
2002-01-11,17833350.0
2002-01-12,17812950.0
2002-01-13,17806568.0
2002-01-14,17788740.0
2002-01-15,17775991.0
2002-01-16,17756910.0
2002-01-17,17740359.0
2002-01-18,17717490.0
2002-01-19,17704777.0
2002-01-20,17689561.0
2002-01-21,17671784.0
2002-01-22,17659125.0
2002-01-23,17643905.0
2002-01-24,17623658.0
2002-01-25,17603427.0
2002-01-26,17590772.0
2002-01-27,17578123.0
2002-01-28,17557929.0
2002-01-29,17539014.0
2002-01-30,17526392.0
2002-01-31,17507501.0
2002-02-01,17498676.0
2002-02-02,17484814.0
2002-02-03,17476028.0
2002-02-04,17460920.0
2002-02-05,17452112.0
2002-02-06,17438307.0
2002-02-07,17425736.0
2002-02-08,17411946.0
2002-02-09,17403155.0
2002-02-10,17391857.0
2002-02-11,17379340.0
2002-02-12,17369307.0
2002-02-13,17354296.0
2002-02-14,17344273.0
2002-02-15,17331750.0
2002-02-16,17321767.0
2002-02-17,17309256.0
2002-02-18,17299251.0
2002-02-19,17285532.0
2002-02-20,17278036.0
2002-02-21,17265547.0
2002-02-22,17253095.0
2002-02-23,17244362.0
2002-02-24,17234384.0
2002-02-25,17225687.0
2002-02-26,17210734.0
2002-02-27,17202016.0
2002-02-28,17189596.0
2002-03-01,17178397.0
2002-03-02,17170934.0
2002-03-03,17162260.0
2002-03-04,17156045.0
2002-03-05,17143619.0
2002-03-06,17131230.0
2002-03-07,17127506.0
2002-03-08,17121300.0
2002-03-09,17110132.0
2002-03-10,17097761.0
2002-03-11,17085365.0
2002-03-12,17073006.0
2002-03-13,17064338.0
2002-03-14,17055672.0
2002-03-15,17043329.0
2002-03-16,17038381.0
2002-03-17,17029725.0
2002-03-18,17019837.0
2002-03-19,17011218.0
2002-03-20,17007512.0
2002-03-21,17000102.0
2002-03-22,16987757.0
2002-03-23,16981617.0
2002-03-24,16972982.0
2002-03-25,16963117.0
2002-03-26,16966816.0
2002-03-27,16956953.0
2002-03-28,16950822.0
2002-03-29,16939734.0
2002-03-30,16936040.0
2002-03-31,16927421.0
2002-04-01,16917605.0
2002-04-02,16910223.0
2002-04-03,16902844.0
2002-04-04,16899155.0
2002-04-05,16888122.0
2002-04-06,16888122.0
2002-04-07,16883207.0
2002-04-08,16873379.0
2002-04-09,16864784.0
2002-04-10,16869695.0
2002-04-11,16854994.0
2002-04-12,16852539.0
2002-04-13,16841498.0
2002-04-14,16834140.0
2002-04-15,16820681.0
2002-04-16,16812111.0
2002-04-17,16814561.0
2002-04-18,16803538.0
2002-04-19,16787654.0
2002-04-20,16788878.0
2002-04-21,16783984.0
2002-04-22,16774198.0
2002-04-23,16765668.0
2002-04-24,16760779.0
2002-04-25,16749781.0
2002-04-26,16747338.0
2002-04-27,16732714.0
2002-04-28,16725390.0
2002-04-29,16713189.0
2002-04-30,16704682.0
2002-05-01,16698587.0
2002-05-02,16685182.0
2002-05-03,16677873.0
2002-05-04,16670597.0
2002-05-05,16663293.0
2002-05-06,16652342.0
2002-05-07,16645073.0
2002-05-08,16634131.0
2002-05-09,16629269.0
2002-05-10,16623193.0
2002-05-11,16614719.0
2002-05-12,16612290.0
2002-05-13,16602577.0
2002-05-14,16591654.0
2002-05-15,16583192.0
2002-05-16,16583192.0
2002-05-17,16568643.0
2002-05-18,16561371.0
2002-05-19,16557736.0
2002-05-20,16543232.0
2002-05-21,16532338.0
2002-05-22,16525108.0
2002-05-23,16520269.0
2002-05-24,16520269.0
2002-05-25,16517850.0
2002-05-26,16515431.0
2002-05-27,16520269.0
2002-05-28,16526288.0
2002-05-29,16533548.0
2002-05-30,16534758.0
2002-05-31,16535969.0
2002-06-01,16528708.0
2002-06-02,16523898.0
2002-06-03,16510595.0
2002-06-04,16500925.0
2002-06-05,16500925.0
2002-06-06,16496091.0
2002-06-07,16485249.0
2002-06-08,16480419.0
2002-06-09,16467141.0
2002-06-10,16450283.0
2002-06-11,16439434.0
2002-06-12,16427414.0
2002-06-13,16416575.0
2002-06-14,16398552.0
2002-06-15,16386525.0
2002-06-16,16372130.0
2002-06-17,16358916.0
2002-06-18,16343339.0
2002-06-19,16327743.0
2002-06-20,16304999.0
2002-06-21,16287036.0
2002-06-22,16266724.0
2002-06-23,16253601.0
2002-06-24,16233291.0
2002-06-25,16209450.0
2002-06-26,16189201.0
2002-06-27,16166591.0
2002-06-28,16145192.0
2002-06-29,16128570.0
2002-06-30,16110750.0
2002-07-01,16083482.0
2002-07-02,16062172.0
2002-07-03,16033782.0
2002-07-04,16018404.0
2002-07-05,15991263.0
2002-07-06,15965311.0
2002-07-07,15945292.0
2002-07-08,15920576.0
2002-07-09,15897073.0
2002-07-10,15868877.0
2002-07-11,15843060.0
2002-07-12,15818459.0
2002-07-13,15792715.0
2002-07-14,15770509.0
2002-07-15,15744819.0
2002-07-16,15719159.0
2002-07-17,15691186.0
2002-07-18,15664433.0
2002-07-19,15638836.0
2002-07-20,15613297.0
2002-07-21,15590108.0
2002-07-22,15564625.0
2002-07-23,15535699.0
2002-07-24,15509120.0
2002-07-25,15481420.0
2002-07-26,15454907.0
2002-07-27,15429577.0
2002-07-28,15411173.0
2002-07-29,15385894.0
2002-07-30,15358349.0
2002-07-31,15333130.0
2002-08-01,15309090.0
2002-08-02,15288498.0
2002-08-03,15264503.0
2002-08-04,15240527.0
2002-08-05,15213168.0
2002-08-06,15189262.0
2002-08-07,15161969.0
2002-08-08,15135847.0
2002-08-09,15110892.0
2002-08-10,15090501.0
2002-08-11,15064440.0
2002-08-12,15042962.0
2002-08-13,15018117.0
2002-08-14,14992173.0
2002-08-15,14965132.0
2002-08-16,14938127.0
2002-08-17,14916779.0
2002-08-18,14893206.0
2002-08-19,14870754.0
2002-08-20,14844992.0
2002-08-21,14818143.0
2002-08-22,14790211.0
2002-08-23,14762317.0
2002-08-24,14742264.0
2002-08-25,14716662.0
2002-08-26,14688868.0
2002-08-27,14665555.0
2002-08-28,14651119.0
2002-08-29,14623415.0
2002-08-30,14596861.0
2002-08-31,14569225.0
2002-09-01,14557095.0
2002-09-02,14547153.0
2002-09-03,14532829.0
2002-09-04,14521797.0
2002-09-05,14512975.0
2002-09-06,14505287.0
2002-09-07,14515180.0
2002-09-08,14524003.0
2002-09-09,14517386.0
2002-09-10,14521797.0
2002-09-11,14531726.0
2002-09-12,14539425.0
2002-09-13,14561488.0
2002-09-14,14571436.0
2002-09-15,14576965.0
2002-09-16,14573649.0
2002-09-17,14568119.0
2002-09-18,14558200.0
2002-09-19,14552676.0
2002-09-20,14549362.0
2002-09-21,14547153.0
2002-09-22,14540528.0
2002-09-23,14532829.0
2002-09-24,14522900.0
2002-09-25,14524003.0
2002-09-26,14508577.0
2002-09-27,14497569.0
2002-09-28,14486567.0
2002-09-29,14475571.0
2002-09-30,14467880.0
2002-10-01,14470080.0
2002-10-02,14457989.0
2002-10-03,14447019.0
2002-10-04,14443723.0
2002-10-05,14439329.0
2002-10-06,14433838.0
2002-10-07,14428348.0
2002-10-08,14422887.0
2002-10-09,14415206.0
2002-10-10,14407528.0
2002-10-11,14404239.0
2002-10-12,14397661.0
2002-10-13,14391113.0
2002-10-14,14383444.0
2002-10-15,14376873.0
2002-10-16,14368143.0
2002-10-17,14356107.0
2002-10-18,14348453.0
2002-10-19,14342987.0
2002-10-20,14336457.0
2002-10-21,14326625.0
2002-10-22,14320073.0
2002-10-23,14308094.0
2002-10-24,14302640.0
2002-10-25,14297186.0
2002-10-26,14296096.0
2002-10-27,14289554.0
2002-10-28,14280863.0
2002-10-29,14279773.0
2002-10-30,14271059.0
2002-10-31,14269970.0
2002-11-01,14266703.0
2002-11-02,14268881.0
2002-11-03,14255845.0
2002-11-04,14247141.0
2002-11-05,14238442.0
2002-11-06,14234094.0
2002-11-07,14224340.0
2002-11-08,14216736.0
2002-11-09,14212393.0
2002-11-10,14211307.0
2002-11-11,14213479.0
2002-11-12,14213479.0
2002-11-13,14209136.0
2002-11-14,14201565.0
2002-11-15,14201565.0
2002-11-16,14195055.0
2002-11-17,14188547.0
2002-11-18,14184210.0
2002-11-19,14177733.0
2002-11-20,14172315.0
2002-11-21,14163648.0
2002-11-22,14159317.0
2002-11-23,14149601.0
2002-11-24,14143108.0
2002-11-25,14144190.0
2002-11-26,14131211.0
2002-11-27,14124725.0
2002-11-28,14119348.0
2002-11-29,14115027.0
2002-11-30,14110706.0
2002-12-01,14100988.0
2002-12-02,14091301.0
2002-12-03,14077280.0
2002-12-04,14066528.0
2002-12-05,14055755.0
2002-12-06,14046065.0
2002-12-07,14035330.0
2002-12-08,14025651.0
2002-12-09,14013853.0
2002-12-10,14004184.0
2002-12-11,13995593.0
2002-12-12,13983814.0
2002-12-13,13972016.0
2002-12-14,13964512.0
2002-12-15,13953823.0
2002-12-16,13946327.0
2002-12-17,13929228.0
2002-12-18,13915326.0
2002-12-19,13904665.0
2002-12-20,13888646.0
2002-12-21,13884377.0
2002-12-22,13875867.0
2002-12-23,13862004.0
2002-12-24,13850308.0
2002-12-25,13842852.0
2002-12-26,13827976.0
2002-12-27,13820529.0
2002-12-28,13808833.0
2002-12-29,13796108.0
2002-12-30,13788674.0
2002-12-31,13773841.0
2003-01-01,13756874.0
2003-01-02,13739946.0
2003-01-03,13721974.0
2003-01-04,13701877.0
2003-01-05,13687106.0
2003-01-06,13671264.0
2003-01-07,13657570.0
2003-01-08,13638613.0
2003-01-09,13623861.0
2003-01-10,13607039.0
2003-01-11,13593361.0
2003-01-12,13578666.0
2003-01-13,13565032.0
2003-01-14,13546134.0
2003-01-15,13530423.0
2003-01-16,13515747.0
2003-01-17,13497966.0
2003-01-18,13481245.0
2003-01-19,13462423.0
2003-01-20,13446775.0
2003-01-21,13426966.0
2003-01-22,13412363.0
2003-01-23,13398838.0
2003-01-24,13382198.0
2003-01-25,13364505.0
2003-01-26,13348933.0
2003-01-27,13333346.0
2003-01-28,13317797.0
2003-01-29,13300186.0
2003-01-30,13283600.0
2003-01-31,13269125.0
2003-02-01,13248452.0
2003-02-02,13232942.0
2003-02-03,13214372.0
2003-02-04,13204048.0
2003-02-05,13183442.0
2003-02-06,13169038.0
2003-02-07,13153589.0
2003-02-08,13134063.0
2003-02-09,13118666.0
2003-02-10,13101203.0
2003-02-11,13082754.0
2003-02-12,13068422.0
2003-02-13,13055099.0
2003-02-14,13039764.0
2003-02-15,13024415.0
2003-02-16,13006037.0
2003-02-17,12991760.0
2003-02-18,12977469.0
2003-02-19,12968312.0
2003-02-20,12951999.0
2003-02-21,12933688.0
2003-02-22,12916412.0
2003-02-23,12898110.0
2003-02-24,12886958.0
2003-02-25,12879851.0
2003-02-26,12860591.0
2003-02-27,12844368.0
2003-02-28,12833247.0
2003-03-01,12825145.0
2003-03-02,12806953.0
2003-03-03,12790800.0
2003-03-04,12775645.0
2003-03-05,12760526.0
2003-03-06,12748420.0
2003-03-07,12734331.0
2003-03-08,12722241.0
2003-03-09,12709177.0
2003-03-10,12695092.0
2003-03-11,12681042.0
2003-03-12,12667982.0
2003-03-13,12650941.0
2003-03-14,12634918.0
2003-03-15,12619885.0
2003-03-16,12609895.0
2003-03-17,12601887.0
2003-03-18,12588905.0
2003-03-19,12578906.0
2003-03-20,12575908.0
2003-03-21,12565940.0
2003-03-22,12554956.0
2003-03-23,12542979.0
2003-03-24,12528044.0
2003-03-25,12523060.0
2003-03-26,12511123.0
2003-03-27,12499181.0
2003-03-28,12481297.0
2003-03-29,12469367.0
2003-03-30,12458463.0
2003-03-31,12443571.0
2003-04-01,12435657.0
2003-04-02,12424748.0
2003-04-03,12418801.0
2003-04-04,12409907.0
2003-04-05,12395054.0
2003-04-06,12390129.0
2003-04-07,12383204.0
2003-04-08,12374303.0
2003-04-09,12365431.0
2003-04-10,12354563.0
2003-04-11,12349626.0
2003-04-12,12338791.0
2003-04-13,12334844.0
2003-04-14,12323009.0
2003-04-15,12313176.0
2003-04-16,12307264.0
2003-04-17,12300369.0
2003-04-18,12288580.0
2003-04-19,12284644.0
2003-04-20,12285628.0
2003-04-21,12280708.0
2003-04-22,12275790.0
2003-04-23,12275790.0
2003-04-24,12271857.0
2003-04-25,12265000.0
2003-04-26,12260086.0
2003-04-27,12263034.0
2003-04-28,12256156.0
2003-04-29,12247317.0
2003-04-30,12243413.0
2003-05-01,12238505.0
2003-05-02,12239487.0
2003-05-03,12245377.0
2003-05-04,12253209.0
2003-05-05,12260086.0
2003-05-06,12262051.0
2003-05-07,12259103.0
2003-05-08,12266965.0
2003-05-09,12262051.0
2003-05-10,12262051.0
2003-05-11,12264017.0
2003-05-12,12264017.0
2003-05-13,12261069.0
2003-05-14,12260086.0
2003-05-15,12256156.0
2003-05-16,12252227.0
2003-05-17,12246335.0
2003-05-18,12259103.0
2003-05-19,12264017.0
2003-05-20,12273824.0
2003-05-21,12291532.0
2003-05-22,12315147.0
2003-05-23,12347651.0
2003-05-24,12393098.0
2003-05-25,12440618.0
2003-05-26,12487264.0
2003-05-27,12539013.0
2003-05-28,12586905.0
2003-05-29,12634918.0
2003-05-30,12687073.0
2003-05-31,12756490.0
2003-06-01,12826158.0
2003-06-02,12887974.0
2003-06-03,12958115.0
2003-06-04,13026461.0
2003-06-05,13081728.0
2003-06-06,13140235.0
2003-06-07,13194787.0
2003-06-08,13244315.0
2003-06-09,13274302.0
2003-06-10,13292928.0
2003-06-11,13310533.0
2003-06-12,13326102.0
2003-06-13,13334385.0
2003-06-14,13347893.0
2003-06-15,13363465.0
2003-06-16,13376992.0
2003-06-17,13379074.0
2003-06-18,13394670.0
2003-06-19,13392587.0
2003-06-20,13389462.0
2003-06-21,13390503.0
2003-06-22,13401964.0
2003-06-23,13406133.0
2003-06-24,13399880.0
2003-06-25,13394670.0
2003-06-26,13388420.0
2003-06-27,13384255.0
2003-06-28,13379074.0
2003-06-29,13376992.0
2003-06-30,13364505.0
2003-07-01,13353091.0
2003-07-02,13337501.0
2003-07-03,13325064.0
2003-07-04,13322987.0
2003-07-05,13306383.0
2003-07-06,13300186.0
2003-07-07,13284637.0
2003-07-08,13266019.0
2003-07-09,13249486.0
2003-07-10,13231909.0
2003-07-11,13210242.0
2003-07-12,13192724.0
2003-07-13,13180349.0
2003-07-14,13158737.0
2003-07-15,13137149.0
2003-07-16,13116611.0
2003-07-17,13090962.0
2003-07-18,13064322.0
2003-07-19,13048954.0
2003-07-20,13038740.0
2003-07-21,13015236.0
2003-07-22,12991752.0
2003-07-23,12970352.0
2003-07-24,12941835.0
2003-07-25,12925545.0
2003-07-26,12897093.0
2003-07-27,12881880.0
2003-07-28,12859574.0
2003-07-29,12835273.0
2003-07-30,12813024.0
2003-07-31,12793807.0
2003-08-01,12767591.0
2003-08-02,12755481.0
2003-08-03,12743378.0
2003-08-04,12718213.0
2003-08-05,12696098.0
2003-08-06,12677022.0
2003-08-07,12655958.0
2003-08-08,12634918.0
2003-08-09,12606891.0
2003-08-10,12589895.0
2003-08-11,12568913.0
2003-08-12,12544975.0
2003-08-13,12522064.0
2003-08-14,12503162.0
2003-08-15,12480302.0
2003-08-16,12455484.0
2003-08-17,12440618.0
2003-08-18,12419792.0
2003-08-19,12394064.0
2003-08-20,12375292.0
2003-08-21,12354563.0
2003-08-22,12333856.0
2003-08-23,12309234.0
2003-08-24,12297415.0
2003-08-25,12279725.0
2003-08-26,12255174.0
2003-08-27,12236543.0
2003-08-28,12212049.0
2003-08-29,12190526.0
2003-08-30,12173893.0
2003-08-31,12156322.0
2003-09-01,12148507.0
2003-09-02,12139744.0
2003-09-03,12134864.0
2003-09-04,12126083.0
2003-09-05,12121231.0
2003-09-06,12110508.0
2003-09-07,12100765.0
2003-09-08,12093972.0
2003-09-09,12117331.0
2003-09-10,12128034.0
2003-09-11,12157299.0
2003-09-12,12175849.0
2003-09-13,12190526.0
2003-09-14,12194441.0
2003-09-15,12192483.0
2003-09-16,12187589.0
2003-09-17,12187589.0
2003-09-18,12179761.0
2003-09-19,12174871.0
2003-09-20,12170005.0
2003-09-21,12165117.0
2003-09-22,12158276.0
2003-09-23,12152414.0
2003-09-24,12148507.0
2003-09-25,12140720.0
2003-09-26,12134864.0
2003-09-27,12128034.0
2003-09-28,12122206.0
2003-09-29,12113432.0
2003-09-30,12109533.0
2003-10-01,12108559.0
2003-10-02,12101739.0
2003-10-03,12094946.0
2003-10-04,12092999.0
2003-10-05,12092999.0
2003-10-06,12091051.0
2003-10-07,12084238.0
2003-10-08,12084238.0
2003-10-09,12079374.0
2003-10-10,12077428.0
2003-10-11,12064811.0
2003-10-12,12055093.0
2003-10-13,12052178.0
2003-10-14,12043462.0
2003-10-15,12036667.0
2003-10-16,12030845.0
2003-10-17,12026018.0
2003-10-18,12021169.0
2003-10-19,12018260.0
2003-10-20,12012444.0
2003-10-21,12006630.0
2003-10-22,12000841.0
2003-10-23,11995030.0
2003-10-24,11988254.0
2003-10-25,11980512.0
2003-10-26,11969897.0
2003-10-27,11962164.0
2003-10-28,11956366.0
2003-10-29,11951559.0
2003-10-30,11945765.0
2003-10-31,11935147.0
2003-11-01,11927452.0
2003-11-02,11922630.0
2003-11-03,11913954.0
2003-11-04,11909135.0
2003-11-05,11905305.0
2003-11-06,11899526.0
2003-11-07,11890861.0
2003-11-08,11887011.0
2003-11-09,11879337.0
2003-11-10,11890861.0
2003-11-11,11886048.0
2003-11-12,11885086.0
2003-11-13,11891823.0
2003-11-14,11887011.0
2003-11-15,11886048.0
2003-11-16,11878375.0
2003-11-17,11874528.0
2003-11-18,11871643.0
2003-11-19,11867798.0
2003-11-20,11862031.0
2003-11-21,11855329.0
2003-11-22,11851487.0
2003-11-23,11842846.0
2003-11-24,11834208.0
2003-11-25,11824640.0
2003-11-26,11817929.0
2003-11-27,11816970.0
2003-11-28,11810262.0
2003-11-29,11806453.0
2003-11-30,11795920.0
2003-12-01,11781589.0
2003-12-02,11773938.0
2003-12-03,11763424.0
2003-12-04,11752940.0
2003-12-05,11742438.0
2003-12-06,11731966.0
2003-12-07,11727197.0
2003-12-08,11715757.0
2003-12-09,11708157.0
2003-12-10,11697681.0
2003-12-11,11690089.0
2003-12-12,11676769.0
2003-12-13,11668212.0
2003-12-14,11656831.0
2003-12-15,11657781.0
2003-12-16,11643535.0
2003-12-17,11635016.0
2003-12-18,11622684.0
2003-12-19,11612279.0
2003-12-20,11602804.0
2003-12-21,11592411.0
2003-12-22,11581999.0
2003-12-23,11570672.0
2003-12-24,11558383.0
2003-12-25,11552714.0
2003-12-26,11534797.0
2003-12-27,11526305.0
2003-12-28,11517840.0
2003-12-29,11508414.0
2003-12-30,11499957.0
2003-12-31,11486774.0
2004-01-01,11471743.0
2004-01-02,11456701.0
2004-01-03,11434185.0
2004-01-04,11425763.0
2004-01-05,11407033.0
2004-01-06,11394854.0
2004-01-07,11376157.0
2004-01-08,11359348.0
2004-01-09,11338797.0
2004-01-10,11320158.0
2004-01-11,11303401.0
2004-01-12,11285730.0
2004-01-13,11269913.0
2004-01-14,11254133.0
2004-01-15,11235582.0
2004-01-16,11219832.0
2004-01-17,11199442.0
2004-01-18,11185575.0
2004-01-19,11168021.0
2004-01-20,11153233.0
2004-01-21,11138480.0
2004-01-22,11124662.0
2004-01-23,11106224.0
2004-01-24,11088749.0
2004-01-25,11073131.0
2004-01-26,11060261.0
2004-01-27,11040996.0
2004-01-28,11024504.0
2004-01-29,11010776.0
2004-01-30,10991544.0
2004-01-31,10984245.0
2004-02-01,10962324.0
2004-02-02,10952276.0
2004-02-03,10933131.0
2004-02-04,10914008.0
2004-02-05,10896727.0
2004-02-06,10878532.0
2004-02-07,10860379.0
2004-02-08,10858562.0
2004-02-09,10842245.0
2004-02-10,10820505.0
2004-02-11,10808741.0
2004-02-12,10784342.0
2004-02-13,10767171.0
2004-02-14,10750039.0
2004-02-15,10742822.0
2004-02-16,10723913.0
2004-02-17,10705926.0
2004-02-18,10689756.0
2004-02-19,10670010.0
2004-02-20,10651184.0
2004-02-21,10638630.0
2004-02-22,10629669.0
2004-02-23,10618049.0
2004-02-24,10598388.0
2004-02-25,10584982.0
2004-02-26,10568930.0
2004-02-27,10549328.0
2004-02-28,10542198.0
2004-02-29,10536874.0
2004-03-01,10525298.0
2004-03-02,10510194.0
2004-03-03,10494216.0
2004-03-04,10472929.0
2004-03-05,10458739.0
2004-03-06,10441040.0
2004-03-07,10442811.0
2004-03-08,10429543.0
2004-03-09,10412750.0
2004-03-10,10397751.0
2004-03-11,10381883.0
2004-03-12,10366892.0
2004-03-13,10355459.0
2004-03-14,10351055.0
2004-03-15,10339634.0
2004-03-16,10326440.0
2004-03-17,10311522.0
2004-03-18,10296618.0
2004-03-19,10282584.0
2004-03-20,10265953.0
2004-03-21,10264203.0
2004-03-22,10251094.0
2004-03-23,10239723.0
2004-03-24,10225760.0
2004-03-25,10212662.0
2004-03-26,10206574.0
2004-03-27,10191748.0
2004-03-28,10198723.0
2004-03-29,10194363.0
2004-03-30,10186540.0
2004-03-31,10179570.0
2004-04-01,10178699.0
2004-04-02,10171732.0
2004-04-03,10174347.0
2004-04-04,10174345.0
2004-04-05,10179570.0
2004-04-06,10182183.0
2004-04-07,10185668.0
2004-04-08,10189133.0
2004-04-09,10191748.0
2004-04-10,10195235.0
2004-04-11,10200467.0
2004-04-12,10205701.0
2004-04-13,10209192.0
2004-04-14,10212662.0
2004-04-15,10215280.0
2004-04-16,10216153.0
2004-04-17,10216153.0
2004-04-18,10222266.0
2004-04-19,10218773.0
2004-04-20,10216153.0
2004-04-21,10218773.0
2004-04-22,10211789.0
2004-04-23,10206574.0
2004-04-24,10210043.0
2004-04-25,10209192.0
2004-04-26,10209192.0
2004-04-27,10205701.0
2004-04-28,10205701.0
2004-04-29,10193491.0
2004-04-30,10192620.0
2004-05-01,10190876.0
2004-05-02,10192620.0
2004-05-03,10193491.0
2004-05-04,10192620.0
2004-05-05,10192620.0
2004-05-06,10190876.0
2004-05-07,10191748.0
2004-05-08,10202212.0
2004-05-09,10212662.0
2004-05-10,10220519.0
2004-05-11,10239723.0
2004-05-12,10255448.0
2004-05-13,10280830.0
2004-05-14,10300985.0
2004-05-15,10323803.0
2004-05-16,10350175.0
2004-05-17,10373063.0
2004-05-18,10386274.0
2004-05-19,10400400.0
2004-05-20,10412750.0
2004-05-21,10426015.0
2004-05-22,10440154.0
2004-05-23,10454307.0
2004-05-24,10473795.0
2004-05-25,10492439.0
2004-05-26,10499526.0
2004-05-27,10511084.0
2004-05-28,10521738.0
2004-05-29,10538656.0
2004-05-30,10552894.0
2004-05-31,10566253.0
2004-06-01,10575179.0
2004-06-02,10575179.0
2004-06-03,10574286.0
2004-06-04,10569823.0
2004-06-05,10568038.0
2004-06-06,10566253.0
2004-06-07,10563576.0
2004-06-08,10562684.0
2004-06-09,10563576.0
2004-06-10,10564468.0
2004-06-11,10566253.0
2004-06-12,10569823.0
2004-06-13,10577858.0
2004-06-14,10582324.0
2004-06-15,10578751.0
2004-06-16,10579644.0
2004-06-17,10570715.0
2004-06-18,10570715.0
2004-06-19,10563576.0
2004-06-20,10560029.0
2004-06-21,10552894.0
2004-06-22,10543980.0
2004-06-23,10534202.0
2004-06-24,10527078.0
2004-06-25,10520848.0
2004-06-26,10509305.0
2004-06-27,10497748.0
2004-06-28,10502192.0
2004-06-29,10487110.0
2004-06-30,10476457.0
2004-07-01,10458739.0
2004-07-02,10443697.0
2004-07-03,10430417.0
2004-07-04,10422476.0
2004-07-05,10409214.0
2004-07-06,10395101.0
2004-07-07,10378355.0
2004-07-08,10363367.0
2004-07-09,10346653.0
2004-07-10,10329957.0
2004-07-11,10314157.0
2004-07-12,10295741.0
2004-07-13,10274716.0
2004-07-14,10254583.0
2004-07-15,10232739.0
2004-07-16,10210053.0
2004-07-17,10185668.0
2004-07-18,10173474.0
2004-07-19,10152612.0
2004-07-20,10131781.0
2004-07-21,10109240.0
2004-07-22,10094527.0
2004-07-23,10072042.0
2004-07-24,10053045.0
2004-07-25,10033208.0
2004-07-26,10012536.0
2004-07-27,10002200.0
2004-07-28,9975551.0
2004-07-29,9955815.0
2004-07-30,9934391.0
2004-07-31,9913853.0
2004-08-01,9902749.0
2004-08-02,9884816.0
2004-08-03,9862639.0
2004-08-04,9841347.0
2004-08-05,9820084.0
2004-08-06,9801380.0
2004-08-07,9776802.0
2004-08-08,9759847.0
2004-08-09,9738701.0
2004-08-10,9716740.0
2004-08-11,9691459.0
2004-08-12,9669568.0
2004-08-13,9650234.0
2004-08-14,9629245.0
2004-08-15,9614976.0
2004-08-16,9593200.0
2004-08-17,9566453.0
2004-08-18,9539749.0
2004-08-19,9521421.0
2004-08-20,9502283.0
2004-08-21,9484002.0
2004-08-22,9461594.0
2004-08-23,9442537.0
2004-08-24,9417712.0
2004-08-25,9399540.0
2004-08-26,9383022.0
2004-08-27,9356674.0
2004-08-28,9338580.0
2004-08-29,9318867.0
2004-08-30,9297541.0
2004-08-31,9277886.0
2004-09-01,9268059.0
2004-09-02,9256623.0
2004-09-03,9243542.0
2004-09-04,9242725.0
2004-09-05,9231310.0
2004-09-06,9227228.0
2004-09-07,9223964.0
2004-09-08,9219884.0
2004-09-09,9217457.0
2004-09-10,9214195.0
2004-09-11,9211749.0
2004-09-12,9203599.0
2004-09-13,9196287.0
2004-09-14,9191402.0
2004-09-15,9180823.0
2004-09-16,9174337.0
2004-09-17,9165396.0
2004-09-18,9153234.0
2004-09-19,9167022.0
2004-09-20,9164584.0
2004-09-21,9162147.0
2004-09-22,9159710.0
2004-09-23,9162147.0
2004-09-24,9166209.0
2004-09-25,9168647.0
2004-09-26,9167834.0
2004-09-27,9166209.0
2004-09-28,9163771.0
2004-09-29,9168647.0
2004-09-30,9169460.0
2004-10-01,9171898.0
2004-10-02,9178383.0
2004-10-03,9180010.0
2004-10-04,9176776.0
2004-10-05,9179196.0
2004-10-06,9188146.0
2004-10-07,9185705.0
2004-10-08,9184891.0
2004-10-09,9188960.0
2004-10-10,9188960.0
2004-10-11,9185705.0
2004-10-12,9181637.0
2004-10-13,9179196.0
2004-10-14,9172711.0
2004-10-15,9168647.0
2004-10-16,9166209.0
2004-10-17,9161334.0
2004-10-18,9158086.0
2004-10-19,9154858.0
2004-10-20,9148364.0
2004-10-21,9141874.0
2004-10-22,9146741.0
2004-10-23,9145118.0
2004-10-24,9144307.0
2004-10-25,9141874.0
2004-10-26,9141062.0
2004-10-27,9141874.0
2004-10-28,9145118.0
2004-10-29,9143496.0
2004-10-30,9141874.0
2004-10-31,9147553.0
2004-11-01,9149987.0
2004-11-02,9146741.0
2004-11-03,9149987.0
2004-11-04,9149987.0
2004-11-05,9148364.0
2004-11-06,9148364.0
2004-11-07,9150799.0
2004-11-08,9145118.0
2004-11-09,9150799.0
2004-11-10,9152422.0
2004-11-11,9153234.0
2004-11-12,9154858.0
2004-11-13,9157293.0
2004-11-14,9156481.0
2004-11-15,9156481.0
2004-11-16,9154858.0
2004-11-17,9154046.0
2004-11-18,9154046.0
2004-11-19,9154046.0
2004-11-20,9151610.0
2004-11-21,9114363.0
2004-11-22,9048209.0
2004-11-23,8979175.0
2004-11-24,8915302.0
2004-11-25,8900160.0
2004-11-26,8899363.0
2004-11-27,8898567.0
2004-11-28,8894605.0
2004-11-29,8890624.0
2004-11-30,8889033.0
2004-12-01,8881077.0
2004-12-02,8874735.0
2004-12-03,8868376.0
2004-12-04,8863610.0
2004-12-05,8855689.0
2004-12-06,8845373.0
2004-12-07,8836671.0
2004-12-08,8827162.0
2004-12-09,8817661.0
2004-12-10,8808186.0
2004-12-11,8801070.0
2004-12-12,8793977.0
2004-12-13,8787658.0
2004-12-14,8778975.0
2004-12-15,8770317.0
2004-12-16,8765587.0
2004-12-17,8758494.0
2004-12-18,8753000.0
2004-12-19,8746701.0
2004-12-20,8740406.0
2004-12-21,8733346.0
2004-12-22,8725486.0
2004-12-23,8716079.0
2004-12-24,8705875.0
2004-12-25,8698051.0
2004-12-26,8685511.0
2004-12-27,8671438.0
2004-12-28,8665180.0
2004-12-29,8665180.0
2004-12-30,8665180.0
2004-12-31,8663616.0
2005-01-01,8667526.0
2005-01-02,8673785.0
2005-01-03,8668308.0
2005-01-04,8663616.0
2005-01-05,8655036.0
2005-01-06,8644881.0
2005-01-07,8630853.0
2005-01-08,8615283.0
2005-01-09,8616841.0
2005-01-10,8606717.0
2005-01-11,8609053.0
2005-01-12,8607496.0
2005-01-13,8607496.0
2005-01-14,8607496.0
2005-01-15,8604382.0
2005-01-16,8609832.0
2005-01-17,8602048.0
2005-01-18,8592732.0
2005-01-19,8582628.0
2005-01-20,8571775.0
2005-01-21,8563239.0
2005-01-22,8548528.0
2005-01-23,8550852.0
2005-01-24,8535382.0
2005-01-25,8526098.0
2005-01-26,8514521.0
2005-01-27,8506797.0
2005-01-28,8497553.0
2005-01-29,8486755.0
2005-01-30,8492153.0
2005-01-31,8481378.0
2005-02-01,8471365.0
2005-02-02,8457532.0
2005-02-03,8446789.0
2005-02-04,8433733.0
2005-02-05,8421476.0
2005-02-06,8422243.0
2005-02-07,8410746.0
2005-02-08,8394687.0
2005-02-09,8382470.0
2005-02-10,8369502.0
2005-02-11,8358055.0
2005-02-12,8349685.0
2005-02-13,8353479.0
2005-02-14,8348923.0
2005-02-15,8342827.0
2005-02-16,8332928.0
2005-02-17,8323055.0
2005-02-18,8309391.0
2005-02-19,8302555.0
2005-02-20,8305592.0
2005-02-21,8300277.0
2005-02-22,8297999.0
2005-02-23,8293464.0
2005-02-24,8288153.0
2005-02-25,8277538.0
2005-02-26,8269222.0
2005-02-27,8274525.0
2005-02-28,8264678.0
2005-03-01,8257109.0
2005-03-02,8245025.0
2005-03-03,8238978.0
2005-03-04,8229177.0
2005-03-05,8217119.0
2005-03-06,8217873.0
2005-03-07,8206562.0
2005-03-08,8194525.0
2005-03-09,8181729.0
2005-03-10,8171219.0
2005-03-11,8161468.0
2005-03-12,8150206.0
2005-03-13,8154710.0
2005-03-14,8142722.0
2005-03-15,8127729.0
2005-03-16,8118012.0
2005-03-17,8109780.0
2005-03-18,8101571.0
2005-03-19,8091856.0
2005-03-20,8097834.0
2005-03-21,8091856.0
2005-03-22,8082166.0
2005-03-23,8073957.0
2005-03-24,8065026.0
2005-03-25,8052359.0
2005-03-26,8044932.0
2005-03-27,8050143.0
2005-03-28,8042699.0
2005-03-29,8033029.0
2005-03-30,8022641.0
2005-03-31,8015213.0
2005-04-01,8007066.0
2005-04-02,7996682.0
2005-04-03,8001131.0
2005-04-04,7992252.0
2005-04-05,7981879.0
2005-04-06,7970794.0
2005-04-07,7962658.0
2005-04-08,7956023.0
2005-04-09,7965616.0
2005-04-10,7976697.0
2005-04-11,7991511.0
2005-04-12,8007066.0
2005-04-13,8018927.0
2005-04-14,8033029.0
2005-04-15,8045677.0
2005-04-16,8061299.0
2005-04-17,8081419.0
2005-04-18,8104562.0
2005-04-19,8132975.0
2005-04-20,8166709.0
2005-04-21,8202793.0
2005-04-22,8238223.0
2005-04-23,8266193.0
2005-04-24,8307871.0
2005-04-25,8341304.0
2005-04-26,8380177.0
2005-04-27,8423010.0
2005-04-28,8463687.0
2005-04-29,8503727.0
2005-04-30,8538478.0
2005-05-01,8569446.0
2005-05-02,8602826.0
2005-05-03,8633974.0
2005-05-04,8662052.0
2005-05-05,8688645.0
2005-05-06,8712938.0
2005-05-07,8745914.0
2005-05-08,8777416.0
2005-05-09,8807395.0
2005-05-10,8842994.0
2005-05-11,8872350.0
2005-05-12,8908127.0
2005-05-13,8951198.0
2005-05-14,8996013.0
2005-05-15,9042572.0
2005-05-16,9084466.0
2005-05-17,9131353.0
2005-05-18,9180010.0
2005-05-19,9233760.0
2005-05-20,9291800.0
2005-05-21,9356674.0
2005-05-22,9435907.0
2005-05-23,9530572.0
2005-05-24,9641826.0
2005-05-25,9756479.0
2005-05-26,9883962.0
2005-05-27,10016824.0
2005-05-28,10146527.0
2005-05-29,10277324.0
2005-05-30,10398634.0
2005-05-31,10509305.0
2005-06-01,10604649.0
2005-06-02,10697828.0
2005-06-03,10774399.0
2005-06-04,10863104.0
2005-06-05,10946797.0
2005-06-06,11026338.0
2005-06-07,11100719.0
2005-06-08,11168946.0
2005-06-09,11234653.0
2005-06-10,11304333.0
2005-06-11,11367739.0
2005-06-12,11435124.0
2005-06-13,11492423.0
2005-06-14,11547070.0
2005-06-15,11598069.0
2005-06-16,11642609.0
2005-06-17,11683428.0
2005-06-18,11731012.0
2005-06-19,11780632.0
2005-06-20,11831354.0
2005-06-21,11886048.0
2005-06-22,11939007.0
2005-06-23,11988254.0
2005-06-24,12055093.0
2005-06-25,12115381.0
2005-06-26,12178783.0
2005-06-27,12230655.0
2005-06-28,12277757.0
2005-06-29,12321037.0
2005-06-30,12359502.0
2005-07-01,12393098.0
2005-07-02,12424748.0
2005-07-03,12458463.0
2005-07-04,12482291.0
2005-07-05,12501171.0
2005-07-06,12520071.0
2005-07-07,12535024.0
2005-07-08,12544975.0
2005-07-09,12555954.0
2005-07-10,12561945.0
2005-07-11,12564942.0
2005-07-12,12567914.0
2005-07-13,12566939.0
2005-07-14,12567914.0
2005-07-15,12557951.0
2005-07-16,12551961.0
2005-07-17,12551961.0
2005-07-18,12547969.0
2005-07-19,12537019.0
2005-07-20,12525054.0
2005-07-21,12514117.0
2005-07-22,12496203.0
2005-07-23,12484276.0
2005-07-24,12481296.0
2005-07-25,12472357.0
2005-07-26,12461437.0
2005-07-27,12451512.0
2005-07-28,12442603.0
2005-07-29,12428715.0
2005-07-30,12423757.0
2005-07-31,12417834.0
2005-08-01,12403964.0
2005-08-02,12391119.0
2005-08-03,12380236.0
2005-08-04,12368396.0
2005-08-05,12353576.0
2005-08-06,12338791.0
2005-08-07,12330898.0
2005-08-08,12312190.0
2005-08-09,12307264.0
2005-08-10,12296431.0
2005-08-11,12294486.0
2005-08-12,12283660.0
2005-08-13,12279725.0
2005-08-14,12268932.0
2005-08-15,12255174.0
2005-08-16,12248298.0
2005-08-17,12233599.0
2005-08-18,12220872.0
2005-08-19,12212049.0
2005-08-20,12195421.0
2005-08-21,12184653.0
2005-08-22,12173893.0
2005-08-23,12154368.0
2005-08-24,12135840.0
2005-08-25,12120256.0
2005-08-26,12102713.0
2005-08-27,12083265.0
2005-08-28,12069671.0
2005-08-29,12054121.0
2005-08-30,12039579.0
2005-08-31,12022139.0
2005-09-01,12003723.0
2005-09-02,11996967.0
2005-09-03,11989222.0
2005-09-04,11991158.0
2005-09-05,11981480.0
2005-09-06,11971831.0
2005-09-07,11966997.0
2005-09-08,11964097.0
2005-09-09,11955400.0
2005-09-10,11968930.0
2005-09-11,11967963.0
2005-09-12,11968930.0
2005-09-13,11970864.0
2005-09-14,11971831.0
2005-09-15,11973765.0
2005-09-16,11966997.0
2005-09-17,11964097.0
2005-09-18,11961197.0
2005-09-19,11958298.0
2005-09-20,11951559.0
2005-09-21,11948662.0
2005-09-22,11944799.0
2005-09-23,11941903.0
2005-09-24,11943834.0
2005-09-25,11939973.0
2005-09-26,11935147.0
2005-09-27,11938042.0
2005-09-28,11934182.0
2005-09-29,11932252.0
2005-09-30,11939007.0
2005-10-01,11945765.0
2005-10-02,11948662.0
2005-10-03,11949628.0
2005-10-04,11948662.0
2005-10-05,11943834.0
2005-10-06,11942869.0
2005-10-07,11940938.0
2005-10-08,11941903.0
2005-10-09,11938042.0
2005-10-10,11941903.0
2005-10-11,11942869.0
2005-10-12,11946731.0
2005-10-13,11948662.0
2005-10-14,11950594.0
2005-10-15,11950594.0
2005-10-16,11949628.0
2005-10-17,11949628.0
2005-10-18,11974732.0
2005-10-19,11986318.0
2005-10-20,11991158.0
2005-10-21,11995030.0
2005-10-22,11998904.0
2005-10-23,12002754.0
2005-10-24,12007598.0
2005-10-25,12009536.0
2005-10-26,12010506.0
2005-10-27,12010506.0
2005-10-28,12011475.0
2005-10-29,12014382.0
2005-10-30,12017290.0
2005-10-31,12016321.0
2005-11-01,12018260.0
2005-11-02,12020199.0
2005-11-03,12018260.0
2005-11-04,12015352.0
2005-11-05,12017290.0
2005-11-06,12017290.0
2005-11-07,12016321.0
2005-11-08,12021169.0
2005-11-09,12021169.0
2005-11-10,12018260.0
2005-11-11,12014382.0
2005-11-12,12014382.0
2005-11-13,12013413.0
2005-11-14,12007605.0
2005-11-15,12004692.0
2005-11-16,12002754.0
2005-11-17,12005661.0
2005-11-18,12000841.0
2005-11-19,11999872.0
2005-11-20,11998904.0
2005-11-21,11996967.0
2005-11-22,11995030.0
2005-11-23,11994062.0
2005-11-24,11993094.0
2005-11-25,11988254.0
2005-11-26,11988254.0
2005-11-27,11988254.0
2005-11-28,11982447.0
2005-11-29,11978578.0
2005-11-30,11976667.0
2005-12-01,11964097.0
2005-12-02,11957332.0
2005-12-03,11942869.0
2005-12-04,11934182.0
2005-12-05,11920702.0
2005-12-06,11909135.0
2005-12-07,11897600.0
2005-12-08,11885086.0
2005-12-09,11869721.0
2005-12-10,11851487.0
2005-12-11,11837087.0
2005-12-12,11816012.0
2005-12-13,11795920.0
2005-12-14,11779676.0
2005-12-15,11760581.0
2005-12-16,11745302.0
2005-12-17,11731012.0
2005-12-18,11720523.0
2005-12-19,11706252.0
2005-12-20,11691969.0
2005-12-21,11683428.0
2005-12-22,11670113.0
2005-12-23,11661582.0
2005-12-24,11653981.0
2005-12-25,11647333.0
2005-12-26,11636914.0
2005-12-27,11627426.0
2005-12-28,11611332.0
2005-12-29,11603752.0
2005-12-30,11588624.0
2005-12-31,11576323.0
2006-01-01,11572540.0
2006-01-02,11559328.0
2006-01-03,11549880.0
2006-01-04,11544237.0
2006-01-05,11529135.0
2006-01-06,11517840.0
2006-01-07,11507471.0
2006-01-08,11503702.0
2006-01-09,11488657.0
2006-01-10,11475506.0
2006-01-11,11460461.0
2006-01-12,11450147.0
2006-01-13,11437001.0
2006-01-14,11423887.0
2006-01-15,11415447.0
2006-01-16,11399538.0
2006-01-17,11385492.0
2006-01-18,11370544.0
2006-01-19,11358413.0
2006-01-20,11344399.0
2006-01-21,11336019.0
2006-01-22,11325754.0
2006-01-23,11313653.0
2006-01-24,11300606.0
2006-01-25,11292224.0
2006-01-26,11271773.0
2006-01-27,11258779.0
2006-01-28,11242080.0
2006-01-29,11241152.0
2006-01-30,11222592.0
2006-01-31,11205927.0
2006-02-01,11191130.0
2006-02-02,11174495.0
2006-02-03,11159701.0
2006-02-04,11148637.0
2006-02-05,11144019.0
2006-02-06,11126507.0
2006-02-07,11109910.0
2006-02-08,11095194.0
2006-02-09,11083228.0
2006-02-10,11068534.0
2006-02-11,11051096.0
2006-02-12,11038243.0
2006-02-13,11023587.0
2006-02-14,11008027.0
2006-02-15,10986990.0
2006-02-16,10976013.0
2006-02-17,10956842.0
2006-02-18,10945884.0
2006-02-19,10933131.0
2006-02-20,10917653.0
2006-02-21,10901257.0
2006-02-22,10885810.0
2006-02-23,10871282.0
2006-02-24,10854930.0
2006-02-25,10841337.0
2006-02-26,10828662.0
2006-02-27,10812352.0
2006-02-28,10793364.0
2006-03-01,10790651.0
2006-03-02,10786150.0
2006-03-03,10778918.0
2006-03-04,10777110.0
2006-03-05,10776206.0
2006-03-06,10772591.0
2006-03-07,10770784.0
2006-03-08,10770784.0
2006-03-09,10768977.0
2006-03-10,10765364.0
2006-03-11,10764461.0
2006-03-12,10762677.0
2006-03-13,10761774.0
2006-03-14,10760871.0
2006-03-15,10762677.0
2006-03-16,10755454.0
2006-03-17,10752746.0
2006-03-18,10750039.0
2006-03-19,10744626.0
2006-03-20,10741040.0
2006-03-21,10740138.0
2006-03-22,10736531.0
2006-03-23,10732024.0
2006-03-24,10728418.0
2006-03-25,10723012.0
2006-03-26,10724814.0
2006-03-27,10716729.0
2006-03-28,10715829.0
2006-03-29,10711327.0
2006-03-30,10710426.0
2006-03-31,10704126.0
2006-04-01,10705026.0
2006-04-02,10705926.0
2006-04-03,10704126.0
2006-04-04,10703226.0
2006-04-05,10707726.0
2006-04-06,10706826.0
2006-04-07,10699627.0
2006-04-08,10699627.0
2006-04-09,10703226.0
2006-04-10,10706826.0
2006-04-11,10711327.0
2006-04-12,10714928.0
2006-04-13,10722111.0
2006-04-14,10726616.0
2006-04-15,10742822.0
2006-04-16,10754552.0
2006-04-17,10775302.0
2006-04-18,10796984.0
2006-04-19,10819599.0
2006-04-20,10845874.0
2006-04-21,10874918.0
2006-04-22,10900346.0
2006-04-23,10926747.0
2006-04-24,10949536.0
2006-04-25,10970527.0
2006-04-26,10993375.0
2006-04-27,11014419.0
2006-04-28,11038243.0
2006-04-29,11061180.0
2006-04-30,11093352.0
2006-05-01,11124662.0
2006-05-02,11152309.0
2006-05-03,11175397.0
2006-05-04,11203147.0
2006-05-05,11230013.0
2006-05-06,11262497.0
2006-05-07,11291293.0
2006-05-08,11322956.0
2006-05-09,11346267.0
2006-05-10,11375221.0
2006-05-11,11402348.0
2006-05-12,11425763.0
2006-05-13,11451087.0
2006-05-14,11474565.0
2006-05-15,11499957.0
2006-05-16,11520669.0
2006-05-17,11547070.0
2006-05-18,11572540.0
2006-05-19,11608489.0
2006-05-20,11645434.0
2006-05-21,11691969.0
2006-05-22,11726243.0
2006-05-23,11778720.0
2006-05-24,11836127.0
2006-05-25,11893748.0
2006-05-26,11958298.0
2006-05-27,12018260.0
2006-05-28,12089105.0
2006-05-29,12146578.0
2006-05-30,12206170.0
2006-05-31,12258121.0
2006-06-01,12297415.0
2006-06-02,12333858.0
2006-06-03,12369360.0
2006-06-04,12405945.0
2006-06-05,12438634.0
2006-06-06,12469367.0
2006-06-07,12490249.0
2006-06-08,12533029.0
2006-06-09,12568913.0
2006-06-10,12601887.0
2006-06-11,12640934.0
2006-06-12,12674008.0
2006-06-13,12700121.0
2006-06-14,12725263.0
2006-06-15,12752455.0
2006-06-16,12769586.0
2006-06-17,12788778.0
2006-06-18,12802907.0
2006-06-19,12809988.0
2006-06-20,12813024.0
2006-06-21,12815048.0
2006-06-22,12818084.0
2006-06-23,12814036.0
2006-06-24,12816060.0
2006-06-25,12812012.0
2006-06-26,12807965.0
2006-06-27,12794818.0
2006-06-28,12788778.0
2006-06-29,12778675.0
2006-06-30,12765572.0
2006-07-01,12758508.0
2006-07-02,12748420.0
2006-07-03,12734331.0
2006-07-04,12725263.0
2006-07-05,12717231.0
2006-07-06,12700121.0
2006-07-07,12700121.0
2006-07-08,12681042.0
2006-07-09,12670995.0
2006-07-10,12661981.0
2006-07-11,12663989.0
2006-07-12,12656962.0
2006-07-13,12650941.0
2006-07-14,12646928.0
2006-07-15,12641937.0
2006-07-16,12631910.0
2006-07-17,12626899.0
2006-07-18,12616905.0
2006-07-19,12600886.0
2006-07-20,12584905.0
2006-07-21,12566939.0
2006-07-22,12557951.0
2006-07-23,12546971.0
2006-07-24,12533029.0
2006-07-25,12514117.0
2006-07-26,12502167.0
2006-07-27,12481297.0
2006-07-28,12461443.0
2006-07-29,12443571.0
2006-07-30,12429706.0
2006-07-31,12415852.0
2006-08-01,12403964.0
2006-08-02,12387161.0
2006-08-03,12376281.0
2006-08-04,12366419.0
2006-08-05,12358514.0
2006-08-06,12346664.0
2006-08-07,12347651.0
2006-08-08,12334844.0
2006-08-09,12327939.0
2006-08-10,12313176.0
2006-08-11,12308249.0
2006-08-12,12289564.0
2006-08-13,12276774.0
2006-08-14,12266966.0
2006-08-15,12252227.0
2006-08-16,12239487.0
2006-08-17,12224770.0
2006-08-18,12209110.0
2006-08-19,12197355.0
2006-08-20,12186611.0
2006-08-21,12172915.0
2006-08-22,12156322.0
2006-08-23,12137792.0
2006-08-24,12125108.0
2006-08-25,12109533.0
2006-08-26,12095920.0
2006-08-27,12078401.0
2006-08-28,12061895.0
2006-08-29,12046375.0
2006-08-30,12032785.0
2006-08-31,12017290.0
2006-09-01,12012444.0
2006-09-02,12007598.0
2006-09-03,11999872.0
2006-09-04,11993094.0
2006-09-05,11984383.0
2006-09-06,11979545.0
2006-09-07,11980512.0
2006-09-08,11968930.0
2006-09-09,11960231.0
2006-09-10,11958298.0
2006-09-11,11957332.0
2006-09-12,11956366.0
2006-09-13,11953491.0
2006-09-14,11948662.0
2006-09-15,11945765.0
2006-09-16,11942869.0
2006-09-17,11934182.0
2006-09-18,11934182.0
2006-09-19,11930323.0
2006-09-20,11920702.0
2006-09-21,11926488.0
2006-09-22,11925523.0
2006-09-23,11920702.0
2006-09-24,11922630.0
2006-09-25,11925523.0
2006-09-26,11924559.0
2006-09-27,11924559.0
2006-09-28,11921666.0
2006-09-29,11918772.0
2006-09-30,11916846.0
2006-10-01,11915883.0
2006-10-02,11908181.0
2006-10-03,11913957.0
2006-10-04,11906256.0
2006-10-05,11940939.0
2006-10-06,12069665.0
2006-10-07,12164136.0
2006-10-08,12236540.0
2006-10-09,12282676.0
2006-10-10,12323017.0
2006-10-11,12353578.0
2006-10-12,12376285.0
2006-10-13,12387155.0
2006-10-14,12413863.0
2006-10-15,12430698.0
2006-10-16,12443582.0
2006-10-17,12452508.0
2006-10-18,12472357.0
2006-10-19,12490239.0
2006-10-20,12501175.0
2006-10-21,12507143.0
2006-10-22,12515104.0
2006-10-23,12517094.0
2006-10-24,12517094.0
2006-10-25,12512118.0
2006-10-26,12522072.0
2006-10-27,12524063.0
2006-10-28,12528046.0
2006-10-29,12527050.0
2006-10-30,12526054.0
2006-10-31,12526054.0
2006-11-01,12529042.0
2006-11-02,12527050.0
2006-11-03,12525059.0
2006-11-04,12522072.0
2006-11-05,12519085.0
2006-11-06,12517094.0
2006-11-07,12511123.0
2006-11-08,12506148.0
2006-11-09,12508138.0
2006-11-10,12501175.0
2006-11-11,12498192.0
2006-11-12,12494215.0
2006-11-13,12486264.0
2006-11-14,12488251.0
2006-11-15,12479309.0
2006-11-16,12476329.0
2006-11-17,12470371.0
2006-11-18,12466400.0
2006-11-19,12462429.0
2006-11-20,12457468.0
2006-11-21,12451516.0
2006-11-22,12446557.0
2006-11-23,12445565.0
2006-11-24,12440608.0
2006-11-25,12436644.0
2006-11-26,12431689.0
2006-11-27,12425745.0
2006-11-28,12423764.0
2006-11-29,12422774.0
2006-11-30,12415842.0
2006-12-01,12401988.0
2006-12-02,12393087.0
2006-12-03,12383202.0
2006-12-04,12368384.0
2006-12-05,12354565.0
2006-12-06,12336813.0
2006-12-07,12324003.0
2006-12-08,12308248.0
2006-12-09,12296441.0
2006-12-10,12287591.0
2006-12-11,12274815.0
2006-12-12,12262047.0
2006-12-13,12251251.0
2006-12-14,12241442.0
2006-12-15,12230658.0
2006-12-16,12226738.0
2006-12-17,12215963.0
2006-12-18,12206173.0
2006-12-19,12194432.0
2006-12-20,12184653.0
2006-12-21,12174880.0
2006-12-22,12165112.0
2006-12-23,12155349.0
2006-12-24,12148519.0
2006-12-25,12137790.0
2006-12-26,12124144.0
2006-12-27,12111482.0
2006-12-28,12103695.0
2006-12-29,12091048.0
2006-12-30,12084241.0
2006-12-31,12076466.0
2007-01-01,12066751.0
2007-01-02,12055100.0
2007-01-03,12041517.0
2007-01-04,12029883.0
2007-01-05,12023100.0
2007-01-06,12009541.0
2007-01-07,12003734.0
2007-01-08,11991157.0
2007-01-09,11979555.0
2007-01-10,11966996.0
2007-01-11,11954445.0
2007-01-12,11939010.0
2007-01-13,11932262.0
2007-01-14,11923589.0
2007-01-15,11913957.0
2007-01-16,11898558.0
2007-01-17,11880289.0
2007-01-18,11862039.0
2007-01-19,11842848.0
2007-01-20,11825595.0
2007-01-21,11820806.0
2007-01-22,11802618.0
2007-01-23,11790184.0
2007-01-24,11776804.0
2007-01-25,11763434.0
2007-01-26,11750075.0
2007-01-27,11744353.0
2007-01-28,11733866.0
2007-01-29,11723386.0
2007-01-30,11711007.0
2007-01-31,11703394.0
2007-02-01,11695783.0
2007-02-02,11686275.0
2007-02-03,11679622.0
2007-02-04,11676771.0
2007-02-05,11669172.0
2007-02-06,11660626.0
2007-02-07,11655880.0
2007-02-08,11647340.0
2007-02-09,11642598.0
2007-02-10,11638805.0
2007-02-11,11634065.0
2007-02-12,11628378.0
2007-02-13,11626483.0
2007-02-14,11619851.0
2007-02-15,11617009.0
2007-02-16,11615115.0
2007-02-17,11612275.0
2007-02-18,11605648.0
2007-02-19,11601863.0
2007-02-20,11591456.0
2007-02-21,11587674.0
2007-02-22,11580111.0
2007-02-23,11576331.0
2007-02-24,11571606.0
2007-02-25,11567828.0
2007-02-26,11560273.0
2007-02-27,11558385.0
2007-02-28,11551778.0
2007-03-01,11548947.0
2007-03-02,11542343.0
2007-03-03,11541400.0
2007-03-04,11542343.0
2007-03-05,11535742.0
2007-03-06,11531028.0
2007-03-07,11526315.0
2007-03-08,11521604.0
2007-03-09,11518777.0
2007-03-10,11515952.0
2007-03-11,11514068.0
2007-03-12,11513126.0
2007-03-13,11507477.0
2007-03-14,11508418.0
2007-03-15,11506535.0
2007-03-16,11501829.0
2007-03-17,11505594.0
2007-03-18,11512185.0
2007-03-19,11518777.0
2007-03-20,11533856.0
2007-03-21,11541400.0
2007-03-22,11546116.0
2007-03-23,11557441.0
2007-03-24,11574441.0
2007-03-25,11580111.0
2007-03-26,11590511.0
2007-03-27,11604702.0
2007-03-28,11610381.0
2007-03-29,11617009.0
2007-03-30,11627430.0
2007-03-31,11636909.0
2007-04-01,11643546.0
2007-04-02,11652084.0
2007-04-03,11659677.0
2007-04-04,11664424.0
2007-04-05,11673921.0
2007-04-06,11677721.0
2007-04-07,11679622.0
2007-04-08,11686275.0
2007-04-09,11693881.0
2007-04-10,11703394.0
2007-04-11,11711007.0
2007-04-12,11718624.0
2007-04-13,11729102.0
2007-04-14,11738632.0
2007-04-15,11746260.0
2007-04-16,11750075.0
2007-04-17,11750075.0
2007-04-18,11751029.0
2007-04-19,11753891.0
2007-04-20,11753891.0
2007-04-21,11751983.0
2007-04-22,11749121.0
2007-04-23,11751983.0
2007-04-24,11758662.0
2007-04-25,11764389.0
2007-04-26,11767253.0
2007-04-27,11771073.0
2007-04-28,11775849.0
2007-04-29,11782537.0
2007-04-30,11783493.0
2007-05-01,11790184.0
2007-05-02,11790184.0
2007-05-03,11803574.0
2007-05-04,11821763.0
2007-05-05,11848603.0
2007-05-06,11881250.0
2007-05-07,11911069.0
2007-05-08,11942868.0
2007-05-09,11972791.0
2007-05-10,12001798.0
2007-05-11,12028914.0
2007-05-12,12048307.0
2007-05-13,12073551.0
2007-05-14,12094938.0
2007-05-15,12118299.0
2007-05-16,12156325.0
2007-05-17,12182698.0
2007-05-18,12222819.0
2007-05-19,12267939.0
2007-05-20,12316124.0
2007-05-21,12362461.0
2007-05-22,12411883.0
2007-05-23,12453500.0
2007-05-24,12492227.0
2007-05-25,12532030.0
2007-05-26,12567926.0
2007-05-27,12598890.0
2007-05-28,12627903.0
2007-05-29,12651947.0
2007-05-30,12672007.0
2007-05-31,12691083.0
2007-06-01,12703142.0
2007-06-02,12715207.0
2007-06-03,12727280.0
2007-06-04,12739361.0
2007-06-05,12747419.0
2007-06-06,12757497.0
2007-06-07,12771614.0
2007-06-08,12778677.0
2007-06-09,12790790.0
2007-06-10,12799879.0
2007-06-11,12805942.0
2007-06-12,12810995.0
2007-06-13,12813017.0
2007-06-14,12817061.0
2007-06-15,12826163.0
2007-06-16,12836281.0
2007-06-17,12844380.0
2007-06-18,12853495.0
2007-06-19,12858561.0
2007-06-20,12868696.0
2007-06-21,12875794.0
2007-06-22,12883909.0
2007-06-23,12887968.0
2007-06-24,12898119.0
2007-06-25,12900149.0
2007-06-26,12896088.0
2007-06-27,12894058.0
2007-06-28,12892027.0
2007-06-29,12885938.0
2007-06-30,12881880.0
2007-07-01,12876808.0
2007-07-02,12866669.0
2007-07-03,12858561.0
2007-07-04,12850456.0
2007-07-05,12842355.0
2007-07-06,12826163.0
2007-07-07,12810995.0
2007-07-08,12800890.0
2007-07-09,12787761.0
2007-07-10,12771614.0
2007-07-11,12763546.0
2007-07-12,12743390.0
2007-07-13,12731307.0
2007-07-14,12715207.0
2007-07-15,12699121.0
2007-07-16,12682045.0
2007-07-17,12668997.0
2007-07-18,12646935.0
2007-07-19,12629906.0
2007-07-20,12609890.0
2007-07-21,12596891.0
2007-07-22,12585899.0
2007-07-23,12568924.0
2007-07-24,12547975.0
2007-07-25,12534023.0
2007-07-26,12523067.0
2007-07-27,12511123.0
2007-07-28,12498192.0
2007-07-29,12492227.0
2007-07-30,12488251.0
2007-07-31,12465407.0
2007-08-01,12449532.0
2007-08-02,12447549.0
2007-08-03,12428717.0
2007-08-04,12427726.0
2007-08-05,12415842.0
2007-08-06,12403966.0
2007-08-07,12401988.0
2007-08-08,12396053.0
2007-08-09,12389132.0
2007-08-10,12381225.0
2007-08-11,12371347.0
2007-08-12,12363448.0
2007-08-13,12355552.0
2007-08-14,12331885.0
2007-08-15,12317108.0
2007-08-16,12303328.0
2007-08-17,12289557.0
2007-08-18,12274815.0
2007-08-19,12258121.0
2007-08-20,12243404.0
2007-08-21,12228698.0
2007-08-22,12213026.0
2007-08-23,12194432.0
2007-08-24,12175857.0
2007-08-25,12157302.0
2007-08-26,12150470.0
2007-08-27,12148519.0
2007-08-28,12132915.0
2007-08-29,12119273.0
2007-08-30,12099803.0
2007-08-31,12094938.0
2007-09-01,12084241.0
2007-09-02,12076466.0
2007-09-03,12067722.0
2007-09-04,12054130.0
2007-09-05,12044427.0
2007-09-06,12036669.0
2007-09-07,12024069.0
2007-09-08,12014382.0
2007-09-09,12000830.0
2007-09-10,11995026.0
2007-09-11,11982455.0
2007-09-12,11973757.0
2007-09-13,11962167.0
2007-09-14,11951550.0
2007-09-15,11942868.0
2007-09-16,11935154.0
2007-09-17,11923589.0
2007-09-18,11917809.0
2007-09-19,11908181.0
2007-09-20,11903369.0
2007-09-21,11904331.0
2007-09-22,11905294.0
2007-09-23,11916846.0
2007-09-24,11929370.0
2007-09-25,11927443.0
2007-09-26,11932262.0
2007-09-27,11933226.0
2007-09-28,11929370.0
2007-09-29,11928407.0
2007-09-30,11929370.0
2007-10-01,11925516.0
2007-10-02,11926479.0
2007-10-03,11921662.0
2007-10-04,11917809.0
2007-10-05,11908181.0
2007-10-06,11912032.0
2007-10-07,11909144.0
2007-10-08,11906256.0
2007-10-09,11901444.0
2007-10-10,11896634.0
2007-10-11,11895672.0
2007-10-12,11889902.0
2007-10-13,11890863.0
2007-10-14,11886056.0
2007-10-15,11882211.0
2007-10-16,11875484.0
2007-10-17,11867800.0
2007-10-18,11862039.0
2007-10-19,11857239.0
2007-10-20,11857239.0
2007-10-21,11855320.0
2007-10-22,11847644.0
2007-10-23,11841889.0
2007-10-24,11836137.0
2007-10-25,11830386.0
2007-10-26,11825595.0
2007-10-27,11822721.0
2007-10-28,11820806.0
2007-10-29,11816975.0
2007-10-30,11814103.0
2007-10-31,11809316.0
2007-11-01,11806445.0
2007-11-02,11800704.0
2007-11-03,11795921.0
2007-11-04,11794965.0
2007-11-05,11789228.0
2007-11-06,11782537.0
2007-11-07,11775849.0
2007-11-08,11771073.0
2007-11-09,11765344.0
2007-11-10,11758662.0
2007-11-11,11752937.0
2007-11-12,11748167.0
2007-11-13,11742446.0
2007-11-14,11739585.0
2007-11-15,11731007.0
2007-11-16,11723386.0
2007-11-17,11719576.0
2007-11-18,11713863.0
2007-11-19,11706248.0
2007-11-20,11697686.0
2007-11-21,11690078.0
2007-11-22,11685324.0
2007-11-23,11676771.0
2007-11-24,11669172.0
2007-11-25,11658727.0
2007-11-26,11654931.0
2007-11-27,11641650.0
2007-11-28,11635013.0
2007-11-29,11628378.0
2007-11-30,11619851.0
2007-12-01,11617009.0
2007-12-02,11611328.0
2007-12-03,11599970.0
2007-12-04,11589565.0
2007-12-05,11579166.0
2007-12-06,11564994.0
2007-12-07,11560273.0
2007-12-08,11546116.0
2007-12-09,11536684.0
2007-12-10,11527258.0
2007-12-11,11515010.0
2007-12-12,11502770.0
2007-12-13,11492420.0
2007-12-14,11481136.0
2007-12-15,11470798.0
2007-12-16,11461405.0
2007-12-17,11447325.0
2007-12-18,11433256.0
2007-12-19,11416387.0
2007-12-20,11402342.0
2007-12-21,11387372.0
2007-12-22,11372415.0
2007-12-23,11361205.0
2007-12-24,11343471.0
2007-12-25,11335077.0
2007-12-26,11322027.0
2007-12-27,11307124.0
2007-12-28,11290373.0
2007-12-29,11276427.0
2007-12-30,11264348.0
2007-12-31,11245782.0
2008-01-01,11233724.0
2008-01-02,11217043.0
2008-01-03,11197601.0
2008-01-04,11180029.0
2008-01-05,11169864.0
2008-01-06,11161552.0
2008-01-07,11152320.0
2008-01-08,11142171.0
2008-01-09,11133871.0
2008-01-10,11123733.0
2008-01-11,11107156.0
2008-01-12,11099793.0
2008-01-13,11089674.0
2008-01-14,11074048.0
2008-01-15,11059354.0
2008-01-16,11047424.0
2008-01-17,11029086.0
2008-01-18,11015346.0
2008-01-19,11001616.0
2008-01-20,10986983.0
2008-01-21,10970536.0
2008-01-22,10955930.0
2008-01-23,10947719.0
2008-01-24,10929487.0
2008-01-25,10921289.0
2008-01-26,10914006.0
2008-01-27,10907635.0
2008-01-28,10893991.0
2008-01-29,10893082.0
2008-01-30,10889446.0
2008-01-31,10880359.0
2008-02-01,10876725.0
2008-02-02,10871276.0
2008-02-03,10868553.0
2008-02-04,10863106.0
2008-02-05,10857662.0
2008-02-06,10854033.0
2008-02-07,10843152.0
2008-02-08,10837714.0
2008-02-09,10835902.0
2008-02-10,10831372.0
2008-02-11,10824126.0
2008-02-12,10823221.0
2008-02-13,10808741.0
2008-02-14,10822316.0
2008-02-15,10825937.0
2008-02-16,10833184.0
2008-02-17,10834996.0
2008-02-18,10840433.0
2008-02-19,10844058.0
2008-02-20,10840433.0
2008-02-21,10841339.0
2008-02-22,10845872.0
2008-02-23,10849499.0
2008-02-24,10849499.0
2008-02-25,10857662.0
2008-02-26,10863106.0
2008-02-27,10870368.0
2008-02-28,10875817.0
2008-02-29,10880359.0
2008-03-01,10880359.0
2008-03-02,10884902.0
2008-03-03,10889446.0
2008-03-04,10903996.0
2008-03-05,10866737.0
2008-03-06,10797888.0
2008-03-07,10732022.0
2008-03-08,10676284.0
2008-03-09,10661930.0
2008-03-10,10665517.0
2008-03-11,10663724.0
2008-03-12,10671797.0
2008-03-13,10677181.0
2008-03-14,10684363.0
2008-03-15,10694243.0
2008-03-16,10703231.0
2008-03-17,10708625.0
2008-03-18,10715821.0
2008-03-19,10720319.0
2008-03-20,10728420.0
2008-03-21,10736525.0
2008-03-22,10742832.0
2008-03-23,10749140.0
2008-03-24,10751845.0
2008-03-25,10755452.0
2008-03-26,10759059.0
2008-03-27,10767179.0
2008-03-28,10769886.0
2008-03-29,10773497.0
2008-03-30,10784333.0
2008-03-31,10799697.0
2008-04-01,10803314.0
2008-04-02,10812360.0
2008-04-03,10824126.0
2008-04-04,10834090.0
2008-04-05,10851312.0
2008-04-06,10862199.0
2008-04-07,10874909.0
2008-04-08,10889446.0
2008-04-09,10889446.0
2008-04-10,10905815.0
2008-04-11,10913095.0
2008-04-12,10921289.0
2008-04-13,10931310.0
2008-04-14,10935866.0
2008-04-15,10939512.0
2008-04-16,10933132.0
2008-04-17,10938601.0
2008-04-18,10948631.0
2008-04-19,10962318.0
2008-04-20,10972363.0
2008-04-21,10981499.0
2008-04-22,10992469.0
2008-04-23,11013514.0
2008-04-24,11041003.0
2008-04-25,11058436.0
2008-04-26,11085077.0
2008-04-27,11117284.0
2008-04-28,11145861.0
2008-04-29,11170788.0
2008-04-30,11194825.0
2008-05-01,11220749.0
2008-05-02,11250422.0
2008-05-03,11282004.0
2008-05-04,11310848.0
2008-05-05,11333212.0
2008-05-06,11363073.0
2008-05-07,11387372.0
2008-05-08,11414514.0
2008-05-09,11444510.0
2008-05-10,11478316.0
2008-05-11,11515952.0
2008-05-12,11554609.0
2008-05-13,11607541.0
2008-05-14,11665373.0
2008-05-15,11715767.0
2008-05-16,11756753.0
2008-05-17,11799748.0
2008-05-18,11841889.0
2008-05-19,11883172.0
2008-05-20,11926479.0
2008-05-21,11976656.0
2008-05-22,12040547.0
2008-05-23,12124144.0
2008-05-24,12223799.0
2008-05-25,12320063.0
2008-05-26,12418813.0
2008-05-27,12505154.0
2008-05-28,12582902.0
2008-05-29,12657963.0
2008-05-30,12734327.0
2008-05-31,12812006.0
2008-06-01,12898119.0
2008-06-02,12983592.0
2008-06-03,13077633.0
2008-06-04,13183447.0
2008-06-05,13283609.0
2008-06-06,13386347.0
2008-06-07,13499014.0
2008-06-08,13586018.0
2008-06-09,13676550.0
2008-06-10,13763235.0
2008-06-11,13852429.0
2008-06-12,13932428.0
2008-06-13,14003110.0
2008-06-14,14074055.0
2008-06-15,14138780.0
2008-06-16,14199387.0
2008-06-17,14260184.0
2008-06-18,14320081.0
2008-06-19,14388915.0
2008-06-20,14453597.0
2008-06-21,14519591.0
2008-06-22,14588015.0
2008-06-23,14651126.0
2008-06-24,14704425.0
2008-06-25,14754520.0
2008-06-26,14803620.0
2008-06-27,14845000.0
2008-06-28,14888706.0
2008-06-29,14932504.0
2008-06-30,14970763.0
2008-07-01,14998939.0
2008-07-02,15035059.0
2008-07-03,15067847.0
2008-07-04,15096153.0
2008-07-05,15123363.0
2008-07-06,15150608.0
2008-07-07,15171064.0
2008-07-08,15188126.0
2008-07-09,15208618.0
2008-07-10,15223431.0
2008-07-11,15238253.0
2008-07-12,15246239.0
2008-07-13,15250803.0
2008-07-14,15261077.0
2008-07-15,15264503.0
2008-07-16,15273641.0
2008-07-17,15267929.0
2008-07-18,15264503.0
2008-07-19,15261077.0
2008-07-20,15257652.0
2008-07-21,15255369.0
2008-07-22,15249662.0
2008-07-23,15239394.0
2008-07-24,15237113.0
2008-07-25,15230271.0
2008-07-26,15226850.0
2008-07-27,15217733.0
2008-07-28,15216593.0
2008-07-29,15207480.0
2008-07-30,15199508.0
2008-07-31,15191540.0
2008-08-01,15179025.0
2008-08-02,15171064.0
2008-08-03,15156288.0
2008-08-04,15140387.0
2008-08-05,15126767.0
2008-08-06,15121094.0
2008-08-07,15108620.0
2008-08-08,15106353.0
2008-08-09,15104086.0
2008-08-10,15092755.0
2008-08-11,15089356.0
2008-08-12,15082562.0
2008-08-13,15073505.0
2008-08-14,15059928.0
2008-08-15,15052012.0
2008-08-16,15031670.0
2008-08-17,15020378.0
2008-08-18,15004578.0
2008-08-19,14985410.0
2008-08-20,14969637.0
2008-08-21,14951625.0
2008-08-22,14937002.0
2008-08-23,14922389.0
2008-08-24,14908909.0
2008-08-25,14896560.0
2008-08-26,14875248.0
2008-08-27,14860678.0
2008-08-28,14840522.0
2008-08-29,14824859.0
2008-08-30,14814795.0
2008-08-31,14802503.0
2008-09-01,14794684.0
2008-09-02,14780171.0
2008-09-03,14764553.0
2008-09-04,14756749.0
2008-09-05,14751176.0
2008-09-06,14740035.0
2008-09-07,14732240.0
2008-09-08,14718884.0
2008-09-09,14715547.0
2008-09-10,14704425.0
2008-09-11,14697755.0
2008-09-12,14684421.0
2008-09-13,14671097.0
2008-09-14,14662218.0
2008-09-15,14654453.0
2008-09-16,14644473.0
2008-09-17,14637823.0
2008-09-18,14627852.0
2008-09-19,14621207.0
2008-09-20,14609030.0
2008-09-21,14597967.0
2008-09-22,14594649.0
2008-09-23,14582488.0
2008-09-24,14571439.0
2008-09-25,14562605.0
2008-09-26,14552670.0
2008-09-27,14542741.0
2008-09-28,14532816.0
2008-09-29,14522897.0
2008-09-30,14508577.0
2008-10-01,14497569.0
2008-10-02,14486567.0
2008-10-03,14472273.0
2008-10-04,14467877.0
2008-10-05,14454695.0
2008-10-06,14445911.0
2008-10-07,14436035.0
2008-10-08,14427260.0
2008-10-09,14415201.0
2008-10-10,14404244.0
2008-10-11,14390009.0
2008-10-12,14380161.0
2008-10-13,14365943.0
2008-10-14,14353921.0
2008-10-15,14341907.0
2008-10-16,14329899.0
2008-10-17,14320081.0
2008-10-18,14308087.0
2008-10-19,14301548.0
2008-10-20,14287387.0
2008-10-21,14284121.0
2008-10-22,14268885.0
2008-10-23,14253661.0
2008-10-24,14244967.0
2008-10-25,14234105.0
2008-10-26,14224334.0
2008-10-27,14213484.0
2008-10-28,14202639.0
2008-10-29,14190717.0
2008-10-30,14182052.0
2008-10-31,14172307.0
2008-11-01,14166896.0
2008-11-02,14160404.0
2008-11-03,14150670.0
2008-11-04,14146346.0
2008-11-05,14137700.0
2008-11-06,14127978.0
2008-11-07,14122579.0
2008-11-08,14117181.0
2008-11-09,14106391.0
2008-11-10,14100998.0
2008-11-11,14092372.0
2008-11-12,14088061.0
2008-11-13,14077286.0
2008-11-14,14069748.0
2008-11-15,14066518.0
2008-11-16,14057908.0
2008-11-17,14051453.0
2008-11-18,14046076.0
2008-11-19,14038550.0
2008-11-20,14032101.0
2008-11-21,14025655.0
2008-11-22,14015989.0
2008-11-23,14012769.0
2008-11-24,14007402.0
2008-11-25,13999891.0
2008-11-26,13987023.0
2008-11-27,13984879.0
2008-11-28,13979520.0
2008-11-29,13972020.0
2008-11-30,13965594.0
2008-12-01,13952749.0
2008-12-02,13939912.0
2008-12-03,13930291.0
2008-12-04,13915333.0
2008-12-05,13902522.0
2008-12-06,13892920.0
2008-12-07,13876926.0
2008-12-08,13866271.0
2008-12-09,13856687.0
2008-12-10,13838597.0
2008-12-11,13825839.0
2008-12-12,13809902.0
2008-12-13,13796102.0
2008-12-14,13783372.0
2008-12-15,13772771.0
2008-12-16,13761117.0
2008-12-17,13752645.0
2008-12-18,13732538.0
2008-12-19,13718791.0
2008-12-20,13711393.0
2008-12-21,13699772.0
2008-12-22,13684992.0
2008-12-23,13668112.0
2008-12-24,13655462.0
2008-12-25,13640712.0
2008-12-26,13622816.0
2008-12-27,13609140.0
2008-12-28,13596525.0
2008-12-29,13578666.0
2008-12-30,13558725.0
2008-12-31,13540898.0
2009-01-01,13527276.0
2009-01-02,13514710.0
2009-01-03,13503198.0
2009-01-04,13491692.0
2009-01-05,13472879.0
2009-01-06,13455126.0
2009-01-07,13442603.0
2009-01-08,13426961.0
2009-01-09,13412372.0
2009-01-10,13398835.0
2009-01-11,13386347.0
2009-01-12,13376985.0
2009-01-13,13364510.0
2009-01-14,13349966.0
2009-01-15,13337508.0
2009-01-16,13325057.0
2009-01-17,13313650.0
2009-01-18,13303286.0
2009-01-19,13289820.0
2009-01-20,13278433.0
2009-01-21,13263950.0
2009-01-22,13252578.0
2009-01-23,13238113.0
2009-01-24,13227787.0
2009-01-25,13217467.0
2009-01-26,13209214.0
2009-01-27,13192720.0
2009-01-28,13184477.0
2009-01-29,13174179.0
2009-01-30,13162857.0
2009-01-31,13154627.0
2009-02-01,13147428.0
2009-02-02,13138176.0
2009-02-03,13133039.0
2009-02-04,13125848.0
2009-02-05,13117633.0
2009-02-06,13109421.0
2009-02-07,13103265.0
2009-02-08,13098136.0
2009-02-09,13086857.0
2009-02-10,13075584.0
2009-02-11,13071486.0
2009-02-12,13064318.0
2009-02-13,13055104.0
2009-02-14,13047942.0
2009-02-15,13039759.0
2009-02-16,13030557.0
2009-02-17,13023403.0
2009-02-18,13019316.0
2009-02-19,13009103.0
2009-02-20,13000936.0
2009-02-21,12993792.0
2009-02-22,12986652.0
2009-02-23,12977475.0
2009-02-24,12967283.0
2009-02-25,12959133.0
2009-02-26,12949969.0
2009-02-27,12944879.0
2009-02-28,12937756.0
2009-03-01,12933687.0
2009-03-02,12926568.0
2009-03-03,12921485.0
2009-03-04,12915387.0
2009-03-05,12910306.0
2009-03-06,12903196.0
2009-03-07,12900149.0
2009-03-08,12898119.0
2009-03-09,12892027.0
2009-03-10,12887968.0
2009-03-11,12883909.0
2009-03-12,12878837.0
2009-03-13,12871738.0
2009-03-14,12868696.0
2009-03-15,12863628.0
2009-03-16,12857547.0
2009-03-17,12850456.0
2009-03-18,12845393.0
2009-03-19,12838306.0
2009-03-20,12830210.0
2009-03-21,12823128.0
2009-03-22,12816050.0
2009-03-23,12809984.0
2009-03-24,12803921.0
2009-03-25,12795839.0
2009-03-26,12789780.0
2009-03-27,12784732.0
2009-03-28,12782713.0
2009-03-29,12779686.0
2009-03-30,12777667.0
2009-03-31,12773632.0
2009-04-01,12764554.0
2009-04-02,12762538.0
2009-04-03,12755481.0
2009-04-04,12753465.0
2009-04-05,12752458.0
2009-04-06,12746412.0
2009-04-07,12738354.0
2009-04-08,12730300.0
2009-04-09,12728287.0
2009-04-10,12724261.0
2009-04-11,12722249.0
2009-04-12,12714201.0
2009-04-13,12712190.0
2009-04-14,12707163.0
2009-04-15,12704147.0
2009-04-16,12702136.0
2009-04-17,12700126.0
2009-04-18,12701131.0
2009-04-19,12704147.0
2009-04-20,12709173.0
2009-04-21,12713196.0
2009-04-22,12716213.0
2009-04-23,12722249.0
2009-04-24,12733320.0
2009-04-25,12747419.0
2009-04-26,12769597.0
2009-04-27,12778677.0
2009-04-28,12804931.0
2009-04-29,12830210.0
2009-04-30,12857547.0
2009-05-01,12886953.0
2009-05-02,12912338.0
2009-05-03,12942844.0
2009-05-04,12974417.0
2009-05-05,13010124.0
2009-05-06,13049988.0
2009-05-07,13083782.0
2009-05-08,13118659.0
2009-05-09,13156684.0
2009-05-10,13200965.0
2009-05-11,13249477.0
2009-05-12,13304322.0
2009-05-13,13362432.0
2009-05-14,13420707.0
2009-05-15,13486465.0
2009-05-16,13557676.0
2009-05-17,13629130.0
2009-05-18,13699772.0
2009-05-19,13775951.0
2009-05-20,13848172.0
2009-05-21,13922811.0
2009-05-22,14018137.0
2009-05-23,14109627.0
2009-05-24,14198303.0
2009-05-25,14280855.0
2009-05-26,14364850.0
2009-05-27,14452499.0
2009-05-28,14539432.0
2009-05-29,14616778.0
2009-05-30,14693310.0
2009-05-31,14751176.0
2009-06-01,14815913.0
2009-06-02,14875248.0
2009-06-03,14933629.0
2009-06-04,14986537.0
2009-06-05,15044099.0
2009-06-06,15102953.0
2009-06-07,15164243.0
2009-06-08,15227990.0
2009-06-09,15288498.0
2009-06-10,15346883.0
2009-06-11,15393934.0
2009-06-12,15438785.0
2009-06-13,15482574.0
2009-06-14,15518361.0
2009-06-15,15554207.0
2009-06-16,15587793.0
2009-06-17,15621430.0
2009-06-18,15649307.0
2009-06-19,15677218.0
2009-06-20,15713321.0
2009-06-21,15738978.0
2009-06-22,15770506.0
2009-06-23,15800909.0
2009-06-24,15831352.0
2009-06-25,15861837.0
2009-06-26,15900587.0
2009-06-27,15932342.0
2009-06-28,15974750.0
2009-06-29,16019599.0
2009-06-30,16060989.0
2009-07-01,16092972.0
2009-07-02,16126188.0
2009-07-03,16149946.0
2009-07-04,16180869.0
2009-07-05,16198728.0
2009-07-06,16213027.0
2009-07-07,16227334.0
2009-07-08,16241651.0
2009-07-09,16252395.0
2009-07-10,16261949.0
2009-07-11,16270312.0
2009-07-12,16275093.0
2009-07-13,16276288.0
2009-07-14,16276288.0
2009-07-15,16273897.0
2009-07-16,16276288.0
2009-07-17,16266728.0
2009-07-18,16259560.0
2009-07-19,16253589.0
2009-07-20,16246425.0
2009-07-21,16236878.0
2009-07-22,16229720.0
2009-07-23,16218987.0
2009-07-24,16207068.0
2009-07-25,16202302.0
2009-07-26,16196346.0
2009-07-27,16180869.0
2009-07-28,16168970.0
2009-07-29,16151134.0
2009-07-30,16145192.0
2009-07-31,16138064.0
2009-08-01,16125001.0
2009-08-02,16115506.0
2009-08-03,16102457.0
2009-08-04,16092972.0
2009-08-05,16079936.0
2009-08-06,16063356.0
2009-08-07,16044423.0
2009-08-08,16031416.0
2009-08-09,16020780.0
2009-08-10,16007788.0
2009-08-11,15993623.0
2009-08-12,15977108.0
2009-08-13,15964140.0
2009-08-14,15951180.0
2009-08-15,15941759.0
2009-08-16,15927635.0
2009-08-17,15913519.0
2009-08-18,15898237.0
2009-08-19,15878268.0
2009-08-20,15861837.0
2009-08-21,15845417.0
2009-08-22,15830181.0
2009-08-23,15817296.0
2009-08-24,15806760.0
2009-08-25,15791550.0
2009-08-26,15776350.0
2009-08-27,15763496.0
2009-08-28,15750650.0
2009-08-29,15734311.0
2009-08-30,15722647.0
2009-08-31,15709825.0
2009-09-01,15699339.0
2009-09-02,15692351.0
2009-09-03,15685365.0
2009-09-04,15676054.0
2009-09-05,15669073.0
2009-09-06,15657444.0
2009-09-07,15646982.0
2009-09-08,15636526.0
2009-09-09,15624913.0
2009-09-10,15620270.0
2009-09-11,15610986.0
2009-09-12,15601706.0
2009-09-13,15591271.0
2009-09-14,15585476.0
2009-09-15,15579682.0
2009-09-16,15568099.0
2009-09-17,15562310.0
2009-09-18,15553050.0
2009-09-19,15543795.0
2009-09-20,15535699.0
2009-09-21,15528762.0
2009-09-22,15522983.0
2009-09-23,15512585.0
2009-09-24,15505656.0
2009-09-25,15499883.0
2009-09-26,15492958.0
2009-09-27,15489496.0
2009-09-28,15481420.0
2009-09-29,15475654.0
2009-09-30,15462973.0
2009-10-01,15454907.0
2009-10-02,15446844.0
2009-10-03,15437633.0
2009-10-04,15429577.0
2009-10-05,15419223.0
2009-10-06,15408874.0
2009-10-07,15398530.0
2009-10-08,15389339.0
2009-10-09,15383597.0
2009-10-10,15375560.0
2009-10-11,15370969.0
2009-10-12,15361790.0
2009-10-13,15354909.0
2009-10-14,15351469.0
2009-10-15,15349176.0
2009-10-16,15340006.0
2009-10-17,15334277.0
2009-10-18,15325113.0
2009-10-19,15320533.0
2009-10-20,15317098.0
2009-10-21,15307942.0
2009-10-22,15302221.0
2009-10-23,15294215.0
2009-10-24,15293071.0
2009-10-25,15288498.0
2009-10-26,15277068.0
2009-10-27,15272498.0
2009-10-28,15269071.0
2009-10-29,15257652.0
2009-10-30,15256510.0
2009-10-31,15250803.0
2009-11-01,15242816.0
2009-11-02,15235972.0
2009-11-03,15225710.0
2009-11-04,15216593.0
2009-11-05,15206341.0
2009-11-06,15197231.0
2009-11-07,15188126.0
2009-11-08,15182437.0
2009-11-09,15172201.0
2009-11-10,15165380.0
2009-11-11,15156288.0
2009-11-12,15143793.0
2009-11-13,15135846.0
2009-11-14,15125632.0
2009-11-15,15118826.0
2009-11-16,15108620.0
2009-11-17,15097286.0
2009-11-18,15088224.0
2009-11-19,15076901.0
2009-11-20,15064453.0
2009-11-21,15054274.0
2009-11-22,15045229.0
2009-11-23,15037319.0
2009-11-24,15028282.0
2009-11-25,15020378.0
2009-11-26,15011348.0
2009-11-27,15004578.0
2009-11-28,15000067.0
2009-11-29,14988791.0
2009-11-30,14976395.0
2009-12-01,14962880.0
2009-12-02,14949374.0
2009-12-03,14928008.0
2009-12-04,14907786.0
2009-12-05,14894316.0
2009-12-06,14884219.0
2009-12-07,14871885.0
2009-12-08,14853957.0
2009-12-09,14831570.0
2009-12-10,14809207.0
2009-12-11,14785752.0
2009-12-12,14765669.0
2009-12-13,14746719.0
2009-12-14,14725561.0
2009-12-15,14705537.0
2009-12-16,14688865.0
2009-12-17,14667767.0
2009-12-18,14650017.0
2009-12-19,14632283.0
2009-12-20,14618992.0
2009-12-21,14601285.0
2009-12-22,14589120.0
2009-12-23,14576963.0
2009-12-24,14558189.0
2009-12-25,14542741.0
2009-12-26,14528407.0
2009-12-27,14515185.0
2009-12-28,14496468.0
2009-12-29,14476670.0
2009-12-30,14452499.0
2009-12-31,14433841.0
2010-01-01,14419585.0
2010-01-02,14400958.0
2010-01-03,14383443.0
2010-01-04,14364850.0
2010-01-05,14344091.0
2010-01-06,14322262.0
2010-01-07,14306997.0
2010-01-08,14287387.0
2010-01-09,14273237.0
2010-01-10,14253661.0
2010-01-11,14235191.0
2010-01-12,14215654.0
2010-01-13,14200471.0
2010-01-14,14183135.0
2010-01-15,14165814.0
2010-01-16,14149589.0
2010-01-17,14138780.0
2010-01-18,14124738.0
2010-01-19,14113943.0
2010-01-20,14096684.0
2010-01-21,14097762.0
2010-01-22,14086983.0
2010-01-23,14079441.0
2010-01-24,14069748.0
2010-01-25,14061136.0
2010-01-26,14051453.0
2010-01-27,14041775.0
2010-01-28,14024581.0
2010-01-29,14011695.0
2010-01-30,14003110.0
2010-01-31,13991311.0
2010-02-01,13983807.0
2010-02-02,13977377.0
2010-02-03,13966665.0
2010-02-04,13957030.0
2010-02-05,13947399.0
2010-02-06,13947399.0
2010-02-07,13946330.0
2010-02-08,13938843.0
2010-02-09,13933497.0
2010-02-10,13923879.0
2010-02-11,13914265.0
2010-02-12,13904657.0
2010-02-13,13899321.0
2010-02-14,13897187.0
2010-02-15,13888653.0
2010-02-16,13875860.0
2010-02-17,13865206.0
2010-02-18,13857752.0
2010-02-19,13848172.0
2010-02-20,13838597.0
2010-02-21,13833280.0
2010-02-22,13832217.0
2010-02-23,13824776.0
2010-02-24,13813089.0
2010-02-25,13802470.0
2010-02-26,13796102.0
2010-02-27,13787615.0
2010-02-28,13780191.0
2010-03-01,13774891.0
2010-03-02,13769592.0
2010-03-03,13763235.0
2010-03-04,13751586.0
2010-03-05,13753704.0
2010-03-06,13758998.0
2010-03-07,13758998.0
2010-03-08,13760057.0
2010-03-09,13758998.0
2010-03-10,13760057.0
2010-03-11,13766413.0
2010-03-12,13766413.0
2010-03-13,13769592.0
2010-03-14,13764294.0
2010-03-15,13760057.0
2010-03-16,13757939.0
2010-03-17,13756880.0
2010-03-18,13756880.0
2010-03-19,13754762.0
2010-03-20,13753704.0
2010-03-21,13752645.0
2010-03-22,13745235.0
2010-03-23,13741002.0
2010-03-24,13737827.0
2010-03-25,13734653.0
2010-03-26,13729365.0
2010-03-27,13725135.0
2010-03-28,13721963.0
2010-03-29,13714563.0
2010-03-30,13709280.0
2010-03-31,13700829.0
2010-04-01,13692381.0
2010-04-02,13683936.0
2010-04-03,13676550.0
2010-04-04,13675495.0
2010-04-05,13666003.0
2010-04-06,13660732.0
2010-04-07,13656516.0
2010-04-08,13650193.0
2010-04-09,13643872.0
2010-04-10,13636500.0
2010-04-11,13632288.0
2010-04-12,13628078.0
2010-04-13,13623868.0
2010-04-14,13617555.0
2010-04-15,13619659.0
2010-04-16,13619659.0
2010-04-17,13624920.0
2010-04-18,13631236.0
2010-04-19,13634394.0
2010-04-20,13653354.0
2010-04-21,13662840.0
2010-04-22,13678660.0
2010-04-23,13696604.0
2010-04-24,13714563.0
2010-04-25,13739943.0
2010-04-26,13756880.0
2010-04-27,13772771.0
2010-04-28,13783372.0
2010-04-29,13802470.0
2010-04-30,13816275.0
2010-05-01,13829028.0
2010-05-02,13847108.0
2010-05-03,13854558.0
2010-05-04,13870533.0
2010-05-05,13877992.0
2010-05-06,13889720.0
2010-05-07,13889720.0
2010-05-08,13893986.0
2010-05-09,13901455.0
2010-05-10,13903589.0
2010-05-11,13907859.0
2010-05-12,13915333.0
2010-05-13,13926016.0
2010-05-14,13933497.0
2010-05-15,13945260.0
2010-05-16,13953819.0
2010-05-17,13967736.0
2010-05-18,13975234.0
2010-05-19,13993456.0
2010-05-20,14009548.0
2010-05-21,14031027.0
2010-05-22,14047151.0
2010-05-23,14067595.0
2010-05-24,14098841.0
2010-05-25,14138780.0
2010-05-26,14180969.0
2010-05-27,14227591.0
2010-05-28,14260184.0
2010-05-29,14310267.0
2010-05-30,14348459.0
2010-05-31,14405339.0
2010-06-01,14465679.0
2010-06-02,14529509.0
2010-06-03,14594649.0
2010-06-04,14657781.0
2010-06-05,14715547.0
2010-06-06,14769014.0
2010-06-07,14827095.0
2010-06-08,14898805.0
2010-06-09,14976395.0
2010-06-10,15057666.0
2010-06-11,15140387.0
2010-06-12,15225710.0
2010-06-13,15306798.0
2010-06-14,15374413.0
2010-06-15,15437633.0
2010-06-16,15494112.0
2010-06-17,15541481.0
2010-06-18,15591271.0
2010-06-19,15634203.0
2010-06-20,15667910.0
2010-06-21,15697009.0
2010-06-22,15727312.0
2010-06-23,15750650.0
2010-06-24,15772844.0
2010-06-25,15793889.0
2010-06-26,15811442.0
2010-06-27,15826666.0
2010-06-28,15843072.0
2010-06-29,15854798.0
2010-06-30,15864183.0
2010-07-01,15864183.0
2010-07-02,15860663.0
2010-07-03,15859490.0
2010-07-04,15860663.0
2010-07-05,15861837.0
2010-07-06,15859490.0
2010-07-07,15858317.0
2010-07-08,15852453.0
2010-07-09,15841900.0
2010-07-10,15837212.0
2010-07-11,15830181.0
2010-07-12,15817296.0
2010-07-13,15807931.0
2010-07-14,15800909.0
2010-07-15,15789211.0
2010-07-16,15768170.0
2010-07-17,15763496.0
2010-07-18,15756488.0
2010-07-19,15740145.0
2010-07-20,15728478.0
2010-07-21,15713321.0
2010-07-22,15697009.0
2010-07-23,15687693.0
2010-07-24,15677218.0
2010-07-25,15666747.0
2010-07-26,15651631.0
2010-07-27,15633041.0
2010-07-28,15630719.0
2010-07-29,15613307.0
2010-07-30,15607506.0
2010-07-31,15595908.0
2010-08-01,15623752.0
2010-08-02,15621430.0
2010-08-03,15614467.0
2010-08-04,15624913.0
2010-08-05,15614467.0
2010-08-06,15613307.0
2010-08-07,15619109.0
2010-08-08,15609826.0
2010-08-09,15605186.0
2010-08-10,15593589.0
2010-08-11,15586634.0
2010-08-12,15576206.0
2010-08-13,15562310.0
2010-08-14,15551893.0
2010-08-15,15542638.0
2010-08-16,15536855.0
2010-08-17,15522983.0
2010-08-18,15516051.0
2010-08-19,15505656.0
2010-08-20,15504501.0
2010-08-21,15499883.0
2010-08-22,15490650.0
2010-08-23,15487188.0
2010-08-24,15469889.0
2010-08-25,15458364.0
2010-08-26,15444541.0
2010-08-27,15430728.0
2010-08-28,15413473.0
2010-08-29,15396232.0
2010-08-30,15381300.0
2010-08-31,15368674.0
2010-09-01,15364085.0
2010-09-02,15360643.0
2010-09-03,15358349.0
2010-09-04,15352615.0
2010-09-05,15345736.0
2010-09-06,15343444.0
2010-09-07,15335422.0
2010-09-08,15325113.0
2010-09-09,15320533.0
2010-09-10,15320533.0
2010-09-11,15315953.0
2010-09-12,15311375.0
2010-09-13,15307942.0
2010-09-14,15304509.0
2010-09-15,15301077.0
2010-09-16,15297646.0
2010-09-17,15293071.0
2010-09-18,15288498.0
2010-09-19,15282782.0
2010-09-20,15278211.0
2010-09-21,15272498.0
2010-09-22,15278211.0
2010-09-23,15279354.0
2010-09-24,15278211.0
2010-09-25,15278211.0
2010-09-26,15277068.0
2010-09-27,15274783.0
2010-09-28,15272498.0
2010-09-29,15269071.0
2010-09-30,15266787.0
2010-10-01,15261077.0
2010-10-02,15256510.0
2010-10-03,15257652.0
2010-10-04,15254227.0
2010-10-05,15282782.0
2010-10-06,15319388.0
2010-10-07,15335422.0
2010-10-08,15346883.0
2010-10-09,15346883.0
2010-10-10,15345736.0
2010-10-11,15343444.0
2010-10-12,15343444.0
2010-10-13,15341152.0
2010-10-14,15338860.0
2010-10-15,15335422.0
2010-10-16,15331985.0
2010-10-17,15327404.0
2010-10-18,15327404.0
2010-10-19,15323968.0
2010-10-20,15319388.0
2010-10-21,15314809.0
2010-10-22,15312520.0
2010-10-23,15313664.0
2010-10-24,15314809.0
2010-10-25,15317098.0
2010-10-26,15315953.0
2010-10-27,15317098.0
2010-10-28,15315953.0
2010-10-29,15313664.0
2010-10-30,15314809.0
2010-10-31,15314809.0
2010-11-01,15302221.0
2010-11-02,15289641.0
2010-11-03,15278211.0
2010-11-04,15266787.0
2010-11-05,15251945.0
2010-11-06,15239394.0
2010-11-07,15226850.0
2010-11-08,15206341.0
2010-11-09,15197231.0
2010-11-10,15185850.0
2010-11-11,15166517.0
2010-11-12,15154016.0
2010-11-13,15140387.0
2010-11-14,15126767.0
2010-11-15,15116557.0
2010-11-16,15095020.0
2010-11-17,15087091.0
2010-11-18,15070110.0
2010-11-19,15054274.0
2010-11-20,15038449.0
2010-11-21,15032800.0
2010-11-22,15012477.0
2010-11-23,14991046.0
2010-11-24,14986537.0
2010-11-25,14968510.0
2010-11-26,14952750.0
2010-11-27,14938126.0
2010-11-28,14921265.0
2010-11-29,14907786.0
2010-11-30,14887584.0
2010-12-01,14873006.0
2010-12-02,14851718.0
2010-12-03,14839403.0
2010-12-04,14822622.0
2010-12-05,14808089.0
2010-12-06,14792450.0
2010-12-07,14777939.0
2010-12-08,14763438.0
2010-12-09,14750062.0
2010-12-10,14735581.0
2010-12-11,14725561.0
2010-12-12,14708873.0
2010-12-13,14697755.0
2010-12-14,14682200.0
2010-12-15,14671097.0
2010-12-16,14656671.0
2010-12-17,14638931.0
2010-12-18,14627852.0
2010-12-19,14610137.0
2010-12-20,14595755.0
2010-12-21,14583593.0
2010-12-22,14571439.0
2010-12-23,14561501.0
2010-12-24,14550463.0
2010-12-25,14543844.0
2010-12-26,14531714.0
2010-12-27,14519591.0
2010-12-28,14506375.0
2010-12-29,14496468.0
2010-12-30,14483267.0
2010-12-31,14468976.0
2011-01-01,14456891.0
2011-01-02,14440424.0
2011-01-03,14417393.0
2011-01-04,14395483.0
2011-01-05,14374691.0
2011-01-06,14350644.0
2011-01-07,14326626.0
2011-01-08,14302637.0
2011-01-09,14285210.0
2011-01-10,14263447.0
2011-01-11,14240622.0
2011-01-12,14211315.0
2011-01-13,14192885.0
2011-01-14,14164731.0
2011-01-15,14146346.0
2011-01-16,14125818.0
2011-01-17,14106391.0
2011-01-18,14084828.0
2011-01-19,14066518.0
2011-01-20,14043925.0
2011-01-21,14021358.0
2011-01-22,14008475.0
2011-01-23,13985951.0
2011-01-24,13968807.0
2011-01-25,13949539.0
2011-01-26,13928153.0
2011-01-27,13905724.0
2011-01-28,13888653.0
2011-01-29,13869467.0
2011-01-30,13850301.0
2011-01-31,13821588.0
2011-02-01,13792919.0
2011-02-02,13772771.0
2011-02-03,13749469.0
2011-02-04,13721963.0
2011-02-05,13696604.0
2011-02-06,13675495.0
2011-02-07,13655462.0
2011-02-08,13635447.0
2011-02-09,13605986.0
2011-02-10,13583917.0
2011-02-11,13560823.0
2011-02-12,13539850.0
2011-02-13,13516804.0
2011-02-14,13493784.0
2011-02-15,13472879.0
2011-02-16,13447820.0
2011-02-17,13429046.0
2011-02-18,13408206.0
2011-02-19,13379065.0
2011-02-20,13363471.0
2011-02-21,13345812.0
2011-02-22,13330244.0
2011-02-23,13314687.0
2011-02-24,13298106.0
2011-02-25,13283609.0
2011-02-26,13270156.0
2011-02-27,13250511.0
2011-02-28,13235015.0
2011-03-01,13219531.0
2011-03-02,13203027.0
2011-03-03,13187568.0
2011-03-04,13173149.0
2011-03-05,13155655.0
2011-03-06,13140232.0
2011-03-07,13123794.0
2011-03-08,13110447.0
2011-03-09,13095572.0
2011-03-10,13081732.0
2011-03-11,13068414.0
2011-03-12,13055104.0
2011-03-13,13044873.0
2011-03-14,13026468.0
2011-03-15,13017273.0
2011-03-16,13006040.0
2011-03-17,12996853.0
2011-03-18,12986652.0
2011-03-19,12977475.0
2011-03-20,12968302.0
2011-03-21,12954041.0
2011-03-22,12938774.0
2011-03-23,12920469.0
2011-03-24,12909290.0
2011-03-25,12894058.0
2011-03-26,12881880.0
2011-03-27,12866669.0
2011-03-28,12850456.0
2011-03-29,12837294.0
2011-03-30,12821106.0
2011-03-31,12803921.0
2011-04-01,12788770.0
2011-04-02,12771614.0
2011-04-03,12749435.0
2011-04-04,12736340.0
2011-04-05,12727280.0
2011-04-06,12721243.0
2011-04-07,12715207.0
2011-04-08,12709173.0
2011-04-09,12700126.0
2011-04-10,12704147.0
2011-04-11,12705152.0
2011-04-12,12706157.0
2011-04-13,12702136.0
2011-04-14,12712190.0
2011-04-15,12714201.0
2011-04-16,12717219.0
2011-04-17,12721243.0
2011-04-18,12728287.0
2011-04-19,12730300.0
2011-04-20,12735334.0
2011-04-21,12742383.0
2011-04-22,12761529.0
2011-04-23,12777667.0
2011-04-24,12793819.0
2011-04-25,12818072.0
2011-04-26,12834257.0
2011-04-27,12862614.0
2011-04-28,12884924.0
2011-04-29,12899134.0
2011-04-30,12925552.0
2011-05-01,12935722.0
2011-05-02,12948951.0
2011-05-03,12962189.0
2011-05-04,12978494.0
2011-05-05,12988692.0
2011-05-06,12999915.0
2011-05-07,13008082.0
2011-05-08,13016251.0
2011-05-09,13038736.0
2011-05-10,13072511.0
2011-05-11,13118659.0
2011-05-12,13174179.0
2011-05-13,13228820.0
2011-05-14,13269122.0
2011-05-15,13305358.0
2011-05-16,13336470.0
2011-05-17,13371787.0
2011-05-18,13400917.0
2011-05-19,13454082.0
2011-05-20,13504245.0
2011-05-21,13558725.0
2011-05-22,13613347.0
2011-05-23,13661786.0
2011-05-24,13716677.0
2011-05-25,13760057.0
2011-05-26,13806717.0
2011-05-27,13854558.0
2011-05-28,13908927.0
2011-05-29,13957030.0
2011-05-30,14024581.0
2011-05-31,14097762.0
2011-06-01,14178803.0
2011-06-02,14260184.0
2011-06-03,14338631.0
2011-06-04,14417393.0
2011-06-05,14503072.0
2011-06-06,14585804.0
2011-06-07,14679979.0
2011-06-08,14781287.0
2011-06-09,14897683.0
2011-06-10,15014734.0
2011-06-11,15142658.0
2011-06-12,15266787.0
2011-06-13,15390488.0
2011-06-14,15513740.0
2011-06-15,15631880.0
2011-06-16,15758824.0
2011-06-17,15864183.0
2011-06-18,15968855.0
2011-06-19,16078751.0
2011-06-20,16189201.0
2011-06-21,16293029.0
2011-06-22,16392535.0
2011-06-23,16486451.0
2011-06-24,16573489.0
2011-06-25,16657213.0
2011-06-26,16742463.0
2011-06-27,16829252.0
2011-06-28,16916365.0
2011-06-29,17000101.0
2011-06-30,17089086.0
2011-07-01,17167221.0
2011-07-02,17253089.0
2011-07-03,17350527.0
2011-07-04,17437047.0
2011-07-05,17517571.0
2011-07-06,17588245.0
2011-07-07,17667995.0
2011-07-08,17740369.0
2011-07-09,17810401.0
2011-07-10,17876792.0
2011-07-11,17944638.0
2011-07-12,18017806.0
2011-07-13,18091183.0
2011-07-14,18158306.0
2011-07-15,18228193.0
2011-07-16,18290473.0
2011-07-17,18346391.0
2011-07-18,18384170.0
2011-07-19,18422003.0
2011-07-20,18454661.0
2011-07-21,18482125.0
2011-07-22,18505689.0
2011-07-23,18531898.0
2011-07-24,18554199.0
2011-07-25,18579149.0
2011-07-26,18579149.0
2011-07-27,18585719.0
2011-07-28,18594921.0
2011-07-29,18604126.0
2011-07-30,18610703.0
2011-07-31,18605441.0
2011-08-01,18598865.0
2011-08-02,18589662.0
2011-08-03,18585719.0
2011-08-04,18576521.0
2011-08-05,18559449.0
2011-08-06,18541078.0
2011-08-07,18529276.0
2011-08-08,18509618.0
2011-08-09,18493904.0
2011-08-10,18467736.0
2011-08-11,18446820.0
2011-08-12,18422003.0
2011-08-13,18391993.0
2011-08-14,18367228.0
2011-08-15,18343787.0
2011-08-16,18312566.0
2011-08-17,18283979.0
2011-08-18,18259315.0
2011-08-19,18228193.0
2011-08-20,18200993.0
2011-08-21,18169941.0
2011-08-22,18142800.0
2011-08-23,18111818.0
2011-08-24,18083450.0
2011-08-25,18049963.0
2011-08-26,18021663.0
2011-08-27,17989541.0
2011-08-28,17963873.0
2011-08-29,17930542.0
2011-08-30,17908772.0
2011-08-31,17889579.0
2011-09-01,17872957.0
2011-09-02,17860178.0
2011-09-03,17849959.0
2011-09-04,17837192.0
2011-09-05,17819328.0
2011-09-06,17807851.0
2011-09-07,17793830.0
2011-09-08,17778544.0
2011-09-09,17773450.0
2011-09-10,17760721.0
2011-09-11,17746727.0
2011-09-12,17736554.0
2011-09-13,17726385.0
2011-09-14,17732740.0
2011-09-15,17726385.0
2011-09-16,17717491.0
2011-09-17,17711140.0
2011-09-18,17712410.0
2011-09-19,17706060.0
2011-09-20,17699712.0
2011-09-21,17695904.0
2011-09-22,17685751.0
2011-09-23,17676871.0
2011-09-24,17667995.0
2011-09-25,17660389.0
2011-09-26,17647717.0
2011-09-27,17636318.0
2011-09-28,17623658.0
2011-09-29,17612270.0
2011-09-30,17593301.0
2011-10-01,17578137.0
2011-10-02,17573084.0
2011-10-03,17560456.0
2011-10-04,17540266.0
2011-10-05,17527655.0
2011-10-06,17513791.0
2011-10-07,17497415.0
2011-10-08,17498675.0
2011-10-09,17483568.0
2011-10-10,17476018.0
2011-10-11,17465955.0
2011-10-12,17459668.0
2011-10-13,17449611.0
2011-10-14,17439559.0
2011-10-15,17427000.0
2011-10-16,17416957.0
2011-10-17,17406918.0
2011-10-18,17395630.0
2011-10-19,17381839.0
2011-10-20,17371815.0
2011-10-21,17359290.0
2011-10-22,17349275.0
2011-10-23,17338013.0
2011-10-24,17324255.0
2011-10-25,17315504.0
2011-10-26,17304258.0
2011-10-27,17288022.0
2011-10-28,17279284.0
2011-10-29,17268054.0
2011-10-30,17260571.0
2011-10-31,17249350.0
2011-11-01,17240626.0
2011-11-02,17231905.0
2011-11-03,17218207.0
2011-11-04,17211983.0
2011-11-05,17197053.0
2011-11-06,17183375.0
2011-11-07,17175918.0
2011-11-08,17165978.0
2011-11-09,17151077.0
2011-11-10,17141147.0
2011-11-11,17117581.0
2011-11-12,17096516.0
2011-11-13,17074232.0
2011-11-14,17054441.0
2011-11-15,17039608.0
2011-11-16,17016143.0
2011-11-17,16993933.0
2011-11-18,16971745.0
2011-11-19,16948347.0
2011-11-20,16926201.0
2011-11-21,16896706.0
2011-11-22,16875836.0
2011-11-23,16853758.0
2011-11-24,16825578.0
2011-11-25,16799879.0
2011-11-26,16777873.0
2011-11-27,16754667.0
2011-11-28,16729046.0
2011-11-29,16703453.0
2011-11-30,16682755.0
2011-12-01,16662076.0
2011-12-02,16636557.0
2011-12-03,16618347.0
2011-12-04,16591664.0
2011-12-05,16567434.0
2011-12-06,16548069.0
2011-12-07,16522676.0
2011-12-08,16498520.0
2011-12-09,16471977.0
2011-12-10,16444261.0
2011-12-11,16417782.0
2011-12-12,16392535.0
2011-12-13,16366117.0
2011-12-14,16340928.0
2011-12-15,16321756.0
2011-12-16,16295421.0
2011-12-17,16277483.0
2011-12-18,16251201.0
2011-12-19,16233298.0
2011-12-20,16209451.0
2011-12-21,16188011.0
2011-12-22,16168970.0
2011-12-23,16138064.0
2011-12-24,16115506.0
2011-12-25,16088230.0
2011-12-26,16064540.0
2011-12-27,16038510.0
2011-12-28,16020780.0
2011-12-29,16001884.0
2011-12-30,15978287.0
2011-12-31,15973570.0
2012-01-01,15959427.0
2012-01-02,15945291.0
2012-01-03,15931165.0
2012-01-04,15914695.0
2012-01-05,15899412.0
2012-01-06,15882965.0
2012-01-07,15872399.0
2012-01-08,15859490.0
2012-01-09,15841900.0
2012-01-10,15831352.0
2012-01-11,15826666.0
2012-01-12,15814955.0
2012-01-13,15805590.0
2012-01-14,15795059.0
2012-01-15,15785703.0
2012-01-16,15778688.0
2012-01-17,15765833.0
2012-01-18,15751818.0
2012-01-19,15737811.0
2012-01-20,15731978.0
2012-01-21,15717984.0
2012-01-22,15716818.0
2012-01-23,15707494.0
2012-01-24,15701668.0
2012-01-25,15690022.0
2012-01-26,15683037.0
2012-01-27,15676054.0
2012-01-28,15666747.0
2012-01-29,15660932.0
2012-01-30,15649307.0
2012-01-31,15641172.0
2012-02-01,15636526.0
2012-02-02,15627235.0
2012-02-03,15620270.0
2012-02-04,15616788.0
2012-02-05,15609826.0
2012-02-06,15601706.0
2012-02-07,15595908.0
2012-02-08,15591271.0
2012-02-09,15584317.0
2012-02-10,15573890.0
2012-02-11,15571573.0
2012-02-12,15561152.0
2012-02-13,15556522.0
2012-02-14,15548422.0
2012-02-15,15546108.0
2012-02-16,15540325.0
2012-02-17,15531074.0
2012-02-18,15527606.0
2012-02-19,15517206.0
2012-02-20,15512585.0
2012-02-21,15507966.0
2012-02-22,15497574.0
2012-02-23,15495266.0
2012-02-24,15486035.0
2012-02-25,15476807.0
2012-02-26,15473348.0
2012-02-27,15464126.0
2012-02-28,15458364.0
2012-02-29,15452603.0
2012-03-01,15450300.0
2012-03-02,15446844.0
2012-03-03,15443390.0
2012-03-04,15443390.0
2012-03-05,15437633.0
2012-03-06,15430728.0
2012-03-07,15429577.0
2012-03-08,15421523.0
2012-03-09,15419223.0
2012-03-10,15416923.0
2012-03-11,15415773.0
2012-03-12,15413473.0
2012-03-13,15410024.0
2012-03-14,15410024.0
2012-03-15,15411173.0
2012-03-16,15412323.0
2012-03-17,15415773.0
2012-03-18,15419223.0
2012-03-19,15419223.0
2012-03-20,15422674.0
2012-03-21,15426125.0
2012-03-22,15428426.0
2012-03-23,15430728.0
2012-03-24,15436482.0
2012-03-25,15441087.0
2012-03-26,15441087.0
2012-03-27,15443390.0
2012-03-28,15445693.0
2012-03-29,15449148.0
2012-03-30,15453755.0
2012-03-31,15458364.0
2012-04-01,15465278.0
2012-04-02,15467583.0
2012-04-03,15474501.0
2012-04-04,15480267.0
2012-04-05,15487188.0
2012-04-06,15489496.0
2012-04-07,15492958.0
2012-04-08,15501038.0
2012-04-09,15505656.0
2012-04-10,15509120.0
2012-04-11,15519517.0
2012-04-12,15513740.0
2012-04-13,15514896.0
2012-04-14,15511430.0
2012-04-15,15522983.0
2012-04-16,15526451.0
2012-04-17,15525295.0
2012-04-18,15528762.0
2012-04-19,15526451.0
2012-04-20,15527606.0
2012-04-21,15527606.0
2012-04-22,15526451.0
2012-04-23,15518361.0
2012-04-24,15511430.0
2012-04-25,15510564.0
2012-04-26,15509698.0
2012-04-27,15508832.0
2012-04-28,15507966.0
2012-04-29,15506811.0
2012-04-30,15507966.0
2012-05-01,15510275.0
2012-05-02,15514896.0
2012-05-03,15514896.0
2012-05-04,15516051.0
2012-05-05,15528762.0
2012-05-06,15524139.0
2012-05-07,15529918.0
2012-05-08,15519517.0
2012-05-09,15522983.0
2012-05-10,15522983.0
2012-05-11,15522983.0
2012-05-12,15529918.0
2012-05-13,15531074.0
2012-05-14,15534543.0
2012-05-15,15535699.0
2012-05-16,15534543.0
2012-05-17,15528762.0
2012-05-18,15526451.0
2012-05-19,15531074.0
2012-05-20,15533387.0
2012-05-21,15529918.0
2012-05-22,15529918.0
2012-05-23,15533387.0
2012-05-24,15525295.0
2012-05-25,15535699.0
2012-05-26,15538012.0
2012-05-27,15564625.0
2012-05-28,15583158.0
2012-05-29,15598227.0
2012-05-30,15619109.0
2012-05-31,15631880.0
2012-06-01,15638849.0
2012-06-02,15635364.0
2012-06-03,15640011.0
2012-06-04,15634203.0
2012-06-05,15626074.0
2012-06-06,15619109.0
2012-06-07,15613307.0
2012-06-08,15601706.0
2012-06-09,15591271.0
2012-06-10,15595908.0
2012-06-11,15581999.0
2012-06-12,15569257.0
2012-06-13,15557679.0
2012-06-14,15546108.0
2012-06-15,15535699.0
2012-06-16,15522983.0
2012-06-17,15512585.0
2012-06-18,15495266.0
2012-06-19,15477960.0
2012-06-20,15462973.0
2012-06-21,15443390.0
2012-06-22,15427276.0
2012-06-23,15413473.0
2012-06-24,15400828.0
2012-06-25,15383597.0
2012-06-26,15364085.0
2012-06-27,15344590.0
2012-06-28,15328549.0
2012-06-29,15309086.0
2012-06-30,15294215.0
2012-07-01,15270214.0
2012-07-02,15246239.0
2012-07-03,15223431.0
2012-07-04,15205202.0
2012-07-05,15184713.0
2012-07-06,15161970.0
2012-07-07,15141522.0
2012-07-08,15122229.0
2012-07-09,15099553.0
2012-07-10,15078033.0
2012-07-11,15056535.0
2012-07-12,15035059.0
2012-07-13,15015862.0
2012-07-14,14997811.0
2012-07-15,14979775.0
2012-07-16,14964006.0
2012-07-17,14943749.0
2012-07-18,14923512.0
2012-07-19,14906663.0
2012-07-20,14884219.0
2012-07-21,14866841.0
2012-07-22,14849478.0
2012-07-23,14828214.0
2012-07-24,14804737.0
2012-07-25,14786868.0
2012-07-26,14766784.0
2012-07-27,14751176.0
2012-07-28,14732240.0
2012-07-29,14716103.0
2012-07-30,14699978.0
2012-07-31,14679979.0
2012-08-01,14659999.0
2012-08-02,14643365.0
2012-08-03,14622314.0
2012-08-04,14609030.0
2012-08-05,14592437.0
2012-08-06,14572544.0
2012-08-07,14553774.0
2012-08-08,14536124.0
2012-08-09,14518489.0
2012-08-10,14498669.0
2012-08-11,14478869.0
2012-08-12,14463482.0
2012-08-13,14441521.0
2012-08-14,14430550.0
2012-08-15,14408626.0
2012-08-16,14388915.0
2012-08-17,14369223.0
2012-08-18,14350644.0
2012-08-19,14333173.0
2012-08-20,14312447.0
2012-08-21,14295556.0
2012-08-22,14278678.0
2012-08-23,14262359.0
2012-08-24,14248770.0
2012-08-25,14235191.0
2012-08-26,14218366.0
2012-08-27,14201555.0
2012-08-28,14184218.0
2012-08-29,14172307.0
2012-08-30,14158240.0
2012-08-31,14150670.0
2012-09-01,14143103.0
2012-09-02,14134729.0
2012-09-03,14126358.0
2012-09-04,14117991.0
2012-09-05,14109627.0
2012-09-06,14100998.0
2012-09-07,14091294.0
2012-09-08,14084828.0
2012-09-09,14077286.0
2012-09-10,14069748.0
2012-09-11,14062213.0
2012-09-12,14060060.0
2012-09-13,14054680.0
2012-09-14,14048226.0
2012-09-15,14040700.0
2012-09-16,14033176.0
2012-09-17,14026729.0
2012-09-18,14019211.0
2012-09-19,14011695.0
2012-09-20,14005256.0
2012-09-21,13996673.0
2012-09-22,13989167.0
2012-09-23,13981663.0
2012-09-24,13974698.0
2012-09-25,13967736.0
2012-09-26,13960241.0
2012-09-27,13951679.0
2012-09-28,13943121.0
2012-09-29,13935636.0
2012-09-30,13929222.0
2012-10-01,13920674.0
2012-10-02,13913198.0
2012-10-03,13904123.0
2012-10-04,13895053.0
2012-10-05,13890786.0
2012-10-06,13883322.0
2012-10-07,13873729.0
2012-10-08,13864141.0
2012-10-09,13856687.0
2012-10-10,13848172.0
2012-10-11,13845689.0
2012-10-12,13843207.0
2012-10-13,13840725.0
2012-10-14,13833280.0
2012-10-15,13824776.0
2012-10-16,13815213.0
2012-10-17,13806717.0
2012-10-18,13803532.0
2012-10-19,13798225.0
2012-10-20,13787615.0
2012-10-21,13782312.0
2012-10-22,13773831.0
2012-10-23,13767473.0
2012-10-24,13760057.0
2012-10-25,13752645.0
2012-10-26,13743118.0
2012-10-27,13734653.0
2012-10-28,13727250.0
2012-10-29,13719848.0
2012-10-30,13712450.0
2012-10-31,13706110.0
2012-11-01,13697660.0
2012-11-02,13692381.0
2012-11-03,13686047.0
2012-11-04,13679716.0
2012-11-05,13674441.0
2012-11-06,13667058.0
2012-11-07,13661786.0
2012-11-08,13651246.0
2012-11-09,13649139.0
2012-11-10,13637553.0
2012-11-11,13630183.0
2012-11-12,13625973.0
2012-11-13,13614399.0
2012-11-14,13608089.0
2012-11-15,13600729.0
2012-11-16,13596525.0
2012-11-17,13586018.0
2012-11-18,13578666.0
2012-11-19,13530419.0
2012-11-20,13454082.0
2012-11-21,13383226.0
2012-11-22,13325057.0
2012-11-23,13294998.0
2012-11-24,13289820.0
2012-11-25,13282573.0
2012-11-26,13277399.0
2012-11-27,13269122.0
2012-11-28,13261882.0
2012-11-29,13251544.0
2012-11-30,13250511.0
2012-12-01,13230884.0
2012-12-02,13213340.0
2012-12-03,13201996.0
2012-12-04,13187568.0
2012-12-05,13171090.0
2012-12-06,13157713.0
2012-12-07,13141260.0
2012-12-08,13123794.0
2012-12-09,13106343.0
2012-12-10,13085831.0
2012-12-11,13068414.0
2012-12-12,13048965.0
2012-12-13,13036691.0
2012-12-14,13020338.0
2012-12-15,12998894.0
2012-12-16,12982572.0
2012-12-17,12968302.0
2012-12-18,12950987.0
2012-12-19,12939791.0
2012-12-20,12927585.0
2012-12-21,12908274.0
2012-12-22,12887968.0
2012-12-23,12871738.0
2012-12-24,12850456.0
2012-12-25,12831222.0
2012-12-26,12809479.0
2012-12-27,12787761.0
2012-12-28,12770605.0
2012-12-29,12751450.0
2012-12-30,12733320.0
2012-12-31,12712525.0
2013-01-01,12692088.0
2013-01-02,12671004.0
2013-01-03,12651947.0
2013-01-04,12630907.0
2013-01-05,12615892.0
2013-01-06,12597891.0
2013-01-07,12577909.0
2013-01-08,12556950.0
2013-01-09,12536015.0
2013-01-10,12515104.0
2013-01-11,12494215.0
2013-01-12,12478315.0
2013-01-13,12460445.0
2013-01-14,12442591.0
2013-01-15,12424754.0
2013-01-16,12406935.0
2013-01-17,12388144.0
2013-01-18,12370359.0
2013-01-19,12352592.0
2013-01-20,12334842.0
2013-01-21,12316124.0
2013-01-22,12301360.0
2013-01-23,12281693.0
2013-01-24,12265975.0
2013-01-25,12249289.0
2013-01-26,12238501.0
2013-01-27,12224779.0
2013-01-28,12212047.0
2013-01-29,12198345.0
2013-01-30,12189542.0
2013-01-31,12176834.0
2013-02-01,12169995.0
2013-02-02,12162183.0
2013-02-03,12158278.0
2013-02-04,12147543.0
2013-02-05,12135840.0
2013-02-06,12125118.0
2013-02-07,12114404.0
2013-02-08,12103695.0
2013-02-09,12092993.0
2013-02-10,12085213.0
2013-02-11,12073551.0
2013-02-12,12063838.0
2013-02-13,12051218.0
2013-02-14,12042487.0
2013-02-15,12031821.0
2013-02-16,12023100.0
2013-02-17,12011477.0
2013-02-18,12002282.0
2013-02-19,11993091.0
2013-02-20,11978589.0
2013-02-21,11966996.0
2013-02-22,11958306.0
2013-02-23,11950585.0
2013-02-24,11940939.0
2013-02-25,11926479.0
2013-02-26,11914920.0
2013-02-27,11902407.0
2013-02-28,11890863.0
2013-03-01,11882211.0
2013-03-02,11873563.0
2013-03-03,11868760.0
2013-03-04,11858199.0
2013-03-05,11851481.0
2013-03-06,11838054.0
2013-03-07,11827511.0
2013-03-08,11819848.0
2013-03-09,11817454.0
2013-03-10,11815060.0
2013-03-11,11808359.0
2013-03-12,11798791.0
2013-03-13,11791140.0
2013-03-14,11780626.0
2013-03-15,11769163.0
2013-03-16,11764389.0
2013-03-17,11761525.0
2013-03-18,11751029.0
2013-03-19,11747214.0
2013-03-20,11738632.0
2013-03-21,11740539.0
2013-03-22,11732437.0
2013-03-23,11724338.0
2013-03-24,11715767.0
2013-03-25,11705297.0
2013-03-26,11694832.0
2013-03-27,11682473.0
2013-03-28,11673921.0
2013-03-29,11663474.0
2013-03-30,11657778.0
2013-03-31,11651135.0
2013-04-01,11642598.0
2013-04-02,11629325.0
2013-04-03,11621745.0
2013-04-04,11610381.0
2013-04-05,11603755.0
2013-04-06,11595240.0
2013-04-07,11587674.0
2013-04-08,11584837.0
2013-04-09,11575386.0
2013-04-10,11563578.0
2013-04-11,11551778.0
2013-04-12,11544229.0
2013-04-13,11539513.0
2013-04-14,11536684.0
2013-04-15,11534799.0
2013-04-16,11522546.0
2013-04-17,11515010.0
2013-04-18,11504653.0
2013-04-19,11496183.0
2013-04-20,11490539.0
2013-04-21,11488658.0
2013-04-22,11482076.0
2013-04-23,11475496.0
2013-04-24,11465162.0
2013-04-25,11455772.0
2013-04-26,11448263.0
2013-04-27,11441696.0
2013-04-28,11436069.0
2013-04-29,11432318.0
2013-04-30,11422008.0
2013-05-01,11406086.0
2013-05-02,11395791.0
2013-05-03,11391113.0
2013-05-04,11389243.0
2013-05-05,11392984.0
2013-05-06,11386437.0
2013-05-07,11378957.0
2013-05-08,11376153.0
2013-05-09,11379892.0
2013-05-10,11380827.0
2013-05-11,11381762.0
2013-05-12,11385502.0
2013-05-13,11384567.0
2013-05-14,11383632.0
2013-05-15,11384567.0
2013-05-16,11385502.0
2013-05-17,11393920.0
2013-05-18,11415450.0
2013-05-19,11433256.0
2013-05-20,11460466.0
2013-05-21,11488658.0
2013-05-22,11512185.0
2013-05-23,11527258.0
2013-05-24,11549890.0
2013-05-25,11567828.0
2013-05-26,11582947.0
2013-05-27,11603755.0
2013-05-28,11627430.0
2013-05-29,11651135.0
2013-05-30,11677721.0
2013-05-31,11696734.0
2013-06-01,11710055.0
2013-06-02,11719576.0
2013-06-03,11725291.0
2013-06-04,11730054.0
2013-06-05,11739585.0
2013-06-06,11745306.0
2013-06-07,11751029.0
2013-06-08,11759616.0
2013-06-09,11770118.0
2013-06-10,11784448.0
2013-06-11,11794009.0
2013-06-12,11807402.0
2013-06-13,11818890.0
2013-06-14,11829428.0
2013-06-15,11840931.0
2013-06-16,11852441.0
2013-06-17,11858199.0
2013-06-18,11862999.0
2013-06-19,11862039.0
2013-06-20,11858199.0
2013-06-21,11853400.0
2013-06-22,11847644.0
2013-06-23,11839972.0
2013-06-24,11830386.0
2013-06-25,11818890.0
2013-06-26,11808359.0
2013-06-27,11797834.0
2013-06-28,11786360.0
2013-06-29,11774893.0
2013-06-30,11756753.0
2013-07-01,11743399.0
2013-07-02,11728149.0
2013-07-03,11711007.0
2013-07-04,11693881.0
2013-07-05,11676771.0
2013-07-06,11660626.0
2013-07-07,11644495.0
2013-07-08,11623640.0
2013-07-09,11602809.0
2013-07-10,11582001.0
2013-07-11,11561217.0
2013-07-12,11539513.0
2013-07-13,11522546.0
2013-07-14,11504653.0
2013-07-15,11487718.0
2013-07-16,11468449.0
2013-07-17,11449202.0
2013-07-18,11430443.0
2013-07-19,11419197.0
2013-07-20,11403746.0
2013-07-21,11388307.0
2013-07-22,11368678.0
2013-07-23,11350936.0
2013-07-24,11335077.0
2013-07-25,11313642.0
2013-07-26,11294715.0
2013-07-27,11275807.0
2013-07-28,11256919.0
2013-07-29,11237434.0
2013-07-30,11217969.0
2013-07-31,11202228.0
2013-08-01,11191125.0
2013-08-02,11174484.0
2013-08-03,11164322.0
2013-08-04,11150013.0
2013-08-05,11135715.0
2013-08-06,11116363.0
2013-08-07,11106235.0
2013-08-08,11087835.0
2013-08-09,11071292.0
2013-08-10,11062108.0
2013-08-11,11051094.0
2013-08-12,11037336.0
2013-08-13,11015346.0
2013-08-14,10999786.0
2013-08-15,10984241.0
2013-08-16,10965057.0
2013-08-17,10953192.0
2013-08-18,10938601.0
2013-08-19,10919468.0
2013-08-20,10898538.0
2013-08-21,10880359.0
2013-08-22,10862199.0
2013-08-23,10848289.0
2013-08-24,10830466.0
2013-08-25,10820505.0
2013-08-26,10815074.0
2013-08-27,10821410.0
2013-08-28,10815074.0
2013-08-29,10805122.0
2013-08-30,10793369.0
2013-08-31,10787947.0
2013-09-01,10786140.0
2013-09-02,10784333.0
2013-09-03,10775302.0
2013-09-04,10763569.0
2013-09-05,10755452.0
2013-09-06,10747338.0
2013-09-07,10739228.0
2013-09-08,10749140.0
2013-09-09,10756353.0
2013-09-10,10785236.0
2013-09-11,10814169.0
2013-09-12,10842245.0
2013-09-13,10849499.0
2013-09-14,10874001.0
2013-09-15,10900357.0
2013-09-16,10912185.0
2013-09-17,10923111.0
2013-09-18,10927665.0
2013-09-19,10928576.0
2013-09-20,10929487.0
2013-09-21,10929487.0
2013-09-22,10929487.0
2013-09-23,10929487.0
2013-09-24,10931310.0
2013-09-25,10945895.0
2013-09-26,10944983.0
2013-09-27,10945895.0
2013-09-28,10943159.0
2013-09-29,10940424.0
2013-09-30,10934043.0
2013-10-01,10934043.0
2013-10-02,10934043.0
2013-10-03,10935866.0
2013-10-04,10933132.0
2013-10-05,10928576.0
2013-10-06,10925843.0
2013-10-07,10924022.0
2013-10-08,10919468.0
2013-10-09,10916737.0
2013-10-10,10917647.0
2013-10-11,10913095.0
2013-10-12,10916737.0
2013-10-13,10917647.0
2013-10-14,10924932.0
2013-10-15,10921289.0
2013-10-16,10918558.0
2013-10-17,10923111.0
2013-10-18,10920379.0
2013-10-19,10919468.0
2013-10-20,10918558.0
2013-10-21,10917647.0
2013-10-22,10916737.0
2013-10-23,10914916.0
2013-10-24,10914916.0
2013-10-25,10911275.0
2013-10-26,10910365.0
2013-10-27,10910365.0
2013-10-28,10910365.0
2013-10-29,10903996.0
2013-10-30,10904905.0
2013-10-31,10900357.0
2013-11-01,10898538.0
2013-11-02,10901267.0
2013-11-03,10907635.0
2013-11-04,10905815.0
2013-11-05,10899447.0
2013-11-06,10896719.0
2013-11-07,10895810.0
2013-11-08,10893082.0
2013-11-09,10893991.0
2013-11-10,10893082.0
2013-11-11,10869460.0
2013-11-12,10809645.0
2013-11-13,10746436.0
2013-11-14,10684812.0
2013-11-15,10623416.0
2013-11-16,10607321.0
2013-11-17,10606427.0
2013-11-18,10605534.0
2013-11-19,10601959.0
2013-11-20,10601066.0
2013-11-21,10606427.0
2013-11-22,10616261.0
2013-11-23,10623416.0
2013-11-24,10627890.0
2013-11-25,10632365.0
2013-11-26,10634155.0
2013-11-27,10635946.0
2013-11-28,10635946.0
2013-11-29,10634155.0
2013-11-30,10631470.0
2013-12-01,10623416.0
2013-12-02,10612684.0
2013-12-03,10601959.0
2013-12-04,10595706.0
2013-12-05,10589456.0
2013-12-06,10582315.0
2013-12-07,10572502.0
2013-12-08,10568043.0
2013-12-09,10554674.0
2013-12-10,10543097.0
2013-12-11,10526191.0
2013-12-12,10509302.0
2013-12-13,10492431.0
2013-12-14,10479125.0
2013-12-15,10467601.0
2013-12-16,10453429.0
2013-12-17,10441039.0
2013-12-18,10429543.0
2013-12-19,10418054.0
2013-12-20,10410106.0
2013-12-21,10403926.0
2013-12-22,10398631.0
2013-12-23,10390692.0
2013-12-24,10382757.0
2013-12-25,10375707.0
2013-12-26,10368660.0
2013-12-27,10358095.0
2013-12-28,10353696.0
2013-12-29,10344020.0
2013-12-30,10331714.0
2013-12-31,10323809.0
2014-01-01,10307132.0
2014-01-02,10290472.0
2014-01-03,10272079.0
2014-01-04,10255457.0
2014-01-05,10244094.0
2014-01-06,10226628.0
2014-01-07,10209181.0
2014-01-08,10190884.0
2014-01-09,10171738.0
2014-01-10,10153484.0
2014-01-11,10136987.0
2014-01-12,10124842.0
2014-01-13,10106644.0
2014-01-14,10092792.0
2014-01-15,10078089.0
2014-01-16,10059945.0
2014-01-17,10047861.0
2014-01-18,10031477.0
2014-01-19,10018554.0
2014-01-20,10003922.0
2014-01-21,9987585.0
2014-01-22,9970407.0
2014-01-23,9957536.0
2014-01-24,9938678.0
2014-01-25,9924123.0
2014-01-26,9907871.0
2014-01-27,9894200.0
2014-01-28,9877127.0
2014-01-29,9860074.0
2014-01-30,9843040.0
2014-01-31,9827727.0
2014-02-01,9819226.0
2014-02-02,9809031.0
2014-02-03,9797146.0
2014-02-04,9788663.0
2014-02-05,9776794.0
2014-02-06,9764935.0
2014-02-07,9754778.0
2014-02-08,9741245.0
2014-02-09,9734484.0
2014-02-10,9727726.0
2014-02-11,9715906.0
2014-02-12,9702409.0
2014-02-13,9693980.0
2014-02-14,9683871.0
2014-02-15,9675453.0
2014-02-16,9669563.0
2014-02-17,9658630.0
2014-02-18,9649386.0
2014-02-19,9640148.0
2014-02-20,9630076.0
2014-02-21,9621689.0
2014-02-22,9614144.0
2014-02-23,9606604.0
2014-02-24,9598230.0
2014-02-25,9587351.0
2014-02-26,9578152.0
2014-02-27,9571466.0
2014-02-28,9563112.0
2014-03-01,9566453.0
2014-03-02,9563112.0
2014-03-03,9563112.0
2014-03-04,9563947.0
2014-03-05,9563947.0
2014-03-06,9561442.0
2014-03-07,9563112.0
2014-03-08,9561442.0
2014-03-09,9561442.0
2014-03-10,9557267.0
2014-03-11,9559772.0
2014-03-12,9556433.0
2014-03-13,9554763.0
2014-03-14,9551425.0
2014-03-15,9550591.0
2014-03-16,9547254.0
2014-03-17,9545585.0
2014-03-18,9542249.0
2014-03-19,9538080.0
2014-03-20,9535579.0
2014-03-21,9533913.0
2014-03-22,9533079.0
2014-03-23,9530579.0
2014-03-24,9525581.0
2014-03-25,9521417.0
2014-03-26,9513924.0
2014-03-27,9509764.0
2014-03-28,9508932.0
2014-03-29,9504772.0
2014-03-30,9501030.0
2014-03-31,9497289.0
2014-04-01,9496458.0
2014-04-02,9487317.0
2014-04-03,9483164.0
2014-04-04,9480673.0
2014-04-05,9479012.0
2014-04-06,9475692.0
2014-04-07,9472372.0
2014-04-08,9467394.0
2014-04-09,9459930.0
2014-04-10,9459930.0
2014-04-11,9454956.0
2014-04-12,9451641.0
2014-04-13,9457443.0
2014-04-14,9460759.0
2014-04-15,9464905.0
2014-04-16,9477352.0
2014-04-17,9486486.0
2014-04-18,9490640.0
2014-04-19,9498951.0
2014-04-20,9511428.0
2014-04-21,9521417.0
2014-04-22,9530579.0
2014-04-23,9552260.0
2014-04-24,9569795.0
2014-04-25,9594882.0
2014-04-26,9620850.0
2014-04-27,9644346.0
2014-04-28,9672928.0
2014-04-29,9703252.0
2014-04-30,9731949.0
2014-05-01,9755624.0
2014-05-02,9780184.0
2014-05-03,9801390.0
2014-05-04,9823476.0
2014-05-05,9837083.0
2014-05-06,9848149.0
2014-05-07,9860926.0
2014-05-08,9883100.0
2014-05-09,9907017.0
2014-05-10,9938678.0
2014-05-11,9971265.0
2014-05-12,10010806.0
2014-05-13,10040960.0
2014-05-14,10074631.0
2014-05-15,10104045.0
2014-05-16,10130046.0
2014-05-17,10155221.0
2014-05-18,10178697.0
2014-05-19,10198723.0
2014-05-20,10213541.0
2014-05-21,10230119.0
2014-05-22,10251085.0
2014-05-23,10288720.0
2014-05-24,10328200.0
2014-05-25,10380994.0
2014-05-26,10430427.0
2014-05-27,10487107.0
2014-05-28,10553783.0
2014-05-29,10612684.0
2014-05-30,10684363.0
2014-05-31,10764472.0
2014-06-01,10850405.0
2014-06-02,10937689.0
2014-06-03,11028170.0
2014-06-04,11123733.0
2014-06-05,11220749.0
2014-06-06,11315505.0
2014-06-07,11414514.0
2014-06-08,11509360.0
2014-06-09,11600916.0
2014-06-10,11685324.0
2014-06-11,11764389.0
2014-06-12,11840931.0
2014-06-13,11912995.0
2014-06-14,11986322.0
2014-06-15,12047337.0
2014-06-16,12106615.0
2014-06-17,12168042.0
2014-06-18,12220860.0
2014-06-19,12274815.0
2014-06-20,12322032.0
2014-06-21,12373322.0
2014-06-22,12414852.0
2014-06-23,12455484.0
2014-06-24,12489245.0
2014-06-25,12522072.0
2014-06-26,12553958.0
2014-06-27,12580905.0
2014-06-28,12602889.0
2014-06-29,12626902.0
2014-06-30,12648940.0
2014-07-01,12655957.0
2014-07-02,12663981.0
2014-07-03,12675018.0
2014-07-04,12683049.0
2014-07-05,12685057.0
2014-07-06,12687066.0
2014-07-07,12689075.0
2014-07-08,12691083.0
2014-07-09,12695102.0
2014-07-10,12696609.0
2014-07-11,12698116.0
2014-07-12,12695102.0
2014-07-13,12692088.0
2014-07-14,12686062.0
2014-07-15,12677025.0
2014-07-16,12676022.0
2014-07-17,12668997.0
2014-07-18,12661974.0
2014-07-19,12656960.0
2014-07-20,12652950.0
2014-07-21,12646935.0
2014-07-22,12637918.0
2014-07-23,12626902.0
2014-07-24,12616893.0
2014-07-25,12602889.0
2014-07-26,12592394.0
2014-07-27,12581903.0
2014-07-28,12570421.0
2014-07-29,12558945.0
2014-07-30,12546978.0
2014-07-31,12535019.0
2014-08-01,12533525.0
2014-08-02,12532030.0
2014-08-03,12532030.0
2014-08-04,12527050.0
2014-08-05,12519085.0
2014-08-06,12512118.0
2014-08-07,12504159.0
2014-08-08,12498192.0
2014-08-09,12498192.0
2014-08-10,12486264.0
2014-08-11,12474343.0
2014-08-12,12464414.0
2014-08-13,12465407.0
2014-08-14,12458460.0
2014-08-15,12453500.0
2014-08-16,12447549.0
2014-08-17,12440608.0
2014-08-18,12430698.0
2014-08-19,12414852.0
2014-08-20,12409903.0
2014-08-21,12395064.0
2014-08-22,12384190.0
2014-08-23,12374310.0
2014-08-24,12361473.0
2014-08-25,12348646.0
2014-08-26,12340263.0
2014-08-27,12331885.0
2014-08-28,12326958.0
2014-08-29,12320063.0
2014-08-30,12314154.0
2014-08-31,12314154.0
2014-09-01,12316124.0
2014-09-02,12313170.0
2014-09-03,12311201.0
2014-09-04,12307264.0
2014-09-05,12309232.0
2014-09-06,12306280.0
2014-09-07,12305296.0
2014-09-08,12302344.0
2014-09-09,12308740.0
2014-09-10,12315139.0
2014-09-11,12311201.0
2014-09-12,12315139.0
2014-09-13,12317108.0
2014-09-14,12320063.0
2014-09-15,12319078.0
2014-09-16,12314154.0
2014-09-17,12313170.0
2014-09-18,12309232.0
2014-09-19,12305296.0
2014-09-20,12301852.0
2014-09-21,12298408.0
2014-09-22,12290540.0
2014-09-23,12283659.0
2014-09-24,12278745.0
2014-09-25,12275797.0
2014-09-26,12270885.0
2014-09-27,12272850.0
2014-09-28,12274815.0
2014-09-29,12277762.0
2014-09-30,12285625.0
2014-10-01,12298408.0
2014-10-02,12307264.0
2014-10-03,12319078.0
2014-10-04,12328929.0
2014-10-05,12335827.0
2014-10-06,12339770.0
2014-10-07,12341742.0
2014-10-08,12341742.0
2014-10-09,12342728.0
2014-10-10,12341742.0
2014-10-11,12340756.0
2014-10-12,12340756.0
2014-10-13,12343715.0
2014-10-14,12343715.0
2014-10-15,12341742.0
2014-10-16,12339770.0
2014-10-17,12337799.0
2014-10-18,12338785.0
2014-10-19,12340756.0
2014-10-20,12336813.0
2014-10-21,12332870.0
2014-10-22,12328929.0
2014-10-23,12324988.0
2014-10-24,12321048.0
2014-10-25,12317108.0
2014-10-26,12315139.0
2014-10-27,12313170.0
2014-10-28,12307264.0
2014-10-29,12301360.0
2014-10-30,12296441.0
2014-10-31,12289557.0
2014-11-01,12286608.0
2014-11-02,12286608.0
2014-11-03,12284642.0
2014-11-04,12280710.0
2014-11-05,12279728.0
2014-11-06,12277762.0
2014-11-07,12276780.0
2014-11-08,12274815.0
2014-11-09,12266957.0
2014-11-10,12243404.0
2014-11-11,12183350.0
2014-11-12,12123495.0
2014-11-13,12063838.0
2014-11-14,12000830.0
2014-11-15,11984066.0
2014-11-16,11981488.0
2014-11-17,11976656.0
2014-11-18,11971825.0
2014-11-19,11968927.0
2014-11-20,11966996.0
2014-11-21,11961202.0
2014-11-22,11954445.0
2014-11-23,11950585.0
2014-11-24,11946726.0
2014-11-25,11940939.0
2014-11-26,11939010.0
2014-11-27,11937082.0
2014-11-28,11934190.0
2014-11-29,11931298.0
2014-11-30,11929370.0
2014-12-01,11916846.0
2014-12-02,11902407.0
2014-12-03,11890863.0
2014-12-04,11875484.0
2014-12-05,11861079.0
2014-12-06,11847644.0
2014-12-07,11839972.0
2014-12-08,11827511.0
2014-12-09,11813145.0
2014-12-10,11799748.0
2014-12-11,11788272.0
2014-12-12,11768208.0
2014-12-13,11761525.0
2014-12-14,11750075.0
2014-12-15,11738632.0
2014-12-16,11725291.0
2014-12-17,11711007.0
2014-12-18,11698637.0
2014-12-19,11686275.0
2014-12-20,11670121.0
2014-12-21,11660626.0
2014-12-22,11649238.0
2014-12-23,11637857.0
2014-12-24,11621745.0
2014-12-25,11616062.0
2014-12-26,11599970.0
2014-12-27,11584837.0
2014-12-28,11572551.0
2014-12-29,11564050.0
2014-12-30,11553665.0
2014-12-31,11536684.0
2015-01-01,11522546.0
2015-01-02,11504653.0
2015-01-03,11487247.0
2015-01-04,11469859.0
2015-01-05,11450140.0
2015-01-06,11430443.0
2015-01-07,11411704.0
2015-01-08,11395791.0
2015-01-09,11378957.0
2015-01-10,11368678.0
2015-01-11,11362139.0
2015-01-12,11352803.0
2015-01-13,11345337.0
2015-01-14,11337874.0
2015-01-15,11326686.0
2015-01-16,11316437.0
2015-01-17,11307124.0
2015-01-18,11298747.0
2015-01-19,11288513.0
2015-01-20,11271780.0
2015-01-21,11261562.0
2015-01-22,11244854.0
2015-01-23,11230943.0
2015-01-24,11221675.0
2015-01-25,11210560.0
2015-01-26,11201303.0
2015-01-27,11186501.0
2015-01-28,11173560.0
2015-01-29,11160628.0
2015-01-30,11153704.0
2015-01-31,11146783.0
2015-02-01,11145861.0
2015-02-02,11140326.0
2015-02-03,11136638.0
2015-02-04,11132950.0
2015-02-05,11128341.0
2015-02-06,11122812.0
2015-02-07,11120969.0
2015-02-08,11120969.0
2015-02-09,11116363.0
2015-02-10,11114521.0
2015-02-11,11106235.0
2015-02-12,11099793.0
2015-02-13,11092433.0
2015-02-14,11087835.0
2015-02-15,11086916.0
2015-02-16,11074048.0
2015-02-17,11068536.0
2015-02-18,11063944.0
2015-02-19,11055682.0
2015-02-20,11051094.0
2015-02-21,11052011.0
2015-02-22,11054764.0
2015-02-23,11045589.0
2015-02-24,11039169.0
2015-02-25,11036419.0
2015-02-26,11032752.0
2015-02-27,11026337.0
2015-02-28,11023589.0
2015-03-01,11025879.0
2015-03-02,11028170.0
2015-03-03,11028170.0
2015-03-04,11028170.0
2015-03-05,11023589.0
2015-03-06,11019925.0
2015-03-07,11015346.0
2015-03-08,11012599.0
2015-03-09,11004819.0
2015-03-10,10997042.0
2015-03-11,10993384.0
2015-03-12,10991555.0
2015-03-13,10989726.0
2015-03-14,10984789.0
2015-03-15,10979854.0
2015-03-16,10974920.0
2015-03-17,10969988.0
2015-03-18,10961132.0
2015-03-19,10952280.0
2015-03-20,10947719.0
2015-03-21,10942248.0
2015-03-22,10940424.0
2015-03-23,10934043.0
2015-03-24,10932221.0
2015-03-25,10929487.0
2015-03-26,10924022.0
2015-03-27,10921289.0
2015-03-28,10920379.0
2015-03-29,10919468.0
2015-03-30,10916737.0
2015-03-31,10913095.0
2015-04-01,10907635.0
2015-04-02,10908545.0
2015-04-03,10907635.0
2015-04-04,10906725.0
2015-04-05,10906725.0
2015-04-06,10906725.0
2015-04-07,10905815.0
2015-04-08,10906270.0
2015-04-09,10906725.0
2015-04-10,10906725.0
2015-04-11,10901267.0
2015-04-12,10899902.0
2015-04-13,10898538.0
2015-04-14,10893537.0
2015-04-15,10888537.0
2015-04-16,10880359.0
2015-04-17,10879904.0
2015-04-18,10879450.0
2015-04-19,10874001.0
2015-04-20,10868553.0
2015-04-21,10864014.0
2015-04-22,10863106.0
2015-04-23,10858569.0
2015-04-24,10858569.0
2015-04-25,10858569.0
2015-04-26,10854033.0
2015-04-27,10850405.0
2015-04-28,10845872.0
2015-04-29,10840433.0
2015-04-30,10836808.0
2015-05-01,10828654.0
2015-05-02,10825937.0
2015-05-03,10823221.0
2015-05-04,10815074.0
2015-05-05,10806931.0
2015-05-06,10806931.0
2015-05-07,10804218.0
2015-05-08,10812360.0
2015-05-09,10831372.0
2015-05-10,10855847.0
2015-05-11,10874909.0
2015-05-12,10893082.0
2015-05-13,10918558.0
2015-05-14,10944983.0
2015-05-15,10969623.0
2015-05-16,10993384.0
2015-05-17,11019009.0
2015-05-18,11040086.0
2015-05-19,11063944.0
2015-05-20,11093353.0
2015-05-21,11120048.0
2015-05-22,11159705.0
2015-05-23,11192050.0
2015-05-24,11230016.0
2015-05-25,11271780.0
2015-05-26,11306193.0
2015-05-27,11349069.0
2015-05-28,11380827.0
2015-05-29,11414514.0
2015-05-30,11452956.0
2015-05-31,11491480.0
2015-06-01,11520662.0
2015-06-02,11552721.0
2015-06-03,11585783.0
2015-06-04,11619851.0
2015-06-05,11682473.0
2015-06-06,11754845.0
2015-06-07,11823679.0
2015-06-08,11886056.0
2015-06-09,11948655.0
2015-06-10,12016319.0
2015-06-11,12079381.0
2015-06-12,12146567.0
2015-06-13,12217922.0
2015-06-14,12292507.0
2015-06-15,12363448.0
2015-06-16,12423764.0
2015-06-17,12482289.0
2015-06-18,12538008.0
2015-06-19,12597891.0
2015-06-20,12660971.0
2015-06-21,12720237.0
2015-06-22,12778677.0
2015-06-23,12836281.0
2015-06-24,12891013.0
2015-06-25,12934705.0
2015-06-26,12975436.0
2015-06-27,13017273.0
2015-06-28,13044873.0
2015-06-29,13066365.0
2015-06-30,13089932.0
2015-07-01,13094033.0
2015-07-02,13104291.0
2015-07-03,13108395.0
2015-07-04,13116606.0
2015-07-05,13121740.0
2015-07-06,13125848.0
2015-07-07,13128929.0
2015-07-08,13136635.0
2015-07-09,13144344.0
2015-07-10,13149485.0
2015-07-11,13154627.0
2015-07-12,13162857.0
2015-07-13,13166459.0
2015-07-14,13170061.0
2015-07-15,13168002.0
2015-07-16,13165944.0
2015-07-17,13162857.0
2015-07-18,13157713.0
2015-07-19,13155655.0
2015-07-20,13148456.0
2015-07-21,13141260.0
2015-07-22,13130984.0
2015-07-23,13119686.0
2015-07-24,13109421.0
2015-07-25,13098136.0
2015-07-26,13085831.0
2015-07-27,13070462.0
2015-07-28,13054081.0
2015-07-29,13033624.0
2015-07-30,13014719.0
2015-07-31,12995833.0
2015-08-01,12986652.0
2015-08-02,12983592.0
2015-08-03,12975945.0
2015-08-04,12968302.0
2015-08-05,12959133.0
2015-08-06,12949969.0
2015-08-07,12945388.0
2015-08-08,12940809.0
2015-08-09,12934705.0
2015-08-10,12920469.0
2015-08-11,12916403.0
2015-08-12,12908274.0
2015-08-13,12893043.0
2015-08-14,12879851.0
2015-08-15,12869203.0
2015-08-16,12858561.0
2015-08-17,12844380.0
2015-08-18,12828186.0
2015-08-19,12814028.0
2015-08-20,12796849.0
2015-08-21,12779686.0
2015-08-22,12762538.0
2015-08-23,12749938.0
2015-08-24,12737347.0
2015-08-25,12720740.0
2015-08-26,12704147.0
2015-08-27,12691083.0
2015-08-28,12674014.0
2015-08-29,12660971.0
2015-08-30,12648940.0
2015-08-31,12636916.0
2015-09-01,12628904.0
2015-09-02,12614892.0
2015-09-03,12601890.0
2015-09-04,12590395.0
2015-09-05,12578907.0
2015-09-06,12570920.0
2015-09-07,12562936.0
2015-09-08,12555953.0
2015-09-09,12547975.0
2015-09-10,12538008.0
2015-09-11,12526054.0
2015-09-12,12518090.0
2015-09-13,12508636.0
2015-09-14,12499186.0
2015-09-15,12488251.0
2015-09-16,12477322.0
2015-09-17,12465407.0
2015-09-18,12455484.0
2015-09-19,12445565.0
2015-09-20,12439617.0
2015-09-21,12428717.0
2015-09-22,12416832.0
2015-09-23,12405945.0
2015-09-24,12396053.0
2015-09-25,12385178.0
2015-09-26,12376285.0
2015-09-27,12368384.0
2015-09-28,12355552.0
2015-09-29,12343715.0
2015-09-30,12332870.0
2015-10-01,12323017.0
2015-10-02,12315139.0
2015-10-03,12309232.0
2015-10-04,12304312.0
2015-10-05,12334842.0
2015-10-06,12361473.0
2015-10-07,12362461.0
2015-10-08,12362461.0
2015-10-09,12358512.0
2015-10-10,12355552.0
2015-10-11,12355552.0
2015-10-12,12348646.0
2015-10-13,12342728.0
2015-10-14,12336813.0
2015-10-15,12330899.0
2015-10-16,12324003.0
2015-10-17,12317108.0
2015-10-18,12319078.0
2015-10-19,12333856.0
2015-10-20,12346673.0
2015-10-21,12349632.0
2015-10-22,12362461.0
2015-10-23,12368384.0
2015-10-24,12377273.0
2015-10-25,12383202.0
2015-10-26,12383202.0
2015-10-27,12386167.0
2015-10-28,12383202.0
2015-10-29,12379249.0
2015-10-30,12375298.0
2015-10-31,12375298.0
2015-11-01,12372334.0
2015-11-02,12368384.0
2015-11-03,12368384.0
2015-11-04,12368384.0
2015-11-05,12368384.0
2015-11-06,12369372.0
2015-11-07,12367397.0
2015-11-08,12366409.0
2015-11-09,12358512.0
2015-11-10,12353578.0
2015-11-11,12353578.0
2015-11-12,12351605.0
2015-11-13,12348646.0
2015-11-14,12346673.0
2015-11-15,12347659.0
2015-11-16,12336813.0
2015-11-17,12337799.0
2015-11-18,12335827.0
2015-11-19,12330899.0
2015-11-20,12329914.0
2015-11-21,12326958.0
2015-11-22,12324988.0
2015-11-23,12319078.0
2015-11-24,12309232.0
2015-11-25,12306280.0
2015-11-26,12303328.0
2015-11-27,12293491.0
2015-11-28,12286608.0
2015-11-29,12284642.0
2015-11-30,12279728.0
2015-12-01,12266957.0
2015-12-02,12254195.0
2015-12-03,12240462.0
2015-12-04,12223799.0
2015-12-05,12210089.0
2015-12-06,12201280.0
2015-12-07,12182698.0
2015-12-08,12166089.0
2015-12-09,12146567.0
2015-12-10,12133890.0
2015-12-11,12117325.0
2015-12-12,12101749.0
2015-12-13,12091048.0
2015-12-14,12075980.0
2015-12-15,12060925.0
2015-12-16,12045397.0
2015-12-17,12030852.0
2015-12-18,12021162.0
2015-12-19,12006637.0
2015-12-20,11993091.0
2015-12-21,11976656.0
2015-12-22,11963133.0
2015-12-23,11947208.0
2015-12-24,11931298.0
2015-12-25,11917809.0
2015-12-26,11909144.0
2015-12-27,11895672.0
2015-12-28,11880289.0
2015-12-29,11862359.0
2015-12-30,11844447.0
2015-12-31,11826553.0
2016-01-01,11812188.0
2016-01-02,11794965.0
2016-01-03,11780626.0
2016-01-04,11759616.0
2016-01-05,11743399.0
2016-01-06,11727196.0
2016-01-07,11714815.0
2016-01-08,11702442.0
2016-01-09,11693881.0
2016-01-10,11688176.0
2016-01-11,11674871.0
2016-01-12,11660626.0
2016-01-13,11647340.0
2016-01-14,11631221.0
2016-01-15,11617009.0
2016-01-16,11602809.0
2016-01-17,11597132.0
2016-01-18,11584837.0
2016-01-19,11570662.0
2016-01-20,11554609.0
2016-01-21,11539513.0
2016-01-22,11527258.0
2016-01-23,11514068.0
2016-01-24,11505594.0
2016-01-25,11492420.0
2016-01-26,11477376.0
2016-01-27,11464223.0
2016-01-28,11449202.0
2016-01-29,11432318.0
2016-01-30,11429506.0
2016-01-31,11426694.0
2016-02-01,11412640.0
2016-02-02,11405150.0
2016-02-03,11398598.0
2016-02-04,11392049.0
2016-02-05,11384567.0
2016-02-06,11377088.0
2016-02-07,11371481.0
2016-02-08,11361205.0
2016-02-09,11350936.0
2016-02-10,11340672.0
2016-02-11,11331347.0
2016-02-12,11322027.0
2016-02-13,11316437.0
2016-02-14,11313642.0
2016-02-15,11304331.0
2016-02-16,11297816.0
2016-02-17,11289443.0
2016-02-18,11280145.0
2016-02-19,11268993.0
2016-02-20,11267135.0
2016-02-21,11265277.0
2016-02-22,11255991.0
2016-02-23,11249494.0
2016-02-24,11244854.0
2016-02-25,11240216.0
2016-02-26,11235579.0
2016-02-27,11229089.0
2016-02-28,11230943.0
2016-02-29,11224455.0
2016-03-01,11219822.0
2016-03-02,11217043.0
2016-03-03,11211486.0
2016-03-04,11208708.0
2016-03-05,11200377.0
2016-03-06,11198526.0
2016-03-07,11196676.0
2016-03-08,11190200.0
2016-03-09,11182803.0
2016-03-10,11174484.0
2016-03-11,11168940.0
2016-03-12,11164322.0
2016-03-13,11160628.0
2016-03-14,11156012.0
2016-03-15,11145861.0
2016-03-16,11136638.0
2016-03-17,11130184.0
2016-03-18,11122812.0
2016-03-19,11115442.0
2016-03-20,11110838.0
2016-03-21,11101633.0
2016-03-22,11090594.0
2016-03-23,11081400.0
2016-03-24,11071292.0
2016-03-25,11065781.0
2016-03-26,11052929.0
2016-03-27,11050176.0
2016-03-28,11036419.0
2016-03-29,11034585.0
2016-03-30,11021757.0
2016-03-31,11019009.0
2016-04-01,11007107.0
2016-04-02,11000701.0
2016-04-03,10994298.0
2016-04-04,10985155.0
2016-04-05,10973276.0
2016-04-06,10965057.0
2016-04-07,10955930.0
2016-04-08,10946807.0
2016-04-09,10942248.0
2016-04-10,10940424.0
2016-04-11,10934043.0
2016-04-12,10929487.0
2016-04-13,10929487.0
2016-04-14,10928576.0
2016-04-15,10924022.0
2016-04-16,10930398.0
2016-04-17,10931310.0
2016-04-18,10934955.0
2016-04-19,10943159.0
2016-04-20,10951368.0
2016-04-21,10958667.0
2016-04-22,10966883.0
2016-04-23,10972363.0
2016-04-24,10976017.0
2016-04-25,10977844.0
2016-04-26,10976017.0
2016-04-27,10983327.0
2016-04-28,10985155.0
2016-04-29,10997042.0
2016-04-30,11013514.0
2016-05-01,11026337.0
2016-05-02,11036419.0
2016-05-03,11046507.0
2016-05-04,11055682.0
2016-05-05,11055682.0
2016-05-06,11056600.0
2016-05-07,11062108.0
2016-05-08,11070373.0
2016-05-09,11083238.0
2016-05-10,11105315.0
2016-05-11,11122812.0
2016-05-12,11150474.0
2016-05-13,11186501.0
2016-05-14,11222602.0
2016-05-15,11268993.0
2016-05-16,11297816.0
2016-05-17,11337874.0
2016-05-18,11383632.0
2016-05-19,11431381.0
2016-05-20,11485837.0
2016-05-21,11539513.0
2016-05-22,11600916.0
2016-05-23,11660626.0
2016-05-24,11725291.0
2016-05-25,11789228.0
2016-05-26,11860119.0
2016-05-27,11926479.0
2016-05-28,11986322.0
2016-05-29,12036669.0
2016-05-30,12080353.0
2016-05-31,12123170.0
2016-06-01,12155349.0
2016-06-02,12185631.0
2016-06-03,12220860.0
2016-06-04,12259102.0
2016-06-05,12303328.0
2016-06-06,12355552.0
2016-06-07,12421783.0
2016-06-08,12500181.0
2016-06-09,12575912.0
2016-06-10,12652950.0
2016-06-11,12736340.0
2016-06-12,12814028.0
2016-06-13,12888983.0
2016-06-14,12968302.0
2016-06-15,13046918.0
2016-06-16,13114553.0
2016-06-17,13180357.0
2016-06-18,13244311.0
2016-06-19,13305358.0
2016-06-20,13358276.0
2016-06-21,13407164.0
2016-06-22,13457213.0
2016-06-23,13501106.0
2016-06-24,13547188.0
2016-06-25,13595474.0
2016-06-26,13637553.0
2016-06-27,13675495.0
2016-06-28,13715620.0
2016-06-29,13745235.0
2016-06-30,13764294.0
2016-07-01,13801409.0
2016-07-02,13831154.0
2016-07-03,13856687.0
2016-07-04,13875860.0
2016-07-05,13893986.0
2016-07-06,13901455.0
2016-07-07,13911062.0
2016-07-08,13916401.0
2016-07-09,13917469.0
2016-07-10,13916401.0
2016-07-11,13908927.0
2016-07-12,13899321.0
2016-07-13,13888653.0
2016-07-14,13876926.0
2016-07-15,13859881.0
2016-07-16,13844980.0
2016-07-17,13832217.0
2016-07-18,13814151.0
2016-07-19,13795041.0
2016-07-20,13775951.0
2016-07-21,13757939.0
2016-07-22,13736769.0
2016-07-23,13720906.0
2016-07-24,13702941.0
2016-07-25,13681826.0
2016-07-26,13662840.0
2016-07-27,13642818.0
2016-07-28,13622816.0
2016-07-29,13604934.0
2016-07-30,13589170.0
2016-07-31,13575516.0
2016-08-01,13552431.0
2016-08-02,13533562.0
2016-08-03,13513664.0
2016-08-04,13493784.0
2016-08-05,13491692.0
2016-08-06,13482283.0
2016-08-07,13478103.0
2016-08-08,13469745.0
2016-08-09,13455126.0
2016-08-10,13447820.0
2016-08-11,13431131.0
2016-08-12,13417581.0
2016-08-13,13401958.0
2016-08-14,13388427.0
2016-08-15,13369707.0
2016-08-16,13349966.0
2016-08-17,13328169.0
2016-08-18,13309504.0
2016-08-19,13290856.0
2016-08-20,13272225.0
2016-08-21,13257746.0
2016-08-22,13238113.0
2016-08-23,13221594.0
2016-08-24,13201996.0
2016-08-25,13181387.0
2016-08-26,13164915.0
2016-08-27,13156684.0
2016-08-28,13143316.0
2016-08-29,13124821.0
2016-08-30,13107369.0
2016-08-31,13090957.0
2016-09-01,13079682.0
2016-09-02,13068414.0
2016-09-03,13061246.0
2016-09-04,13049988.0
2016-09-05,13041804.0
2016-09-06,13029535.0
2016-09-07,13019316.0
2016-09-08,13006040.0
2016-09-09,12999915.0
2016-09-10,12987672.0
2016-09-11,12975436.0
2016-09-12,12961170.0
2016-09-13,12947933.0
2016-09-14,12933687.0
2016-09-15,12918436.0
2016-09-16,12904211.0
2016-09-17,12892027.0
2016-09-18,12879851.0
2016-09-19,12867682.0
2016-09-20,12857547.0
2016-09-21,12843368.0
2016-09-22,12828186.0
2016-09-23,12822117.0
2016-09-24,12827175.0
2016-09-25,12825151.0
2016-09-26,12825151.0
2016-09-27,12827175.0
2016-09-28,12822117.0
2016-09-29,12828186.0
2016-09-30,12824140.0
2016-10-01,12823128.0
2016-10-02,12823128.0
2016-10-03,12822117.0
2016-10-04,12818072.0
2016-10-05,12815039.0
2016-10-06,12812006.0
2016-10-07,12807963.0
2016-10-08,12803921.0
2016-10-09,12801900.0
2016-10-10,12798869.0
2016-10-11,12793819.0
2016-10-12,12789780.0
2016-10-13,12781704.0
2016-10-14,12774641.0
2016-10-15,12768588.0
2016-10-16,12761529.0
2016-10-17,12760521.0
2016-10-18,12751450.0
2016-10-19,12740368.0
2016-10-20,12733320.0
2016-10-21,12725268.0
2016-10-22,12719231.0
2016-10-23,12716213.0
2016-10-24,12712190.0
2016-10-25,12712190.0
2016-10-26,12705152.0
2016-10-27,12701131.0
2016-10-28,12693093.0
2016-10-29,12690079.0
2016-10-30,12681041.0
2016-10-31,12678029.0
2016-11-01,12673011.0
2016-11-02,12672007.0
2016-11-03,12670000.0
2016-11-04,12666990.0
2016-11-05,12665987.0
2016-11-06,12661974.0
2016-11-07,12624900.0
2016-11-08,12565930.0
2016-11-09,12505154.0
2016-11-10,12444574.0
2016-11-11,12396053.0
2016-11-12,12388144.0
2016-11-13,12384190.0
2016-11-14,12379249.0
2016-11-15,12375298.0
2016-11-16,12367397.0
2016-11-17,12362461.0
2016-11-18,12358512.0
2016-11-19,12355552.0
2016-11-20,12353578.0
2016-11-21,12348646.0
2016-11-22,12349632.0
2016-11-23,12340756.0
2016-11-24,12342728.0
2016-11-25,12341742.0
2016-11-26,12336813.0
2016-11-27,12329914.0
2016-11-28,12322032.0
2016-11-29,12320063.0
2016-11-30,12313170.0
2016-12-01,12297425.0
2016-12-02,12283659.0
2016-12-03,12270885.0
2016-12-04,12254195.0
2016-12-05,12242423.0
2016-12-06,12227718.0
2016-12-07,12201280.0
2016-12-08,12180743.0
2016-12-09,12163159.0
2016-12-10,12141690.0
2016-12-11,12129016.0
2016-12-12,12110509.0
2016-12-13,12089103.0
2016-12-14,12070636.0
2016-12-15,12055100.0
2016-12-16,12036669.0
2016-12-17,12025038.0
2016-12-18,12015351.0
2016-12-19,11996960.0
2016-12-20,11981488.0
2016-12-21,11962167.0
2016-12-22,11948655.0
2016-12-23,11925516.0
2016-12-24,11913957.0
2016-12-25,11898558.0
2016-12-26,11887979.0
2016-12-27,11866839.0
2016-12-28,11849563.0
2016-12-29,11830386.0
2016-12-30,11810273.0
2016-12-31,11796878.0
2017-01-01,11782537.0
2017-01-02,11771073.0
2017-01-03,11753891.0
2017-01-04,11733866.0
2017-01-05,11714815.0
2017-01-06,11702442.0
2017-01-07,11693881.0
2017-01-08,11681522.0
2017-01-09,11658727.0
2017-01-10,11638805.0
2017-01-11,11623640.0
2017-01-12,11602809.0
2017-01-13,11585783.0
2017-01-14,11580111.0
2017-01-15,11573496.0
2017-01-16,11560273.0
2017-01-17,11545173.0
2017-01-18,11531028.0
2017-01-19,11517835.0
2017-01-20,11505594.0
2017-01-21,11497124.0
2017-01-22,11492420.0
2017-01-23,11473617.0
2017-01-24,11459527.0
2017-01-25,11443572.0
2017-01-26,11429506.0
2017-01-27,11411704.0
2017-01-28,11403278.0
2017-01-29,11390178.0
2017-01-30,11373349.0
2017-01-31,11359338.0
2017-02-01,11345337.0
2017-02-02,11336009.0
2017-02-03,11322027.0
2017-02-04,11309917.0
2017-02-05,11302469.0
2017-02-06,11289443.0
2017-02-07,11277356.0
2017-02-08,11268064.0
2017-02-09,11256919.0
2017-02-10,11247638.0
2017-02-11,11245782.0
2017-02-12,11240216.0
2017-02-13,11234652.0
2017-02-14,11229089.0
2017-02-15,11226308.0
2017-02-16,11228162.0
2017-02-17,11229089.0
2017-02-18,11234652.0
2017-02-19,11238361.0
2017-02-20,11233724.0
2017-02-21,11230943.0
2017-02-22,11221675.0
2017-02-23,11217969.0
2017-02-24,11217969.0
2017-02-25,11210560.0
2017-02-26,11209634.0
2017-02-27,11212412.0
2017-02-28,11217043.0
2017-03-01,11212412.0
2017-03-02,11207782.0
2017-03-03,11204079.0
2017-03-04,11200377.0
2017-03-05,11192050.0
2017-03-06,11193900.0
2017-03-07,11188351.0
2017-03-08,11185576.0
2017-03-09,11181878.0
2017-03-10,11178181.0
2017-03-11,11177256.0
2017-03-12,11181878.0
2017-03-13,11177256.0
2017-03-14,11174484.0
2017-03-15,11172636.0
2017-03-16,11175408.0
2017-03-17,11180029.0
2017-03-18,11186501.0
2017-03-19,11197601.0
2017-03-20,11204079.0
2017-03-21,11210560.0
2017-03-22,11220749.0
2017-03-23,11232797.0
2017-03-24,11254134.0
2017-03-25,11268993.0
2017-03-26,11287583.0
2017-03-27,11304331.0
2017-03-28,11315505.0
2017-03-29,11332279.0
2017-03-30,11350003.0
2017-03-31,11364007.0
2017-04-01,11382697.0
2017-04-02,11405150.0
2017-04-03,11429506.0
2017-04-04,11452956.0
2017-04-05,11479256.0
2017-04-06,11502770.0
2017-04-07,11525373.0
2017-04-08,11542343.0
2017-04-09,11573496.0
2017-04-10,11591456.0
2017-04-11,11608488.0
2017-04-12,11630273.0
2017-04-13,11649238.0
2017-04-14,11667272.0
2017-04-15,11691979.0
2017-04-16,11718624.0
2017-04-17,11742446.0
2017-04-18,11770118.0
2017-04-19,11797834.0
2017-04-20,11833261.0
2017-04-21,11865879.0
2017-04-22,11897596.0
2017-04-23,11932262.0
2017-04-24,11972791.0
2017-04-25,12003734.0
2017-04-26,12035699.0
2017-04-27,12058012.0
2017-04-28,12080353.0
2017-04-29,12112456.0
2017-04-30,12149494.0
2017-05-01,12175857.0
2017-05-02,12204216.0
2017-05-03,12226738.0
2017-05-04,12248308.0
2017-05-05,12269903.0
2017-05-06,12290540.0
2017-05-07,12307264.0
2017-05-08,12345687.0
2017-05-09,12378261.0
2017-05-10,12422774.0
2017-05-11,12472357.0
2017-05-12,12520080.0
2017-05-13,12574913.0
2017-05-14,12629906.0
2017-05-15,12687066.0
2017-05-16,12748427.0
2017-05-17,12825151.0
2017-05-18,12887968.0
2017-05-19,12954041.0
2017-05-20,13021359.0
2017-05-21,13088907.0
2017-05-22,13145372.0
2017-05-23,13198904.0
2017-05-24,13249477.0
2017-05-25,13307431.0
2017-05-26,13353082.0
2017-05-27,13412372.0
2017-05-28,13474968.0
2017-05-29,13540898.0
2017-05-30,13601781.0
2017-05-31,13667058.0
2017-06-01,13721963.0
2017-06-02,13778071.0
2017-06-03,13834344.0
2017-06-04,13892920.0
2017-06-05,13953819.0
2017-06-06,14015989.0
2017-06-07,14084828.0
2017-06-08,14157159.0
2017-06-09,14234105.0
2017-06-10,14312447.0
2017-06-11,14397673.0
2017-06-12,14473372.0
2017-06-13,14559293.0
2017-06-14,14637823.0
2017-06-15,14712209.0
2017-06-16,14781287.0
2017-06-17,14847239.0
2017-06-18,14905540.0
2017-06-19,14953875.0
2017-06-20,15002322.0
2017-06-21,15055404.0
2017-06-22,15107487.0
2017-06-23,15158561.0
2017-06-24,15204063.0
2017-06-25,15250803.0
2017-06-26,15286211.0
2017-06-27,15321678.0
2017-06-28,15354909.0
2017-06-29,15388191.0
2017-06-30,15407724.0
2017-07-01,15428426.0
2017-07-02,15445693.0
2017-07-03,15457211.0
2017-07-04,15472195.0
2017-07-05,15481420.0
2017-07-06,15492958.0
2017-07-07,15492958.0
2017-07-08,15502192.0
2017-07-09,15503347.0
2017-07-10,15505656.0
2017-07-11,15512585.0
2017-07-12,15505656.0
2017-07-13,15506811.0
2017-07-14,15501038.0
2017-07-15,15498729.0
2017-07-16,15497574.0
2017-07-17,15484881.0
2017-07-18,15479114.0
2017-07-19,15467583.0
2017-07-20,15467583.0
2017-07-21,15462973.0
2017-07-22,15442238.0
2017-07-23,15433029.0
2017-07-24,15423824.0
2017-07-25,15421523.0
2017-07-26,15416923.0
2017-07-27,15407724.0
2017-07-28,15401977.0
2017-07-29,15399679.0
2017-07-30,15392785.0
2017-07-31,15384745.0
2017-08-01,15376708.0
2017-08-02,15368674.0
2017-08-03,15359496.0
2017-08-04,15343444.0
2017-08-05,15331985.0
2017-08-06,15323968.0
2017-08-07,15315953.0
2017-08-08,15301077.0
2017-08-09,15286211.0
2017-08-10,15273641.0
2017-08-11,15255369.0
2017-08-12,15248521.0
2017-08-13,15237113.0
2017-08-14,15222291.0
2017-08-15,15210897.0
2017-08-16,15196093.0
2017-08-17,15181300.0
2017-08-18,15166517.0
2017-08-19,15152880.0
2017-08-20,15135846.0
2017-08-21,15124498.0
2017-08-22,15104086.0
2017-08-23,15083694.0
2017-08-24,15066716.0
2017-08-25,15049751.0
2017-08-26,15033930.0
2017-08-27,15020378.0
2017-08-28,15003450.0
2017-08-29,14985410.0
2017-08-30,14969637.0
2017-08-31,14951625.0
2017-09-01,14938126.0
2017-09-02,14925760.0
2017-09-03,14916771.0
2017-09-04,14907786.0
2017-09-05,14893194.0
2017-09-06,14879733.0
2017-09-07,14864040.0
2017-09-08,14853957.0
2017-09-09,14843880.0
2017-09-10,14840522.0
2017-09-11,14828214.0
2017-09-12,14818149.0
2017-09-13,14808089.0
2017-09-14,14798034.0
2017-09-15,14801386.0
2017-09-16,14792450.0
2017-09-17,14782403.0
2017-09-18,14770130.0
2017-09-19,14761208.0
2017-09-20,14750062.0
2017-09-21,14741149.0
2017-09-22,14726674.0
2017-09-23,14715547.0
2017-09-24,14712209.0
2017-09-25,14699978.0
2017-09-26,14689976.0
2017-09-27,14683311.0
2017-09-28,14674427.0
2017-09-29,14668877.0
2017-09-30,14664438.0
2017-10-01,14675537.0
2017-10-02,14665547.0
2017-10-03,14662218.0
2017-10-04,14656671.0
2017-10-05,14653344.0
2017-10-06,14653344.0
2017-10-07,14650017.0
2017-10-08,14662218.0
2017-10-09,14651126.0
2017-10-10,14643365.0
2017-10-11,14637823.0
2017-10-12,14637823.0
2017-10-13,14631175.0
2017-10-14,14635607.0
2017-10-15,14632283.0
2017-10-16,14625636.0
2017-10-17,14620099.0
2017-10-18,14613457.0
2017-10-19,14606817.0
2017-10-20,14602391.0
2017-10-21,14590226.0
2017-10-22,14585804.0
2017-10-23,14581383.0
2017-10-24,14571439.0
2017-10-25,14564813.0
2017-10-26,14559293.0
2017-10-27,14552670.0
2017-10-28,14546050.0
2017-10-29,14541638.0
2017-10-30,14538329.0
2017-10-31,14529509.0
2017-11-01,14518489.0
2017-11-02,14515185.0
2017-11-03,14507476.0
2017-11-04,14499770.0
2017-11-05,14494267.0
2017-11-06,14484367.0
2017-11-07,14483267.0
2017-11-08,14470075.0
2017-11-09,14460186.0
2017-11-10,14454695.0
2017-11-11,14453597.0
2017-11-12,14451401.0
2017-11-13,14439327.0
2017-11-14,14433841.0
2017-11-15,14423970.0
2017-11-16,14416297.0
2017-11-17,14407530.0
2017-11-18,14402053.0
2017-11-19,14392199.0
2017-11-20,14386726.0
2017-11-21,14377973.0
2017-11-22,14371410.0
2017-11-23,14369223.0
2017-11-24,14361571.0
2017-11-25,14360478.0
2017-11-26,14358292.0
2017-11-27,14346275.0
2017-11-28,14345183.0
2017-11-29,14340815.0
2017-11-30,14332082.0
2017-12-01,14322262.0
2017-12-02,14313538.0
2017-12-03,14308087.0
2017-12-04,14295011.0
2017-12-05,14287387.0
2017-12-06,14280855.0
2017-12-07,14271061.0
2017-12-08,14262359.0
2017-12-09,14255835.0
2017-12-10,14247140.0
2017-12-11,14238449.0
2017-12-12,14228676.0
2017-12-13,14214569.0
2017-12-14,14210230.0
2017-12-15,14198303.0
2017-12-16,14190717.0
2017-12-17,14183135.0
2017-12-18,14172307.0
2017-12-19,14160404.0
2017-12-20,14146346.0
2017-12-21,14146346.0
2017-12-22,14133378.0
2017-12-23,14129058.0
2017-12-24,14123658.0
2017-12-25,14115022.0
2017-12-26,14110706.0
2017-12-27,14100998.0
2017-12-28,14091294.0
2017-12-29,14081595.0
2017-12-30,14070825.0
2017-12-31,14067595.0
2018-01-01,14055756.0
2018-01-02,14045000.0
2018-01-03,14032101.0
2018-01-04,14019211.0
2018-01-05,14006329.0
2018-01-06,13996673.0
2018-01-07,13987023.0
2018-01-08,13977377.0
2018-01-09,13962382.0
2018-01-10,13950609.0
2018-01-11,13936705.0
2018-01-12,13929222.0
2018-01-13,13918537.0
2018-01-14,13905724.0
2018-01-15,13891853.0
2018-01-16,13877992.0
2018-01-17,13862011.0
2018-01-18,13847108.0
2018-01-19,13834344.0
2018-01-20,13818400.0
2018-01-21,13812026.0
2018-01-22,13798225.0
2018-01-23,13783372.0
2018-01-24,13771711.0
2018-01-25,13753704.0
2018-01-26,13745235.0
2018-01-27,13731480.0
2018-01-28,13720906.0
2018-01-29,13703997.0
2018-01-30,13688158.0
2018-01-31,13672331.0
2018-02-01,13662840.0
2018-02-02,13651246.0
2018-02-03,13640712.0
2018-02-04,13630183.0
2018-02-05,13620711.0
2018-02-06,13608089.0
2018-02-07,13596525.0
2018-02-08,13583917.0
2018-02-09,13572367.0
2018-02-10,13561872.0
2018-02-11,13548237.0
2018-02-12,13540898.0
2018-02-13,13534610.0
2018-02-14,13517851.0
2018-02-15,13514710.0
2018-02-16,13495876.0
2018-02-17,13481238.0
2018-02-18,13465567.0
2018-02-19,13459301.0
2018-02-20,13445733.0
2018-02-21,13433216.0
2018-02-22,13420707.0
2018-02-23,13406123.0
2018-02-24,13395712.0
2018-02-25,13387387.0
2018-02-26,13373866.0
2018-02-27,13356198.0
2018-02-28,13345812.0
2018-03-01,13335432.0
2018-03-02,13320908.0
2018-03-03,13309504.0
2018-03-04,13300178.0
2018-03-05,13290856.0
2018-03-06,13276364.0
2018-03-07,13261882.0
2018-03-08,13248444.0
2018-03-09,13235015.0
2018-03-10,13224691.0
2018-03-11,13220562.0
2018-03-12,13201996.0
2018-03-13,13191689.0
2018-03-14,13171090.0
2018-03-15,13160799.0
2018-03-16,13144344.0
2018-03-17,13130984.0
2018-03-18,13121740.0
2018-03-19,13110447.0
2018-03-20,13096084.0
2018-03-21,13078658.0
2018-03-22,13069438.0
2018-03-23,13058175.0
2018-03-24,13044873.0
2018-03-25,13032601.0
2018-03-26,13024425.0
2018-03-27,13008082.0
2018-03-28,12996853.0
2018-03-29,12985632.0
2018-03-30,12968302.0
2018-03-31,12956078.0
2018-04-01,12948951.0
2018-04-02,12942844.0
2018-04-03,12931653.0
2018-04-04,12919452.0
2018-04-05,12908274.0
2018-04-06,12897103.0
2018-04-07,12892027.0
2018-04-08,12884924.0
2018-04-09,12872752.0
2018-04-10,12860587.0
2018-04-11,12849443.0
2018-04-12,12836281.0
2018-04-13,12826163.0
2018-04-14,12820094.0
2018-04-15,12815039.0
2018-04-16,12807963.0
2018-04-17,12798869.0
2018-04-18,12786751.0
2018-04-19,12776658.0
2018-04-20,12766571.0
2018-04-21,12756489.0
2018-04-22,12752458.0
2018-04-23,12743390.0
2018-04-24,12735334.0
2018-04-25,12718225.0
2018-04-26,12709173.0
2018-04-27,12696107.0
2018-04-28,12684053.0
2018-04-29,12682045.0
2018-04-30,12668997.0
2018-05-01,12658966.0
2018-05-02,12651947.0
2018-05-03,12653952.0
2018-05-04,12652950.0
2018-05-05,12659969.0
2018-05-06,12666990.0
2018-05-07,12668997.0
2018-05-08,12670000.0
2018-05-09,12664984.0
2018-05-10,12664984.0
2018-05-11,12659969.0
2018-05-12,12660971.0
2018-05-13,12670000.0
2018-05-14,12679033.0
2018-05-15,12691083.0
2018-05-16,12701131.0
2018-05-17,12713196.0
2018-05-18,12728287.0
2018-05-19,12748427.0
2018-05-20,12765563.0
2018-05-21,12777667.0
2018-05-22,12780695.0
2018-05-23,12791799.0
2018-05-24,12799879.0
2018-05-25,12803921.0
2018-05-26,12816050.0
2018-05-27,12831222.0
2018-05-28,12844380.0
2018-05-29,12863628.0
2018-05-30,12875794.0
2018-05-31,12885938.0
2018-06-01,12899134.0
2018-06-02,12909290.0
2018-06-03,12924535.0
2018-06-04,12930636.0
2018-06-05,12939791.0
2018-06-06,12943862.0
2018-06-07,12943862.0
2018-06-08,12946915.0
2018-06-09,12950987.0
2018-06-10,12958115.0
2018-06-11,12953023.0
2018-06-12,12945897.0
2018-06-13,12934705.0
2018-06-14,12931653.0
2018-06-15,12916403.0
2018-06-16,12912338.0
2018-06-17,12904211.0
2018-06-18,12889998.0
2018-06-19,12880866.0
2018-06-20,12866669.0
2018-06-21,12850456.0
2018-06-22,12840330.0
2018-06-23,12834257.0
2018-06-24,12828186.0
2018-06-25,12808974.0
2018-06-26,12792809.0
2018-06-27,12776658.0
2018-06-28,12757497.0
2018-06-29,12737347.0
2018-06-30,12728287.0
2018-07-01,12711184.0
2018-07-02,12688070.0
2018-07-03,12667993.0
2018-07-04,12652950.0
2018-07-05,12630907.0
2018-07-06,12608890.0
2018-07-07,12593893.0
2018-07-08,12577909.0
2018-07-09,12553958.0
2018-07-10,12532030.0
2018-07-11,12510128.0
2018-07-12,12488251.0
2018-07-13,12465407.0
2018-07-14,12452508.0
2018-07-15,12435652.0
2018-07-16,12412873.0
2018-07-17,12393581.0
2018-07-18,12374310.0
2018-07-19,12352592.0
2018-07-20,12332870.0
2018-07-21,12322032.0
2018-07-22,12307264.0
2018-07-23,12285625.0
2018-07-24,12264011.0
2018-07-25,12238501.0
2018-07-26,12216943.0
2018-07-27,12194432.0
2018-07-28,12177812.0
2018-07-29,12161206.0
2018-07-30,12139740.0
2018-07-31,12116351.0
2018-08-01,12092993.0
2018-08-02,12067722.0
2018-08-03,12044427.0
2018-08-04,12029883.0
2018-08-05,12010993.0
2018-08-06,11992124.0
2018-08-07,11967962.0
2018-08-08,11943832.0
2018-08-09,11919736.0
2018-08-10,11897596.0
2018-08-11,11877406.0
2018-08-12,11862999.0
2018-08-13,11836137.0
2018-08-14,11817933.0
2018-08-15,11793053.0
2018-08-16,11767253.0
2018-08-17,11741492.0
2018-08-18,11729102.0
2018-08-19,11712911.0
2018-08-20,11687225.0
2018-08-21,11668222.0
2018-08-22,11649238.0
2018-08-23,11628378.0
2018-08-24,11611328.0
2018-08-25,11592717.0
2018-08-26,11574126.0
2018-08-27,11555553.0
2018-08-28,11535742.0
2018-08-29,11515010.0
2018-08-30,11492420.0
2018-08-31,11477376.0
2018-09-01,11458588.0
2018-09-02,11451079.0
2018-09-03,11437006.0
2018-09-04,11422008.0
2018-09-05,11407022.0
2018-09-06,11394855.0
2018-09-07,11380827.0
2018-09-08,11366809.0
2018-09-09,11352803.0
2018-09-10,11336942.0
2018-09-11,11322027.0
2018-09-12,11304331.0
2018-09-13,11288513.0
2018-09-14,11272709.0
2018-09-15,11256919.0
2018-09-16,11243926.0
2018-09-17,11229089.0
2018-09-18,11213338.0
2018-09-19,11199452.0
2018-09-20,11183419.0
2018-09-21,11167401.0
2018-09-22,11151397.0
2018-09-23,11137560.0
2018-09-24,11122812.0
2018-09-25,11106235.0
2018-09-26,11087835.0
2018-09-27,11072211.0
2018-09-28,11055682.0
2018-09-29,11039169.0
2018-09-30,11027712.0
2018-10-01,11016261.0
2018-10-02,11006191.0
2018-10-03,10994298.0
2018-10-04,10982413.0
2018-10-05,10976017.0
2018-10-06,10969623.0
2018-10-07,10976017.0
2018-10-08,10983327.0
2018-10-09,10984241.0
2018-10-10,10988812.0
2018-10-11,10998871.0
2018-10-12,10993384.0
2018-10-13,10991555.0
2018-10-14,10990640.0
2018-10-15,10978758.0
2018-10-16,10969623.0
2018-10-17,10966883.0
2018-10-18,10965057.0
2018-10-19,10956842.0
2018-10-20,10952280.0
2018-10-21,10949543.0
2018-10-22,10946807.0
2018-10-23,10933132.0
2018-10-24,10924932.0
2018-10-25,10917647.0
2018-10-26,10907635.0
2018-10-27,10897629.0
2018-10-28,10891264.0
2018-10-29,10881267.0
2018-10-30,10872184.0
2018-10-31,10862199.0
2018-11-01,10860384.0
2018-11-02,10854940.0
2018-11-03,10850405.0
2018-11-04,10844965.0
2018-11-05,10806931.0
2018-11-06,10738327.0
2018-11-07,10672694.0
2018-11-08,10641319.0
2018-11-09,10631470.0
2018-11-10,10626100.0
2018-11-11,10619838.0
2018-11-12,10613578.0
2018-11-13,10607321.0
2018-11-14,10602853.0
2018-11-15,10597493.0
2018-11-16,10592134.0
2018-11-17,10587670.0
2018-11-18,10582315.0
2018-11-19,10576069.0
2018-11-20,10569826.0
2018-11-21,10563585.0
2018-11-22,10557347.0
2018-11-23,10549330.0
2018-11-24,10541316.0
2018-11-25,10536866.0
2018-11-26,10529748.0
2018-11-27,10522634.0
2018-11-28,10516411.0
2018-11-29,10513745.0
2018-11-30,10506637.0
2018-12-01,10498645.0
2018-12-02,10483559.0
2018-12-03,10472918.0
2018-12-04,10456971.0
2018-12-05,10443693.0
2018-12-06,10428659.0
2018-12-07,10413638.0
2018-12-08,10400396.0
2018-12-09,10390692.0
2018-12-10,10377469.0
2018-12-11,10365138.0
2018-12-12,10347538.0
2018-12-13,10330836.0
2018-12-14,10317662.0
2018-12-15,10308009.0
2018-12-16,10293978.0
2018-12-17,10280835.0
2018-12-18,10265953.0
2018-12-19,10252834.0
2018-12-20,10237978.0
2018-12-21,10221392.0
2018-12-22,10210053.0
2018-12-23,10196981.0
2018-12-24,10183919.0
2018-12-25,10169998.0
2018-12-26,10156959.0
2018-12-27,10145667.0
2018-12-28,10129179.0
2018-12-29,10120507.0
2018-12-30,10110108.0
2018-12-31,10098851.0
2019-01-01,10080682.0
2019-01-02,10059945.0
2019-01-03,10037511.0
2019-01-04,10015627.0
2019-01-05,9993774.0
2019-01-06,9971952.0
2019-01-07,9950161.0
2019-01-08,9928402.0
2019-01-09,9907871.0
2019-01-10,9886515.0
2019-01-11,9872862.0
2019-01-12,9862631.0
2019-01-13,9855814.0
2019-01-14,9845594.0
2019-01-15,9840487.0
2019-01-16,9823051.0
2019-01-17,9805635.0
2019-01-18,9797995.0
2019-01-19,9785271.0
2019-01-20,9778489.0
2019-01-21,9773405.0
2019-01-22,9754778.0
2019-01-23,9736174.0
2019-01-24,9716750.0
2019-01-25,9707469.0
2019-01-26,9695665.0
2019-01-27,9683871.0
2019-01-28,9670404.0
2019-01-29,9657790.0
2019-01-30,9644346.0
2019-01-31,9629238.0
2019-02-01,9611630.0
2019-02-02,9594045.0
2019-02-03,9578988.0
2019-02-04,9568124.0
2019-02-05,9549756.0
2019-02-06,9532246.0
2019-02-07,9522249.0
2019-02-08,9512260.0
2019-02-09,9501446.0
2019-02-10,9488147.0
2019-02-11,9474862.0
2019-02-12,9463246.0
2019-02-13,9448327.0
2019-02-14,9439631.0
2019-02-15,9430940.0
2019-02-16,9418535.0
2019-02-17,9412749.0
2019-02-18,9402010.0
2019-02-19,9387155.0
2019-02-20,9378909.0
2019-02-21,9367373.0
2019-02-22,9347618.0
2019-02-23,9333642.0
2019-02-24,9320501.0
2019-02-25,9304912.0
2019-02-26,9293437.0
2019-02-27,9277878.0
2019-02-28,9260702.0
2019-03-01,9245997.0
2019-03-02,9237018.0
2019-03-03,9232123.0
2019-03-04,9225599.0
2019-03-05,9221523.0
2019-03-06,9217449.0
2019-03-07,9212560.0
2019-03-08,9198720.0
2019-03-09,9198720.0
2019-03-10,9197907.0
2019-03-11,9191399.0
2019-03-12,9181643.0
2019-03-13,9168646.0
2019-03-14,9171894.0
2019-03-15,9174331.0
2019-03-16,9172706.0
2019-03-17,9167834.0
2019-03-18,9158095.0
2019-03-19,9150796.0
2019-03-20,9145526.0
2019-03-21,9140259.0
2019-03-22,9133778.0
2019-03-23,9125682.0
2019-03-24,9117591.0
2019-03-25,9111930.0
2019-03-26,9099000.0
2019-03-27,9087696.0
2019-03-28,9073983.0
2019-03-29,9065923.0
2019-03-30,9057867.0
2019-03-31,9049012.0
2019-04-01,9043380.0
2019-04-02,9041771.0
2019-04-03,9030516.0
2019-04-04,9024891.0
2019-04-05,9015255.0
2019-04-06,9013650.0
2019-04-07,9008033.0
2019-04-08,9002418.0
2019-04-09,8997607.0
2019-04-10,8987190.0
2019-04-11,8991196.0
2019-04-12,8992798.0
2019-04-13,8999211.0
2019-04-14,9003220.0
2019-04-15,9004824.0
2019-04-16,9006428.0
2019-04-17,9007231.0
2019-04-18,9008033.0
2019-04-19,9008835.0
2019-04-20,9009637.0
2019-04-21,9012847.0
2019-04-22,9024891.0
2019-04-23,9032123.0
2019-04-24,9045794.0
2019-04-25,9061894.0
2019-04-26,9087696.0
2019-04-27,9107080.0
2019-04-28,9132159.0
2019-04-29,9157284.0
2019-04-30,9197907.0
2019-05-01,9241099.0
2019-05-02,9290979.0
2019-05-03,9350909.0
2019-05-04,9406140.0
2019-05-05,9449155.0
2019-05-06,9479012.0
2019-05-07,9515589.0
2019-05-08,9543083.0
2019-05-09,9571466.0
2019-05-10,9602416.0
2019-05-11,9635111.0
2019-05-12,9667880.0
2019-05-13,9696508.0
2019-05-14,9728570.0
2019-05-15,9750548.0
2019-05-16,9775100.0
2019-05-17,9800541.0
2019-05-18,9834531.0
2019-05-19,9877980.0
2019-05-20,9916423.0
2019-05-21,9960109.0
2019-05-22,10008224.0
2019-05-23,10048724.0
2019-05-24,10089331.0
2019-05-25,10123975.0
2019-05-26,10156090.0
2019-05-27,10201337.0
2019-05-28,10235358.0
2019-05-29,10270329.0
2019-05-30,10306254.0
2019-05-31,10343141.0
2019-06-01,10379232.0
2019-06-02,10420705.0
2019-06-03,10456971.0
2019-06-04,10499533.0
2019-06-05,10548439.0
2019-06-06,10603746.0
2019-06-07,10666414.0
2019-06-08,10746436.0
2019-06-09,10844965.0
2019-06-10,10951368.0
2019-06-11,11067618.0
2019-06-12,11180029.0
2019-06-13,11291304.0
2019-06-14,11397662.0
2019-06-15,11517835.0
2019-06-16,11635961.0
2019-06-17,11751983.0
2019-06-18,11867800.0
2019-06-19,11966030.0
2019-06-20,12063838.0
2019-06-21,12168042.0
2019-06-22,12267939.0
2019-06-23,12374310.0
2019-06-24,12473350.0
2019-06-25,12560941.0
2019-06-26,12633911.0
2019-06-27,12705152.0
2019-06-28,12770605.0
2019-06-29,12843368.0
2019-06-30,12914371.0
2019-07-01,12983592.0
2019-07-02,13054081.0
2019-07-03,13130984.0
2019-07-04,13210246.0
2019-07-05,13287750.0
2019-07-06,13358276.0
2019-07-07,13426961.0
2019-07-08,13482283.0
2019-07-09,13533562.0
2019-07-10,13578666.0
2019-07-11,13625973.0
2019-07-12,13656516.0
2019-07-13,13700829.0
2019-07-14,13727250.0
2019-07-15,13755821.0
2019-07-16,13775951.0
2019-07-17,13797163.0
2019-07-18,13815213.0
2019-07-19,13834344.0
2019-07-20,13856687.0
2019-07-21,13877992.0
2019-07-22,13890786.0
2019-07-23,13898254.0
2019-07-24,13901455.0
2019-07-25,13901455.0
2019-07-26,13908927.0
2019-07-27,13915333.0
2019-07-28,13931360.0
2019-07-29,13933497.0
2019-07-30,13933497.0
2019-07-31,13933497.0
2019-08-01,13934566.0
2019-08-02,13927085.0
2019-08-03,13942051.0
2019-08-04,13939912.0
2019-08-05,13932428.0
2019-08-06,13933497.0
2019-08-07,13926016.0
2019-08-08,13919606.0
2019-08-09,13915333.0
2019-08-10,13911062.0
2019-08-11,13907859.0
2019-08-12,13899321.0
2019-08-13,13884388.0
2019-08-14,13873729.0
2019-08-15,13859881.0
2019-08-16,13843916.0
2019-08-17,13835407.0
2019-08-18,13826902.0
2019-08-19,13813089.0
2019-08-20,13795041.0
2019-08-21,13777011.0
2019-08-22,13760057.0
2019-08-23,13738885.0
2019-08-24,13726192.0
2019-08-25,13715620.0
2019-08-26,13701885.0
2019-08-27,13680771.0
2019-08-28,13659678.0
2019-08-29,13638606.0
2019-08-30,13620711.0
2019-08-31,13610192.0
2019-09-01,13601781.0
2019-09-02,13589170.0
2019-09-03,13581817.0
2019-09-04,13568168.0
2019-09-05,13555578.0
2019-09-06,13545091.0
2019-09-07,13533213.0
2019-09-08,13524134.0
2019-09-09,13509322.0
2019-09-10,13497386.0
2019-09-11,13485419.0
2019-09-12,13470789.0
2019-09-13,13458257.0
2019-09-14,13447820.0
2019-09-15,13440517.0
2019-09-16,13426961.0
2019-09-17,13413414.0
2019-09-18,13405082.0
2019-09-19,13392590.0
2019-09-20,13382186.0
2019-09-21,13371787.0
2019-09-22,13367628.0
2019-09-23,13355159.0
2019-09-24,13346851.0
2019-09-25,13334394.0
2019-09-26,13320908.0
2019-09-27,13311577.0
2019-09-28,13301214.0
2019-09-29,13290856.0
2019-09-30,13277399.0
2019-10-01,13268604.0
2019-10-02,13259814.0
2019-10-03,13249477.0
2019-10-04,13241212.0
2019-10-05,13232949.0
2019-10-06,13229852.0
2019-10-07,13219531.0
2019-10-08,13208183.0
2019-10-09,13199419.0
2019-10-10,13190659.0
2019-10-11,13179327.0
2019-10-12,13170061.0
2019-10-13,13163886.0
2019-10-14,13155655.0
2019-10-15,13149485.0
2019-10-16,13142288.0
2019-10-17,13129956.0
2019-10-18,13127902.0
2019-10-19,13115579.0
2019-10-20,13113526.0
2019-10-21,13106343.0
2019-10-22,13097110.0
2019-10-23,13088907.0
2019-10-24,13080707.0
2019-10-25,13073535.0
2019-10-26,13064318.0
2019-10-27,13059710.0
2019-10-28,13055104.0
2019-10-29,13041804.0
2019-10-30,13039759.0
2019-10-31,13033624.0
2019-11-01,13026468.0
2019-11-02,13023403.0
2019-11-03,13019316.0
2019-11-04,13013187.0
2019-11-05,13007061.0
2019-11-06,13000936.0
2019-11-07,12993792.0
2019-11-08,12986652.0
2019-11-09,12979514.0
2019-11-10,12976455.0
2019-11-11,12970340.0
2019-11-12,12962189.0
2019-11-13,12956078.0
2019-11-14,12948951.0
2019-11-15,12941826.0
2019-11-16,12937756.0
2019-11-17,12933687.0
2019-11-18,12926568.0
2019-11-19,12922502.0
2019-11-20,12910306.0
2019-11-21,12905227.0
2019-11-22,12903196.0
2019-11-23,12898119.0
2019-11-24,12893043.0
2019-11-25,12881880.0
2019-11-26,12877822.0
2019-11-27,12867682.0
2019-11-28,12862614.0
2019-11-29,12853495.0
2019-11-30,12854508.0
2019-12-01,12851469.0
2019-12-02,12839318.0
2019-12-03,12833245.0
2019-12-04,12821106.0
2019-12-05,12814028.0
2019-12-06,12805942.0
2019-12-07,12794829.0
2019-12-08,12787761.0
2019-12-09,12779686.0
2019-12-10,12772623.0
2019-12-11,12761529.0
2019-12-12,12750442.0
2019-12-13,12742383.0
2019-12-14,12740368.0
2019-12-15,12733320.0
2019-12-16,12727280.0
2019-12-17,12716213.0
2019-12-18,12709173.0
2019-12-19,12698116.0
2019-12-20,12688070.0
2019-12-21,12681041.0
2019-12-22,12672007.0
2019-12-23,12660971.0
2019-12-24,12653952.0
2019-12-25,12649942.0
2019-12-26,12644931.0
2019-12-27,12630907.0
2019-12-28,12623899.0
2019-12-29,12620896.0
2019-12-30,12613891.0
2019-12-31,12603889.0
2020-01-01,12596891.0
2020-01-02,12589895.0
2020-01-03,12579906.0
2020-01-04,12568924.0
2020-01-05,12559943.0
2020-01-06,12546978.0
2020-01-07,12535019.0
2020-01-08,12519085.0
2020-01-09,12509133.0
2020-01-10,12493221.0
2020-01-11,12481296.0
2020-01-12,12472357.0
2020-01-13,12457468.0
2020-01-14,12446557.0
2020-01-15,12439617.0
2020-01-16,12428717.0
2020-01-17,12416832.0
2020-01-18,12407924.0
2020-01-19,12400999.0
2020-01-20,12388144.0
2020-01-21,12375298.0
2020-01-22,12367397.0
2020-01-23,12355552.0
2020-01-24,12346673.0
2020-01-25,12335827.0
2020-01-26,12324988.0
2020-01-27,12317108.0
2020-01-28,12308248.0
2020-01-29,12297425.0
2020-01-30,12286608.0
2020-01-31,12280710.0
2020-02-01,12273832.0
2020-02-02,12267939.0
2020-02-03,12256158.0
2020-02-04,12247327.0
2020-02-05,12236540.0
2020-02-06,12225759.0
2020-02-07,12214984.0
2020-02-08,12206173.0
2020-02-09,12201280.0
2020-02-10,12193454.0
2020-02-11,12176834.0
2020-02-12,12169995.0
2020-02-13,12157302.0
2020-02-14,12143641.0
2020-02-15,12137790.0
2020-02-16,12131940.0
2020-02-17,12123495.0
2020-02-18,12115053.0
2020-02-19,12106615.0
2020-02-20,12092993.0
2020-02-21,12081325.0
2020-02-22,12073551.0
2020-02-23,12070636.0
2020-02-24,12063838.0
2020-02-25,12049763.0
2020-02-26,12035699.0
2020-02-27,12028914.0
2020-02-28,12019225.0
2020-02-29,12011477.0
2020-03-01,12008573.0
2020-03-02,11996960.0
2020-03-03,11986322.0
2020-03-04,11978589.0
2020-03-05,11969893.0
2020-03-06,11959271.0
2020-03-07,11951550.0
2020-03-08,11944797.0
2020-03-09,11936118.0
2020-03-10,11926479.0
2020-03-11,11917809.0
2020-03-12,11911069.0
2020-03-13,11907219.0
2020-03-14,11903369.0
2020-03-15,11901444.0
2020-03-16,11893748.0
2020-03-17,11887017.0
2020-03-18,11880289.0
2020-03-19,11873563.0
2020-03-20,11866839.0
2020-03-21,11862039.0
2020-03-22,11862039.0
2020-03-23,11857239.0
2020-03-24,11854360.0
2020-03-25,11851481.0
2020-03-26,11843807.0
2020-03-27,11836137.0
2020-03-28,11833261.0
2020-03-29,11826553.0
2020-03-30,11821763.0
2020-03-31,11817933.0
2020-04-01,11812188.0
2020-04-02,11809795.0
2020-04-03,11807402.0
2020-04-04,11799748.0
2020-04-05,11794965.0
2020-04-06,11789228.0
2020-04-07,11784448.0
2020-04-08,11775849.0
2020-04-09,11772028.0
2020-04-10,11768208.0
2020-04-11,11763434.0
2020-04-12,11758662.0
2020-04-13,11754845.0
2020-04-14,11751029.0
2020-04-15,11746260.0
2020-04-16,11744734.0
2020-04-17,11743208.0
2020-04-18,11741683.0
2020-04-19,11740157.0
2020-04-20,11738632.0
2020-04-21,11737202.0
2020-04-22,11735772.0
2020-04-23,11727196.0
2020-04-24,11720528.0
2020-04-25,11715767.0
2020-04-26,11711959.0
2020-04-27,11703394.0
2020-04-28,11699588.0
2020-04-29,11691979.0
2020-04-30,11685324.0
2020-05-01,11680572.0
2020-05-02,11679622.0
2020-05-03,11679622.0
2020-05-04,11687225.0
2020-05-05,11700539.0
2020-05-06,11715767.0
2020-05-07,11735772.0
2020-05-08,11759616.0
2020-05-09,11783493.0
2020-05-10,11808359.0
2020-05-11,11827511.0
2020-05-12,11839972.0
2020-05-13,11852441.0
2020-05-14,11867800.0
2020-05-15,11883172.0
2020-05-16,11901444.0
2020-05-17,11919736.0
2020-05-18,11937082.0
2020-05-19,11956858.0
2020-05-20,11976656.0
2020-05-21,12000830.0
2020-05-22,12024069.0
2020-05-23,12059954.0
2020-05-24,12087158.0
2020-05-25,12115377.0
2020-05-26,12144617.0
2020-05-27,12171949.0
2020-05-28,12189542.0
2020-05-29,12205194.0
2020-05-30,12228698.0
2020-05-31,12238501.0
2020-06-01,12257139.0
2020-06-02,12290540.0
2020-06-03,12329914.0
2020-06-04,12377273.0
2020-06-05,12432680.0
2020-06-06,12468385.0
2020-06-07,12513113.0
2020-06-08,12555953.0
2020-06-09,12601890.0
2020-06-10,12645933.0
2020-06-11,12681041.0
2020-06-12,12712190.0
2020-06-13,12737347.0
2020-06-14,12764554.0
2020-06-15,12777667.0
2020-06-16,12786751.0
2020-06-17,12808974.0
2020-06-18,12808974.0
2020-06-19,12813017.0
2020-06-20,12820094.0
2020-06-21,12829198.0
2020-06-22,12833245.0
2020-06-23,12830210.0
2020-06-24,12826163.0
2020-06-25,12822117.0
2020-06-26,12821106.0
2020-06-27,12818072.0
2020-06-28,12813017.0
2020-06-29,12804931.0
2020-06-30,12792809.0
2020-07-01,12783723.0
2020-07-02,12761529.0
2020-07-03,12761529.0
2020-07-04,12751450.0
2020-07-05,12748427.0
2020-07-06,12736340.0
2020-07-07,12721243.0
2020-07-08,12703142.0
2020-07-09,12688070.0
2020-07-10,12672007.0
2020-07-11,12662977.0
2020-07-12,12655957.0
2020-07-13,12635914.0
2020-07-14,12617894.0
2020-07-15,12600890.0
2020-07-16,12581903.0
2020-07-17,12565930.0
2020-07-18,12551964.0
2020-07-19,12540001.0
2020-07-20,12520578.0
2020-07-21,12501175.0
2020-07-22,12485270.0
2020-07-23,12469378.0
2020-07-24,12453500.0
2020-07-25,12440608.0
2020-07-26,12430698.0
2020-07-27,12423764.0
2020-07-28,12407677.0
2020-07-29,12391604.0
2020-07-30,12375956.0
2020-07-31,12356539.0
2020-08-01,12344701.0
2020-08-02,12331885.0
2020-08-03,12309232.0
2020-08-04,12287591.0
2020-08-05,12264011.0
2020-08-06,12242750.0
2020-08-07,12221513.0
2020-08-08,12203563.0
2020-08-09,12185631.0
2020-08-10,12161206.0
2020-08-11,12139740.0
2020-08-12,12115377.0
2020-08-13,12092020.0
2020-08-14,12070636.0
2020-08-15,12053159.0
2020-08-16,12037638.0
2020-08-17,12014382.0
2020-08-18,11989223.0
2020-08-19,11966030.0
2020-08-20,11939010.0
2020-08-21,11918772.0
2020-08-22,11903369.0
2020-08-23,11885095.0
2020-08-24,11868760.0
2020-08-25,11848603.0
2020-08-26,11824637.0
2020-08-27,11800704.0
2020-08-28,11778715.0
2020-08-29,11760571.0
2020-08-30,11743399.0
2020-08-31,11723386.0
2020-09-01,11708152.0
2020-09-02,11697686.0
2020-09-03,11685324.0
2020-09-04,11672021.0
2020-09-05,11657778.0
2020-09-06,11650187.0
2020-09-07,11635961.0
2020-09-08,11620325.0
2020-09-09,11604702.0
2020-09-10,11593348.0
2020-09-11,11580111.0
2020-09-12,11568772.0
2020-09-13,11563106.0
2020-09-14,11553665.0
2020-09-15,11544229.0
2020-09-16,11533856.0
2020-09-17,11523488.0
2020-09-18,11511243.0
2020-09-19,11499006.0
2020-09-20,11491480.0
2020-09-21,11479256.0
2020-09-22,11469859.0
2020-09-23,11459527.0
2020-09-24,11444510.0
2020-09-25,11429506.0
2020-09-26,11420134.0
2020-09-27,11412640.0
2020-09-28,11396727.0
2020-09-29,11382697.0
2020-09-30,11370546.0
2020-10-01,11356537.0
2020-10-02,11343471.0
2020-10-03,11330415.0
2020-10-04,11319231.0
2020-10-05,11306193.0
2020-10-06,11293164.0
2020-10-07,11281074.0
2020-10-08,11267135.0
2020-10-09,11255063.0
2020-10-10,11244390.0
2020-10-11,11233724.0
2020-10-12,11218432.0
2020-10-13,11203154.0
2020-10-14,11191125.0
2020-10-15,11176948.0
2020-10-16,11162783.0
2020-10-17,11148629.0
2020-10-18,11136638.0
2020-10-19,11123119.0
2020-10-20,11109611.0
2020-10-21,11096113.0
2020-10-22,11084158.0
2020-10-23,11070373.0
2020-10-24,11057518.0
2020-10-25,11047424.0
2020-10-26,11033669.0
2020-10-27,11019925.0
2020-10-28,11007107.0
2020-10-29,10996127.0
2020-10-30,10985155.0
2020-10-31,10976930.0
2020-11-01,10969623.0
2020-11-02,10957755.0
2020-11-03,10944983.0
2020-11-04,10934043.0
2020-11-05,10922200.0
2020-11-06,10909455.0
2020-11-07,10895810.0
2020-11-08,10886719.0
2020-11-09,10873092.0
2020-11-10,10863106.0
2020-11-11,10847685.0
2020-11-12,10836808.0
2020-11-13,10820505.0
2020-11-14,10809645.0
2020-11-15,10798793.0
2020-11-16,10787947.0
2020-11-17,10773497.0
2020-11-18,10760863.0
2020-11-19,10750042.0
2020-11-20,10739228.0
2020-11-21,10728420.0
2020-11-22,10718520.0
2020-11-23,10705029.0
2020-11-24,10690650.0
2020-11-25,10676284.0
2020-11-26,10670003.0
2020-11-27,10652965.0
2020-11-28,10639527.0
2020-11-29,10628785.0
2020-11-30,10615367.0
2020-12-01,10601066.0
2020-12-02,10585885.0
2020-12-03,10567151.0
2020-12-04,10552892.0
2020-12-05,10536866.0
2020-12-06,10524412.0
2020-12-07,10508414.0
2020-12-08,10492431.0
2020-12-09,10476465.0
2020-12-10,10460513.0
2020-12-11,10442809.0
2020-12-12,10425123.0
2020-12-13,10413638.0
2020-12-14,10394220.0
2020-12-15,10375707.0
2020-12-16,10358976.0
2020-12-17,10342262.0
2020-12-18,10326443.0
2020-12-19,10311519.0
2020-12-20,10299238.0
2020-12-21,10283463.0
2020-12-22,10269454.0
2020-12-23,10254145.0
2020-12-24,10238852.0
2020-12-25,10224010.0
2020-12-26,10207438.0
2020-12-27,10197852.0
2020-12-28,10177827.0
2020-12-29,10163043.0
2020-12-30,10149141.0
2020-12-31,10130046.0
2021-01-01,10117040.0
2021-01-02,10104911.0
2021-01-03,10094523.0
2021-01-04,10075784.0
2021-01-05,10057067.0
2021-01-06,10038373.0
2021-01-07,10020277.0
2021-01-08,10003062.0
2021-01-09,9987585.0
2021-01-10,9976417.0
2021-01-11,9956249.0
2021-01-12,9936109.0
2021-01-13,9918133.0
2021-01-14,9901034.0
2021-01-15,9880540.0
2021-01-16,9866040.0
2021-01-17,9854962.0
2021-01-18,9840487.0
2021-01-19,9824326.0
2021-01-20,9802239.0
2021-01-21,9785271.0
2021-01-22,9770017.0
2021-01-23,9757317.0
2021-01-24,9744627.0
2021-01-25,9726036.0
2021-01-26,9709156.0
2021-01-27,9693137.0
2021-01-28,9677136.0
2021-01-29,9662834.0
2021-01-30,9648546.0
2021-01-31,9638469.0
2021-02-01,9625043.0
2021-02-02,9607441.0
2021-02-03,9599067.0
2021-02-04,9581496.0
2021-02-05,9565618.0
2021-02-06,9548922.0
2021-02-07,9538080.0
2021-02-08,9521417.0
2021-02-09,9508100.0
2021-02-10,9491471.0
2021-02-11,9474032.0
2021-02-12,9457443.0
2021-02-13,9443357.0
2021-02-14,9432595.0
2021-02-15,9416055.0
2021-02-16,9402836.0
2021-02-17,9388805.0
2021-02-18,9371492.0
2021-02-19,9357492.0
2021-02-20,9340217.0
2021-02-21,9331999.0
2021-02-22,9316397.0
2021-02-23,9304912.0
2021-02-24,9288249.0
2021-02-25,9271605.0
2021-02-26,9254982.0
2021-02-27,9241915.0
2021-02-28,9225599.0
2021-03-01,9210117.0
2021-03-02,9198720.0
2021-03-03,9184488.0
2021-03-04,9170270.0
2021-03-05,9158907.0
2021-03-06,9143500.0
2021-03-07,9131349.0
2021-03-08,9116782.0
2021-03-09,9106272.0
2021-03-10,9093347.0
2021-03-11,9084468.0
2021-03-12,9067534.0
2021-03-13,9053842.0
2021-03-14,9040967.0
2021-03-15,9043380.0
2021-03-16,9044989.0
2021-03-17,9049012.0
2021-03-18,9052232.0
2021-03-19,9055452.0
2021-03-20,9054647.0
2021-03-21,9040163.0
2021-03-22,9011242.0
2021-03-23,8983986.0
2021-03-24,8952791.0
2021-03-25,8924060.0
2021-03-26,8908922.0
2021-03-27,8897779.0
2021-03-28,8885850.0
2021-03-29,8877110.0
2021-03-30,8860439.0
2021-03-31,8843790.0
2021-04-01,8835078.0
2021-04-02,8823206.0
2021-04-03,8811346.0
2021-04-04,8799497.0
2021-04-05,8787658.0
2021-04-06,8777407.0
2021-04-07,8766377.0
2021-04-08,8757716.0
2021-04-09,8744344.0
2021-04-10,8734127.0
2021-04-11,8727059.0
2021-04-12,8715287.0
2021-04-13,8698826.0
2021-04-14,8688645.0
2021-04-15,8676127.0
2021-04-16,8665966.0
2021-04-17,8655031.0
2021-04-18,8642547.0
2021-04-19,8638648.0
2021-04-20,8625400.0
2021-04-21,8612167.0
2021-04-22,8601279.0
2021-04-23,8591955.0
2021-04-24,8575654.0
2021-04-25,8562473.0
2021-04-26,8551629.0
2021-04-27,8542341.0
2021-04-28,8527651.0
2021-04-29,8516065.0
2021-04-30,8504490.0
2021-05-01,8496009.0
2021-05-02,8485223.0
2021-05-03,8472139.0
2021-05-04,8459837.0
2021-05-05,8450619.0
2021-05-06,8439106.0
2021-05-07,8432203.0
2021-05-08,8427603.0
2021-05-09,8419941.0
2021-05-10,8409223.0
2021-05-11,8403102.0
2021-05-12,8397749.0
2021-05-13,8390106.0
2021-05-14,8382468.0
2021-05-15,8377124.0
2021-05-16,8368731.0
2021-05-17,8359582.0
2021-05-18,8352724.0
2021-05-19,8342826.0
2021-05-20,8341304.0
2021-05-21,8328375.0
2021-05-22,8326095.0
2021-05-23,8319256.0
2021-05-24,8316978.0
2021-05-25,8314700.0
2021-05-26,8317737.0
2021-05-27,8320776.0
2021-05-28,8323815.0
2021-05-29,8335218.0
2021-05-30,8352724.0
2021-05-31,8366443.0
2021-06-01,8379414.0
2021-06-02,8394691.0
2021-06-03,8408457.0
2021-06-04,8417644.0
2021-06-05,8419941.0
2021-06-06,8426071.0
2021-06-07,8430670.0
2021-06-08,8436804.0
2021-06-09,8441407.0
2021-06-10,8446012.0
2021-06-11,8449851.0
2021-06-12,8452923.0
2021-06-13,8457532.0
2021-06-14,8459068.0
2021-06-15,8459068.0
2021-06-16,8457532.0
2021-06-17,8451387.0
2021-06-18,8446012.0
2021-06-19,8438338.0
2021-06-20,8436804.0
2021-06-21,8426071.0
2021-06-22,8416112.0
2021-06-23,8406162.0
2021-06-24,8389342.0
2021-06-25,8376360.0
2021-06-26,8366443.0
2021-06-27,8358057.0
2021-06-28,8345871.0
2021-06-29,8333697.0
2021-06-30,8327615.0
2021-07-01,8319256.0
2021-07-02,8308627.0
2021-07-03,8298764.0
2021-07-04,8284362.0
2021-07-05,8270733.0
2021-07-06,8254094.0
2021-07-07,8238231.0
2021-07-08,8221634.0
2021-07-09,8204306.0
2021-07-10,8185496.0
2021-07-11,8170469.0
2021-07-12,8152458.0
2021-07-13,8134474.0
2021-07-14,8115019.0
2021-07-15,8095593.0
2021-07-16,8076197.0
2021-07-17,8056831.0
2021-07-18,8039725.0
2021-07-19,8022641.0
2021-07-20,8012254.0
2021-07-21,7993356.0
2021-07-22,7974487.0
2021-07-23,7957861.0
2021-07-24,7941258.0
2021-07-25,7927991.0
2021-07-26,7912531.0
2021-07-27,7901500.0
2021-07-28,7892683.0
2021-07-29,7886808.0
2021-07-30,7875800.0
2021-07-31,7866268.0
2021-08-01,7860406.0
2021-08-02,7847226.0
2021-08-03,7836253.0
2021-08-04,7826021.0
2021-08-05,7815068.0
2021-08-06,7803396.0
2021-08-07,7788821.0
2021-08-08,7778629.0
2021-08-09,7764084.0
2021-08-10,7751008.0
2021-08-11,7735046.0
2021-08-12,7717657.0
2021-08-13,7702463.0
2021-08-14,7685843.0
2021-08-15,7672853.0
2021-08-16,7654114.0
2021-08-17,7634686.0
2021-08-18,7625344.0
2021-08-19,7644756.0
2021-08-20,7648355.0
2021-08-21,7642598.0
2021-08-22,7639001.0
2021-08-23,7628936.0
2021-08-24,7617444.0
2021-08-25,7603812.0
2021-08-26,7588763.0
2021-08-27,7573733.0
2021-08-28,7559437.0
2021-08-29,7546586.0
2021-08-30,7527336.0
2021-08-31,7510963.0
2021-09-01,7521638.0
2021-09-02,7525199.0
2021-09-03,7533036.0
2021-09-04,7528048.0
2021-09-05,7525199.0
2021-09-06,7516655.0
2021-09-07,7508117.0
2021-09-08,7498876.0
2021-09-09,7488221.0
2021-09-10,7478286.0
2021-09-11,7469777.0
2021-09-12,7460566.0
2021-09-13,7447824.0
2021-09-14,7436510.0
2021-09-15,7425208.0
2021-09-16,7413916.0
2021-09-17,7401932.0
2021-09-18,7390429.0
2021-09-19,7378937.0
2021-09-20,7367458.0
2021-09-21,7354821.0
2021-09-22,7344301.0
2021-09-23,7333090.0
2021-09-24,7321890.0
2021-09-25,7311052.0
2021-09-26,7300747.0
2021-09-27,7290452.0
2021-09-28,7279993.0
2021-09-29,7269543.0
2021-09-30,7257712.0
2021-10-01,7252844.0
2021-10-02,7255625.0
2021-10-03,7255625.0
2021-10-04,7253539.0
2021-10-05,7257016.0
2021-10-06,7254234.0
2021-10-07,7250063.0
2021-10-08,7245893.0
2021-10-09,7243809.0
2021-10-10,7241031.0
2021-10-11,7241725.0
2021-10-12,7232699.0
2021-10-13,7227149.0
2021-10-14,7225762.0
2021-10-15,7221601.0
2021-10-16,7218828.0
2021-10-17,7216749.0
2021-10-18,7213285.0
2021-10-19,7209821.0
2021-10-20,7204975.0
2021-10-21,7201514.0
2021-10-22,7195979.0
2021-10-23,7193213.0
2021-10-24,7191830.0
2021-10-25,7191830.0
2021-10-26,7188373.0
2021-10-27,7187682.0
2021-10-28,7184918.0
2021-10-29,7182845.0
2021-10-30,7182154.0
2021-10-31,7180773.0
2021-11-01,7178010.0
2021-11-02,7176630.0
2021-11-03,7171797.0
2021-11-04,7166278.0
2021-11-05,7162140.0
2021-11-06,7157314.0
2021-11-07,7153180.0
2021-11-08,7147670.0
2021-11-09,7142850.0
2021-11-10,7138033.0
2021-11-11,7132531.0
2021-11-12,7126344.0
2021-11-13,7121534.0
2021-11-14,7118100.0
2021-11-15,7109863.0
2021-11-16,7109863.0
2021-11-17,7099575.0
2021-11-18,7092037.0
2021-11-19,7083819.0
2021-11-20,7080397.0
2021-11-21,7073557.0
2021-11-22,7067404.0
2021-11-23,7058522.0
2021-11-24,7053743.0
2021-11-25,7048284.0
2021-11-26,7040782.0
2021-11-27,7033966.0
2021-11-28,7029198.0
2021-11-29,7022390.0
2021-11-30,7015587.0
2021-12-01,7010147.0
2021-12-02,6995203.0
2021-12-03,6983669.0
2021-12-04,6974180.0
2021-12-05,6966054.0
2021-12-06,6957258.0
2021-12-07,6946441.0
2021-12-08,6934962.0
2021-12-09,6929564.0
2021-12-10,6918103.0
2021-12-11,6908673.0
2021-12-12,6901271.0
2021-12-13,6891857.0
2021-12-14,6877752.0
2021-12-15,6870370.0
2021-12-16,6859641.0
2021-12-17,6850931.0
2021-12-18,6840220.0
2021-12-19,6832193.0
2021-12-20,6820832.0
2021-12-21,6807479.0
2021-12-22,6796142.0
2021-12-23,6782153.0
2021-12-24,6770175.0
2021-12-25,6762862.0
2021-12-26,6756882.0
2021-12-27,6749577.0
2021-12-28,6740950.0
2021-12-29,6731667.0
2021-12-30,6721729.0
2021-12-31,6713123.0
2022-01-01,6702540.0
2022-01-02,6693948.0
2022-01-03,6679424.0
2022-01-04,6665578.0
2022-01-05,6650432.0
2022-01-06,6635306.0
2022-01-07,6622170.0
2022-01-08,6611017.0
2022-01-09,6602496.0
2022-01-10,6588744.0
2022-01-11,6576317.0
2022-01-12,6565209.0
2022-01-13,6551504.0
2022-01-14,6541725.0
2022-01-15,6531954.0
2022-01-16,6522193.0
2022-01-17,6509190.0
2022-01-18,6495555.0
2022-01-19,6481936.0
2022-01-20,6468335.0
2022-01-21,6456043.0
2022-01-22,6445058.0
2022-01-23,6433438.0
2022-01-24,6420542.0
2022-01-25,6413455.0
2022-01-26,6399940.0
2022-01-27,6389011.0
2022-01-28,6374243.0
2022-01-29,6361418.0
2022-01-30,6349889.0
2022-01-31,6335175.0
2022-02-01,6324313.0
2022-02-02,6313461.0
2022-02-03,6300710.0
2022-02-04,6289883.0
2022-02-05,6277160.0
2022-02-06,6265722.0
2022-02-07,6256835.0
2022-02-08,6246688.0
2022-02-09,6238450.0
2022-02-10,6227688.0
2022-02-11,6217990.0
2022-02-12,6208301.0
2022-02-13,6198622.0
2022-02-14,6188531.0
2022-02-15,6176561.0
2022-02-16,6167121.0
2022-02-17,6157690.0
2022-02-18,6146384.0
2022-02-19,6138226.0
2022-02-20,6130075.0
2022-02-21,6120052.0
2022-02-22,6111290.0
2022-02-23,6100035.0
2022-02-24,6087545.0
2022-02-25,6078499.0
2022-02-26,6069461.0
2022-02-27,6061365.0
2022-02-28,6048301.0
2022-03-01,6037738.0
2022-03-02,6027186.0
2022-03-03,6017264.0
2022-03-04,6006115.0
2022-03-05,5999926.0
2022-03-06,5988796.0
2022-03-07,5980148.0
2022-03-08,5971507.0
2022-03-09,5967190.0
2022-03-10,5958561.0
2022-03-11,5949939.0
2022-03-12,5943786.0
2022-03-13,5937636.0
2022-03-14,5931490.0
2022-03-15,5924120.0
2022-03-16,5916142.0
2022-03-17,5906945.0
2022-03-18,5898982.0
2022-03-19,5891024.0
2022-03-20,5883379.0
2022-03-21,5875740.0
2022-03-22,5869023.0
2022-03-23,5861090.0
2022-03-24,5853774.0
2022-03-25,5847681.0
2022-03-26,5841592.0
2022-03-27,5836723.0
2022-03-28,5829425.0
2022-03-29,5823955.0
2022-03-30,5817274.0
2022-03-31,5812418.0
2022-04-01,5809991.0
2022-04-02,5808778.0
2022-04-03,5807767.0
2022-04-04,5806756.0
2022-04-05,5805745.0
2022-04-06,5803320.0
2022-04-07,5802107.0
2022-04-08,5801501.0
2022-04-09,5803926.0
2022-04-10,5800895.0
2022-04-11,5794836.0
2022-04-12,5793018.0
2022-04-13,5790596.0
2022-04-14,5787569.0
2022-04-15,5785754.0
2022-04-16,5785754.0
2022-04-17,5785149.0
2022-04-18,5780914.0
2022-04-19,5776681.0
2022-04-20,5772450.0
2022-04-21,5768221.0
2022-04-22,5758561.0
2022-04-23,5764597.0
2022-04-24,5768825.0
2022-04-25,5774867.0
2022-04-26,5779099.0
2022-04-27,5782124.0
2022-04-28,5782729.0
2022-04-29,5788175.0
2022-04-30,5790596.0
2022-05-01,5786964.0
2022-05-02,5789385.0
2022-05-03,5789991.0
2022-05-04,5794230.0
2022-05-05,5796653.0
2022-05-06,5801501.0
2022-05-07,5806351.0
2022-05-08,5808171.0
2022-05-09,5813632.0
2022-05-10,5819703.0
2022-05-11,5825778.0
2022-05-12,5847681.0
2022-05-13,5865361.0
2022-05-14,5886742.0
2022-05-15,5913076.0
2022-05-16,5937021.0
2022-05-17,5962875.0
2022-05-18,5991268.0
2022-05-19,6022844.0
2022-05-20,6059498.0
2022-05-21,6095662.0
2022-05-22,6133209.0
2022-05-23,6171526.0
2022-05-24,6208722.0
2022-05-25,6239083.0
2022-05-26,6262547.0
2022-05-27,6282247.0
2022-05-28,6298798.0
2022-05-29,6309634.0
2022-05-30,6323674.0
2022-05-31,6346048.0
2022-06-01,6372318.0
2022-06-02,6401869.0
2022-06-03,6434083.0
2022-06-04,6465099.0
2022-06-05,6494257.0
2022-06-06,6520892.0
2022-06-07,6543028.0
2022-06-08,6562597.0
2022-06-09,6580894.0
2022-06-10,6599220.0
2022-06-11,6618889.0
2022-06-12,6638593.0
2022-06-13,6658990.0
2022-06-14,6679424.0
2022-06-15,6703201.0
2022-06-16,6723715.0
2022-06-17,6742940.0
2022-06-18,6762197.0
2022-06-19,6776828.0
2022-06-20,6791477.0
2022-06-21,6800142.0
2022-06-22,6812819.0
2022-06-23,6824172.0
2022-06-24,6830856.0
2022-06-25,6836206.0
2022-06-26,6848252.0
2022-06-27,6851601.0
2022-06-28,6858971.0
2022-06-29,6867687.0
2022-06-30,6878423.0
2022-07-01,6435107.23
2022-07-02,6437624.9
2022-07-03,6438883.96
2022-07-04,6435736.59
2022-07-05,6430073.7
2022-07-06,6425671.34
2022-07-07,6419385.45
2022-07-08,6413731.35
2022-07-09,6416243.91
2022-07-10,6414359.43
2022-07-11,6403687.11
2022-07-12,6394906.24
2022-07-13,6381748.55
2022-07-14,6375488.67
2022-07-15,6358605.36
2022-07-16,6351734.63
2022-07-17,6344244.34
2022-07-18,6329279.47
2022-07-19,6314957.69
2022-07-20,6301898.21
2022-07-21,6290717.2
2022-07-22,6276447.48
2022-07-23,6266531.94
2022-07-24,6252912.89
2022-07-25,6243019.12
2022-07-26,6232517.17
2022-07-27,6223259.42
2022-07-28,6216475.58
2022-07-29,6210928.41
2022-07-30,6212160.86
2022-07-31,6212160.86
2022-08-01,6210312.24
2022-08-02,6202920.97
2022-08-03,6193689.18
2022-08-04,6181392.92
2022-08-05,6169111.28
2022-08-06,6161749.29
2022-08-07,6153166.92
2022-08-08,6140306.64
2022-08-09,6125017.62
2022-08-10,6108531.37
2022-08-11,6096946.0
2022-08-12,6087808.98
2022-08-13,6080505.25
2022-08-14,6073206.7
2022-08-15,6070775.02
2022-08-16,6058625.43
2022-08-17,6050129.45
2022-08-18,6041640.62
2022-08-19,6038610.63
2022-08-20,6035581.54
2022-08-21,6039216.55
2022-08-22,6033158.93
2022-08-23,6024684.33
2022-08-24,6011985.61
2022-08-25,6002321.12
2022-08-26,5987841.87
2022-08-27,5981212.56
2022-08-28,5973985.62
2022-08-29,5962553.7
2022-08-30,5949933.77
2022-08-31,5937930.11
2022-09-01,5930735.11
2022-09-02,5923545.49
2022-09-03,5916361.24
2022-09-04,5907986.38
2022-09-05,5899618.77
2022-09-06,5889467.85
2022-09-07,5879327.88
2022-09-08,5868603.41
2022-09-09,5858932.19
2022-09-10,5847785.59
2022-09-11,5839619.95
2022-09-12,5829978.97
2022-09-13,5822865.88
2022-09-14,5816350.3
2022-09-15,5812206.4
2022-09-16,5808655.94
2022-09-17,5806881.22
2022-09-18,5804515.45
2022-09-19,5800376.79
2022-09-20,5798603.63
2022-09-21,5795649.12
2022-09-22,5792104.94
2022-09-23,5805106.84
2022-09-24,5809839.28
2022-09-25,5815758.2
2022-09-26,5815758.2
2022-09-27,5813982.13
2022-09-28,5809839.28
2022-09-29,5803924.1
2022-09-30,5797421.72
2022-10-01,5803332.79
2022-10-02,5808064.33
2022-10-03,5817534.61
2022-10-04,5827607.33
2022-10-05,5840065.17
2022-10-06,5849568.15
2022-10-07,5854323.3
2022-10-08,5856107.12
2022-10-09,5859675.77
2022-10-10,5860270.68
2022-10-11,5859675.77
2022-10-12,5860270.68
2022-10-13,5857891.27
2022-10-14,5856107.12
2022-10-15,5854917.87
2022-10-16,5852539.83
2022-10-17,5848973.92
2022-10-18,5846003.38
2022-10-19,5843033.79
2022-10-20,5840065.17
2022-10-21,5836504.08
2022-10-22,5835910.7
2022-10-23,5833537.55
2022-10-24,5832351.21
2022-10-25,5834130.78
2022-10-26,5832944.36
2022-10-27,5832351.21
2022-10-28,5832351.21
2022-10-29,5832351.21
2022-10-30,5831758.09
2022-10-31,5832351.21
2022-11-01,5828200.19
2022-11-02,5827014.52
2022-11-03,5826421.74
2022-11-04,5822865.88
2022-11-05,5819903.69
2022-11-06,5819311.36
2022-11-07,5815758.2
2022-11-08,5813390.18
2022-11-09,5811614.56
2022-11-10,5808655.94
2022-11-11,5803332.79
2022-11-12,5800967.91
2022-11-13,5795649.12
2022-11-14,5793286.18
2022-11-15,5789152.47
2022-11-16,5785020.56
2022-11-17,5780300.58
2022-11-18,5777941.46
2022-11-19,5773224.96
2022-11-20,5769099.95
2022-11-21,5764976.74
2022-11-22,5759678.11
2022-11-23,5754382.45
2022-11-24,5748501.84
2022-11-25,5742624.87
2022-11-26,5737338.7
2022-11-27,5732642.33
2022-11-28,5729121.57
2022-11-29,5726775.1
2022-11-30,5720325.25
2022-12-01,5712708.17
2022-12-02,5709194.62
2022-12-03,5703926.71
2022-12-04,5696907.33
2022-12-05,5689308.8
2022-12-06,5686387.9
2022-12-07,5680548.8
2022-12-08,5676463.56
2022-12-09,5670630.57
2022-12-10,5666549.62
2022-12-11,5658975.45
2022-12-12,5657810.74
2022-12-13,5656646.17
2022-12-14,5646753.06
2022-12-15,5640357.1
2022-12-16,5634546.3
2022-12-17,5630480.84
2022-12-18,5622355.07
2022-12-19,5614815.83
2022-12-20,5604386.49
2022-12-21,5592811.26
2022-12-22,5585872.81
2022-12-23,5574897.18
2022-12-24,5564510.83
2022-12-25,5558745.5
2022-12-26,5550679.89
2022-12-27,5543771.93
2022-12-28,5536869.02
2022-12-29,5535144.09
2022-12-30,5529396.61
2022-12-31,5530545.82
2023-01-01,5530545.82
2023-01-02,5530545.82
2023-01-03,5529396.61
2023-01-04,5528247.54
2023-01-05,5526524.19
2023-01-06,5525949.81
2023-01-07,5525949.81
2023-01-08,5523078.45
2023-01-09,5519633.99
2023-01-10,5514469.66
2023-01-11,5513896.02
2023-01-12,5511601.82
2023-01-13,5508161.58
2023-01-14,5507015.11
2023-01-15,5504722.6
2023-01-16,5504722.6
2023-01-17,5501284.88
2023-01-18,5500139.26
2023-01-19,5501857.75
2023-01-20,5498993.78
2023-01-21,5497275.81
2023-01-22,5497275.81
2023-01-23,5490407.12
2023-01-24,5486402.7
2023-01-25,5482399.98
2023-01-26,5477827.54
2023-01-27,5473257.33
2023-01-28,5468689.35
2023-01-29,5464694.19
2023-01-30,5462412.01
2023-01-31,5456138.87
2023-02-01,5449300.24
2023-02-02,5443605.2
2023-02-03,5437344.64
2023-02-04,5433931.55
2023-02-05,5426540.77
2023-02-06,5421995.51
2023-02-07,5415181.77
2023-02-08,5411776.78
2023-02-09,5404403.58
2023-02-10,5400435.83
2023-02-11,5394204.21
2023-02-12,5392505.4
2023-02-13,5382884.72
2023-02-14,5380622.48
2023-02-15,5380057.01
2023-02-16,5374969.29
2023-02-17,5368754.8
2023-02-18,5360851.63
2023-02-19,5358030.76
2023-02-20,5353519.18
2023-02-21,5347319.46
2023-02-22,5345629.36
2023-02-23,5341123.98
2023-02-24,5336620.84
2023-02-25,5334932.74
2023-02-26,5324810.72
2023-02-27,5323686.74
2023-02-28,5319753.9
2023-03-01,5319753.9
2023-03-02,5314138.45
2023-03-03,5311332.04
2023-03-04,5308526.5
2023-03-05,5306843.6
2023-03-06,5302357.4
2023-03-07,5299554.66
2023-03-08,5296192.53
2023-03-09,5291711.65
2023-03-10,5288912.24
2023-03-11,5287792.72
2023-03-12,5287792.72
2023-03-13,5287233.01
2023-03-14,5288912.24
2023-03-15,5296192.53
2023-03-16,5300115.14
2023-03-17,5301796.78
2023-03-18,5306843.6
2023-03-19,5316384.22
2023-03-20,5316384.22
2023-03-21,5320315.63
2023-03-22,5330432.68
2023-03-23,5339997.99
2023-03-24,5351827.93
2023-03-25,5358594.86
2023-03-26,5363673.4
2023-03-27,5369319.58
2023-03-28,5372143.99
2023-03-29,5373274.01
2023-03-30,5373839.07
2023-03-31,5374969.29
2023-04-01,5369884.39
2023-04-02,5365366.88
2023-04-03,5356338.65
2023-04-04,5349009.87
2023-04-05,5333807.52
2023-04-06,5317507.31
2023-04-07,5301236.2
2023-04-08,5292271.64
2023-04-09,5284434.99
2023-04-10,5271575.34
2023-04-11,5267665.18
2023-04-12,5259849.95
2023-04-13,5257060.44
2023-04-14,5265989.92
2023-04-15,5283316.03
2023-04-16,5317507.31
2023-04-17,5350700.6
2023-04-18,5386279.11
2023-04-19,5424267.86
2023-04-20,5457279.13
2023-04-21,5491551.55
2023-04-22,5527098.61
2023-04-23,5562780.86
2023-04-24,5548376.68
2023-04-25,5517338.38
2023-04-26,5487546.64
2023-04-27,5476113.45
2023-04-28,5494985.69
2023-04-29,5516190.78
2023-04-30,5544347.4
2023-05-01,5565664.31
2023-05-02,5595125.19
2023-05-03,5636870.2
2023-05-04,5686972.01
2023-05-05,5742624.87
2023-05-06,5805698.26
2023-05-07,5876943.6
2023-05-08,5945130.51
2023-05-09,6010777.04
2023-05-10,6072598.72
2023-05-11,6136635.17
2023-05-12,6202305.27
2023-05-13,6270249.2
2023-05-14,6329279.47
2023-05-15,6395533.21
2023-05-16,6469777.75
2023-05-17,6550906.85
2023-05-18,6637790.73
2023-05-19,6728615.21
2023-05-20,6824762.82
2023-05-21,6928326.52
2023-05-22,7030191.33
2023-05-23,7129630.8
2023-05-24,7227253.33
2023-05-25,7320941.15
2023-05-26,7417457.83
2023-05-27,7516169.99
2023-05-28,7613612.93
2023-05-29,7697762.92
2023-05-30,7802352.1
2023-05-31,7887843.45
2023-06-01,7962461.79
2023-06-02,8042701.61
2023-06-03,8120560.52
2023-06-04,8206260.54
2023-06-05,8276273.25
2023-06-06,8336277.23
2023-06-07,8395823.71
2023-06-08,8448158.69
2023-06-09,8517277.85
2023-06-10,8575431.5
2023-06-11,8650601.63
2023-06-12,8716267.23
2023-06-13,8787657.83
2023-06-14,8862532.42
2023-06-15,8925376.7
2023-06-16,8996323.12
2023-06-17,9042516.02
2023-06-18,9097524.77
2023-06-19,9141693.87
2023-06-20,9187589.89
2023-06-21,9232845.52
2023-06-22,9275064.51
2023-06-23,9316615.73
2023-06-24,9359900.93
2023-06-25,9402518.42
2023-06-26,9440418.53
2023-06-27,9475989.92
2023-06-28,9510836.26
2023-06-29,9545766.01
2023-06-30,9574257.95
2023-07-01,9601988.82
2023-07-02,9622412.75
2023-07-03,9637135.11
2023-07-04,9651871.94
2023-07-05,9670723.66
2023-07-06,9664163.81
2023-07-07,9669083.43
2023-07-08,9673184.36
2023-07-09,9672364.08
2023-07-10,9670723.66
2023-07-11,9665803.5
2023-07-12,9659245.84
2023-07-13,9649414.79
2023-07-14,9640408.7
2023-07-15,9628954.25
2023-07-16,9619143.04
2023-07-17,9603621.69
2023-07-18,9587301.22
2023-07-19,9573443.13
2023-07-20,9555528.5
2023-07-21,9535197.12
2023-07-22,9518140.24
2023-07-23,9493807.9
2023-07-24,9478418.37
2023-07-25,9457385.09
2023-07-26,9436381.83
2023-07-27,9418633.84
2023-07-28,9393662.69
2023-07-29,9368735.33
2023-07-30,9349467.72
2023-07-31,9327824.48
2023-08-01,9307815.39
2023-08-02,9292228.89
2023-08-03,9276660.28
2023-08-04,9258320.31
2023-08-05,9240005.37
2023-08-06,9223305.12
2023-08-07,9206626.26
2023-08-08,9189967.98
2023-08-09,9170954.75
2023-08-10,9153548.98
2023-08-11,9138534.18
2023-08-12,9118802.47
2023-08-13,9095949.99
2023-08-14,9078639.52
2023-08-15,9064492.88
2023-08-16,9048791.51
2023-08-17,9037811.31
2023-08-18,9019008.65
2023-08-19,9001795.53
2023-08-20,8988899.72
2023-08-21,8976015.66
2023-08-22,8966652.86
2023-08-23,8962753.58
2023-08-24,8949504.31
2023-08-25,8943273.77
2023-08-26,8935489.58
2023-08-27,8929265.39
2023-08-28,8921489.1
2023-08-29,8908279.42
2023-08-30,8894306.33
2023-08-31,8878022.52
2023-09-01,8867177.58
2023-09-02,8863306.5
2023-09-03,8853246.91
2023-09-04,8847060.12
2023-09-05,8833922.64
2023-09-06,8825428.73
2023-09-07,8816940.17
2023-09-08,8810770.08
2023-09-09,8810770.08
2023-09-10,8803832.17
2023-09-11,8799208.91
2023-09-12,8794587.27
2023-09-13,8795357.43
2023-09-14,8794587.27
2023-09-15,8795357.43
2023-09-16,8793817.15
2023-09-17,8795357.43
2023-09-18,8793817.15
2023-09-19,8790737.13
2023-09-20,8791507.07
2023-09-21,8790737.13
2023-09-22,8790737.13
2023-09-23,8794587.27
2023-09-24,8793047.08
2023-09-25,8793047.08
2023-09-26,8792277.05
2023-09-27,8792277.05
2023-09-28,8792277.05
2023-09-29,8792277.05
2023-09-30,8790352.18
2023-10-01,8788427.59
2023-10-02,8781501.38
2023-10-03,8779962.72
2023-10-04,8778424.23
2023-10-05,8775347.81
2023-10-06,8775347.81
2023-10-07,8773040.95
2023-10-08,8769965.78
2023-10-09,8767659.87
2023-10-10,8763049.26
2023-10-11,8759208.32
2023-10-12,8758440.27
2023-10-13,8753065.15
2023-10-14,8749994.64
2023-10-15,8747692.23
2023-10-16,8744622.97
2023-10-17,8743088.62
2023-10-18,8742321.51
2023-10-19,8741554.45
2023-10-20,8740787.44
2023-10-21,8740787.44
2023-10-22,8740020.47
2023-10-23,8737719.84
2023-10-24,8736953.05
2023-10-25,8733886.37
2023-10-26,8734652.97
2023-10-27,8730820.43
2023-10-28,8730054.06
2023-10-29,8728521.45
2023-10-30,8723924.74
2023-10-31,8723924.74
2023-11-01,8714736.28
2023-11-02,8708614.31
2023-11-03,8703260.0
2023-11-04,8698672.37
2023-11-05,8694086.39
2023-11-06,8705554.43
2023-11-07,8703260.0
2023-11-08,8702495.28
2023-11-09,8698672.37
2023-11-10,8694850.6
2023-11-11,8693322.22
2023-11-12,8690266.0
2023-11-13,8687210.5
2023-11-14,8683392.16
2023-11-15,8679574.96
2023-11-16,8674232.78
2023-11-17,8672706.85
2023-11-18,8668892.82
2023-11-19,8668130.15
2023-11-20,8665842.42
2023-11-21,8665079.93
2023-11-22,8665079.93
2023-11-23,8661268.22
2023-11-24,8653648.29
2023-11-25,8653648.29
2023-11-26,8647555.71
2023-11-27,8642988.23
2023-11-28,8638422.41
2023-11-29,8634618.85
2023-11-30,8626255.07
2023-12-01,8619416.14
2023-12-02,8610303.35
2023-12-03,8605749.42
2023-12-04,8598163.15
2023-12-05,8592097.36
2023-12-06,8583761.64
2023-12-07,8576188.55
2023-12-08,8565593.99
2023-12-09,8564081.23
2023-12-10,8561812.42
2023-12-11,8556520.16
2023-12-12,8548963.74
2023-12-13,8541411.97
2023-12-14,8533110.42
2023-12-15,8527830.58
2023-12-16,8524814.56
2023-12-17,8520291.96
2023-12-18,8516524.44
2023-12-19,8510498.87
2023-12-20,8504476.29
2023-12-21,8499208.99
2023-12-22,8492440.09
2023-12-23,8486426.46
2023-12-24,8484172.11
2023-12-25,8479664.66
2023-12-26,8472906.59
2023-12-27,8467652.9
2023-12-28,8459401.61
2023-12-29,8452654.65
2023-12-30,8446660.39
2023-12-31,8440668.94
2024-01-01,8429442.62
2024-01-02,8416731.57
2024-01-03,8403286.81
2024-01-04,8389856.4
2024-01-05,8380910.73
2024-01-06,8371226.7
2024-01-07,8360061.96
2024-01-08,8349650.55
2024-01-09,8335534.69
2024-01-10,8327369.65
2024-01-11,8318468.41
2024-01-12,8305128.39
2024-01-13,8296242.87
2024-01-14,8286623.87
2024-01-15,8278490.51
2024-01-16,8267408.11
2024-01-17,8254859.91
2024-01-18,8247484.46
2024-01-19,8237166.06
2024-01-20,8225383.82
2024-01-21,8217289.71
2024-01-22,8209200.71
2024-01-23,8198913.09
2024-01-24,8189367.78
2024-01-25,8183497.32
2024-01-26,8176163.05
2024-01-27,8167367.51
2024-01-28,8160042.53
2024-01-29,8152721.72
2024-01-30,8145405.05
2024-01-31,8138092.63
2024-02-01,8130784.54
2024-02-02,8124210.98
2024-02-03,8120560.52
2024-02-04,8118370.76
2024-02-05,8111074.4
2024-02-06,8103053.42
2024-02-07,8095037.71
2024-02-08,8087755.27
2024-02-09,8081932.46
2024-02-10,8078294.63
2024-02-11,8073930.67
2024-02-12,8067387.69
2024-02-13,8059395.52
2024-02-14,8051408.62
2024-02-15,8044152.35
2024-02-16,8036175.43
2024-02-17,8032551.28
2024-02-18,8025306.19
2024-02-19,8015893.92
2024-02-20,8007935.24
2024-02-21,7997813.25
2024-02-22,7990588.88
2024-02-23,7981926.19
2024-02-24,7976155.07
2024-02-25,7969666.46
2024-02-26,7958141.51
2024-02-27,7955262.38
2024-02-28,7945192.26
2024-02-29,7935133.2
2024-03-01,7924368.8
2024-03-02,7915764.82
2024-03-03,7910748.61
2024-03-04,7903586.16
2024-03-05,7894281.21
2024-03-06,7887843.45
2024-03-07,7879979.67
2024-03-08,7872835.15
2024-03-09,7864980.97
2024-03-10,7857131.81
2024-03-11,7847150.33
2024-03-12,7838602.68
2024-03-13,7832908.21
2024-03-14,7824372.34
2024-03-15,7822950.36
2024-03-16,7821528.57
2024-03-17,7817264.31
2024-03-18,7808740.69
2024-03-19,7801642.47
2024-03-20,7793839.15
2024-03-21,7785331.39
2024-03-22,7776120.85
2024-03-23,7769040.67
2024-03-24,7761964.7
2024-03-25,7752772.2
2024-03-26,7744999.43
2024-03-27,7740761.85
2024-03-28,7733702.53
2024-03-29,7725942.0
2024-03-30,7723121.2
2024-03-31,7717481.54
2024-04-01,7713958.02
2024-04-02,7711139.93
2024-04-03,7707618.24
2024-04-04,7699874.1
2024-04-05,7685806.46
2024-04-06,7686509.46
2024-04-07,7685806.46
2024-04-08,7678778.72
2024-04-09,7675266.37
2024-04-10,7672457.22
2024-04-11,7670350.78
2024-04-12,7664033.62
2024-04-13,7664735.37
2024-04-14,7663331.92
2024-04-15,7661928.63
2024-04-16,7660525.5
2024-04-17,7660525.5
2024-04-18,7661227.04
2024-04-19,7666138.98
2024-04-20,7671755.03
2024-04-21,7678076.17
2024-04-22,7685806.46
2024-04-23,7694245.09
2024-04-24,7701281.76
2024-04-25,7709026.79
2024-04-26,7716072.01
2024-04-27,7729468.9
2024-04-28,7744999.43
2024-04-29,7758428.28
2024-04-30,7773996.36
2024-05-01,7797385.52
2024-05-02,7813001.69
2024-05-03,7830773.6
2024-05-04,7840738.91
2024-05-05,7853565.84
2024-05-06,7863553.48
2024-05-07,7879265.03
2024-05-08,7885698.28
2024-05-09,7894281.21
2024-05-10,7903586.16
2024-05-11,7915764.82
2024-05-12,7925086.07
2024-05-13,7933697.15
2024-05-14,7940879.84
2024-05-15,7948068.33
2024-05-16,7952384.11
2024-05-17,7957421.64
2024-05-18,7968945.76
2024-05-19,7982647.8
2024-05-20,7991311.1
2024-05-21,8010105.29
2024-05-22,8055038.38
2024-05-23,8094309.27
2024-05-24,8132245.81
2024-05-25,8177629.57
2024-05-26,8219496.7
2024-05-27,8262239.68
2024-05-28,8301425.34
2024-05-29,8340733.41
2024-05-30,8378675.3
2024-05-31,8419721.25
2024-06-01,8463901.63
2024-06-02,8512004.98
2024-06-03,8563324.91
2024-06-04,8611062.49
2024-06-05,8656695.7
2024-06-06,8704024.76
2024-06-07,8751529.81
2024-06-08,8803832.17
2024-06-09,8862532.42
2024-06-10,8923821.53
2024-06-11,8991113.3
2024-06-12,9058733.63
2024-06-13,9126691.68
2024-06-14,9186004.72
2024-06-15,9236822.74
2024-06-16,9289433.21
2024-06-17,9330227.57
2024-06-18,9374360.22
2024-06-19,9410573.86
2024-06-20,9451727.35
2024-06-21,9488946.3
2024-06-22,9529509.27
2024-06-23,9562854.58
2024-06-24,9596275.22
2024-06-25,9629772.14
2024-06-26,9660884.98
2024-06-27,9681389.65
2024-06-28,9702744.85
2024-06-29,9724953.49
2024-06-30,9748843.62
2024-07-01,9772771.72
2024-07-02,9795083.68
2024-07-03,9819084.63
2024-07-04,9837317.54
2024-07-05,9853081.8
2024-07-06,9866369.69
2024-07-07,9873849.18
2024-07-08,9877174.56
2024-07-09,9878837.53
2024-07-10,9878837.53
2024-07-11,9875511.78
2024-07-12,9868862.45
2024-07-13,9860554.81
2024-07-14,9853081.8
2024-07-15,9848931.72
2024-07-16,9837317.54
2024-07-17,9826540.9
2024-07-18,9815771.91
2024-07-19,9807493.25
2024-07-20,9798391.91
2024-07-21,9789295.99
2024-07-22,9778553.18
2024-07-23,9764516.35
2024-07-24,9752966.44
2024-07-25,9741425.39
2024-07-26,9731540.09
2024-07-27,9720015.43
2024-07-28,9707677.3
2024-07-29,9693706.18
2024-07-30,9679748.23
2024-07-31,9667443.37
2024-08-01,9654329.5
2024-08-02,9638771.82
2024-08-03,9621595.26
2024-08-04,9606071.33
2024-08-05,9590020.03
2024-08-06,9573986.34
2024-08-07,9557970.12
2024-08-08,9541700.18
2024-08-09,9527884.58
2024-08-10,9520169.77
2024-08-11,9512459.05
2024-08-12,9499481.81
2024-08-13,9490566.65
2024-08-14,9488946.3
2024-08-15,9482466.68
2024-08-16,9474371.18
2024-08-17,9472752.62
2024-08-18,9460619.04
2024-08-19,9451727.35
2024-08-20,9432346.26
2024-08-21,9427505.08
2024-08-22,9419440.09
2024-08-23,9410573.86
2024-08-24,9408156.75
2024-08-25,9408962.41
2024-08-26,9409768.11
2024-08-27,9408156.75
2024-08-28,9400907.88
2024-08-29,9393662.69
2024-08-30,9383203.93
2024-08-31,9375163.97
2024-09-01,9372752.87
2024-09-02,9367128.65
2024-09-03,9359098.09
2024-09-04,9353479.54
2024-09-05,9342249.45
2024-09-06,9331028.7
2024-09-07,9321418.34
2024-09-08,9311014.85
2024-09-09,9302218.16
2024-09-10,9293427.22
2024-09-11,9279852.39
2024-09-12,9275064.51
2024-09-13,9263102.24
2024-09-14,9255133.3
2024-09-15,9244780.76
2024-09-16,9236027.2
2024-09-17,9224099.89
2024-09-18,9212977.62
2024-09-19,9205832.54
2024-09-20,9197897.96
2024-09-21,9194725.42
2024-09-22,9187589.89
2024-09-23,9182042.6
2024-09-24,9174913.67
2024-09-25,9168579.94
2024-09-26,9162249.13
2024-09-27,9155921.21
2024-09-28,9151177.15
2024-09-29,9147225.01
2024-09-30,9141693.87
2024-10-01,9136164.87
2024-10-02,9131427.44
2024-10-03,9125902.55
2024-10-04,9120379.94
2024-10-05,9117225.18
2024-10-06,9112494.45
2024-10-07,9107765.38
2024-10-08,9101462.54
2024-10-09,9095162.67
2024-10-10,9089652.7
2024-10-11,9084144.98
2024-10-12,9079425.87
2024-10-13,9073922.33
2024-10-14,9066064.0
2024-10-15,9062921.94
2024-10-16,9055069.9
2024-10-17,9047222.37
2024-10-18,9043300.3
2024-10-19,9041731.79
2024-10-20,9041731.79
2024-10-21,9051145.57
2024-10-22,9057425.05
2024-10-23,9059780.59
2024-10-24,9064492.88
2024-10-25,9064492.88
2024-10-26,9061351.17
2024-10-27,9059780.59
2024-10-28,9055854.91
2024-10-29,9052715.17
2024-10-30,9049576.15
2024-10-31,9047222.37
2024-11-01,9048006.92
2024-11-02,9047222.37
2024-11-03,9049576.15
2024-11-04,9039379.36
2024-11-05,9032324.52
2024-11-06,9033108.21
2024-11-07,9026839.95
2024-11-08,9022923.74
2024-11-09,9018225.77
2024-11-10,9014312.03
2024-11-11,9010399.4
2024-11-12,9006487.88
2024-11-13,8999449.95
2024-11-14,8993978.46
2024-11-15,8985384.73
2024-11-16,8980699.44
2024-11-17,8974454.75
2024-11-18,8969773.08
2024-11-19,8963533.35
2024-11-20,8958855.41
2024-11-21,8952620.63
2024-11-22,8946388.69
2024-11-23,8940938.05
2024-11-24,8936267.8
2024-11-25,8930821.17
2024-11-26,8929265.39
2024-11-27,8925376.7
2024-11-28,8923044.01
2024-11-29,8921489.1
2024-11-30,8918379.81
2024-12-01,8912163.32
2024-12-02,8902843.78
2024-12-03,8895082.24
2024-12-04,8884998.89
2024-12-05,8877247.59
2024-12-06,8867177.58
2024-12-07,8858662.68
2024-12-08,8852473.4
2024-12-09,8843194.83
2024-12-10,8834695.08
2024-12-11,8826972.68
2024-12-12,8817711.64
2024-12-13,8808457.04
2024-12-14,8799208.91
2024-12-15,8792277.05
2024-12-16,8781501.38
2024-12-17,8774578.81
2024-12-18,8766122.82
2024-12-19,8757672.26
2024-12-20,8749227.13
2024-12-21,8740787.44
2024-12-22,8736186.31
2024-12-23,8727755.22
2024-12-24,8723158.78
2024-12-25,8712440.2
2024-12-26,8702495.28
2024-12-27,8695614.87
2024-12-28,8687974.31
2024-12-29,8681101.7
2024-12-30,8679574.96
2024-12-31,8668892.82
2025-01-01,8656695.7
2025-01-02,8647555.71
2025-01-03,8634618.85
2025-01-04,8624734.99
2025-01-05,8614858.92
2025-01-06,8604990.59
2025-01-07,8594371.7
2025-01-08,8579217.24
2025-01-09,8567863.49
2025-01-10,8552741.37
2025-01-11,8543677.01
2025-01-12,8536883.15
2025-01-13,8521799.3
2025-01-14,8506734.41
2025-01-15,8490184.63
2025-01-16,8472906.59
2025-01-17,8458651.77
2025-01-18,8450406.47
2025-01-19,8436925.72
2025-01-20,8421216.35
2025-01-21,8403286.81
2025-01-22,8387619.39
2025-01-23,8370482.08
2025-01-24,8359318.0
2025-01-25,8347420.67
2025-01-26,8334792.2
2025-01-27,8321929.25
2025-01-28,8309079.52
2025-01-29,8296242.87
2025-01-30,8285802.08
2025-01-31,8275370.03
2025-02-01,8264946.69
2025-02-02,8251171.64
2025-02-03,8236429.36
2025-02-04,8229064.62
2025-02-05,8220232.45
2025-02-06,8206995.52
2025-02-07,8199647.65
2025-02-08,8195240.97
2025-02-09,8186432.21
2025-02-10,8173963.6
2025-02-11,8165902.18
2025-02-12,8151989.87
2025-02-13,8140285.9
2025-02-14,8130784.54
2025-02-15,8126401.78
2025-02-16,8116911.14
2025-02-17,8106698.67
2025-02-18,8097223.29
2025-02-19,8082660.16
2025-02-20,8069568.29
2025-02-21,8062301.16
2025-02-22,8052860.39
2025-02-23,8043426.96
2025-02-24,8031101.92
2025-02-25,8020237.16
2025-02-26,8010828.72
2025-02-27,7996367.99
2025-02-28,7983369.47
2025-03-01,7968945.76
2025-03-02,7963182.02
2025-03-03,7960301.41
2025-03-04,7945911.19
2025-03-05,7939442.82
2025-03-06,7932979.22
2025-03-07,7920066.06
2025-03-08,7912898.17
2025-03-09,7906450.64
2025-03-10,7897143.52
2025-03-11,7889273.77
2025-03-12,7876406.89
2025-03-13,7873549.41
2025-03-14,7862126.15
2025-03-15,7853565.84
2025-03-16,7845012.73
2025-03-17,7834331.53
2025-03-18,7825794.51
2025-03-19,7820817.74
2025-03-20,7813001.69
2025-03-21,7808740.69
2025-03-22,7797385.52
2025-03-23,7793839.15
2025-03-24,7786040.19
2025-03-25,7780370.99
2025-03-26,7773288.28
2025-03-27,7764794.59
2025-03-28,7755599.91
2025-03-29,7752065.37
2025-03-30,7747118.77
2025-03-31,7737231.67
2025-04-01,7732996.82
2025-04-02,7726647.3
2025-04-03,7729468.9
2025-04-04,7721711.05
2025-04-05,7718186.36
2025-04-06,7715367.3
2025-04-07,7713253.43
2025-04-08,7706914.02
2025-04-09,7703393.55
2025-04-10,7699874.1
2025-04-11,7694245.09
2025-04-12,7689321.85
2025-04-13,7685806.46
2025-04-14,7679481.31
2025-04-15,7675266.37
2025-04-16,7671052.88
2025-04-17,7666840.84
2025-04-18,7659824.0
2025-04-19,7663331.92
2025-04-20,7659824.0
2025-04-21,7659122.53
2025-04-22,7659824.0
2025-04-23,7657719.72
2025-04-24,7658421.11
2025-04-25,7654914.58
2025-04-26,7653512.25
2025-04-27,7650708.07
2025-04-28,7646502.97
2025-04-29,7641598.82
2025-04-30,7638797.33
2025-05-01,7635296.38
2025-05-02,7635296.38
2025-05-03,7638797.33
2025-05-04,7635996.49
2025-05-05,7635296.38
2025-05-06,7638797.33
2025-05-07,7635996.49
2025-05-08,7636696.64
2025-05-09,7640898.39
2025-05-10,7642999.81
2025-05-11,7643700.36
2025-05-12,7643700.36
2025-05-13,7642999.81
2025-05-14,7646502.97
2025-05-15,7648605.34
2025-05-16,7654914.58
2025-05-17,7661928.63
2025-05-18,7668946.68
2025-05-19,7677373.66
2025-05-20,7683697.71
2025-05-21,7694245.09
2025-05-22,7700577.91
2025-05-23,7704801.62
2025-05-24,7704801.62
2025-05-25,7704801.62
2025-05-26,7704801.62
2025-05-27,7703393.55
2025-05-28,7704801.62
2025-05-29,7710435.51
2025-05-30,7713958.02
2025-05-31,7714662.64
2025-06-01,7718891.22
2025-06-02,7728763.44
2025-06-03,7747825.31
2025-06-04,7762672.11
2025-06-05,7781788.03
2025-06-06,7799513.82
2025-06-07,7818685.54
2025-06-08,7838602.68
2025-06-09,7854992.07
2025-06-10,7864980.97
2025-06-11,7876406.89
2025-06-12,7885698.28
2025-06-13,7893565.73
2025-06-14,7902154.17
2025-06-15,7907883.13
2025-06-16,7910748.61
2025-06-17,7919349.08
2025-06-18,7921500.14
2025-06-19,7921500.14
2025-06-20,7919349.08
2025-06-21,7916481.59
2025-06-22,7915048.1
2025-06-23,7912181.61
2025-06-24,7912898.17
2025-06-25,7912181.61
2025-06-26,7908599.44
2025-06-27,7902154.17
2025-06-28,7894281.21
2025-06-29,7887128.35
2025-06-30,7879265.03
2025-07-01,7869264.44
2025-07-02,7859271.99
2025-07-03,7847862.96
2025-07-04,7833619.85
2025-07-05,7822950.36
2025-07-06,7810870.99
2025-07-07,7796676.17
2025-07-08,7783913.92
2025-07-09,7771872.24
2025-07-10,7761964.7
2025-07-11,7749238.49
2025-07-12,7735819.89
2025-07-13,7723121.2
2025-07-14,7706914.02
2025-07-15,7691431.57
2025-07-16,7675266.37
2025-07-17,7660525.5
2025-07-18,7645101.59
2025-07-19,7632496.34
2025-07-20,7618156.26
2025-07-21,7603833.08
2025-07-22,7588480.64
2025-07-23,7572451.11
2025-07-24,7559921.17
2025-07-25,7544624.68
2025-07-26,7532123.98
2025-07-27,7519636.43
2025-07-28,7506469.35
2025-07-29,7493316.92
2025-07-30,7478106.12
2025-07-31,7462224.87
2025-08-01,7445675.79
2025-08-02,7430525.88
2025-08-03,7415395.81
2025-08-04,7399599.35
2025-08-05,7385880.94
2025-08-06,7370809.51
2025-08-07,7354390.33
2025-08-08,7337994.82
2025-08-09,7323668.04
2025-08-10,7304593.33
2025-08-11,7286229.29
2025-08-12,7269930.18
2025-08-13,7252298.68
2025-08-14,7234017.13
2025-08-15,7221169.34
2025-08-16,7204961.32
2025-08-17,7187428.8
2025-08-18,7169923.47
2025-08-19,7153117.13
2025-08-20,7137677.67
2025-08-21,7120250.13
2025-08-22,7102181.07
2025-08-23,7087479.5
2025-08-24,7066795.91
2025-08-25,7050808.62
2025-08-26,7044153.85
2025-08-27,7028198.06
2025-08-28,7012928.06
2025-08-29,7001654.88
2025-08-30,6988406.83
2025-08-31,6977158.34
2025-09-01,6968564.22
2025-09-02,6959976.75
2025-09-03,6950076.39
2025-09-04,6943481.05
2025-09-05,6933595.33
2025-09-06,6927009.7
2025-09-07,6917138.46
2025-09-08,6906618.56
2025-09-09,6897421.41
2025-09-10,6886919.31
2025-09-11,6874460.67
2025-09-12,6865289.35
2025-09-13,6855471.18
2025-09-14,6852200.36
2025-09-15,6850238.31
2025-09-16,6848276.61
2025-09-17,6843700.63
2025-09-18,6834554.24
2025-09-19,6831942.35
2025-09-20,6821500.93
2025-09-21,6812372.73
2025-09-22,6805205.83
2025-09-23,6794789.53
2025-09-24,6786333.49
2025-09-25,6776584.55
2025-09-26,6770090.03
2025-09-27,6764897.15
2025-09-28,6759058.08
2025-09-29,6753870.38
2025-09-30,6748685.12
2025-10-01,6744797.77
2025-10-02,6740264.26
2025-10-03,6736379.88
2025-10-04,6731202.83
2025-10-05,6726674.9
2025-10-06,6722795.3
2025-10-07,6716332.32
2025-10-08,6712456.35
2025-10-09,6705999.42
2025-10-10,6707290.5
2025-10-11,6717624.61
2025-10-12,6733791.05
2025-10-13,6744797.77
2025-10-14,6757760.93
2025-10-15,6775285.34
2025-10-16,6788934.66
2025-10-17,6800647.49
2025-10-18,6807159.98
2025-10-19,6807159.98
2025-10-20,6811069.31
2025-10-21,6809766.05
2025-10-22,6809766.05
2025-10-23,6809766.05
2025-10-24,6811069.31
2025-10-25,6811069.31
2025-10-26,6809114.47
2025-10-27,6809766.05
2025-10-28,6805857.18
2025-10-29,6803252.03
2025-10-30,6800647.49
2025-10-31,6798694.5
2025-11-01,6796741.84
2025-11-02,6795440.26
2025-11-03,6793488.18
2025-11-04,6789585.05
2025-11-05,6783082.89
2025-11-06,6779183.43
2025-11-07,6773336.81
2025-11-08,6767493.29
2025-11-09,6761652.84
2025-11-10,6755167.08
2025-11-11,6749333.15
2025-11-12,6742854.61
2025-11-13,6737674.52
2025-11-14,6731849.83
2025-11-15,6726028.2
2025-11-16,6722795.3
2025-11-17,6721502.4
2025-11-18,6719563.33
2025-11-19,6716978.45
2025-11-20,6713748.19
2025-11-21,6709873.12
2025-11-22,6706644.94
2025-11-23,6699546.25
2025-11-24,6695031.33
2025-11-25,6689873.72
2025-11-26,6684074.34
2025-11-27,6678278.07
2025-11-28,6669267.82
2025-11-29,6664122.47
2025-11-30,6656409.02
2025-12-01,6649985.33
2025-12-02,6644207.25
2025-12-03,6635866.51
2025-12-04,6628814.02
2025-12-05,6621125.7
2025-12-06,6617283.61
2025-12-07,6611523.08
2025-12-08,6604486.66
2025-12-09,6596815.86
2025-12-10,6591066.38
2025-12-11,6585958.33
2025-12-12,6579576.71
2025-12-13,6573836.49
2025-12-14,6568099.39
2025-12-15,6561091.64
2025-12-16,6554088.54
2025-12-17,6547726.12
2025-12-18,6540731.89
2025-12-19,6532471.93
2025-12-20,6526757.24
2025-12-21,6521680.09
2025-12-22,6516605.32
2025-12-23,6508997.58
2025-12-24,6504562.22
2025-12-25,6500761.98
2025-12-26,6495697.11
2025-12-27,6491267.34
2025-12-28,6486839.44
2025-12-29,6480517.08
2025-12-30,6474198.5
2025-12-31,6468515.01
2026-01-01,6459680.1
2026-01-02,6449592.04
2026-01-03,6440772.83
2026-01-04,6429444.68
2026-01-05,6418757.06
2026-01-06,6408708.03
2026-01-07,6397414.32
2026-01-08,6386759.09
2026-01-09,6377992.18
2026-01-10,6368607.06
2026-01-11,6360479.97
2026-01-12,6347988.83
2026-01-13,6337382.84
2026-01-14,6326787.35
2026-01-15,6316202.29
2026-01-16,6305627.84
2026-01-17,6295685.08
2026-01-18,6286992.82
2026-01-19,6274587.62
2026-01-20,6262815.95
2026-01-21,6252294.26
2026-01-22,6241165.08
2026-01-23,6228813.09
2026-01-24,6220175.31
2026-01-25,6212160.86
2026-01-26,6199842.8
2026-01-27,6187539.22
2026-01-28,6173408.19
2026-01-29,6162975.93
2026-01-30,6150716.12
2026-01-31,6139694.64
2026-02-01,6129907.59
2026-02-02,6118297.76
2026-02-03,6109141.49
2026-02-04,6099993.5
2026-02-05,6092071.9
2026-02-06,6082939.25
2026-02-07,6075030.84
2026-02-08,6067128.6
2026-02-09,6058625.43
2026-02-10,6051342.72
2026-02-11,6041034.55
2026-02-12,6034370.16
2026-02-13,6024684.33
2026-02-14,6017426.0
2026-02-15,6010777.04
2026-02-16,5998095.83
2026-02-17,5993269.13
2026-02-18,5983622.71
2026-02-19,5976394.02
2026-02-20,5967365.54
2026-02-21,5960749.86
2026-02-22,5951735.61
2026-02-23,5943329.9
2026-02-24,5931334.49
2026-02-25,5924144.42
2026-02-26,5914566.01
2026-02-27,5904997.12
2026-02-28,5896632.08
2026-03-01,5890064.66
2026-03-02,5883501.83
2026-03-03,5877539.61
2026-03-04,5870389.97
2026-03-05,5863245.8
2026-03-06,5859675.77
2026-03-07,5852539.83
2026-03-08,5848379.74
2026-03-09,5842439.99
2026-03-10,5834130.78
2026-03-11,5831758.09
2026-03-12,5825829.01
2026-03-13,5821088.45
2026-03-14,5813982.13
2026-03-15,5811022.76
2026-03-16,5804515.45
2026-03-17,5798603.63
2026-03-18,5792695.54
2026-03-19,5787971.74
2026-03-20,5782070.3
2026-03-21,5774993.37
2026-03-22,5769689.13
2026-03-23,5762621.43
2026-03-24,5756735.71
2026-03-25,5750853.65
2026-03-26,5749677.67
2026-03-27,5741449.91
2026-03-28,5735577.29
2026-03-29,5732055.45
2026-03-30,5726188.58
2026-03-31,5718566.93
2026-04-01,5713879.64
2026-04-02,5713879.64
2026-04-03,5725602.09
2026-04-04,5719739.11
2026-04-05,5722670.16
2026-04-06,5722670.16
2026-04-07,5722670.16
2026-04-08,5719739.11
2026-04-09,5716223.0
2026-04-10,5714465.42
2026-04-11,5710365.66
2026-04-12,5703341.56
2026-04-13,5701001.34
2026-04-14,5696907.33
2026-04-15,5693984.1
2026-04-16,5691061.77
2026-04-17,5681132.55
2026-04-18,5675296.67
2026-04-19,5671213.71
2026-04-20,5669464.4
2026-04-21,5659557.86
2026-04-22,5657228.44
2026-04-23,5651989.31
2026-04-24,5649661.73
2026-04-25,5647916.42
2026-04-26,5640938.37
2026-04-27,5633384.56
2026-04-28,5627577.99
2026-04-29,5622355.07
2026-04-30,5619454.67
2026-05-01,5616555.14
2026-05-02,5616555.14
2026-05-03,5616555.14
2026-05-04,5609020.39
2026-05-05,5604965.61
2026-05-06,5603228.35
2026-05-07,5599754.73
2026-05-08,5599754.73
2026-05-09,5601491.38
2026-05-10,5605544.76
2026-05-11,5616555.14
2026-05-12,5625836.7
2026-05-13,5634546.3
2026-05-14,5644426.76
2026-05-15,5654899.58
2026-05-16,5668881.37
2026-05-17,5669464.4
2026-05-18,5678214.16
2026-05-19,5687556.16
2026-05-20,5689893.09
2026-05-21,5695737.93
2026-05-22,5699831.44
2026-05-23,5703926.71
2026-05-24,5705097.11
2026-05-25,5711536.84
2026-05-26,5709194.62
2026-05-27,5715637.11
2026-05-28,5713293.89
2026-05-29,5710951.24
2026-05-30,5714465.42
2026-05-31,5716808.93
2026-06-01,5717394.9
2026-06-02,5717394.9
2026-06-03,5716808.93
2026-06-04,5715637.11
2026-06-05,5713879.64
2026-06-06,5713293.89
2026-06-07,5712708.17
2026-06-08,5710951.24
2026-06-09,5709194.62
2026-06-10,5708023.73
2026-06-11,5705682.36
2026-06-12,5702756.46
2026-06-13,5699831.44
2026-06-14,5694568.67
2026-06-15,5695737.93
2026-06-16,5695153.28
2026-06-17,5693399.56
2026-06-18,5689893.09
2026-06-19,5685219.8
2026-06-20,5678797.77
2026-06-21,5674713.28
2026-06-22,5667132.51
2026-06-23,5661887.87
2026-06-24,5654317.45
2026-06-25,5644426.76
2026-06-26,5634546.3
2026-06-27,5624676.02
2026-06-28,5613656.47
2026-06-29,5605544.76
2026-06-30,5597439.68
2026-07-01,5588763.22
2026-07-02,5580094.59
2026-07-03,5573165.34
2026-07-04,5566817.93
2026-07-05,5560474.73
2026-07-06,5553559.68
2026-07-07,5544347.4
2026-07-08,5536294.01
2026-07-09,5528247.54
2026-07-10,5520207.98
2026-07-11,5513322.42
2026-07-12,5505868.78
2026-07-13,5499566.5
2026-07-14,5489262.82
2026-07-15,5482971.69
2026-07-16,5474970.9
2026-07-17,5467547.7
2026-07-18,5460700.74
2026-07-19,5454998.75
2026-07-20,5447021.81
2026-07-21,5445028.64
2026-07-22,5444743.93
2026-07-23,5439051.65
2026-07-24,5432794.13
2026-07-25,5428245.82
2026-07-26,5424836.04
2026-07-27,5418020.22
2026-07-28,5413479.12
2026-07-29,5406671.64
2026-07-30,5397036.24
2026-07-31,5389108.73
2026-08-01,5382884.72
2026-08-02,5376099.66
2026-08-03,5367060.68
2026-08-04,5358594.86
2026-08-05,5350700.6
2026-08-06,5341687.03
2026-08-07,5331557.49
2026-08-08,5324248.71
2026-08-09,5314699.84
2026-08-10,5301796.78
2026-08-11,5293951.81
2026-08-12,5282197.21
2026-08-13,5275487.2
2026-08-14,5262082.18
2026-08-15,5256502.64
2026-08-16,5250369.2
2026-08-17,5242012.23
2026-08-18,5235332.33
2026-08-19,5225877.72
2026-08-20,5216988.46
2026-08-21,5209772.47
2026-08-22,5203671.18
2026-08-23,5194250.43
2026-08-24,5181521.32
2026-08-25,5183180.56
2026-08-26,5177098.28
2026-08-27,5177098.28
