datetime,storage
1937-05-28,10046048.3
1937-05-29,10138665.0
1937-05-30,10228958.7
1937-05-31,10302056.6
1937-06-01,10373112.5
1937-06-02,10446189.6
1937-06-03,10532678.7
1937-06-04,10630357.4
1937-06-05,10725404.3
1937-06-06,10808609.1
1937-06-07,10890493.0
1937-06-08,10968202.6
1937-06-09,11046502.2
1937-06-10,11114903.1
1937-06-11,11171603.5
1937-06-12,11227563.1
1937-06-13,11277606.4
1937-06-14,11321284.7
1937-06-15,11360419.6
1937-06-16,11396801.8
1937-06-17,11433704.8
1937-06-18,11472398.7
1937-06-19,11511973.6
1937-06-20,11547314.1
1937-06-21,11581683.6
1937-06-22,11613881.3
1937-06-23,11649762.7
1937-06-24,11688595.5
1937-06-25,11724866.8
1937-06-26,11763000.0
1937-06-27,11800202.3
1937-06-28,11837404.5
1937-06-29,11874595.5
1937-06-30,11905292.7
1937-07-01,11936909.5
1937-07-02,11969677.2
1937-07-03,12002575.0
1937-07-04,12031720.5
1937-07-05,12059925.0
1937-07-06,12077779.5
1937-07-07,12096575.0
1937-07-08,12114440.9
1937-07-09,12129484.1
1937-07-10,12138901.9
1937-07-11,12153154.2
1937-07-12,12162651.9
1937-07-13,12175953.2
1937-07-14,12193997.7
1937-07-15,12222502.3
1937-07-16,12232000.0
1937-07-17,12232000.0
1937-07-18,12232000.0
1937-07-19,12279500.0
1937-07-20,12355504.6
1937-07-21,12423921.9
1937-07-22,12447921.9
1937-07-23,12469039.1
1937-07-24,12482480.5
1937-07-25,12494000.0
1937-07-26,12499765.6
1937-07-27,12504558.6
1937-07-28,12506480.5
1937-07-29,12505519.5
1937-07-30,12502636.7
1937-07-31,12496882.8
1937-08-01,12492078.1
1937-08-02,12495921.9
1937-08-03,12495921.9
1937-08-04,12494000.0
1937-08-05,12492078.1
1937-08-06,12487285.2
1937-08-07,12481519.5
1937-08-08,12476714.8
1937-08-09,12470960.9
1937-08-10,12463285.2
1937-08-11,12456558.6
1937-08-12,12446960.9
1937-08-13,12435441.4
1937-08-14,12424882.8
1937-08-15,12406808.3
1937-08-16,12385911.1
1937-08-17,12359308.3
1937-08-18,12334607.4
1937-08-19,12311808.3
1937-08-20,12283303.7
1937-08-21,12250995.4
1937-08-22,12232000.0
1937-08-23,12232000.0
1937-08-24,12232000.0
1937-08-25,12232000.0
1937-08-26,12232000.0
1937-08-27,12232000.0
1937-08-28,12232000.0
1937-08-29,12221551.4
1937-08-30,12203495.4
1937-08-31,12187352.8
1937-09-01,12171198.6
1937-09-02,12158848.1
1937-09-03,12155044.4
1937-09-04,12158848.1
1937-09-05,12163602.8
1937-09-06,12173100.5
1937-09-07,12175953.2
1937-09-08,12179745.4
1937-09-09,12179745.4
1937-09-10,12178794.4
1937-09-11,12174051.4
1937-09-12,12167394.9
1937-09-13,12160750.0
1937-09-14,12155995.4
1937-09-15,12149350.5
1937-09-16,12143644.9
1937-09-17,12137000.0
1937-09-18,12129484.1
1937-09-19,12118204.6
1937-09-20,12106925.0
1937-09-21,12098456.8
1937-09-22,12090000.0
1937-09-23,12080602.3
1937-09-24,12073075.0
1937-09-25,12063677.2
1937-09-26,12053338.6
1937-09-27,12043940.9
1937-09-28,12033602.3
1937-09-29,12019500.0
1937-09-30,12010102.3
1937-10-01,11999763.7
1937-10-02,12003515.9
1937-10-03,12035484.1
1937-10-04,12037354.5
1937-10-05,12048645.5
1937-10-06,12047704.6
1937-10-07,12043000.0
1937-10-08,12036425.0
1937-10-09,12028897.7
1937-10-10,12022322.8
1937-10-11,12015736.3
1937-10-12,12008220.5
1937-10-13,12001645.5
1937-10-14,11992236.3
1937-10-15,11983779.5
1937-10-16,11973440.9
1937-10-17,11966854.5
1937-10-18,11958397.7
1937-10-19,11949000.0
1937-10-20,11941564.1
1937-10-21,11935047.7
1937-10-22,11934116.8
1937-10-23,11935047.7
1937-10-24,11934116.8
1937-10-25,11933185.9
1937-10-26,11931335.4
1937-10-27,11930404.5
1937-10-28,11928542.7
1937-10-29,11926680.9
1937-10-30,11924819.1
1937-10-31,11922957.3
1937-11-01,11918314.1
1937-11-02,11915521.4
1937-11-03,11913659.5
1937-11-04,11911797.7
1937-11-05,11908085.4
1937-11-06,11905292.7
1937-11-07,11897845.5
1937-11-08,11898776.4
1937-11-09,11896914.6
1937-11-10,11893202.3
1937-11-11,11890409.5
1937-11-12,11887616.8
1937-11-13,11886685.9
1937-11-14,11885755.0
1937-11-15,11885755.0
1937-11-16,11883904.5
1937-11-17,11878319.1
1937-11-18,11878319.1
1937-11-19,11876457.3
1937-11-20,11875526.4
1937-11-21,11873664.6
1937-11-22,11873664.6
1937-11-23,11870883.2
1937-11-24,11865297.7
1937-11-25,11864366.8
1937-11-26,11864366.8
1937-11-27,11859723.6
1937-11-28,11856000.0
1937-11-29,11855069.1
1937-11-30,11854138.2
1937-12-01,11852276.4
1937-12-02,11850414.6
1937-12-03,11849495.0
1937-12-04,11850414.6
1937-12-05,11845771.4
1937-12-06,11846702.3
1937-12-07,11845771.4
1937-12-08,11844840.5
1937-12-09,11841116.8
1937-12-10,11835542.7
1937-12-11,11832750.0
1937-12-12,11826245.0
1937-12-13,11832750.0
1937-12-14,11835542.7
1937-12-15,11832750.0
1937-12-16,11835542.7
1937-12-17,11834611.8
1937-12-18,11835542.7
1937-12-19,11836473.6
1937-12-20,11840185.9
1937-12-21,11839255.0
1937-12-22,11842047.7
1937-12-23,11840185.9
1937-12-24,11837404.5
1937-12-25,11839255.0
1937-12-26,11837404.5
1937-12-27,11839255.0
1937-12-28,11837404.5
1937-12-29,11838335.4
1937-12-30,11834611.8
1937-12-31,11832750.0
1938-01-01,11830888.2
1938-01-02,11826245.0
1938-01-03,11825314.1
1938-01-04,11822521.4
1938-01-05,11817866.8
1938-01-06,11816005.0
1938-01-07,11809500.0
1938-01-08,11808569.1
1938-01-09,11804845.5
1938-01-10,11802995.0
1938-01-11,11799271.4
1938-01-12,11798340.5
1938-01-13,11797409.5
1938-01-14,11793685.9
1938-01-15,11784388.2
1938-01-16,11784388.2
1938-01-17,11784388.2
1938-01-18,11780664.6
1938-01-19,11776021.4
1938-01-20,11772297.7
1938-01-21,11770435.9
1938-01-22,11767654.5
1938-01-23,11768585.4
1938-01-24,11771366.8
1938-01-25,11770435.9
1938-01-26,11768585.4
1938-01-27,11770435.9
1938-01-28,11768585.4
1938-01-29,11764861.8
1938-01-30,11763930.9
1938-01-31,11763000.0
1938-02-01,11761138.2
1938-02-02,11758345.5
1938-02-03,11752771.4
1938-02-04,11748116.8
1938-02-05,11743473.6
1938-02-06,11742542.7
1938-02-07,11743473.6
1938-02-08,11740680.9
1938-02-09,11741611.8
1938-02-10,11737888.2
1938-02-11,11736957.3
1938-02-12,11734164.6
1938-02-13,11732314.1
1938-02-14,11731383.2
1938-02-15,11730452.3
1938-02-16,11728590.5
1938-02-17,11729521.4
1938-02-18,11730452.3
1938-02-19,11736026.4
1938-02-20,11739750.0
1938-02-21,11741611.8
1938-02-22,11745335.4
1938-02-23,11748116.8
1938-02-24,11747185.9
1938-02-25,11747185.9
1938-02-26,11747185.9
1938-02-27,11746255.0
1938-02-28,11747185.9
1938-03-01,11744404.5
1938-03-02,11747185.9
1938-03-03,11760207.3
1938-03-04,11829026.4
1938-03-05,11864366.8
1938-03-06,11904361.8
1938-03-07,11976263.7
1938-03-08,12014795.4
1938-03-09,12050515.9
1938-03-10,12074956.8
1938-03-11,12098456.8
1938-03-12,12113500.0
1938-03-13,12128543.2
1938-03-14,12139852.8
1938-03-15,12151252.3
1938-03-16,12160750.0
1938-03-17,12173100.5
1938-03-18,12180696.3
1938-03-19,12189254.6
1938-03-20,12193997.7
1938-03-21,12198752.3
1938-03-22,12206348.1
1938-03-23,12210151.9
1938-03-24,12211102.8
1938-03-25,12217747.7
1938-03-26,12219649.5
1938-03-27,12223453.2
1938-03-28,12232000.0
1938-03-29,12232000.0
1938-03-30,12232000.0
1938-03-31,12232000.0
1938-04-01,12232000.0
1938-04-02,12232000.0
1938-04-03,12232000.0
1938-04-04,12232000.0
1938-04-05,12232000.0
1938-04-06,12232000.0
1938-04-07,12232000.0
1938-04-08,12232000.0
1938-04-09,12232000.0
1938-04-10,12232000.0
1938-04-11,12232000.0
1938-04-12,12232000.0
1938-04-13,12232000.0
1938-04-14,12232000.0
1938-04-15,12232000.0
1938-04-16,12232000.0
1938-04-17,12232000.0
1938-04-18,12235803.7
1938-04-19,12256700.9
1938-04-20,12271892.6
1938-04-21,12275696.3
1938-04-22,12275696.3
1938-04-23,12275696.3
1938-04-24,12302299.1
1938-04-25,12636308.1
1938-04-26,12732337.2
1938-04-27,12812854.7
1938-04-28,12905000.0
1938-04-29,13003000.0
1938-04-30,13121795.2
1938-05-01,13224759.0
1938-05-02,13319795.2
1938-05-03,13399000.0
1938-05-04,13499000.0
1938-05-05,13599000.0
1938-05-06,13725250.0
1938-05-07,13841802.5
1938-05-08,13913197.5
1938-05-09,13918302.5
1938-05-10,14045802.5
1938-05-11,14117297.5
1938-05-12,14148202.5
1938-05-13,14199702.5
1938-05-14,14251202.5
1938-05-15,14282095.0
1938-05-16,14323397.5
1938-05-17,14344205.1
1938-05-18,14391000.0
1938-05-19,14448205.1
1938-05-20,14552205.1
1938-05-21,14667002.6
1938-05-22,14824502.6
1938-05-23,14930402.6
1938-05-24,15057697.4
1938-05-25,15170052.6
1938-05-26,15273839.5
1938-05-27,15378797.4
1938-05-28,15465202.6
1938-05-29,15551594.7
1938-05-30,15638000.0
1938-05-31,15724705.3
1938-06-01,15833705.3
1938-06-02,15965000.0
1938-06-03,16119002.7
1938-06-04,16273305.4
1938-06-05,16428694.6
1938-06-06,16579605.5
1938-06-07,16714000.0
1938-06-08,16848844.5
1938-06-09,16990794.4
1938-06-10,17131026.1
1938-06-11,17288656.7
1938-06-12,17435846.1
1938-06-13,17567677.7
1938-06-14,17696436.0
1938-06-15,17823816.3
1938-06-16,17940816.3
1938-06-17,18058746.3
1938-06-18,18183818.8
1938-06-19,18300426.5
1938-06-20,18400397.0
1938-06-21,18501002.9
1938-06-22,18595793.0
1938-06-23,18690597.7
1938-06-24,18771002.9
1938-06-25,18850767.1
1938-06-26,18945475.8
1938-06-27,19055278.8
1938-06-28,19148000.0
1938-06-29,19248853.4
1938-06-30,19344797.0
1938-07-01,19443603.0
1938-07-02,19518000.0
1938-07-03,19592397.0
1938-07-04,19686998.2
1938-07-05,19774507.3
1938-07-06,19849504.3
1938-07-07,19911053.1
1938-07-08,19969468.1
1938-07-09,20019000.0
1938-07-10,20064718.1
1938-07-11,20106622.6
1938-07-12,20138372.6
1938-07-13,20169046.9
1938-07-14,20194640.6
1938-07-15,20216406.3
1938-07-16,20234312.5
1938-07-17,20250953.1
1938-07-18,20267593.7
1938-07-19,20279165.0
1938-07-20,20293353.1
1938-07-21,20303667.5
1938-07-22,20313997.6
1938-07-23,20321729.4
1938-07-24,20325603.1
1938-07-25,20330752.4
1938-07-26,20341082.5
1938-07-27,20342373.8
1938-07-28,20344956.3
1938-07-29,20344956.3
1938-07-30,20344956.3
1938-07-31,20341082.5
1938-08-01,20341082.5
1938-08-02,20334626.2
1938-08-03,20330752.4
1938-08-04,20324311.9
1938-08-05,20312706.3
1938-08-06,20312706.3
1938-08-07,20308832.5
1938-08-08,20308832.5
1938-08-09,20302376.2
1938-08-10,20295935.7
1938-08-11,20292061.9
1938-08-12,20285605.6
1938-08-13,20275291.3
1938-08-14,20258640.6
1938-08-15,20256078.1
1938-08-16,20253515.6
1938-08-17,20248406.2
1938-08-18,20242000.0
1938-08-19,20235593.8
1938-08-20,20233046.9
1938-08-21,20229203.1
1938-08-22,20224078.1
1938-08-23,20215125.0
1938-08-24,20208718.8
1938-08-25,20201046.9
1938-08-26,20190796.9
1938-08-27,20179281.3
1938-08-28,20171593.7
1938-08-29,20160078.1
1938-08-30,20147281.2
1938-08-31,20138372.6
1938-09-01,20125675.7
1938-09-02,20111707.5
1938-09-03,20101553.1
1938-09-04,20091383.2
1938-09-05,20087585.0
1938-09-06,20093925.7
1938-09-07,20107893.8
1938-09-08,20130760.6
1938-09-09,20154953.1
1938-09-10,20171593.7
1938-09-11,20194640.6
1938-09-12,20215125.0
1938-09-13,20238156.3
1938-09-14,20259921.9
1938-09-15,20277873.8
1938-09-16,20293353.1
1938-09-17,20316564.3
1938-09-18,20338500.0
1938-09-19,20352688.1
1938-09-20,20363002.4
1938-09-21,20372041.3
1938-09-22,20378497.6
1938-09-23,20383646.9
1938-09-24,20387520.6
1938-09-25,20387520.6
1938-09-26,20387520.6
1938-09-27,20387520.6
1938-09-28,20386229.4
1938-09-29,20383646.9
1938-09-30,20379773.1
1938-10-01,20374623.8
1938-10-02,20372041.3
1938-10-03,20361726.9
1938-10-04,20359144.4
1938-10-05,20348814.3
1938-10-06,20344956.3
1938-10-07,20335917.5
1938-10-08,20328185.7
1938-10-09,20313997.6
1938-10-10,20297226.9
1938-10-11,20279165.0
1938-10-12,20263765.6
1938-10-13,20252234.4
1938-10-14,20245843.8
1938-10-15,20238156.3
1938-10-16,20229203.1
1938-10-17,20222796.9
1938-10-18,20216406.3
1938-10-19,20208718.8
1938-10-20,20198484.4
1938-10-21,20190796.9
1938-10-22,20181843.8
1938-10-23,20174156.2
1938-10-24,20163921.9
1938-10-25,20154953.1
1938-10-26,20146000.0
1938-10-27,20134574.3
1938-10-28,20120606.2
1938-10-29,20110436.3
1938-10-30,20096468.1
1938-10-31,20076143.8
1938-11-01,20062175.7
1938-11-02,20052021.2
1938-11-03,20029154.4
1938-11-04,20010116.8
1938-11-05,19988521.2
1938-11-06,19965654.4
1938-11-07,19935175.7
1938-11-08,19917393.8
1938-11-09,19892000.0
1938-11-10,19870744.5
1938-11-11,19854493.9
1938-11-12,19834504.9
1938-11-13,19810746.9
1938-11-14,19790742.7
1938-11-15,19770753.7
1938-11-16,19757005.5
1938-11-17,19757005.5
1938-11-18,19752000.6
1938-11-19,19755754.3
1938-11-20,19757005.5
1938-11-21,19755754.3
1938-11-22,19746995.7
1938-11-23,19742006.1
1938-11-24,19742006.1
1938-11-25,19742006.1
1938-11-26,19737001.2
1938-11-27,19733247.6
1938-11-28,19730745.1
1938-11-29,19730745.1
1938-11-30,19727006.7
1938-12-01,19720750.6
1938-12-02,19715745.7
1938-12-03,19712007.3
1938-12-04,19707002.4
1938-12-05,19699495.1
1938-12-06,19701997.6
1938-12-07,19699495.1
1938-12-08,19696992.7
1938-12-09,19695756.7
1938-12-10,19698243.9
1938-12-11,19699495.1
1938-12-12,19712007.3
1938-12-13,19699495.1
1938-12-14,19696992.7
1938-12-15,19685746.9
1938-12-16,19688249.4
1938-12-17,19690751.8
1938-12-18,19694505.5
1938-12-19,19701997.6
1938-12-20,19709504.9
1938-12-21,19710756.1
1938-12-22,19714494.5
1938-12-23,19713243.3
1938-12-24,19714494.5
1938-12-25,19718248.2
1938-12-26,19723253.1
1938-12-27,19725755.5
1938-12-28,19725755.5
1938-12-29,19723253.1
1938-12-30,19725755.5
1938-12-31,19725755.5
1939-01-01,19727006.7
1939-01-02,19727006.7
1939-01-03,19724504.3
1939-01-04,19723253.1
1939-01-05,19722001.8
1939-01-06,19713243.3
1939-01-07,19708253.7
1939-01-08,19709504.9
1939-01-09,19709504.9
1939-01-10,19708253.7
1939-01-11,19701997.6
1939-01-12,19699495.1
1939-01-13,19696992.7
1939-01-14,19693254.3
1939-01-15,19694505.5
1939-01-16,19695756.7
1939-01-17,19694505.5
1939-01-18,19692003.1
1939-01-19,19678254.9
1939-01-20,19663255.5
1939-01-21,19644502.4
1939-01-22,19633326.7
1939-01-23,19611000.0
1939-01-24,19592397.0
1939-01-25,19562638.2
1939-01-26,19537844.2
1939-01-27,19503120.6
1939-01-28,19460964.8
1939-01-29,19418793.9
1939-01-30,19366943.6
1939-01-31,19318971.8
1939-02-01,19277156.0
1939-02-02,19230415.4
1939-02-03,19207037.6
1939-02-04,19186137.2
1939-02-05,19154156.0
1939-02-06,19135803.0
1939-02-07,19082115.2
1939-02-08,19052836.4
1939-02-09,19008918.2
1939-02-10,18977197.0
1939-02-11,18936942.4
1939-02-12,18900366.5
1939-02-13,18858019.4
1939-02-14,18808405.3
1939-02-15,18764997.1
1939-02-16,18769801.8
1939-02-17,18764997.1
1939-02-18,18719396.5
1939-02-19,18682204.1
1939-02-20,18640207.0
1939-02-21,18607804.7
1939-02-22,18574201.2
1939-02-23,18533405.3
1939-02-24,18501002.9
1939-02-25,18464997.1
1939-02-26,18427804.7
1939-02-27,18388485.4
1939-02-28,18352794.1
1939-03-01,18320661.7
1939-03-02,18284955.9
1939-03-03,18259970.6
1939-03-04,18256397.1
1939-03-05,18259970.6
1939-03-06,18263544.1
1939-03-07,18256397.1
1939-03-08,18251647.0
1939-03-09,18240926.5
1939-03-10,18226647.1
1939-03-11,18223073.6
1939-03-12,18225455.9
1939-03-13,18220705.8
1939-03-14,18208794.2
1939-03-15,18201661.7
1939-03-16,18202852.9
1939-03-17,18195705.9
1939-03-18,18198088.3
1939-03-19,18196897.1
1939-03-20,18196897.1
1939-03-21,18196897.1
1939-03-22,18199279.4
1939-03-23,18200470.6
1939-03-24,18212367.7
1939-03-25,18233794.1
1939-03-26,18273058.8
1939-03-27,18305191.2
1939-03-28,18343264.8
1939-03-29,18376588.3
1939-03-30,18411102.9
1939-03-31,18446994.1
1939-04-01,18483000.0
1939-04-02,18511798.8
1939-04-03,18535793.0
1939-04-04,18561002.9
1939-04-05,18582594.7
1939-04-06,18605402.3
1939-04-07,18614997.1
1939-04-08,18642594.7
1939-04-09,18669005.9
1939-04-10,18694201.2
1939-04-11,18720597.7
1939-04-12,18745793.0
1939-04-13,18762594.7
1939-04-14,18789055.9
1939-04-15,18805982.9
1939-04-16,18828980.6
1939-04-17,18845922.4
1939-04-18,18858019.4
1939-04-19,18872538.8
1939-04-20,18887058.2
1939-04-21,18904000.0
1939-04-22,18914975.8
1939-04-23,18924745.4
1939-04-24,18935721.2
1939-04-25,18944254.6
1939-04-26,18951581.8
1939-04-27,18962557.6
1939-04-28,18977197.0
1939-04-29,18995500.0
1939-04-30,19016245.4
1939-05-01,19035754.6
1939-05-02,19056500.0
1939-05-03,19079672.9
1939-05-04,19110172.9
1939-05-05,19146778.8
1939-05-06,19194740.6
1939-05-07,19250084.6
1939-05-08,19307906.0
1939-05-09,19368174.8
1939-05-10,19427482.4
1939-05-11,19499397.0
1939-05-12,19563879.4
1939-05-13,19620914.6
1939-05-14,19673250.0
1939-05-15,19734498.8
1939-05-16,19803254.9
1939-05-17,19860750.0
1939-05-18,19917393.8
1939-05-19,19968196.9
1939-05-20,20025356.2
1939-05-21,20079957.5
1939-05-22,20129489.4
1939-05-23,20185687.5
1939-05-24,20238156.3
1939-05-25,20301085.0
1939-05-26,20366876.2
1939-05-27,20440415.0
1939-05-28,20510064.3
1939-05-29,20577146.9
1939-05-30,20635206.3
1939-05-31,20685692.4
1939-06-01,20727301.3
1939-06-02,20775400.6
1939-06-03,20815882.3
1939-06-04,20861745.1
1939-06-05,20906280.6
1939-06-06,20964232.9
1939-06-07,21018357.4
1939-06-08,21072481.9
1939-06-09,21123963.9
1939-06-10,21183357.4
1939-06-11,21237871.9
1939-06-12,21287081.3
1939-06-13,21330965.5
1939-06-14,21364215.5
1939-06-15,21397465.5
1939-06-16,21425406.5
1939-06-17,21452000.0
1939-06-18,21477452.1
1939-06-19,21501579.3
1939-06-20,21532396.7
1939-06-21,21560547.9
1939-06-22,21580634.8
1939-06-23,21602199.3
1939-06-24,21615696.0
1939-06-25,21627857.9
1939-06-26,21634598.0
1939-06-27,21641354.6
1939-06-28,21642705.9
1939-06-29,21646743.4
1939-06-30,21649446.0
1939-07-01,21646743.4
1939-07-02,21646743.4
1939-07-03,21646743.4
1939-07-04,21645392.1
1939-07-05,21642705.9
1939-07-06,21635949.3
1939-07-07,21635949.3
1939-07-08,21631895.4
1939-07-09,21631895.4
1939-07-10,21623804.0
1939-07-11,21612993.4
1939-07-12,21607604.6
1939-07-13,21600848.0
1939-07-14,21590054.0
1939-07-15,21579293.5
1939-07-16,21569920.7
1939-07-17,21555182.6
1939-07-18,21548476.1
1939-07-19,21532396.7
1939-07-20,21519000.0
1939-07-21,21502920.7
1939-07-22,21492206.5
1939-07-23,21476127.2
1939-07-24,21461372.8
1939-07-25,21450668.7
1939-07-26,21436040.6
1939-07-27,21413424.8
1939-07-28,21400128.1
1939-07-29,21388162.6
1939-07-30,21374865.8
1939-07-31,21357575.2
1939-08-01,21344262.2
1939-08-02,21325656.5
1939-08-03,21312343.5
1939-08-04,21289743.9
1939-08-05,21279093.5
1939-08-06,21256493.9
1939-08-07,21232546.8
1939-08-08,21221912.6
1939-08-09,21199296.8
1939-08-10,21182036.1
1939-08-11,21167518.1
1939-08-12,21151678.7
1939-08-13,21135839.4
1939-08-14,21116036.1
1939-08-15,21097554.2
1939-08-16,21083036.1
1939-08-17,21068518.1
1939-08-18,21057963.9
1939-08-19,21039481.9
1939-08-20,21027606.4
1939-08-21,21011767.1
1939-08-22,20997232.9
1939-08-23,20977445.8
1939-08-24,20961606.4
1939-08-25,20943124.5
1939-08-26,20924642.6
1939-08-27,20908903.2
1939-08-28,20887938.7
1939-08-29,20870908.1
1939-08-30,20852566.2
1939-08-31,20835535.5
1939-09-01,20817193.6
1939-09-02,20797556.4
1939-09-03,20778003.2
1939-09-04,20772798.1
1939-09-05,20753294.9
1939-09-06,20749407.0
1939-09-07,20778003.2
1939-09-08,20796245.1
1939-09-09,20796245.1
1939-09-10,20798867.7
1939-09-11,20805408.1
1939-09-12,20893183.8
1939-09-13,20977445.8
1939-09-14,21003839.4
1939-09-15,21039481.9
1939-09-16,21063232.9
1939-09-17,21076445.8
1939-09-18,21094927.7
1939-09-19,21104160.6
1939-09-20,21106803.2
1939-09-21,21104160.6
1939-09-22,21101518.1
1939-09-23,21096232.9
1939-09-24,21090963.9
1939-09-25,21093606.4
1939-09-26,21085678.7
1939-09-27,21075124.5
1939-09-28,21064554.2
1939-09-29,21054000.0
1939-09-30,21044767.1
1939-10-01,21040803.2
1939-10-02,21027606.4
1939-10-03,21015714.8
1939-10-04,20997232.9
1939-10-05,20984036.1
1939-10-06,20969518.1
1939-10-07,20951036.1
1939-10-08,20940481.9
1939-10-09,20931232.9
1939-10-10,20920688.7
1939-10-11,20908903.2
1939-10-12,20898413.0
1939-10-13,20887938.7
1939-10-14,20876153.2
1939-10-15,20868285.5
1939-10-16,20861745.1
1939-10-17,20851254.9
1939-10-18,20839469.4
1939-10-19,20827683.8
1939-10-20,20815882.3
1939-10-21,20804096.8
1939-10-22,20794933.8
1939-10-23,20785794.9
1939-10-24,20771496.8
1939-10-25,20751993.7
1939-10-26,20738996.8
1939-10-27,20726000.0
1939-10-28,20713003.2
1939-10-29,20701307.6
1939-10-30,20688294.9
1939-10-31,20675298.1
1939-11-01,20661000.0
1939-11-02,20646811.9
1939-11-03,20631332.5
1939-11-04,20617144.4
1939-11-05,20604247.6
1939-11-06,20595208.7
1939-11-07,20583603.1
1939-11-08,20569415.0
1939-11-09,20557793.7
1939-11-10,20542314.3
1939-11-11,20524252.4
1939-11-12,20516520.6
1939-11-13,20506206.3
1939-11-14,20494585.0
1939-11-15,20480396.9
1939-11-16,20463626.2
1939-11-17,20449438.1
1939-11-18,20432667.5
1939-11-19,20421061.9
1939-11-20,20410747.6
1939-11-21,20395252.4
1939-11-22,20378497.6
1939-11-23,20364293.7
1939-11-24,20355270.6
1939-11-25,20343665.0
1939-11-26,20334626.2
1939-11-27,20324311.9
1939-11-28,20310123.8
1939-11-29,20297226.9
1939-11-30,20281747.6
1939-12-01,20267593.7
1939-12-02,20253515.6
1939-12-03,20243281.3
1939-12-04,20231765.6
1939-12-05,20216406.3
1939-12-06,20203593.8
1939-12-07,20190796.9
1939-12-08,20180562.5
1939-12-09,20171593.7
1939-12-10,20156234.4
1939-12-11,20146000.0
1939-12-12,20137116.8
1939-12-13,20120606.2
1939-12-14,20102824.3
1939-12-15,20090127.4
1939-12-16,20076143.8
1939-12-17,20064718.1
1939-12-18,20054563.7
1939-12-19,20040595.6
1939-12-20,20029154.4
1939-12-21,20012643.8
1939-12-22,19997404.4
1939-12-23,19984707.5
1939-12-24,19972010.6
1939-12-25,19965654.4
1939-12-26,19951686.3
1939-12-27,19941531.9
1939-12-28,19927563.7
1939-12-29,19908510.6
1939-12-30,19897085.0
1939-12-31,19883256.7
1940-01-01,19868257.3
1940-01-02,19854493.9
1940-01-03,19840745.7
1940-01-04,19829500.0
1940-01-05,19809495.7
1940-01-06,19789506.7
1940-01-07,19774507.3
1940-01-08,19764497.6
1940-01-09,19748246.9
1940-01-10,19737001.2
1940-01-11,19725755.5
1940-01-12,19714494.5
1940-01-13,19704500.0
1940-01-14,19699495.1
1940-01-15,19690751.8
1940-01-16,19680757.3
1940-01-17,19671998.8
1940-01-18,19659501.8
1940-01-19,19648256.1
1940-01-20,19633326.7
1940-01-21,19625879.4
1940-01-22,19615964.8
1940-01-23,19598603.0
1940-01-24,19586206.1
1940-01-25,19571326.7
1940-01-26,19556447.3
1940-01-27,19541552.7
1940-01-28,19534120.6
1940-01-29,19530397.0
1940-01-30,19518000.0
1940-01-31,19504361.8
1940-02-01,19503120.6
1940-02-02,19501879.4
1940-02-03,19494447.3
1940-02-04,19487000.0
1940-02-05,19490723.6
1940-02-06,19489482.4
1940-02-07,19484517.6
1940-02-08,19484517.6
1940-02-09,19480793.9
1940-02-10,19482035.2
1940-02-11,19478326.7
1940-02-12,19475844.2
1940-02-13,19467155.8
1940-02-14,19462206.1
1940-02-15,19456000.0
1940-02-16,19452276.4
1940-02-17,19444844.2
1940-02-18,19442361.8
1940-02-19,19439879.4
1940-02-20,19438638.2
1940-02-21,19429964.8
1940-02-22,19425000.0
1940-02-23,19420035.2
1940-02-24,19415085.4
1940-02-25,19408879.4
1940-02-26,19411361.8
1940-02-27,19408879.4
1940-02-28,19407638.2
1940-02-29,19396482.4
1940-03-01,19396482.4
1940-03-02,19395241.2
1940-03-03,19392768.8
1940-03-04,19395241.2
1940-03-05,19395241.2
1940-03-06,19395241.2
1940-03-07,19396482.4
1940-03-08,19394000.0
1940-03-09,19394000.0
1940-03-10,19394000.0
1940-03-11,19387844.0
1940-03-12,19384165.4
1940-03-13,19386612.8
1940-03-14,19385396.6
1940-03-15,19379240.6
1940-03-16,19312815.8
1940-03-17,19369406.0
1940-03-18,19363250.0
1940-03-19,19353415.4
1940-03-20,19344797.0
1940-03-21,19336193.6
1940-03-22,19325112.8
1940-03-23,19314047.0
1940-03-24,19301750.0
1940-03-25,19290684.2
1940-03-26,19279603.4
1940-03-27,19264844.0
1940-03-28,19262396.6
1940-03-29,19255009.4
1940-03-30,19242712.4
1940-03-31,19230415.4
1940-04-01,19216887.2
1940-04-02,19205806.4
1940-04-03,19195971.8
1940-04-04,19175056.4
1940-04-05,19173825.2
1940-04-06,19178750.0
1940-04-07,19184906.0
1940-04-08,19191047.0
1940-04-09,19195971.8
1940-04-10,19202112.8
1940-04-11,19202112.8
1940-04-12,19202112.8
1940-04-13,19202112.8
1940-04-14,19199665.4
1940-04-15,19188584.6
1940-04-16,19191047.0
1940-04-17,19186137.2
1940-04-18,19183674.8
1940-04-19,19179981.2
1940-04-20,19175056.4
1940-04-21,19176287.6
1940-04-22,19177518.8
1940-04-23,19178750.0
1940-04-24,19179981.2
1940-04-25,19179981.2
1940-04-26,19178750.0
1940-04-27,19191047.0
1940-04-28,19213193.6
1940-04-29,19229184.2
1940-04-30,19252547.0
1940-05-01,19275924.8
1940-05-02,19299287.6
1940-05-03,19321434.2
1940-05-04,19344797.0
1940-05-05,19366943.6
1940-05-06,19389075.2
1940-05-07,19406397.0
1940-05-08,19425000.0
1940-05-09,19442361.8
1940-05-10,19469638.2
1940-05-11,19500638.2
1940-05-12,19535361.8
1940-05-13,19576276.4
1940-05-14,19618447.3
1940-05-15,19664506.7
1940-05-16,19716996.9
1940-05-17,19772004.9
1940-05-18,19837007.3
1940-05-19,19902154.4
1940-05-20,19969468.1
1940-05-21,20039324.3
1940-05-22,20110436.3
1940-05-23,20176718.8
1940-05-24,20239437.5
1940-05-25,20304958.7
1940-05-26,20353979.4
1940-05-27,20405582.5
1940-05-28,20452020.6
1940-05-29,20488144.4
1940-05-30,20533291.3
1940-05-31,20577146.9
1940-06-01,20623585.0
1940-06-02,20675298.1
1940-06-03,20731205.1
1940-06-04,20783192.4
1940-06-05,20835535.5
1940-06-06,20897117.7
1940-06-07,20958963.9
1940-06-08,21009124.5
1940-06-09,21055321.3
1940-06-10,21100196.8
1940-06-11,21130554.2
1940-06-12,21183357.4
1940-06-13,21219250.0
1940-06-14,21251168.7
1940-06-15,21275115.8
1940-06-16,21297715.5
1940-06-17,21317668.7
1940-06-18,21336290.6
1940-06-19,21353581.3
1940-06-20,21368209.4
1940-06-21,21388162.6
1940-06-22,21402790.6
1940-06-23,21413424.8
1940-06-24,21432046.8
1940-06-25,21442697.1
1940-06-26,21453341.3
1940-06-27,21457365.2
1940-06-28,21464055.4
1940-06-29,21466738.0
1940-06-30,21472103.3
1940-07-01,21476127.2
1940-07-02,21476127.2
1940-07-03,21480134.8
1940-07-04,21476127.2
1940-07-05,21476127.2
1940-07-06,21474785.9
1940-07-07,21472103.3
1940-07-08,21465396.7
1940-07-09,21457365.2
1940-07-10,21450668.7
1940-07-11,21441365.8
1940-07-12,21426737.8
1940-07-13,21416087.4
1940-07-14,21404121.9
1940-07-15,21394802.9
1940-07-16,21376197.1
1940-07-17,21360237.8
1940-07-18,21344262.2
1940-07-19,21328302.9
1940-07-20,21309697.1
1940-07-21,21296384.2
1940-07-22,21279093.5
1940-07-23,21267128.1
1940-07-24,21251168.7
1940-07-25,21240534.5
1940-07-26,21223243.9
1940-07-27,21209947.1
1940-07-28,21193987.8
1940-07-29,21180714.8
1940-07-30,21171481.9
1940-07-31,21158285.2
1940-08-01,21146393.6
1940-08-02,21130554.2
1940-08-03,21118678.7
1940-08-04,21098875.5
1940-08-05,21089642.6
1940-08-06,21073803.2
1940-08-07,21055321.3
1940-08-08,21036839.4
1940-08-09,21021000.0
1940-08-10,20998554.2
1940-08-11,20982714.8
1940-08-12,20965554.2
1940-08-13,20940481.9
1940-08-14,20919377.4
1940-08-15,20898413.0
1940-08-16,20876153.2
1940-08-17,20853877.4
1940-08-18,20842091.9
1940-08-19,20835535.5
1940-08-20,20818504.9
1940-08-21,20798867.7
1940-08-22,20916754.9
1940-08-23,20772798.1
1940-08-24,20740298.1
1940-08-25,20724698.7
1940-08-26,20706496.8
1940-08-27,20698705.1
1940-08-28,20692198.7
1940-08-29,20681804.4
1940-08-30,20675298.1
1940-08-31,20670093.0
1940-09-01,20648103.1
1940-09-02,20635206.3
1940-09-03,20755897.5
1940-09-04,20615853.1
1940-09-05,20601665.0
1940-09-06,20591335.0
1940-09-07,20575855.6
1940-09-08,20579729.4
1940-09-09,20573273.1
1940-09-10,20560376.2
1940-09-11,20541023.1
1940-09-12,20528126.2
1940-09-13,20511355.6
1940-09-14,20495876.2
1940-09-15,20482979.4
1940-09-16,20476523.1
1940-09-17,20470082.5
1940-09-18,20472665.0
1940-09-19,20464917.5
1940-09-20,20463626.2
1940-09-21,20461043.7
1940-09-22,20468791.3
1940-09-23,20466208.7
1940-09-24,20466208.7
1940-09-25,20464917.5
1940-09-26,20463626.2
1940-09-27,20463626.2
1940-09-28,20453311.9
1940-09-29,20453311.9
1940-09-30,20445564.3
1940-10-01,20439123.8
1940-10-02,20441706.3
1940-10-03,20473956.3
1940-10-04,20482979.4
1940-10-05,20486853.1
1940-10-06,20498458.7
1940-10-07,20506206.3
1940-10-08,20521685.7
1940-10-09,20530708.7
1940-10-10,20537165.0
1940-10-11,20541023.1
1940-10-12,20542314.3
1940-10-13,20542314.3
1940-10-14,20538456.3
1940-10-15,20532000.0
1940-10-16,20525543.7
1940-10-17,20516520.6
1940-10-18,20507497.6
1940-10-19,20494585.0
1940-10-20,20486853.1
1940-10-21,20475247.6
1940-10-22,20464917.5
1940-10-23,20457185.7
1940-10-24,20446855.6
1940-10-25,20441706.3
1940-10-26,20424935.7
1940-10-27,20417188.1
1940-10-28,20415896.9
1940-10-29,20395252.4
1940-10-30,20382355.6
1940-10-31,20370750.0
1940-11-01,20360435.7
1940-11-02,20347523.1
1940-11-03,20338500.0
1940-11-04,20323020.6
1940-11-05,20308832.5
1940-11-06,20295935.7
1940-11-07,20281747.6
1940-11-08,20266312.5
1940-11-09,20247125.0
1940-11-10,20239437.5
1940-11-11,20226640.6
1940-11-12,20208718.8
1940-11-13,20193359.4
1940-11-14,20178000.0
1940-11-15,20167765.6
1940-11-16,20147281.2
1940-11-17,20140915.0
1940-11-18,20124404.4
1940-11-19,20115521.2
1940-11-20,20099010.6
1940-11-21,20092654.4
1940-11-22,20082500.0
1940-11-23,20071074.3
1940-11-24,20069803.1
1940-11-25,20057106.2
1940-11-26,20043122.6
1940-11-27,20031696.9
1940-11-28,20017728.8
1940-11-29,19878251.8
1940-11-30,19868257.3
1940-12-01,19991063.7
1940-12-02,19978366.8
1940-12-03,19961856.2
1940-12-04,19950415.0
1940-12-05,19930106.2
1940-12-06,19919936.3
1940-12-07,19909781.9
1940-12-08,19903425.7
1940-12-09,19886995.1
1940-12-10,19873246.9
1940-12-11,19856996.3
1940-12-12,19844499.4
1940-12-13,19829500.0
1940-12-14,19806993.3
1940-12-15,19800752.4
1940-12-16,19783250.6
1940-12-17,19778245.7
1940-12-18,19765748.8
1940-12-19,19757005.5
1940-12-20,19742006.1
1940-12-21,19724504.3
1940-12-22,19709504.9
1940-12-23,19757005.5
1940-12-24,19690751.8
1940-12-25,19688249.4
1940-12-26,19680757.3
1940-12-27,19668245.1
1940-12-28,19644502.4
1940-12-29,19660753.1
1940-12-30,19651994.5
1940-12-31,19649507.3
1941-01-01,19647004.9
1941-01-02,20310000.0
1941-01-03,20310000.0
1941-01-04,20310000.0
1941-01-05,20320000.0
1941-01-06,20310000.0
1941-01-07,20310000.0
1941-01-08,20300000.0
1941-01-09,20300000.0
1941-01-10,20280000.0
1941-01-11,20280000.0
1941-01-12,20280000.0
1941-01-13,20280000.0
1941-01-14,20270000.0
1941-01-15,20280000.0
1941-01-16,20270000.0
1941-01-17,20270000.0
1941-01-18,20260000.0
1941-01-19,20260000.0
1941-01-20,20260000.0
1941-01-21,20250000.0
1941-01-22,20250000.0
1941-01-23,20240000.0
1941-01-24,20230000.0
1941-01-25,20220000.0
1941-01-26,20220000.0
1941-01-27,20210000.0
1941-01-28,20210000.0
1941-01-29,20200000.0
1941-01-30,20200000.0
1941-01-31,20200000.0
1941-02-01,20190000.0
1941-02-02,20200000.0
1941-02-03,20190000.0
1941-02-04,20180000.0
1941-02-05,20180000.0
1941-02-06,20180000.0
1941-02-07,20180000.0
1941-02-08,20180000.0
1941-02-09,20180000.0
1941-02-10,20170000.0
1941-02-11,20160000.0
1941-02-12,20160000.0
1941-02-13,20160000.0
1941-02-14,20160000.0
1941-02-15,20150000.0
1941-02-16,20150000.0
1941-02-17,20160000.0
1941-02-18,20150000.0
1941-02-19,20160000.0
1941-02-20,20160000.0
1941-02-21,20160000.0
1941-02-22,20170000.0
1941-02-23,20190000.0
1941-02-24,20200000.0
1941-02-25,20220000.0
1941-02-26,20240000.0
1941-02-27,20250000.0
1941-02-28,20250000.0
1941-03-01,20280000.0
1941-03-02,20300000.0
1941-03-03,20320000.0
1941-03-04,20320000.0
1941-03-05,20340000.0
1941-03-06,20340000.0
1941-03-07,20360000.0
1941-03-08,20370000.0
1941-03-09,20380000.0
1941-03-10,20380000.0
1941-03-11,20380000.0
1941-03-12,20390000.0
1941-03-13,20390000.0
1941-03-14,20400000.0
1941-03-15,20410000.0
1941-03-16,20410000.0
1941-03-17,20430000.0
1941-03-18,20450000.0
1941-03-19,20460000.0
1941-03-20,20480000.0
1941-03-21,20490000.0
1941-03-22,20500000.0
1941-03-23,20510000.0
1941-03-24,20520000.0
1941-03-25,20520000.0
1941-03-26,20540000.0
1941-03-27,20550000.0
1941-03-28,20560000.0
1941-03-29,20580000.0
1941-03-30,20600000.0
1941-03-31,20620000.0
1941-04-01,20630000.0
1941-04-02,20640000.0
1941-04-03,20660000.0
1941-04-04,20670000.0
1941-04-05,20690000.0
1941-04-06,20710000.0
1941-04-07,20730000.0
1941-04-08,20750000.0
1941-04-09,20760000.0
1941-04-10,20780000.0
1941-04-11,20820000.0
1941-04-12,20840000.0
1941-04-13,20880000.0
1941-04-14,20900000.0
1941-04-15,20930000.0
1941-04-16,20960000.0
1941-04-17,20990000.0
1941-04-18,21010000.0
1941-04-19,21030000.0
1941-04-20,21070000.0
1941-04-21,21090000.0
1941-04-22,21110000.0
1941-04-23,21140000.0
1941-04-24,21150000.0
1941-04-25,21170000.0
1941-04-26,21190000.0
1941-04-27,21230000.0
1941-04-28,21250000.0
1941-04-29,21270000.0
1941-04-30,21340000.0
1941-05-01,21400000.0
1941-05-02,21440000.0
1941-05-03,21510000.0
1941-05-04,21590000.0
1941-05-05,21660000.0
1941-05-06,21760000.0
1941-05-07,21870000.0
1941-05-08,21990000.0
1941-05-09,22090000.0
1941-05-10,22260000.0
1941-05-11,22310000.0
1941-05-12,22430000.0
1941-05-13,22540000.0
1941-05-14,22670000.0
1941-05-15,22830000.0
1941-05-16,22990000.0
1941-05-17,23170000.0
1941-05-18,23350000.0
1941-05-19,23510000.0
1941-05-20,23660000.0
1941-05-21,23800000.0
1941-05-22,23940000.0
1941-05-23,24060000.0
1941-05-24,24190000.0
1941-05-25,24260000.0
1941-05-26,24370000.0
1941-05-27,24460000.0
1941-05-28,24570000.0
1941-05-29,24670000.0
1941-05-30,24770000.0
1941-05-31,24870000.0
1941-06-01,24970000.0
1941-06-02,25060000.0
1941-06-03,25140000.0
1941-06-04,25210000.0
1941-06-05,25290000.0
1941-06-06,25340000.0
1941-06-07,25400000.0
1941-06-08,25460000.0
1941-06-09,25520000.0
1941-06-10,25600000.0
1941-06-11,25690000.0
1941-06-12,25780000.0
1941-06-13,25860000.0
1941-06-14,25920000.0
1941-06-15,25970000.0
1941-06-16,26020000.0
1941-06-17,26060000.0
1941-06-18,26090000.0
1941-06-19,26140000.0
1941-06-20,26190000.0
1941-06-21,26250000.0
1941-06-22,26320000.0
1941-06-23,26390000.0
1941-06-24,26490000.0
1941-06-25,26580000.0
1941-06-26,26660000.0
1941-06-27,26750000.0
1941-06-28,26850000.0
1941-06-29,26940000.0
1941-06-30,27020000.0
1941-07-01,27090000.0
1941-07-02,27150000.0
1941-07-03,27180000.0
1941-07-04,27240000.0
1941-07-05,27320000.0
1941-07-06,27360000.0
1941-07-07,27390000.0
1941-07-08,27430000.0
1941-07-09,27460000.0
1941-07-10,27500000.0
1941-07-11,27530000.0
1941-07-12,27550000.0
1941-07-13,27570000.0
1941-07-14,27600000.0
1941-07-15,27620000.0
1941-07-16,27640000.0
1941-07-17,27660000.0
1941-07-18,27680000.0
1941-07-19,27690000.0
1941-07-20,27710000.0
1941-07-21,27710000.0
1941-07-22,27720000.0
1941-07-23,27720000.0
1941-07-24,27730000.0
1941-07-25,27750000.0
1941-07-26,27760000.0
1941-07-27,27770000.0
1941-07-28,27780000.0
1941-07-29,27790000.0
1941-07-30,27790000.0
1941-07-31,27780000.0
1941-08-01,27780000.0
1941-08-02,27770000.0
1941-08-03,27760000.0
1941-08-04,27760000.0
1941-08-05,27740000.0
1941-08-06,27720000.0
1941-08-07,27700000.0
1941-08-08,27680000.0
1941-08-09,27650000.0
1941-08-10,27640000.0
1941-08-11,27620000.0
1941-08-12,27590000.0
1941-08-13,27590000.0
1941-08-14,27590000.0
1941-08-15,27580000.0
1941-08-16,27570000.0
1941-08-17,27560000.0
1941-08-18,27540000.0
1941-08-19,27530000.0
1941-08-20,27500000.0
1941-08-21,27480000.0
1941-08-22,27450000.0
1941-08-23,27440000.0
1941-08-24,27420000.0
1941-08-25,27390000.0
1941-08-26,27360000.0
1941-08-27,27320000.0
1941-08-28,27280000.0
1941-08-29,27230000.0
1941-08-30,27200000.0
1941-08-31,27170000.0
1941-09-01,27130000.0
1941-09-02,27080000.0
1941-09-03,27050000.0
1941-09-04,27000000.0
1941-09-05,26940000.0
1941-09-06,26900000.0
1941-09-07,26870000.0
1941-09-08,26820000.0
1941-09-09,26780000.0
1941-09-10,26730000.0
1941-09-11,26690000.0
1941-09-12,26650000.0
1941-09-13,26610000.0
1941-09-14,26570000.0
1941-09-15,26530000.0
1941-09-16,26490000.0
1941-09-17,26460000.0
1941-09-18,26420000.0
1941-09-19,26390000.0
1941-09-20,26360000.0
1941-09-21,26340000.0
1941-09-22,26300000.0
1941-09-23,26260000.0
1941-09-24,26240000.0
1941-09-25,26210000.0
1941-09-26,26200000.0
1941-09-27,26200000.0
1941-09-28,26190000.0
1941-09-29,26170000.0
1941-09-30,26150000.0
1941-10-01,26140000.0
1941-10-02,26120000.0
1941-10-03,26100000.0
1941-10-04,26090000.0
1941-10-05,26080000.0
1941-10-06,26080000.0
1941-10-07,26090000.0
1941-10-08,26090000.0
1941-10-09,26080000.0
1941-10-10,26080000.0
1941-10-11,26060000.0
1941-10-12,26050000.0
1941-10-13,26040000.0
1941-10-14,26020000.0
1941-10-15,26120000.0
1941-10-16,26120000.0
1941-10-17,26220000.0
1941-10-18,26270000.0
1941-10-19,26290000.0
1941-10-20,26290000.0
1941-10-21,26290000.0
1941-10-22,26270000.0
1941-10-23,26260000.0
1941-10-24,26280000.0
1941-10-25,26300000.0
1941-10-26,26310000.0
1941-10-27,26320000.0
1941-10-28,26330000.0
1941-10-29,26350000.0
1941-10-30,26360000.0
1941-10-31,26360000.0
1941-11-01,26360000.0
1941-11-02,26360000.0
1941-11-03,26350000.0
1941-11-04,26340000.0
1941-11-05,26330000.0
1941-11-06,26310000.0
1941-11-07,26300000.0
1941-11-08,26260000.0
1941-11-09,26250000.0
1941-11-10,26230000.0
1941-11-11,26210000.0
1941-11-12,26190000.0
1941-11-13,26170000.0
1941-11-14,26140000.0
1941-11-15,26110000.0
1941-11-16,26080000.0
1941-11-17,26050000.0
1941-11-18,26020000.0
1941-11-19,25980000.0
1941-11-20,25940000.0
1941-11-21,25900000.0
1941-11-22,25860000.0
1941-11-23,25820000.0
1941-11-24,25780000.0
1941-11-25,25730000.0
1941-11-26,25680000.0
1941-11-27,25640000.0
1941-11-28,25600000.0
1941-11-29,25550000.0
1941-11-30,25510000.0
1941-12-01,25460000.0
1941-12-02,25410000.0
1941-12-03,25350000.0
1941-12-04,25320000.0
1941-12-05,25280000.0
1941-12-06,25240000.0
1941-12-07,25180000.0
1941-12-08,25130000.0
1941-12-09,25090000.0
1941-12-10,25040000.0
1941-12-11,25000000.0
1941-12-12,24950000.0
1941-12-13,24900000.0
1941-12-14,24860000.0
1941-12-15,24810000.0
1941-12-16,24760000.0
1941-12-17,24710000.0
1941-12-18,24660000.0
1941-12-19,24600000.0
1941-12-20,24570000.0
1941-12-21,24530000.0
1941-12-22,24480000.0
1941-12-23,24430000.0
1941-12-24,24390000.0
1941-12-25,24340000.0
1941-12-26,24300000.0
1941-12-27,24260000.0
1941-12-28,24220000.0
1941-12-29,24170000.0
1941-12-30,24130000.0
1941-12-31,24090000.0
1942-01-01,24040000.0
1942-01-02,23990000.0
1942-01-03,23950000.0
1942-01-04,23900000.0
1942-01-05,23860000.0
1942-01-06,23810000.0
1942-01-07,23760000.0
1942-01-08,23720000.0
1942-01-09,23670000.0
1942-01-10,23620000.0
1942-01-11,23570000.0
1942-01-12,23530000.0
1942-01-13,23480000.0
1942-01-14,23430000.0
1942-01-15,23380000.0
1942-01-16,23330000.0
1942-01-17,23280000.0
1942-01-18,23220000.0
1942-01-19,23170000.0
1942-01-20,23130000.0
1942-01-21,23060000.0
1942-01-22,23010000.0
1942-01-23,22960000.0
1942-01-24,22920000.0
1942-01-25,22860000.0
1942-01-26,22810000.0
1942-01-27,22740000.0
1942-01-28,22700000.0
1942-01-29,22650000.0
1942-01-30,22600000.0
1942-01-31,22540000.0
1942-02-01,22500000.0
1942-02-02,22460000.0
1942-02-03,22410000.0
1942-02-04,22350000.0
1942-02-05,22310000.0
1942-02-06,22240000.0
1942-02-07,22200000.0
1942-02-08,22150000.0
1942-02-09,22120000.0
1942-02-10,22080000.0
1942-02-11,22050000.0
1942-02-12,22010000.0
1942-02-13,21960000.0
1942-02-14,21940000.0
1942-02-15,21900000.0
1942-02-16,21870000.0
1942-02-17,21840000.0
1942-02-18,21800000.0
1942-02-19,21770000.0
1942-02-20,21730000.0
1942-02-21,21710000.0
1942-02-22,21670000.0
1942-02-23,21640000.0
1942-02-24,21590000.0
1942-02-25,21560000.0
1942-02-26,21530000.0
1942-02-27,21490000.0
1942-02-28,21460000.0
1942-03-01,21420000.0
1942-03-02,21390000.0
1942-03-03,21360000.0
1942-03-04,21320000.0
1942-03-05,21280000.0
1942-03-06,21250000.0
1942-03-07,21210000.0
1942-03-08,21180000.0
1942-03-09,21140000.0
1942-03-10,21110000.0
1942-03-11,21080000.0
1942-03-12,21050000.0
1942-03-13,21020000.0
1942-03-14,20990000.0
1942-03-15,20960000.0
1942-03-16,20930000.0
1942-03-17,20910000.0
1942-03-18,20890000.0
1942-03-19,20870000.0
1942-03-20,20850000.0
1942-03-21,20830000.0
1942-03-22,20820000.0
1942-03-23,20790000.0
1942-03-24,20770000.0
1942-03-25,20740000.0
1942-03-26,20720000.0
1942-03-27,20710000.0
1942-03-28,20710000.0
1942-03-29,20730000.0
1942-03-30,20730000.0
1942-03-31,20730000.0
1942-04-01,20740000.0
1942-04-02,20740000.0
1942-04-03,20740000.0
1942-04-04,20750000.0
1942-04-05,20770000.0
1942-04-06,20780000.0
1942-04-07,20800000.0
1942-04-08,20840000.0
1942-04-09,20900000.0
1942-04-10,20970000.0
1942-04-11,21010000.0
1942-04-12,21050000.0
1942-04-13,21090000.0
1942-04-14,21140000.0
1942-04-15,21200000.0
1942-04-16,21260000.0
1942-04-17,21340000.0
1942-04-18,21420000.0
1942-04-19,21520000.0
1942-04-20,21600000.0
1942-04-21,21680000.0
1942-04-22,21750000.0
1942-04-23,21820000.0
1942-04-24,21860000.0
1942-04-25,21920000.0
1942-04-26,22000000.0
1942-04-27,22090000.0
1942-04-28,22160000.0
1942-04-29,22230000.0
1942-04-30,22280000.0
1942-05-01,22340000.0
1942-05-02,22390000.0
1942-05-03,22420000.0
1942-05-04,22460000.0
1942-05-05,22490000.0
1942-05-06,22520000.0
1942-05-07,22560000.0
1942-05-08,22580000.0
1942-05-09,22610000.0
1942-05-10,22630000.0
1942-05-11,22650000.0
1942-05-12,22680000.0
1942-05-13,22730000.0
1942-05-14,22810000.0
1942-05-15,22860000.0
1942-05-16,22950000.0
1942-05-17,23030000.0
1942-05-18,23100000.0
1942-05-19,23160000.0
1942-05-20,23220000.0
1942-05-21,23290000.0
1942-05-22,23340000.0
1942-05-23,23400000.0
1942-05-24,23450000.0
1942-05-25,23520000.0
1942-05-26,23590000.0
1942-05-27,23650000.0
1942-05-28,23730000.0
1942-05-29,23820000.0
1942-05-30,23920000.0
1942-05-31,24040000.0
1942-06-01,24150000.0
1942-06-02,24270000.0
1942-06-03,24390000.0
1942-06-04,24500000.0
1942-06-05,24610000.0
1942-06-06,24710000.0
1942-06-07,24820000.0
1942-06-08,24920000.0
1942-06-09,25020000.0
1942-06-10,25110000.0
1942-06-11,25220000.0
1942-06-12,25330000.0
1942-06-13,25420000.0
1942-06-14,25520000.0
1942-06-15,25630000.0
1942-06-16,25740000.0
1942-06-17,25830000.0
1942-06-18,29131000.0
1942-06-19,29204000.0
1942-06-20,29281000.0
1942-06-21,29361000.0
1942-06-22,29431000.0
1942-06-23,29507000.0
1942-06-24,29576000.0
1942-06-25,29638000.0
1942-06-26,29692000.0
1942-06-27,29737000.0
1942-06-28,29779000.0
1942-06-29,29806000.0
1942-06-30,29826000.0
1942-07-01,29843000.0
1942-07-02,29855000.0
1942-07-03,29853000.0
1942-07-04,29861000.0
1942-07-05,29869000.0
1942-07-06,29873000.0
1942-07-07,29875000.0
1942-07-08,29904000.0
1942-07-09,29903000.0
1942-07-10,29894000.0
1942-07-11,29889000.0
1942-07-12,29881000.0
1942-07-13,29875000.0
1942-07-14,29867000.0
1942-07-15,29855000.0
1942-07-16,29852000.0
1942-07-17,29845000.0
1942-07-18,29840000.0
1942-07-19,29840000.0
1942-07-20,29839000.0
1942-07-21,29839000.0
1942-07-22,29840000.0
1942-07-23,29843000.0
1942-07-24,29861000.0
1942-07-25,29869000.0
1942-07-26,29899000.0
1942-07-27,29877000.0
1942-07-28,29871000.0
1942-07-29,29875000.0
1942-07-30,29873000.0
1942-07-31,29867000.0
1942-08-01,29864000.0
1942-08-02,29864000.0
1942-08-03,29860000.0
1942-08-04,29846000.0
1942-08-05,29839000.0
1942-08-06,29832000.0
1942-08-07,29823000.0
1942-08-08,29817000.0
1942-08-09,29811000.0
1942-08-10,29799000.0
1942-08-11,29793000.0
1942-08-12,29781000.0
1942-08-13,29764000.0
1942-08-14,29751000.0
1942-08-15,29739000.0
1942-08-16,29729000.0
1942-08-17,29711000.0
1942-08-18,29697000.0
1942-08-19,29682000.0
1942-08-20,29656000.0
1942-08-21,29639000.0
1942-08-22,29626000.0
1942-08-23,29614000.0
1942-08-24,29590000.0
1942-08-25,29568000.0
1942-08-26,29546000.0
1942-08-27,29520000.0
1942-08-28,29495000.0
1942-08-29,29474000.0
1942-08-30,29459000.0
1942-08-31,29438000.0
1942-09-01,29416000.0
1942-09-02,29392000.0
1942-09-03,29371000.0
1942-09-04,29349000.0
1942-09-05,29326000.0
1942-09-06,29313000.0
1942-09-07,29295000.0
1942-09-08,29268000.0
1942-09-09,29245000.0
1942-09-10,29217000.0
1942-09-11,29193000.0
1942-09-12,29171000.0
1942-09-13,29153000.0
1942-09-14,29129000.0
1942-09-15,29106000.0
1942-09-16,29082000.0
1942-09-17,29055000.0
1942-09-18,29028000.0
1942-09-19,28989000.0
1942-09-20,28961000.0
1942-09-21,28931000.0
1942-09-22,28899000.0
1942-09-23,28864000.0
1942-09-24,28831000.0
1942-09-25,28797000.0
1942-09-26,28767000.0
1942-09-27,28738000.0
1942-09-28,28704000.0
1942-09-29,28668000.0
1942-09-30,28634000.0
1942-10-01,28597000.0
1942-10-02,28563000.0
1942-10-03,28527000.0
1942-10-04,28499000.0
1942-10-05,28466000.0
1942-10-06,28421000.0
1942-10-07,28388000.0
1942-10-08,28350000.0
1942-10-09,28319000.0
1942-10-10,28289000.0
1942-10-11,28270000.0
1942-10-12,28241000.0
1942-10-13,28218000.0
1942-10-14,28194000.0
1942-10-15,28167000.0
1942-10-16,28138000.0
1942-10-17,28116000.0
1942-10-18,28102000.0
1942-10-19,28081000.0
1942-10-20,28056000.0
1942-10-21,28029000.0
1942-10-22,28003000.0
1942-10-23,27976000.0
1942-10-24,27953000.0
1942-10-25,27937000.0
1942-10-26,27914000.0
1942-10-27,27882000.0
1942-10-28,27862000.0
1942-10-29,27834000.0
1942-10-30,27810000.0
1942-10-31,27786000.0
1942-11-01,27767000.0
1942-11-02,27743000.0
1942-11-03,27706000.0
1942-11-04,27687000.0
1942-11-05,27658000.0
1942-11-06,27632000.0
1942-11-07,27608000.0
1942-11-08,27587000.0
1942-11-09,27561000.0
1942-11-10,27532000.0
1942-11-11,27507000.0
1942-11-12,27482000.0
1942-11-13,27462000.0
1942-11-14,27437000.0
1942-11-15,27413000.0
1942-11-16,27389000.0
1942-11-17,27358000.0
1942-11-18,27332000.0
1942-11-19,27304000.0
1942-11-20,27281000.0
1942-11-21,27251000.0
1942-11-22,27230000.0
1942-11-23,27206000.0
1942-11-24,27180000.0
1942-11-25,27157000.0
1942-11-26,27132000.0
1942-11-27,27103000.0
1942-11-28,27086000.0
1942-11-29,27056000.0
1942-11-30,27042000.0
1942-12-01,27017000.0
1942-12-02,26992000.0
1942-12-03,26965000.0
1942-12-04,26935000.0
1942-12-05,26908000.0
1942-12-06,26888000.0
1942-12-07,26859000.0
1942-12-08,26823000.0
1942-12-09,26802000.0
1942-12-10,26781000.0
1942-12-11,26750000.0
1942-12-12,26727000.0
1942-12-13,26707000.0
1942-12-14,26679000.0
1942-12-15,26655000.0
1942-12-16,26626000.0
1942-12-17,26602000.0
1942-12-18,26567000.0
1942-12-19,26542000.0
1942-12-20,26517000.0
1942-12-21,26493000.0
1942-12-22,26465000.0
1942-12-23,26437000.0
1942-12-24,26403000.0
1942-12-25,26387000.0
1942-12-26,26375000.0
1942-12-27,26360000.0
1942-12-28,26333000.0
1942-12-29,26310000.0
1942-12-30,26283000.0
1942-12-31,26262000.0
1943-01-01,26218000.0
1943-01-02,26196000.0
1943-01-03,26172000.0
1943-01-04,26148000.0
1943-01-05,26123000.0
1943-01-06,26093000.0
1943-01-07,26067000.0
1943-01-08,26036000.0
1943-01-09,26010000.0
1943-01-10,25991000.0
1943-01-11,25968000.0
1943-01-12,25938000.0
1943-01-13,25911000.0
1943-01-14,25879000.0
1943-01-15,25847000.0
1943-01-16,25817000.0
1943-01-17,25793000.0
1943-01-18,25757000.0
1943-01-19,25719000.0
1943-01-20,25686000.0
1943-01-21,25654000.0
1943-01-22,25633000.0
1943-01-23,25614000.0
1943-01-24,25613000.0
1943-01-25,25593000.0
1943-01-26,25572000.0
1943-01-27,25552000.0
1943-01-28,25537000.0
1943-01-29,25515000.0
1943-01-30,25508000.0
1943-01-31,25499000.0
1943-02-01,25487000.0
1943-02-02,25466000.0
1943-02-03,25446000.0
1943-02-04,25426000.0
1943-02-05,25409000.0
1943-02-06,25395000.0
1943-02-07,25384000.0
1943-02-08,25361000.0
1943-02-09,25351000.0
1943-02-10,25327000.0
1943-02-11,25308000.0
1943-02-12,25290000.0
1943-02-13,25274000.0
1943-02-14,25268000.0
1943-02-15,25247000.0
1943-02-16,25229000.0
1943-02-17,25207000.0
1943-02-18,25187000.0
1943-02-19,25171000.0
1943-02-20,25156000.0
1943-02-21,25149000.0
1943-02-22,25129000.0
1943-02-23,25111000.0
1943-02-24,25099000.0
1943-02-25,25079000.0
1943-02-26,25061000.0
1943-02-27,25052000.0
1943-02-28,25044000.0
1943-03-01,25030000.0
1943-03-02,25016000.0
1943-03-03,24999000.0
1943-03-04,24986000.0
1943-03-05,24971000.0
1943-03-06,24967000.0
1943-03-07,24962000.0
1943-03-08,24949000.0
1943-03-09,24940000.0
1943-03-10,24944000.0
1943-03-11,24927000.0
1943-03-12,24917000.0
1943-03-13,24905000.0
1943-03-14,24896000.0
1943-03-15,24888000.0
1943-03-16,24879000.0
1943-03-17,24861000.0
1943-03-18,24853000.0
1943-03-19,24836000.0
1943-03-20,24826000.0
1943-03-21,24823000.0
1943-03-22,24812000.0
1943-03-23,24799000.0
1943-03-24,24786000.0
1943-03-25,24776000.0
1943-03-26,24758000.0
1943-03-27,24750000.0
1943-03-28,24745000.0
1943-03-29,24728000.0
1943-03-30,24714000.0
1943-03-31,24699000.0
1943-04-01,24686000.0
1943-04-02,24674000.0
1943-04-03,24663000.0
1943-04-04,24663000.0
1943-04-05,24657000.0
1943-04-06,24661000.0
1943-04-07,24669000.0
1943-04-08,24677000.0
1943-04-09,24689000.0
1943-04-10,24705000.0
1943-04-11,24736000.0
1943-04-12,24757000.0
1943-04-13,24776000.0
1943-04-14,24790000.0
1943-04-15,24801000.0
1943-04-16,24815000.0
1943-04-17,24822000.0
1943-04-18,24836000.0
1943-04-19,24839000.0
1943-04-20,24846000.0
1943-04-21,24860000.0
1943-04-22,24876000.0
1943-04-23,24889000.0
1943-04-24,24915000.0
1943-04-25,24949000.0
1943-04-26,24987000.0
1943-04-27,25026000.0
1943-04-28,25074000.0
1943-04-29,25128000.0
1943-04-30,25179000.0
1943-05-01,25233000.0
1943-05-02,25294000.0
1943-05-03,25344000.0
1943-05-04,25402000.0
1943-05-05,25462000.0
1943-05-06,25525000.0
1943-05-07,25600000.0
1943-05-08,25668000.0
1943-05-09,25757000.0
1943-05-10,25827000.0
1943-05-11,25892000.0
1943-05-12,25961000.0
1943-05-13,26002000.0
1943-05-14,26046000.0
1943-05-15,26082000.0
1943-05-16,26127000.0
1943-05-17,26154000.0
1943-05-18,26178000.0
1943-05-19,26194000.0
1943-05-20,26220000.0
1943-05-21,26227000.0
1943-05-22,26235000.0
1943-05-23,26256000.0
1943-05-24,26262000.0
1943-05-25,26262000.0
1943-05-26,26262000.0
1943-05-27,26262000.0
1943-05-28,26262000.0
1943-05-29,26262000.0
1943-05-30,26280000.0
1943-05-31,26300000.0
1943-06-01,26317000.0
1943-06-02,26352000.0
1943-06-03,26392000.0
1943-06-04,26447000.0
1943-06-05,26508000.0
1943-06-06,26602000.0
1943-06-07,26696000.0
1943-06-08,26781000.0
1943-06-09,26858000.0
1943-06-10,26918000.0
1943-06-11,26965000.0
1943-06-12,27015000.0
1943-06-13,27079000.0
1943-06-14,27136000.0
1943-06-15,27193000.0
1943-06-16,27244000.0
1943-06-17,27293000.0
1943-06-18,27332000.0
1943-06-19,27368000.0
1943-06-20,27410000.0
1943-06-21,27444000.0
1943-06-22,27478000.0
1943-06-23,27509000.0
1943-06-24,27544000.0
1943-06-25,27578000.0
1943-06-26,27623000.0
1943-06-27,27674000.0
1943-06-28,27717000.0
1943-06-29,27764000.0
1943-06-30,27812000.0
1943-07-01,27856000.0
1943-07-02,27906000.0
1943-07-03,27952000.0
1943-07-04,28011000.0
1943-07-05,28062000.0
1943-07-06,28105000.0
1943-07-07,28139000.0
1943-07-08,28167000.0
1943-07-09,28189000.0
1943-07-10,28208000.0
1943-07-11,28232000.0
1943-07-12,28241000.0
1943-07-13,28249000.0
1943-07-14,28249000.0
1943-07-15,28249000.0
1943-07-16,28246000.0
1943-07-17,28243000.0
1943-07-18,28247000.0
1943-07-19,28243000.0
1943-07-20,28234000.0
1943-07-21,28224000.0
1943-07-22,28214000.0
1943-07-23,28205000.0
1943-07-24,28200000.0
1943-07-25,28203000.0
1943-07-26,28197000.0
1943-07-27,28189000.0
1943-07-28,28174000.0
1943-07-29,28168000.0
1943-07-30,28146000.0
1943-07-31,28125000.0
1943-08-01,28139000.0
1943-08-02,28117000.0
1943-08-03,28102000.0
1943-08-04,28091000.0
1943-08-05,28072000.0
1943-08-06,28055000.0
1943-08-07,28040000.0
1943-08-08,28040000.0
1943-08-09,28025000.0
1943-08-10,28009000.0
1943-08-11,28002000.0
1943-08-12,27989000.0
1943-08-13,27976000.0
1943-08-14,27967000.0
1943-08-15,27964000.0
1943-08-16,27956000.0
1943-08-17,27946000.0
1943-08-18,27934000.0
1943-08-19,27927000.0
1943-08-20,27917000.0
1943-08-21,27905000.0
1943-08-22,27905000.0
1943-08-23,27891000.0
1943-08-24,27888000.0
1943-08-25,27883000.0
1943-08-26,27879000.0
1943-08-27,27872000.0
1943-08-28,27865000.0
1943-08-29,27865000.0
1943-08-30,27856000.0
1943-08-31,27844000.0
1943-09-01,27831000.0
1943-09-02,27818000.0
1943-09-03,27808000.0
1943-09-04,27796000.0
1943-09-05,27799000.0
1943-09-06,27796000.0
1943-09-07,27785000.0
1943-09-08,27775000.0
1943-09-09,27756000.0
1943-09-10,27738000.0
1943-09-11,27711000.0
1943-09-12,27718000.0
1943-09-13,26692000.0
1943-09-14,27670000.0
1943-09-15,27648000.0
1943-09-16,27624000.0
1943-09-17,27591000.0
1943-09-18,27567000.0
1943-09-19,27551000.0
1943-09-20,27525000.0
1943-09-21,27495000.0
1943-09-22,27468000.0
1943-09-23,27439000.0
1943-09-24,27413000.0
1943-09-25,27390000.0
1943-09-26,27375000.0
1943-09-27,27354000.0
1943-09-28,27324000.0
1943-09-29,27299000.0
1943-09-30,27278000.0
1943-10-01,27254000.0
1943-10-02,27232000.0
1943-10-03,27215000.0
1943-10-04,27187000.0
1943-10-05,27161000.0
1943-10-06,27133000.0
1943-10-07,27107000.0
1943-10-08,27079000.0
1943-10-09,27051000.0
1943-10-10,27030000.0
1943-10-11,27003000.0
1943-10-12,26968000.0
1943-10-13,26937000.0
1943-10-14,26905000.0
1943-10-15,26875000.0
1943-10-16,26844000.0
1943-10-17,26816000.0
1943-10-18,26785000.0
1943-10-19,26752000.0
1943-10-20,26723000.0
1943-10-21,26696000.0
1943-10-22,26667000.0
1943-10-23,26646000.0
1943-10-24,26629000.0
1943-10-25,26605000.0
1943-10-26,26574000.0
1943-10-27,26543000.0
1943-10-28,26520000.0
1943-10-29,26489000.0
1943-10-30,26466000.0
1943-10-31,26457000.0
1943-11-01,26422000.0
1943-11-02,26392000.0
1943-11-03,26366000.0
1943-11-04,26340000.0
1943-11-05,26315000.0
1943-11-06,26279000.0
1943-11-07,26259000.0
1943-11-08,26238000.0
1943-11-09,26208000.0
1943-11-10,26186000.0
1943-11-11,26159000.0
1943-11-12,26133000.0
1943-11-13,26106000.0
1943-11-14,26086000.0
1943-11-15,26062000.0
1943-11-16,26035000.0
1943-11-17,26009000.0
1943-11-18,25985000.0
1943-11-19,25954000.0
1943-11-20,25934000.0
1943-11-21,25916000.0
1943-11-22,25891000.0
1943-11-23,25863000.0
1943-11-24,25835000.0
1943-11-25,25810000.0
1943-11-26,25785000.0
1943-11-27,25768000.0
1943-11-28,25758000.0
1943-11-29,25736000.0
1943-11-30,25709000.0
1943-12-01,25681000.0
1943-12-02,25651000.0
1943-12-03,25623000.0
1943-12-04,25599000.0
1943-12-05,25576000.0
1943-12-06,25552000.0
1943-12-07,25524000.0
1943-12-08,25497000.0
1943-12-09,25460000.0
1943-12-10,25430000.0
1943-12-11,25398000.0
1943-12-12,25378000.0
1943-12-13,25350000.0
1943-12-14,25322000.0
1943-12-15,25297000.0
1943-12-16,25265000.0
1943-12-17,25240000.0
1943-12-18,25211000.0
1943-12-19,25188000.0
1943-12-20,25162000.0
1943-12-21,25137000.0
1943-12-22,25107000.0
1943-12-23,25077000.0
1943-12-24,25052000.0
1943-12-25,25038000.0
1943-12-26,25020000.0
1943-12-27,24993000.0
1943-12-28,24966000.0
1943-12-29,24932000.0
1943-12-30,24901000.0
1943-12-31,24873000.0
1944-01-01,24859000.0
1944-01-02,24829000.0
1944-01-03,24814000.0
1944-01-04,24781000.0
1944-01-05,24752000.0
1944-01-06,24728000.0
1944-01-07,24696000.0
1944-01-08,24659000.0
1944-01-09,24637000.0
1944-01-10,24606000.0
1944-01-11,24570000.0
1944-01-12,24539000.0
1944-01-13,24503000.0
1944-01-14,24473000.0
1944-01-15,24439000.0
1944-01-16,24411000.0
1944-01-17,24376000.0
1944-01-18,24263000.0
1944-01-19,24340000.0
1944-01-20,24305000.0
1944-01-21,24228000.0
1944-01-22,24194000.0
1944-01-23,24163000.0
1944-01-24,24128000.0
1944-01-25,24096000.0
1944-01-26,24062000.0
1944-01-27,24024000.0
1944-01-28,23991000.0
1944-01-29,23962000.0
1944-01-30,23929000.0
1944-01-31,23896000.0
1944-02-01,23864000.0
1944-02-02,23835000.0
1944-02-03,23803000.0
1944-02-04,23768000.0
1944-02-05,23738000.0
1944-02-06,23716000.0
1944-02-07,23692000.0
1944-02-08,23666000.0
1944-02-09,23633000.0
1944-02-10,23605000.0
1944-02-11,23580000.0
1944-02-12,23546000.0
1944-02-13,23524000.0
1944-02-14,23494000.0
1944-02-15,23460000.0
1944-02-16,23430000.0
1944-02-17,23398000.0
1944-02-18,23367000.0
1944-02-19,23334000.0
1944-02-20,23303000.0
1944-02-21,23273000.0
1944-02-22,23236000.0
1944-02-23,23215000.0
1944-02-24,23181000.0
1944-02-25,23156000.0
1944-02-26,23121000.0
1944-02-27,23096000.0
1944-02-28,23067000.0
1944-02-29,23035000.0
1944-03-01,23001000.0
1944-03-02,22966000.0
1944-03-03,22936000.0
1944-03-04,22904000.0
1944-03-05,22887000.0
1944-03-06,22863000.0
1944-03-07,22836000.0
1944-03-08,22808000.0
1944-03-09,22784000.0
1944-03-10,22761000.0
1944-03-11,22740000.0
1944-03-12,22726000.0
1944-03-13,22695000.0
1944-03-14,22672000.0
1944-03-15,22639000.0
1944-03-16,22608000.0
1944-03-17,22582000.0
1944-03-18,22554000.0
1944-03-19,22547000.0
1944-03-20,22512000.0
1944-03-21,22487000.0
1944-03-22,22473000.0
1944-03-23,22461000.0
1944-03-24,22446000.0
1944-03-25,22441000.0
1944-03-26,22423000.0
1944-03-27,22402000.0
1944-03-28,22374000.0
1944-03-29,22353000.0
1944-03-30,22329000.0
1944-03-31,22307000.0
1944-04-01,22288000.0
1944-04-02,22280000.0
1944-04-03,22255000.0
1944-04-04,22224000.0
1944-04-05,22201000.0
1944-04-06,22181000.0
1944-04-07,22161000.0
1944-04-08,22156000.0
1944-04-09,22174000.0
1944-04-10,22195000.0
1944-04-11,22215000.0
1944-04-12,22236000.0
1944-04-13,22252000.0
1944-04-14,22268000.0
1944-04-15,22281000.0
1944-04-16,22298000.0
1944-04-17,22303000.0
1944-04-18,22306000.0
1944-04-19,22309000.0
1944-04-20,22309000.0
1944-04-21,22304000.0
1944-04-22,22308000.0
1944-04-23,22319000.0
1944-04-24,22311000.0
1944-04-25,22303000.0
1944-04-26,22293000.0
1944-04-27,22281000.0
1944-04-28,22275000.0
1944-04-29,22265000.0
1944-04-30,22268000.0
1944-05-01,22257000.0
1944-05-02,22254000.0
1944-05-03,22243000.0
1944-05-04,22246000.0
1944-05-05,22252000.0
1944-05-06,22259000.0
1944-05-07,22283000.0
1944-05-08,22293000.0
1944-05-09,22298000.0
1944-05-10,22299000.0
1944-05-11,22322000.0
1944-05-12,22359000.0
1944-05-13,22407000.0
1944-05-14,22468000.0
1944-05-15,22529000.0
1944-05-16,22597000.0
1944-05-17,22687000.0
1944-05-18,22793000.0
1944-05-19,22925000.0
1944-05-20,23065000.0
1944-05-21,23210000.0
1944-05-22,23316000.0
1944-05-23,23403000.0
1944-05-24,23488000.0
1944-05-25,23574000.0
1944-05-26,23659000.0
1944-05-27,23757000.0
1944-05-28,23884000.0
1944-05-29,23992000.0
1944-05-30,24101000.0
1944-05-31,24193000.0
1944-06-01,24288000.0
1944-06-02,24390000.0
1944-06-03,24504000.0
1944-06-04,24635000.0
1944-06-05,24762000.0
1944-06-06,24885000.0
1944-06-07,25009000.0
1944-06-08,25111000.0
1944-06-09,25196000.0
1944-06-10,25287000.0
1944-06-11,25385000.0
1944-06-12,25484000.0
1944-06-13,25578000.0
1944-06-14,25682000.0
1944-06-15,25789000.0
1944-06-16,25898000.0
1944-06-17,26002000.0
1944-06-18,26117000.0
1944-06-19,26215000.0
1944-06-20,26305000.0
1944-06-21,26388000.0
1944-06-22,26469000.0
1944-06-23,26539000.0
1944-06-24,26620000.0
1944-06-25,26721000.0
1944-06-26,26808000.0
1944-06-27,26895000.0
1944-06-28,26986000.0
1944-06-29,27072000.0
1944-06-30,27156000.0
1944-07-01,27243000.0
1944-07-02,27325000.0
1944-07-03,27393000.0
1944-07-04,27463000.0
1944-07-05,27525000.0
1944-07-06,27585000.0
1944-07-07,27638000.0
1944-07-08,27695000.0
1944-07-09,27756000.0
1944-07-10,27798000.0
1944-07-11,27833000.0
1944-07-12,27860000.0
1944-07-13,27883000.0
1944-07-14,27889000.0
1944-07-15,27914000.0
1944-07-16,27940000.0
1944-07-17,27946000.0
1944-07-18,27953000.0
1944-07-19,27946000.0
1944-07-20,27938000.0
1944-07-21,27931000.0
1944-07-22,27923000.0
1944-07-23,27930000.0
1944-07-24,27923000.0
1944-07-25,27908000.0
1944-07-26,27894000.0
1944-07-27,27880000.0
1944-07-28,27865000.0
1944-07-29,27850000.0
1944-07-30,27846000.0
1944-07-31,27830000.0
1944-08-01,27808000.0
1944-08-02,27790000.0
1944-08-03,27778000.0
1944-08-04,27754000.0
1944-08-05,27738000.0
1944-08-06,27730000.0
1944-08-07,27707000.0
1944-08-08,27681000.0
1944-08-09,27652000.0
1944-08-10,27627000.0
1944-08-11,27599000.0
1944-08-12,27572000.0
1944-08-13,27554000.0
1944-08-14,27525000.0
1944-08-15,27493000.0
1944-08-16,27462000.0
1944-08-17,27423000.0
1944-08-18,27400000.0
1944-08-19,27370000.0
1944-08-20,27349000.0
1944-08-21,27327000.0
1944-08-22,27297000.0
1944-08-23,27264000.0
1944-08-24,27233000.0
1944-08-25,27204000.0
1944-08-26,27176000.0
1944-08-27,27154000.0
1944-08-28,27122000.0
1944-08-29,27093000.0
1944-08-30,27060000.0
1944-08-31,27024000.0
1944-09-01,26990000.0
1944-09-02,26959000.0
1944-09-03,26940000.0
1944-09-04,26921000.0
1944-09-05,26888000.0
1944-09-06,26858000.0
1944-09-07,26826000.0
1944-09-08,26795000.0
1944-09-09,26764000.0
1944-09-10,26741000.0
1944-09-11,26713000.0
1944-09-12,26676000.0
1944-09-13,26646000.0
1944-09-14,26606000.0
1944-09-15,26570000.0
1944-09-16,26536000.0
1944-09-17,26514000.0
1944-09-18,26478000.0
1944-09-19,26440000.0
1944-09-20,26403000.0
1944-09-21,26367000.0
1944-09-22,26332000.0
1944-09-23,26298000.0
1944-09-24,26276000.0
1944-09-25,26245000.0
1944-09-26,26211000.0
1944-09-27,26179000.0
1944-09-28,26147000.0
1944-09-29,26107000.0
1944-09-30,26071000.0
1944-10-01,26051000.0
1944-10-02,26024000.0
1944-10-03,25992000.0
1944-10-04,25961000.0
1944-10-05,25930000.0
1944-10-06,25900000.0
1944-10-07,25869000.0
1944-10-08,25840000.0
1944-10-09,25807000.0
1944-10-10,25774000.0
1944-10-11,25739000.0
1944-10-12,25705000.0
1944-10-13,25672000.0
1944-10-14,25642000.0
1944-10-15,25620000.0
1944-10-16,25593000.0
1944-10-17,25562000.0
1944-10-18,25532000.0
1944-10-19,25501000.0
1944-10-20,25473000.0
1944-10-21,25446000.0
1944-10-22,25426000.0
1944-10-23,25398000.0
1944-10-24,25371000.0
1944-10-25,25346000.0
1944-10-26,25317000.0
1944-10-27,25287000.0
1944-10-28,25261000.0
1944-10-29,25241000.0
1944-10-30,25211000.0
1944-10-31,25179000.0
1944-11-01,25152000.0
1944-11-02,25121000.0
1944-11-03,25089000.0
1944-11-04,25057000.0
1944-11-05,25040000.0
1944-11-06,25009000.0
1944-11-07,24977000.0
1944-11-08,24945000.0
1944-11-09,24913000.0
1944-11-10,24876000.0
1944-11-11,24848000.0
1944-11-12,24836000.0
1944-11-13,24809000.0
1944-11-14,24780000.0
1944-11-15,24750000.0
1944-11-16,24723000.0
1944-11-17,24697000.0
1944-11-18,24670000.0
1944-11-19,24655000.0
1944-11-20,24625000.0
1944-11-21,24599000.0
1944-11-22,24571000.0
1944-11-23,24556000.0
1944-11-24,24527000.0
1944-11-25,24503000.0
1944-11-26,24483000.0
1944-11-27,24460000.0
1944-11-28,24431000.0
1944-11-29,24407000.0
1944-11-30,24373000.0
1944-12-01,24340000.0
1944-12-02,24314000.0
1944-12-03,24298000.0
1944-12-04,24268000.0
1944-12-05,24239000.0
1944-12-06,24207000.0
1944-12-07,24177000.0
1944-12-08,24147000.0
1944-12-09,24117000.0
1944-12-10,24100000.0
1944-12-11,24070000.0
1944-12-12,24036000.0
1944-12-13,24009000.0
1944-12-14,23975000.0
1944-12-15,23942000.0
1944-12-16,23913000.0
1944-12-17,23894000.0
1944-12-18,23867000.0
1944-12-19,23833000.0
1944-12-20,23806000.0
1944-12-21,23772000.0
1944-12-22,23740000.0
1944-12-23,23712000.0
1944-12-24,23692000.0
1944-12-25,23679000.0
1944-12-26,23654000.0
1944-12-27,23622000.0
1944-12-28,23591000.0
1944-12-29,23560000.0
1944-12-30,23535000.0
1944-12-31,23518000.0
1945-01-01,23505000.0
1945-01-02,23479000.0
1945-01-03,23451000.0
1945-01-04,23423000.0
1945-01-05,23392000.0
1945-01-06,23366000.0
1945-01-07,23351000.0
1945-01-08,23321000.0
1945-01-09,23289000.0
1945-01-10,23256000.0
1945-01-11,23227000.0
1945-01-12,23198000.0
1945-01-13,23166000.0
1945-01-14,23147000.0
1945-01-15,23114000.0
1945-01-16,23083000.0
1945-01-17,23059000.0
1945-01-18,23026000.0
1945-01-19,22999000.0
1945-01-20,22976000.0
1945-01-21,22957000.0
1945-01-22,22925000.0
1945-01-23,22894000.0
1945-01-24,22865000.0
1945-01-25,22837000.0
1945-01-26,22805000.0
1945-01-27,22779000.0
1945-01-28,22760000.0
1945-01-29,22729000.0
1945-01-30,22698000.0
1945-01-31,22663000.0
1945-02-01,22634000.0
1945-02-02,22608000.0
1945-02-03,22579000.0
1945-02-04,22564000.0
1945-02-05,22535000.0
1945-02-06,22510000.0
1945-02-07,22479000.0
1945-02-08,22454000.0
1945-02-09,22430000.0
1945-02-10,22407000.0
1945-02-11,22400000.0
1945-02-12,22380000.0
1945-02-13,22349000.0
1945-02-14,22322000.0
1945-02-15,22293000.0
1945-02-16,22268000.0
1945-02-17,22243000.0
1945-02-18,22223000.0
1945-02-19,22195000.0
1945-02-20,22166000.0
1945-02-21,22139000.0
1945-02-22,22117000.0
1945-02-23,22094000.0
1945-02-24,22068000.0
1945-02-25,22057000.0
1945-02-26,22033000.0
1945-02-27,22006000.0
1945-02-28,21979000.0
1945-03-01,21953000.0
1945-03-02,21926000.0
1945-03-03,21905000.0
1945-03-04,21886000.0
1945-03-05,21861000.0
1945-03-06,21834000.0
1945-03-07,21807000.0
1945-03-08,21776000.0
1945-03-09,21747000.0
1945-03-10,21720000.0
1945-03-11,21700000.0
1945-03-12,21672000.0
1945-03-13,21640000.0
1945-03-14,21606000.0
1945-03-15,21589000.0
1945-03-16,21554000.0
1945-03-17,21524000.0
1945-03-18,21508000.0
1945-03-19,21482000.0
1945-03-20,21459000.0
1945-03-21,21430000.0
1945-03-22,21403000.0
1945-03-23,21382000.0
1945-03-24,21368000.0
1945-03-25,21354000.0
1945-03-26,21328000.0
1945-03-27,21312000.0
1945-03-28,21294000.0
1945-03-29,21269000.0
1945-03-30,21252000.0
1945-03-31,21239000.0
1945-04-01,21225000.0
1945-04-02,21209000.0
1945-04-03,21192000.0
1945-04-04,21171000.0
1945-04-05,21151000.0
1945-04-06,21133000.0
1945-04-07,21115000.0
1945-04-08,21104000.0
1945-04-09,21089000.0
1945-04-10,21070000.0
1945-04-11,21046000.0
1945-04-12,21019000.0
1945-04-13,21005000.0
1945-04-14,20993000.0
1945-04-15,20998000.0
1945-04-16,20986000.0
1945-04-17,20972000.0
1945-04-18,20958000.0
1945-04-19,20941000.0
1945-04-20,20926000.0
1945-04-21,20910000.0
1945-04-22,20910000.0
1945-04-23,20897000.0
1945-04-24,20890000.0
1945-04-25,20875000.0
1945-04-26,20874000.0
1945-04-27,20895000.0
1945-04-28,20922000.0
1945-04-29,20952000.0
1945-04-30,20978000.0
1945-05-01,20994000.0
1945-05-02,21008000.0
1945-05-03,21022000.0
1945-05-04,21035000.0
1945-05-05,21062000.0
1945-05-06,21107000.0
1945-05-07,21153000.0
1945-05-08,21203000.0
1945-05-09,21263000.0
1945-05-10,21326000.0
1945-05-11,21390000.0
1945-05-12,21464000.0
1945-05-13,21543000.0
1945-05-14,21621000.0
1945-05-15,21706000.0
1945-05-16,21792000.0
1945-05-17,21876000.0
1945-05-18,21960000.0
1945-05-19,22047000.0
1945-05-20,22129000.0
1945-05-21,22188000.0
1945-05-22,22244000.0
1945-05-23,22296000.0
1945-05-24,22350000.0
1945-05-25,22397000.0
1945-05-26,22440000.0
1945-05-27,22494000.0
1945-05-28,22530000.0
1945-05-29,22563000.0
1945-05-30,22610000.0
1945-05-31,22666000.0
1945-06-01,22730000.0
1945-06-02,22795000.0
1945-06-03,22870000.0
1945-06-04,22928000.0
1945-06-05,22973000.0
1945-06-06,23022000.0
1945-06-07,23059000.0
1945-06-08,23104000.0
1945-06-09,23156000.0
1945-06-10,23223000.0
1945-06-11,23288000.0
1945-06-12,23353000.0
1945-06-13,23421000.0
1945-06-14,23483000.0
1945-06-15,23531000.0
1945-06-16,23577000.0
1945-06-17,23636000.0
1945-06-18,23697000.0
1945-06-19,23759000.0
1945-06-20,23825000.0
1945-06-21,23881000.0
1945-06-22,23935000.0
1945-06-23,23987000.0
1945-06-24,24049000.0
1945-06-25,24091000.0
1945-06-26,24135000.0
1945-06-27,24181000.0
1945-06-28,24239000.0
1945-06-29,24284000.0
1945-06-30,24371000.0
1945-07-01,24429000.0
1945-07-02,24490000.0
1945-07-03,24539000.0
1945-07-04,24604000.0
1945-07-05,24655000.0
1945-07-06,24690000.0
1945-07-07,24729000.0
1945-07-08,24779000.0
1945-07-09,24810000.0
1945-07-10,24838000.0
1945-07-11,24863000.0
1945-07-12,24882000.0
1945-07-13,24899000.0
1945-07-14,24917000.0
1945-07-15,24949000.0
1945-07-16,24966000.0
1945-07-17,24977000.0
1945-07-18,25000000.0
1945-07-19,25014000.0
1945-07-20,25030000.0
1945-07-21,25048000.0
1945-07-22,25068000.0
1945-07-23,25085000.0
1945-07-24,25082000.0
1945-07-25,25099000.0
1945-07-26,25107000.0
1945-07-27,25121000.0
1945-07-28,25138000.0
1945-07-29,25165000.0
1945-07-30,25172000.0
1945-07-31,25191000.0
1945-08-01,25195000.0
1945-08-02,25213000.0
1945-08-03,25233000.0
1945-08-04,25246000.0
1945-08-05,25273000.0
1945-08-06,25272000.0
1945-08-07,25279000.0
1945-08-08,25283000.0
1945-08-09,25287000.0
1945-08-10,25300000.0
1945-08-11,25311000.0
1945-08-12,25342000.0
1945-08-13,25352000.0
1945-08-14,25365000.0
1945-08-15,25394000.0
1945-08-16,25410000.0
1945-08-17,25417000.0
1945-08-18,25417000.0
1945-08-19,25430000.0
1945-08-20,25435000.0
1945-08-21,25433000.0
1945-08-22,25432000.0
1945-08-23,25421000.0
1945-08-24,25426000.0
1945-08-25,25416000.0
1945-08-26,25414000.0
1945-08-27,25409000.0
1945-08-28,25403000.0
1945-08-29,25391000.0
1945-08-30,25380000.0
1945-08-31,25368000.0
1945-09-01,25364000.0
1945-09-02,25363000.0
1945-09-03,25361000.0
1945-09-04,25352000.0
1945-09-05,25341000.0
1945-09-06,25321000.0
1945-09-07,25303000.0
1945-09-08,25290000.0
1945-09-09,25294000.0
1945-09-10,25282000.0
1945-09-11,25264000.0
1945-09-12,25244000.0
1945-09-13,25224000.0
1945-09-14,25197000.0
1945-09-15,25176000.0
1945-09-16,25166000.0
1945-09-17,25140000.0
1945-09-18,25114000.0
1945-09-19,25085000.0
1945-09-20,25055000.0
1945-09-21,25021000.0
1945-09-22,25001000.0
1945-09-23,24983000.0
1945-09-24,24962000.0
1945-09-25,24939000.0
1945-09-26,24919000.0
1945-09-27,24887000.0
1945-09-28,24853000.0
1945-09-29,24829000.0
1945-09-30,24822000.0
1945-10-01,24798000.0
1945-10-02,24774000.0
1945-10-03,24747000.0
1945-10-04,24717000.0
1945-10-05,24691000.0
1945-10-06,24673000.0
1945-10-07,24660000.0
1945-10-08,24640000.0
1945-10-09,24614000.0
1945-10-10,24594000.0
1945-10-11,24567000.0
1945-10-12,24546000.0
1945-10-13,24528000.0
1945-10-14,24515000.0
1945-10-15,24506000.0
1945-10-16,24498000.0
1945-10-17,24493000.0
1945-10-18,24487000.0
1945-10-19,24475000.0
1945-10-20,24459000.0
1945-10-21,24454000.0
1945-10-22,24443000.0
1945-10-23,24417000.0
1945-10-24,24396000.0
1945-10-25,24373000.0
1945-10-26,24352000.0
1945-10-27,24328000.0
1945-10-28,24316000.0
1945-10-29,24298000.0
1945-10-30,24272000.0
1945-10-31,24248000.0
1945-11-01,24225000.0
1945-11-02,24209000.0
1945-11-03,24188000.0
1945-11-04,24183000.0
1945-11-05,24155000.0
1945-11-06,24130000.0
1945-11-07,24099000.0
1945-11-08,24078000.0
1945-11-09,24053000.0
1945-11-10,24036000.0
1945-11-11,24028000.0
1945-11-12,24000000.0
1945-11-13,23978000.0
1945-11-14,23955000.0
1945-11-15,23926000.0
1945-11-16,23909000.0
1945-11-17,23887000.0
1945-11-18,23877000.0
1945-11-19,23859000.0
1945-11-20,23831000.0
1945-11-21,23814000.0
1945-11-22,23807000.0
1945-11-23,23777000.0
1945-11-24,23773000.0
1945-11-25,23766000.0
1945-11-26,23745000.0
1945-11-27,23721000.0
1945-11-28,23694000.0
1945-11-29,23668000.0
1945-11-30,23641000.0
1945-12-01,23615000.0
1945-12-02,23597000.0
1945-12-03,23570000.0
1945-12-04,23539000.0
1945-12-05,23517000.0
1945-12-06,23488000.0
1945-12-07,23461000.0
1945-12-08,23441000.0
1945-12-09,23421000.0
1945-12-10,23397000.0
1945-12-11,23374000.0
1945-12-12,23348000.0
1945-12-13,23320000.0
1945-12-14,23295000.0
1945-12-15,23274000.0
1945-12-16,23262000.0
1945-12-17,23236000.0
1945-12-18,23204000.0
1945-12-19,23180000.0
1945-12-20,23144000.0
1945-12-21,23115000.0
1945-12-22,23092000.0
1945-12-23,23077000.0
1945-12-24,23058000.0
1945-12-25,23045000.0
1945-12-26,23022000.0
1945-12-27,22996000.0
1945-12-28,22969000.0
1945-12-29,22949000.0
1945-12-30,22938000.0
1945-12-31,22926000.0
1946-01-01,22920000.0
1946-01-02,22901000.0
1946-01-03,22875000.0
1946-01-04,22853000.0
1946-01-05,22831000.0
1946-01-06,22821000.0
1946-01-07,22797000.0
1946-01-08,22784000.0
1946-01-09,22745000.0
1946-01-10,22723000.0
1946-01-11,22697000.0
1946-01-12,22676000.0
1946-01-13,22667000.0
1946-01-14,22645000.0
1946-01-15,22622000.0
1946-01-16,22599000.0
1946-01-17,22565000.0
1946-01-18,22540000.0
1946-01-19,22517000.0
1946-01-20,22508000.0
1946-01-21,22479000.0
1946-01-22,22452000.0
1946-01-23,22422000.0
1946-01-24,22390000.0
1946-01-25,22361000.0
1946-01-26,22333000.0
1946-01-27,22324000.0
1946-01-28,22292000.0
1946-01-29,22262000.0
1946-01-30,22231000.0
1946-01-31,22199000.0
1946-02-01,22170000.0
1946-02-02,22139000.0
1946-02-03,22117000.0
1946-02-04,22083000.0
1946-02-05,22054000.0
1946-02-06,22027000.0
1946-02-07,22000000.0
1946-02-08,21967000.0
1946-02-09,21939000.0
1946-02-10,21926000.0
1946-02-11,21897000.0
1946-02-12,21868000.0
1946-02-13,21842000.0
1946-02-14,21814000.0
1946-02-15,21789000.0
1946-02-16,21760000.0
1946-02-17,21751000.0
1946-02-18,21725000.0
1946-02-19,21699000.0
1946-02-20,21669000.0
1946-02-21,21642000.0
1946-02-22,21615000.0
1946-02-23,21597000.0
1946-02-24,21587000.0
1946-02-25,21562000.0
1946-02-26,21529000.0
1946-02-27,21506000.0
1946-02-28,21480000.0
1946-03-01,21461000.0
1946-03-02,21442000.0
1946-03-03,21432000.0
1946-03-04,21418000.0
1946-03-05,21394000.0
1946-03-06,21368000.0
1946-03-07,21349000.0
1946-03-08,21330000.0
1946-03-09,21320000.0
1946-03-10,21314000.0
1946-03-11,21296000.0
1946-03-12,21282000.0
1946-03-13,21257000.0
1946-03-14,21236000.0
1946-03-15,21216000.0
1946-03-16,21205000.0
1946-03-17,21197000.0
1946-03-18,21178000.0
1946-03-19,21157000.0
1946-03-20,21132000.0
1946-03-21,21113000.0
1946-03-22,21095000.0
1946-03-23,21082000.0
1946-03-24,21083000.0
1946-03-25,21064000.0
1946-03-26,21051000.0
1946-03-27,21031000.0
1946-03-28,21013000.0
1946-03-29,20995000.0
1946-03-30,20982000.0
1946-03-31,20983000.0
1946-04-01,20969000.0
1946-04-02,20958000.0
1946-04-03,20942000.0
1946-04-04,20930000.0
1946-04-05,20916000.0
1946-04-06,20909000.0
1946-04-07,20910000.0
1946-04-08,20899000.0
1946-04-09,20893000.0
1946-04-10,20887000.0
1946-04-11,20886000.0
1946-04-12,20882000.0
1946-04-13,20880000.0
1946-04-14,20899000.0
1946-04-15,20896000.0
1946-04-16,20991000.0
1946-04-17,20886000.0
1946-04-18,20876000.0
1946-04-19,20871000.0
1946-04-20,20876000.0
1946-04-21,20889000.0
1946-04-22,20887000.0
1946-04-23,20883000.0
1946-04-24,20884000.0
1946-04-25,20899000.0
1946-04-26,20923000.0
1946-04-27,20952000.0
1946-04-28,20995000.0
1946-04-29,21031000.0
1946-04-30,21070000.0
1946-05-01,21109000.0
1946-05-02,21151000.0
1946-05-03,21196000.0
1946-05-04,21247000.0
1946-05-05,21307000.0
1946-05-06,21348000.0
1946-05-07,21387000.0
1946-05-08,21412000.0
1946-05-09,21448000.0
1946-05-10,21482000.0
1946-05-11,21516000.0
1946-05-12,21558000.0
1946-05-13,21585000.0
1946-05-14,21614000.0
1946-05-15,21647000.0
1946-05-16,21682000.0
1946-05-17,21710000.0
1946-05-18,21732000.0
1946-05-19,21762000.0
1946-05-20,21773000.0
1946-05-21,21776000.0
1946-05-22,21734000.0
1946-05-23,21796000.0
1946-05-24,21808000.0
1946-05-25,21825000.0
1946-05-26,21848000.0
1946-05-27,21857000.0
1946-05-28,21875000.0
1946-05-29,21876000.0
1946-05-30,21895000.0
1946-05-31,21905000.0
1946-06-01,21922000.0
1946-06-02,21946000.0
1946-06-03,21957000.0
1946-06-04,21965000.0
1946-06-05,21980000.0
1946-06-06,21985000.0
1946-06-07,21996000.0
1946-06-08,22005000.0
1946-06-09,22026000.0
1946-06-10,22048000.0
1946-06-11,22091000.0
1946-06-12,22140000.0
1946-06-13,22191000.0
1946-06-14,22247000.0
1946-06-15,22316000.0
1946-06-16,22396000.0
1946-06-17,22456000.0
1946-06-18,22509000.0
1946-06-19,22558000.0
1946-06-20,22604000.0
1946-06-21,22659000.0
1946-06-22,22721000.0
1946-06-23,22787000.0
1946-06-24,22831000.0
1946-06-25,22862000.0
1946-06-26,22892000.0
1946-06-27,22919000.0
1946-06-28,22943000.0
1946-06-29,22968000.0
1946-06-30,23001000.0
1946-07-01,23012000.0
1946-07-02,23017000.0
1946-07-03,23018000.0
1946-07-04,23035000.0
1946-07-05,23035000.0
1946-07-06,23037000.0
1946-07-07,23045000.0
1946-07-08,23036000.0
1946-07-09,23031000.0
1946-07-10,23021000.0
1946-07-11,23017000.0
1946-07-12,23011000.0
1946-07-13,23004000.0
1946-07-14,23007000.0
1946-07-15,23002000.0
1946-07-16,22994000.0
1946-07-17,22987000.0
1946-07-18,22982000.0
1946-07-19,22973000.0
1946-07-20,22972000.0
1946-07-21,22981000.0
1946-07-22,22977000.0
1946-07-23,22967000.0
1946-07-24,22958000.0
1946-07-25,22954000.0
1946-07-26,22953000.0
1946-07-27,22949000.0
1946-07-28,22950000.0
1946-07-29,22943000.0
1946-07-30,22929000.0
1946-07-31,22916000.0
1946-08-01,22901000.0
1946-08-02,22886000.0
1946-08-03,22873000.0
1946-08-04,22868000.0
1946-08-05,22862000.0
1946-08-06,22841000.0
1946-08-07,22828000.0
1946-08-08,22808000.0
1946-08-09,22798000.0
1946-08-10,22779000.0
1946-08-11,22768000.0
1946-08-12,22756000.0
1946-08-13,22747000.0
1946-08-14,22742000.0
1946-08-15,22739000.0
1946-08-16,22739000.0
1946-08-17,22742000.0
1946-08-18,22755000.0
1946-08-19,22758000.0
1946-08-20,22750000.0
1946-08-21,22737000.0
1946-08-22,22731000.0
1946-08-23,22722000.0
1946-08-24,22720000.0
1946-08-25,22717000.0
1946-08-26,22708000.0
1946-08-27,22702000.0
1946-08-28,22687000.0
1946-08-29,22676000.0
1946-08-30,22664000.0
1946-08-31,22662000.0
1946-09-01,22657000.0
1946-09-02,22658000.0
1946-09-03,22647000.0
1946-09-04,22630000.0
1946-09-05,22615000.0
1946-09-06,22599000.0
1946-09-07,22587000.0
1946-09-08,22582000.0
1946-09-09,22567000.0
1946-09-10,22557000.0
1946-09-11,22538000.0
1946-09-12,22523000.0
1946-09-13,22504000.0
1946-09-14,22490000.0
1946-09-15,22474000.0
1946-09-16,22447000.0
1946-09-17,22428000.0
1946-09-18,22404000.0
1946-09-19,22381000.0
1946-09-20,22359000.0
1946-09-21,22338000.0
1946-09-22,22340000.0
1946-09-23,22323000.0
1946-09-24,22304000.0
1946-09-25,22286000.0
1946-09-26,22265000.0
1946-09-27,22249000.0
1946-09-28,22236000.0
1946-09-29,22220000.0
1946-09-30,22213000.0
1946-10-01,22197000.0
1946-10-02,22181000.0
1946-10-03,22159000.0
1946-10-04,22145000.0
1946-10-05,22129000.0
1946-10-06,22124000.0
1946-10-07,22107000.0
1946-10-08,22085000.0
1946-10-09,22067000.0
1946-10-10,22049000.0
1946-10-11,22028000.0
1946-10-12,22019000.0
1946-10-13,22012000.0
1946-10-14,21996000.0
1946-10-15,21975000.0
1946-10-16,21950000.0
1946-10-17,21934000.0
1946-10-18,21918000.0
1946-10-19,21907000.0
1946-10-20,21901000.0
1946-10-21,21885000.0
1946-10-22,21864000.0
1946-10-23,21848000.0
1946-10-24,21831000.0
1946-10-25,21812000.0
1946-10-26,21802000.0
1946-10-27,21792000.0
1946-10-28,21779000.0
1946-10-29,21777000.0
1946-10-30,21771000.0
1946-10-31,21754000.0
1946-11-01,21737000.0
1946-11-02,21728000.0
1946-11-03,21728000.0
1946-11-04,21710000.0
1946-11-05,21697000.0
1946-11-06,21686000.0
1946-11-07,21674000.0
1946-11-08,21662000.0
1946-11-09,21659000.0
1946-11-10,21658000.0
1946-11-11,21650000.0
1946-11-12,21645000.0
1946-11-13,21638000.0
1946-11-14,21630000.0
1946-11-15,21626000.0
1946-11-16,21624000.0
1946-11-17,21629000.0
1946-11-18,21616000.0
1946-11-19,21598000.0
1946-11-20,21575000.0
1946-11-21,21566000.0
1946-11-22,21554000.0
1946-11-23,21542000.0
1946-11-24,21543000.0
1946-11-25,21534000.0
1946-11-26,21518000.0
1946-11-27,21506000.0
1946-11-28,21502000.0
1946-11-29,21493000.0
1946-11-30,21484000.0
1946-12-01,21469000.0
1946-12-02,21478000.0
1946-12-03,21480000.0
1946-12-04,21448000.0
1946-12-05,21440000.0
1946-12-06,21421000.0
1946-12-07,21418000.0
1946-12-08,21418000.0
1946-12-09,21404000.0
1946-12-10,21387000.0
1946-12-11,21374000.0
1946-12-12,21357000.0
1946-12-13,21339000.0
1946-12-14,21330000.0
1946-12-15,21330000.0
1946-12-16,21318000.0
1946-12-17,21300000.0
1946-12-18,21282000.0
1946-12-19,21258000.0
1946-12-20,21239000.0
1946-12-21,21232000.0
1946-12-22,21227000.0
1946-12-23,21213000.0
1946-12-24,21201000.0
1946-12-25,21201000.0
1946-12-26,21192000.0
1946-12-27,21172000.0
1946-12-28,21161000.0
1946-12-29,21154000.0
1946-12-30,21135000.0
1946-12-31,21109000.0
1947-01-01,21107000.0
1947-01-02,21088000.0
1947-01-03,21065000.0
1947-01-04,21048000.0
1947-01-05,21038000.0
1947-01-06,21015000.0
1947-01-07,20995000.0
1947-01-08,20973000.0
1947-01-09,20950000.0
1947-01-10,20920000.0
1947-01-11,20907000.0
1947-01-12,20894000.0
1947-01-13,20864000.0
1947-01-14,20841000.0
1947-01-15,20810000.0
1947-01-16,20782000.0
1947-01-17,20759000.0
1947-01-18,20742000.0
1947-01-19,20732000.0
1947-01-20,20705000.0
1947-01-21,20678000.0
1947-01-22,20651000.0
1947-01-23,20625000.0
1947-01-24,20599000.0
1947-01-25,20569000.0
1947-01-26,20556000.0
1947-01-27,20527000.0
1947-01-28,20499000.0
1947-01-29,20472000.0
1947-01-30,20439000.0
1947-01-31,20414000.0
1947-02-01,20397000.0
1947-02-02,20389000.0
1947-02-03,20367000.0
1947-02-04,20346000.0
1947-02-05,20320000.0
1947-02-06,20296000.0
1947-02-07,20268000.0
1947-02-08,20255000.0
1947-02-09,20242000.0
1947-02-10,20220000.0
1947-02-11,20200000.0
1947-02-12,20178000.0
1947-02-13,20157000.0
1947-02-14,20139000.0
1947-02-15,20129000.0
1947-02-16,20124000.0
1947-02-17,20105000.0
1947-02-18,20086000.0
1947-02-19,20065000.0
1947-02-20,20045000.0
1947-02-21,20025000.0
1947-02-22,20010000.0
1947-02-23,20013000.0
1947-02-24,19995000.0
1947-02-25,19971000.0
1947-02-26,19946000.0
1947-02-27,19919000.0
1947-02-28,19899000.0
1947-03-01,19886000.0
1947-03-02,19883000.0
1947-03-03,19860000.0
1947-03-04,19844000.0
1947-03-05,19823000.0
1947-03-06,19804000.0
1947-03-07,19782000.0
1947-03-08,19786000.0
1947-03-09,19766000.0
1947-03-10,19741000.0
1947-03-11,19716000.0
1947-03-12,19695000.0
1947-03-13,19669000.0
1947-03-14,19650000.0
1947-03-15,19638000.0
1947-03-16,19632000.0
1947-03-17,19611000.0
1947-03-18,19583000.0
1947-03-19,19558000.0
1947-03-20,19532000.0
1947-03-21,19511000.0
1947-03-22,19499000.0
1947-03-23,19488000.0
1947-03-24,19483000.0
1947-03-25,19497000.0
1947-03-26,19511000.0
1947-03-27,19520000.0
1947-03-28,19534000.0
1947-03-29,19555000.0
1947-03-30,19582000.0
1947-03-31,19590000.0
1947-04-01,19586000.0
1947-04-02,19585000.0
1947-04-03,19579000.0
1947-04-04,19569000.0
1947-04-05,19573000.0
1947-04-06,19581000.0
1947-04-07,19577000.0
1947-04-08,19564000.0
1947-04-09,19565000.0
1947-04-10,19560000.0
1947-04-11,19557000.0
1947-04-12,19556000.0
1947-04-13,19565000.0
1947-04-14,19558000.0
1947-04-15,19548000.0
1947-04-16,19534000.0
1947-04-17,19520000.0
1947-04-18,19509000.0
1947-04-19,19503000.0
1947-04-20,19501000.0
1947-04-21,19481000.0
1947-04-22,19465000.0
1947-04-23,19444000.0
1947-04-24,19433000.0
1947-04-25,19425000.0
1947-04-26,19433000.0
1947-04-27,19452000.0
1947-04-28,19463000.0
1947-04-29,19473000.0
1947-04-30,19490000.0
1947-05-01,19500000.0
1947-05-02,19501000.0
1947-05-03,19510000.0
1947-05-04,19526000.0
1947-05-05,19525000.0
1947-05-06,19523000.0
1947-05-07,19541000.0
1947-05-08,19592000.0
1947-05-09,19659000.0
1947-05-10,19768000.0
1947-05-11,19879000.0
1947-05-12,19977000.0
1947-05-13,20083000.0
1947-05-14,20201000.0
1947-05-15,20313000.0
1947-05-16,20416000.0
1947-05-17,20518000.0
1947-05-18,20627000.0
1947-05-19,20715000.0
1947-05-20,20791000.0
1947-05-21,20858000.0
1947-05-22,20923000.0
1947-05-23,20975000.0
1947-05-24,21048000.0
1947-05-25,21121000.0
1947-05-26,21191000.0
1947-05-27,21254000.0
1947-05-28,21319000.0
1947-05-29,21375000.0
1947-05-30,21442000.0
1947-05-31,21515000.0
1947-06-01,21593000.0
1947-06-02,21657000.0
1947-06-03,21709000.0
1947-06-04,21761000.0
1947-06-05,21810000.0
1947-06-06,21861000.0
1947-06-07,21921000.0
1947-06-08,22003000.0
1947-06-09,22067000.0
1947-06-10,22121000.0
1947-06-11,22181000.0
1947-06-12,22251000.0
1947-06-13,22339000.0
1947-06-14,22436000.0
1947-06-15,22544000.0
1947-06-16,22629000.0
1947-06-17,22708000.0
1947-06-18,22783000.0
1947-06-19,22849000.0
1947-06-20,22906000.0
1947-06-21,22979000.0
1947-06-22,23060000.0
1947-06-23,23128000.0
1947-06-24,23201000.0
1947-06-25,23290000.0
1947-06-26,23384000.0
1947-06-27,23472000.0
1947-06-28,23563000.0
1947-06-29,23653000.0
1947-06-30,23729000.0
1947-07-01,23799000.0
1947-07-02,23864000.0
1947-07-03,23928000.0
1947-07-04,24002000.0
1947-07-05,24069000.0
1947-07-06,24142000.0
1947-07-07,24202000.0
1947-07-08,24251000.0
1947-07-09,24295000.0
1947-07-10,24338000.0
1947-07-11,24380000.0
1947-07-12,24423000.0
1947-07-13,24470000.0
1947-07-14,24503000.0
1947-07-15,24539000.0
1947-07-16,24566000.0
1947-07-17,24591000.0
1947-07-18,24612000.0
1947-07-19,24630000.0
1947-07-20,24655000.0
1947-07-21,24672000.0
1947-07-22,24684000.0
1947-07-23,24695000.0
1947-07-24,24700000.0
1947-07-25,24707000.0
1947-07-26,24715000.0
1947-07-27,24729000.0
1947-07-28,24727000.0
1947-07-29,24728000.0
1947-07-30,24725000.0
1947-07-31,24720000.0
1947-08-01,24709000.0
1947-08-02,24711000.0
1947-08-03,24719000.0
1947-08-04,24709000.0
1947-08-05,24700000.0
1947-08-06,24699000.0
1947-08-07,24705000.0
1947-08-08,24701000.0
1947-08-09,24697000.0
1947-08-10,24725000.0
1947-08-11,24729000.0
1947-08-12,24727000.0
1947-08-13,24725000.0
1947-08-14,24723000.0
1947-08-15,24720000.0
1947-08-16,24728000.0
1947-08-17,24743000.0
1947-08-18,24736000.0
1947-08-19,24739000.0
1947-08-20,24796000.0
1947-08-21,24810000.0
1947-08-22,24825000.0
1947-08-23,24861000.0
1947-08-24,24912000.0
1947-08-25,24983000.0
1947-08-26,25035000.0
1947-08-27,25063000.0
1947-08-28,25078000.0
1947-08-29,25090000.0
1947-08-30,25103000.0
1947-08-31,25116000.0
1947-09-01,25128000.0
1947-09-02,25130000.0
1947-09-03,25128000.0
1947-09-04,25124000.0
1947-09-05,25112000.0
1947-09-06,25106000.0
1947-09-07,25107000.0
1947-09-08,25093000.0
1947-09-09,25082000.0
1947-09-10,25066000.0
1947-09-11,25045000.0
1947-09-12,25029000.0
1947-09-13,25017000.0
1947-09-14,25017000.0
1947-09-15,24998000.0
1947-09-16,24976000.0
1947-09-17,24955000.0
1947-09-18,24942000.0
1947-09-19,24931000.0
1947-09-20,24921000.0
1947-09-21,24920000.0
1947-09-22,24905000.0
1947-09-23,24896000.0
1947-09-24,24891000.0
1947-09-25,24880000.0
1947-09-26,24866000.0
1947-09-27,24862000.0
1947-09-28,24864000.0
1947-09-29,24848000.0
1947-09-30,24832000.0
1947-10-01,24816000.0
1947-10-02,24800000.0
1947-10-03,24784000.0
1947-10-04,24773000.0
1947-10-05,24769000.0
1947-10-06,24752000.0
1947-10-07,24727000.0
1947-10-08,24709000.0
1947-10-09,24688000.0
1947-10-10,24669000.0
1947-10-11,24661000.0
1947-10-12,24667000.0
1947-10-13,24648000.0
1947-10-14,24630000.0
1947-10-15,24667000.0
1947-10-16,24724000.0
1947-10-17,24782000.0
1947-10-18,24829000.0
1947-10-19,24860000.0
1947-10-20,24864000.0
1947-10-21,24862000.0
1947-10-22,24858000.0
1947-10-23,24850000.0
1947-10-24,24842000.0
1947-10-25,24836000.0
1947-10-26,24840000.0
1947-10-27,24836000.0
1947-10-28,24825000.0
1947-10-29,24818000.0
1947-10-30,24816000.0
1947-10-31,24813000.0
1947-11-01,24812000.0
1947-11-02,24816000.0
1947-11-03,24808000.0
1947-11-04,24797000.0
1947-11-05,24786000.0
1947-11-06,24773000.0
1947-11-07,24764000.0
1947-11-08,24760000.0
1947-11-09,24753000.0
1947-11-10,24743000.0
1947-11-11,24733000.0
1947-11-12,24716000.0
1947-11-13,24699000.0
1947-11-14,24681000.0
1947-11-15,24676000.0
1947-11-16,24667000.0
1947-11-17,24648000.0
1947-11-18,24631000.0
1947-11-19,24615000.0
1947-11-20,24599000.0
1947-11-21,24582000.0
1947-11-22,24599000.0
1947-11-23,24551000.0
1947-11-24,24530000.0
1947-11-25,24514000.0
1947-11-26,24497000.0
1947-11-27,24497000.0
1947-11-28,24479000.0
1947-11-29,24470000.0
1947-11-30,24462000.0
1947-12-01,24434000.0
1947-12-02,24423000.0
1947-12-03,24400000.0
1947-12-04,24377000.0
1947-12-05,24371000.0
1947-12-06,24363000.0
1947-12-07,24352000.0
1947-12-08,24338000.0
1947-12-09,24322000.0
1947-12-10,24299000.0
1947-12-11,24280000.0
1947-12-12,24260000.0
1947-12-13,24250000.0
1947-12-14,24242000.0
1947-12-15,24217000.0
1947-12-16,24196000.0
1947-12-17,24167000.0
1947-12-18,24142000.0
1947-12-19,24115000.0
1947-12-20,24090000.0
1947-12-21,24077000.0
1947-12-22,24044000.0
1947-12-23,24013000.0
1947-12-24,23996000.0
1947-12-25,23984000.0
1947-12-26,23966000.0
1947-12-27,23950000.0
1947-12-28,23939000.0
1947-12-29,23911000.0
1947-12-30,23880000.0
1947-12-31,23851000.0
1948-01-01,23844000.0
1948-01-02,23824000.0
1948-01-03,23802000.0
1948-01-04,23793000.0
1948-01-05,23768000.0
1948-01-06,23740000.0
1948-01-07,23714000.0
1948-01-08,23695000.0
1948-01-09,23675000.0
1948-01-10,23656000.0
1948-01-11,23643000.0
1948-01-12,23615000.0
1948-01-13,23582000.0
1948-01-14,23560000.0
1948-01-15,23527000.0
1948-01-16,23503000.0
1948-01-17,23475000.0
1948-01-18,23460000.0
1948-01-19,23429000.0
1948-01-20,23398000.0
1948-01-21,23369000.0
1948-01-22,23344000.0
1948-01-23,23311000.0
1948-01-24,23280000.0
1948-01-25,23262000.0
1948-01-26,23236000.0
1948-01-27,23192000.0
1948-01-28,23161000.0
1948-01-29,23129000.0
1948-01-30,23101000.0
1948-01-31,23073000.0
1948-02-01,23050000.0
1948-02-02,23022000.0
1948-02-03,22988000.0
1948-02-04,22952000.0
1948-02-05,22919000.0
1948-02-06,22890000.0
1948-02-07,22865000.0
1948-02-08,22849000.0
1948-02-09,22819000.0
1948-02-10,22785000.0
1948-02-11,22759000.0
1948-02-12,22725000.0
1948-02-13,22692000.0
1948-02-14,22668000.0
1948-02-15,22655000.0
1948-02-16,22627000.0
1948-02-17,22592000.0
1948-02-18,22562000.0
1948-02-19,22533000.0
1948-02-20,22502000.0
1948-02-21,22479000.0
1948-02-22,22462000.0
1948-02-23,22441000.0
1948-02-24,22417000.0
1948-02-25,22394000.0
1948-02-26,22378000.0
1948-02-27,22370000.0
1948-02-28,22359000.0
1948-02-29,22355000.0
1948-03-01,22338000.0
1948-03-02,22318000.0
1948-03-03,22301000.0
1948-03-04,22287000.0
1948-03-05,22268000.0
1948-03-06,22260000.0
1948-03-07,22254000.0
1948-03-08,22241000.0
1948-03-09,22217000.0
1948-03-10,22201000.0
1948-03-11,22176000.0
1948-03-12,22151000.0
1948-03-13,22130000.0
1948-03-14,22117000.0
1948-03-15,22095000.0
1948-03-16,22069000.0
1948-03-17,22051000.0
1948-03-18,22027000.0
1948-03-19,21996000.0
1948-03-20,21997000.0
1948-03-21,21963000.0
1948-03-22,21941000.0
1948-03-23,21912000.0
1948-03-24,21881000.0
1948-03-25,21869000.0
1948-03-26,21855000.0
1948-03-27,21849000.0
1948-03-28,21846000.0
1948-03-29,21830000.0
1948-03-30,21821000.0
1948-03-31,21827000.0
1948-04-01,21837000.0
1948-04-02,21834000.0
1948-04-03,21840000.0
1948-04-04,21862000.0
1948-04-05,21860000.0
1948-04-06,21858000.0
1948-04-07,21858000.0
1948-04-08,21855000.0
1948-04-09,21844000.0
1948-04-10,21857000.0
1948-04-11,21874000.0
1948-04-12,21872000.0
1948-04-13,21872000.0
1948-04-14,21878000.0
1948-04-15,21882000.0
1948-04-16,21893000.0
1948-04-17,21907000.0
1948-04-18,21919000.0
1948-04-19,21923000.0
1948-04-20,21931000.0
1948-04-21,21949000.0
1948-04-22,21979000.0
1948-04-23,22016000.0
1948-04-24,22057000.0
1948-04-25,22123000.0
1948-04-26,22191000.0
1948-04-27,22246000.0
1948-04-28,22285000.0
1948-04-29,22320000.0
1948-04-30,22351000.0
1948-05-01,22384000.0
1948-05-02,22426000.0
1948-05-03,22461000.0
1948-05-04,22509000.0
1948-05-05,22565000.0
1948-05-06,22615000.0
1948-05-07,22665000.0
1948-05-08,22712000.0
1948-05-09,22769000.0
1948-05-10,22815000.0
1948-05-11,22866000.0
1948-05-12,22923000.0
1948-05-13,22967000.0
1948-05-14,23011000.0
1948-05-15,23057000.0
1948-05-16,23100000.0
1948-05-17,23123000.0
1948-05-18,23144000.0
1948-05-19,23184000.0
1948-05-20,23239000.0
1948-05-21,23310000.0
1948-05-22,23403000.0
1948-05-23,23528000.0
1948-05-24,23656000.0
1948-05-25,23789000.0
1948-05-26,23923000.0
1948-05-27,24064000.0
1948-05-28,24191000.0
1948-05-29,24314000.0
1948-05-30,24434000.0
1948-05-31,24556000.0
1948-06-01,24653000.0
1948-06-02,24749000.0
1948-06-03,24850000.0
1948-06-04,24954000.0
1948-06-05,25070000.0
1948-06-06,25203000.0
1948-06-07,25318000.0
1948-06-08,25438000.0
1948-06-09,25549000.0
1948-06-10,25657000.0
1948-06-11,25760000.0
1948-06-12,25859000.0
1948-06-13,25968000.0
1948-06-14,26054000.0
1948-06-15,26140000.0
1948-06-16,26218000.0
1948-06-17,26294000.0
1948-06-18,26360000.0
1948-06-19,26431000.0
1948-06-20,26500000.0
1948-06-21,26550000.0
1948-06-22,26590000.0
1948-06-23,26625000.0
1948-06-24,26651000.0
1948-06-25,26678000.0
1948-06-26,26706000.0
1948-06-27,26742000.0
1948-06-28,26761000.0
1948-06-29,26771000.0
1948-06-30,26774000.0
1948-07-01,26780000.0
1948-07-02,26787000.0
1948-07-03,26807000.0
1948-07-04,26831000.0
1948-07-05,26849000.0
1948-07-06,26855000.0
1948-07-07,26857000.0
1948-07-08,26857000.0
1948-07-09,26855000.0
1948-07-10,26857000.0
1948-07-11,26864000.0
1948-07-12,26855000.0
1948-07-13,26845000.0
1948-07-14,26840000.0
1948-07-15,26831000.0
1948-07-16,26810000.0
1948-07-17,26798000.0
1948-07-18,26796000.0
1948-07-19,26775000.0
1948-07-20,26754000.0
1948-07-21,26727000.0
1948-07-22,26711000.0
1948-07-23,26694000.0
1948-07-24,26675000.0
1948-07-25,26667000.0
1948-07-26,26646000.0
1948-07-27,26616000.0
1948-07-28,26588000.0
1948-07-29,26364000.0
1948-07-30,26539000.0
1948-07-31,26515000.0
1948-08-01,26504000.0
1948-08-02,26494000.0
1948-08-03,26466000.0
1948-08-04,26437000.0
1948-08-05,26437000.0
1948-08-06,26406000.0
1948-08-07,26408000.0
1948-08-08,26415000.0
1948-08-09,26409000.0
1948-08-10,26405000.0
1948-08-11,26402000.0
1948-08-12,26396000.0
1948-08-13,26387000.0
1948-08-14,26373000.0
1948-08-15,26368000.0
1948-08-16,26354000.0
1948-08-17,26332000.0
1948-08-18,26311000.0
1948-08-19,26289000.0
1948-08-20,26268000.0
1948-08-21,26253000.0
1948-08-22,26243000.0
1948-08-23,26222000.0
1948-08-24,26198000.0
1948-08-25,26175000.0
1948-08-26,26148000.0
1948-08-27,26121000.0
1948-08-28,26106000.0
1948-08-29,26099000.0
1948-08-30,26075000.0
1948-08-31,26047000.0
1948-09-01,26020000.0
1948-09-02,25995000.0
1948-09-03,25967000.0
1948-09-04,25948000.0
1948-09-05,25934000.0
1948-09-06,25926000.0
1948-09-07,25899000.0
1948-09-08,25868000.0
1948-09-09,25839000.0
1948-09-10,25806000.0
1948-09-11,25785000.0
1948-09-12,25770000.0
1948-09-13,25737000.0
1948-09-14,25701000.0
1948-09-15,25662000.0
1948-09-16,25637000.0
1948-09-17,25601000.0
1948-09-18,25574000.0
1948-09-19,25559000.0
1948-09-20,25528000.0
1948-09-21,25486000.0
1948-09-22,25456000.0
1948-09-23,25419000.0
1948-09-24,25380000.0
1948-09-25,25353000.0
1948-09-26,25333000.0
1948-09-27,25300000.0
1948-09-28,25271000.0
1948-09-29,25237000.0
1948-09-30,25209000.0
1948-10-01,25178000.0
1948-10-02,25161000.0
1948-10-03,25152000.0
1948-10-04,25132000.0
1948-10-05,25106000.0
1948-10-06,25078000.0
1948-10-07,25052000.0
1948-10-08,25028000.0
1948-10-09,25012000.0
1948-10-10,25005000.0
1948-10-11,24921000.0
1948-10-12,24956000.0
1948-10-13,24927000.0
1948-10-14,24899000.0
1948-10-15,24876000.0
1948-10-16,24862000.0
1948-10-17,24846000.0
1948-10-18,24821000.0
1948-10-19,24797000.0
1948-10-20,24772000.0
1948-10-21,24748000.0
1948-10-22,24720000.0
1948-10-23,24708000.0
1948-10-24,24701000.0
1948-10-25,24676000.0
1948-10-26,24652000.0
1948-10-27,24623000.0
1948-10-28,24600000.0
1948-10-29,24575000.0
1948-10-30,24568000.0
1948-10-31,24562000.0
1948-11-01,24538000.0
1948-11-02,24527000.0
1948-11-03,24508000.0
1948-11-04,24491000.0
1948-11-05,24475000.0
1948-11-06,24459000.0
1948-11-07,24449000.0
1948-11-08,24421000.0
1948-11-09,24392000.0
1948-11-10,24364000.0
1948-11-11,24342000.0
1948-11-12,24314000.0
1948-11-13,24298000.0
1948-11-14,24289000.0
1948-11-15,24261000.0
1948-11-16,24235000.0
1948-11-17,24210000.0
1948-11-18,24179000.0
1948-11-19,24146000.0
1948-11-20,24134000.0
1948-11-21,24122000.0
1948-11-22,24094000.0
1948-11-23,24066000.0
1948-11-24,24037000.0
1948-11-25,24032000.0
1948-11-26,24001000.0
1948-11-27,23980000.0
1948-11-28,23965000.0
1948-11-29,23940000.0
1948-11-30,23913000.0
1948-12-01,23876000.0
1948-12-02,23849000.0
1948-12-03,23831000.0
1948-12-04,23801000.0
1948-12-05,23788000.0
1948-12-06,23750000.0
1948-12-07,23732000.0
1948-12-08,23688000.0
1948-12-09,23658000.0
1948-12-10,23627000.0
1948-12-11,23602000.0
1948-12-12,23591000.0
1948-12-13,23556000.0
1948-12-14,23519000.0
1948-12-15,23488000.0
1948-12-16,23455000.0
1948-12-17,23426000.0
1948-12-18,23402000.0
1948-12-19,23389000.0
1948-12-20,23360000.0
1948-12-21,23337000.0
1948-12-22,23315000.0
1948-12-23,23288000.0
1948-12-24,23267000.0
1948-12-25,23261000.0
1948-12-26,23257000.0
1948-12-27,23232000.0
1948-12-28,23205000.0
1948-12-29,23178000.0
1948-12-30,23148000.0
1948-12-31,23134000.0
1949-01-01,23119000.0
1949-01-02,23105000.0
1949-01-03,23070000.0
1949-01-04,23035000.0
1949-01-05,22999000.0
1949-01-06,22968000.0
1949-01-07,22933000.0
1949-01-08,22902000.0
1949-01-09,22887000.0
1949-01-10,22846000.0
1949-01-11,22810000.0
1949-01-12,22784000.0
1949-01-13,22749000.0
1949-01-14,22710000.0
1949-01-15,22696000.0
1949-01-16,22674000.0
1949-01-17,22652000.0
1949-01-18,22629000.0
1949-01-19,22609000.0
1949-01-20,22579000.0
1949-01-21,22554000.0
1949-01-22,22525000.0
1949-01-23,22517000.0
1949-01-24,22494000.0
1949-01-25,22467000.0
1949-01-26,22430000.0
1949-01-27,22395000.0
1949-01-28,22370000.0
1949-01-29,22339000.0
1949-01-30,22320000.0
1949-01-31,22261000.0
1949-02-01,22229000.0
1949-02-02,22195000.0
1949-02-03,22157000.0
1949-02-04,22127000.0
1949-02-05,22096000.0
1949-02-06,22072000.0
1949-02-07,22037000.0
1949-02-08,22001000.0
1949-02-09,21964000.0
1949-02-10,21928000.0
1949-02-11,21884000.0
1949-02-12,21860000.0
1949-02-13,21832000.0
1949-02-14,21797000.0
1949-02-15,21770000.0
1949-02-16,21733000.0
1949-02-17,21703000.0
1949-02-18,21671000.0
1949-02-19,21641000.0
1949-02-20,21611000.0
1949-02-21,21588000.0
1949-02-22,21557000.0
1949-02-23,21526000.0
1949-02-24,21491000.0
1949-02-25,21456000.0
1949-02-26,21425000.0
1949-02-27,21414000.0
1949-02-28,21403000.0
1949-03-01,21385000.0
1949-03-02,21370000.0
1949-03-03,21354000.0
1949-03-04,21328000.0
1949-03-05,21322000.0
1949-03-06,21315000.0
1949-03-07,21291000.0
1949-03-08,21272000.0
1949-03-09,21245000.0
1949-03-10,21221000.0
1949-03-11,21204000.0
1949-03-12,21198000.0
1949-03-13,21198000.0
1949-03-14,21180000.0
1949-03-15,21157000.0
1949-03-16,21130000.0
1949-03-17,21110000.0
1949-03-18,21083000.0
1949-03-19,21059000.0
1949-03-20,21059000.0
1949-03-21,21046000.0
1949-03-22,21025000.0
1949-03-23,21012000.0
1949-03-24,21008000.0
1949-03-25,20996000.0
1949-03-26,20995000.0
1949-03-27,20994000.0
1949-03-28,20981000.0
1949-03-29,20968000.0
1949-03-30,20955000.0
1949-03-31,20942000.0
1949-04-01,20925000.0
1949-04-02,20915000.0
1949-04-03,20916000.0
1949-04-04,20907000.0
1949-04-05,20891000.0
1949-04-06,20874000.0
1949-04-07,20857000.0
1949-04-08,20841000.0
1949-04-09,20824000.0
1949-04-10,20824000.0
1949-04-11,20808000.0
1949-04-12,20787000.0
1949-04-13,20777000.0
1949-04-14,20761000.0
1949-04-15,20750000.0
1949-04-16,20750000.0
1949-04-17,20773000.0
1949-04-18,20778000.0
1949-04-19,20785000.0
1949-04-20,20796000.0
1949-04-21,20804000.0
1949-04-22,20816000.0
1949-04-23,20838000.0
1949-04-24,20871000.0
1949-04-25,20886000.0
1949-04-26,20901000.0
1949-04-27,20929000.0
1949-04-28,20965000.0
1949-04-29,21009000.0
1949-04-30,21076000.0
1949-05-01,21150000.0
1949-05-02,21201000.0
1949-05-03,21258000.0
1949-05-04,21326000.0
1949-05-05,21381000.0
1949-05-06,21441000.0
1949-05-07,21510000.0
1949-05-08,21588000.0
1949-05-09,21653000.0
1949-05-10,21708000.0
1949-05-11,21768000.0
1949-05-12,21815000.0
1949-05-13,21856000.0
1949-05-14,21901000.0
1949-05-15,21964000.0
1949-05-16,22026000.0
1949-05-17,22081000.0
1949-05-18,22138000.0
1949-05-19,22210000.0
1949-05-20,22286000.0
1949-05-21,22374000.0
1949-05-22,22464000.0
1949-05-23,22538000.0
1949-05-24,22607000.0
1949-05-25,22676000.0
1949-05-26,22736000.0
1949-05-27,22788000.0
1949-05-28,22844000.0
1949-05-29,22915000.0
1949-05-30,22991000.0
1949-05-31,23062000.0
1949-06-01,23140000.0
1949-06-02,23217000.0
1949-06-03,23306000.0
1949-06-04,23394000.0
1949-06-05,23499000.0
1949-06-06,23577000.0
1949-06-07,23638000.0
1949-06-08,23711000.0
1949-06-09,23785000.0
1949-06-10,23851000.0
1949-06-11,23913000.0
1949-06-12,24011000.0
1949-06-13,24081000.0
1949-06-14,24160000.0
1949-06-15,24276000.0
1949-06-16,24377000.0
1949-06-17,24489000.0
1949-06-18,24616000.0
1949-06-19,24753000.0
1949-06-20,24901000.0
1949-06-21,25056000.0
1949-06-22,25226000.0
1949-06-23,25398000.0
1949-06-24,25567000.0
1949-06-25,25716000.0
1949-06-26,25866000.0
1949-06-27,26005000.0
1949-06-28,26126000.0
1949-06-29,26240000.0
1949-06-30,26338000.0
1949-07-01,26429000.0
1949-07-02,26524000.0
1949-07-03,26609000.0
1949-07-04,26691000.0
1949-07-05,26754000.0
1949-07-06,26609000.0
1949-07-07,26867000.0
1949-07-08,26924000.0
1949-07-09,26991000.0
1949-07-10,27060000.0
1949-07-11,27110000.0
1949-07-12,27151000.0
1949-07-13,27192000.0
1949-07-14,27232000.0
1949-07-15,27264000.0
1949-07-16,27300000.0
1949-07-17,27338000.0
1949-07-18,27354000.0
1949-07-19,27363000.0
1949-07-20,27371000.0
1949-07-21,27374000.0
1949-07-22,27377000.0
1949-07-23,27384000.0
1949-07-24,27397000.0
1949-07-25,27309000.0
1949-07-26,27394000.0
1949-07-27,27393000.0
1949-07-28,27390000.0
1949-07-29,27389000.0
1949-07-30,27392000.0
1949-07-31,27409000.0
1949-08-01,27403000.0
1949-08-02,27404000.0
1949-08-03,27320000.0
1949-08-04,27380000.0
1949-08-05,27364000.0
1949-08-06,27354000.0
1949-08-07,27352000.0
1949-08-08,27335000.0
1949-08-09,27311000.0
1949-08-10,27292000.0
1949-08-11,27287000.0
1949-08-12,27280000.0
1949-08-13,27271000.0
1949-08-14,27271000.0
1949-08-15,27254000.0
1949-08-16,27240000.0
1949-08-17,27223000.0
1949-08-18,27200000.0
1949-08-19,27176000.0
1949-08-20,27163000.0
1949-08-21,27155000.0
1949-08-22,27133000.0
1949-08-23,27112000.0
1949-08-24,27086000.0
1949-08-25,27057000.0
1949-08-26,27053000.0
1949-08-27,27013000.0
1949-08-28,27003000.0
1949-08-29,26976000.0
1949-08-30,26947000.0
1949-08-31,26918000.0
1949-09-01,26887000.0
1949-09-02,26856000.0
1949-09-03,26835000.0
1949-09-04,26818000.0
1949-09-05,26805000.0
1949-09-06,26777000.0
1949-09-07,26740000.0
1949-09-08,26708000.0
1949-09-09,26668000.0
1949-09-10,26636000.0
1949-09-11,26613000.0
1949-09-12,26580000.0
1949-09-13,26549000.0
1949-09-14,26517000.0
1949-09-15,26486000.0
1949-09-16,26452000.0
1949-09-17,26429000.0
1949-09-18,26400000.0
1949-09-19,26378000.0
1949-09-20,26342000.0
1949-09-21,26312000.0
1949-09-22,26261000.0
1949-09-23,26246000.0
1949-09-24,26217000.0
1949-09-25,26194000.0
1949-09-26,26165000.0
1949-09-27,26133000.0
1949-09-28,26100000.0
1949-09-29,26067000.0
1949-09-30,26034000.0
1949-10-01,22082000.0
1949-10-02,22057000.0
1949-10-03,22030000.0
1949-10-04,21996000.0
1949-10-05,21959000.0
1949-10-06,21921000.0
1949-10-07,21888000.0
1949-10-08,21858000.0
1949-10-09,21844000.0
1949-10-10,21816000.0
1949-10-11,21785000.0
1949-10-12,21756000.0
1949-10-13,21728000.0
1949-10-14,21694000.0
1949-10-15,21667000.0
1949-10-16,21654000.0
1949-10-17,21613000.0
1949-10-18,21576000.0
1949-10-19,21554000.0
1949-10-20,21523000.0
1949-10-21,21494000.0
1949-10-22,21480000.0
1949-10-23,21478000.0
1949-10-24,21469000.0
1949-10-25,21451000.0
1949-10-26,21431000.0
1949-10-27,21411000.0
1949-10-28,21391000.0
1949-10-29,21376000.0
1949-10-30,21371000.0
1949-10-31,21346000.0
1949-11-01,21323000.0
1949-11-02,21302000.0
1949-11-03,21276000.0
1949-11-04,21256000.0
1949-11-05,21236000.0
1949-11-06,21229000.0
1949-11-07,21199000.0
1949-11-08,21176000.0
1949-11-09,21146000.0
1949-11-10,21133000.0
1949-11-11,21129000.0
1949-11-12,21129000.0
1949-11-13,21129000.0
1949-11-14,21112000.0
1949-11-15,21094000.0
1949-11-16,21072000.0
1949-11-17,21048000.0
1949-11-18,21022000.0
1949-11-19,21010000.0
1949-11-20,21000000.0
1949-11-21,20976000.0
1949-11-22,20948000.0
1949-11-23,20921000.0
1949-11-24,20916000.0
1949-11-25,20892000.0
1949-11-26,20876000.0
1949-11-27,20869000.0
1949-11-28,20842000.0
1949-11-29,20813000.0
1949-11-30,20786000.0
1949-12-01,20756000.0
1949-12-02,20726000.0
1949-12-03,20699000.0
1949-12-04,20679000.0
1949-12-05,20652000.0
1949-12-06,20621000.0
1949-12-07,20588000.0
1949-12-08,20553000.0
1949-12-09,20520000.0
1949-12-10,20490000.0
1949-12-11,20455000.0
1949-12-12,20434000.0
1949-12-13,20400000.0
1949-12-14,20369000.0
1949-12-15,20337000.0
1949-12-16,20306000.0
1949-12-17,20283000.0
1949-12-18,20270000.0
1949-12-19,20242000.0
1949-12-20,20210000.0
1949-12-21,20177000.0
1949-12-22,20143000.0
1949-12-23,20107000.0
1949-12-24,20088000.0
1949-12-25,20071000.0
1949-12-26,20058000.0
1949-12-27,20028000.0
1949-12-28,19996000.0
1949-12-29,19964000.0
1949-12-30,19929000.0
1949-12-31,19907000.0
1950-01-01,19896000.0
1950-01-02,19870000.0
1950-01-03,19844000.0
1950-01-04,19807000.0
1950-01-05,19767000.0
1950-01-06,19730000.0
1950-01-07,19703000.0
1950-01-08,19684000.0
1950-01-09,19657000.0
1950-01-10,19622000.0
1950-01-11,19581000.0
1950-01-12,19545000.0
1950-01-13,19507000.0
1950-01-14,19468000.0
1950-01-15,19446000.0
1950-01-16,19415000.0
1950-01-17,19382000.0
1950-01-18,19352000.0
1950-01-19,19324000.0
1950-01-20,19292000.0
1950-01-21,19269000.0
1950-01-22,19249000.0
1950-01-23,19213000.0
1950-01-24,19184000.0
1950-01-25,19150000.0
1950-01-26,19116000.0
1950-01-27,19087000.0
1950-01-28,19053000.0
1950-01-29,19025000.0
1950-01-30,18996000.0
1950-01-31,18961000.0
1950-02-01,18932000.0
1950-02-02,18892000.0
1950-02-03,18859000.0
1950-02-04,18839000.0
1950-02-05,18821000.0
1950-02-06,18789000.0
1950-02-07,18764000.0
1950-02-08,18740000.0
1950-02-09,18711000.0
1950-02-10,18682000.0
1950-02-11,18663000.0
1950-02-12,18652000.0
1950-02-13,18625000.0
1950-02-14,18596000.0
1950-02-15,18571000.0
1950-02-16,18543000.0
1950-02-17,18518000.0
1950-02-18,18500000.0
1950-02-19,18483000.0
1950-02-20,18458000.0
1950-02-21,18433000.0
1950-02-22,18404000.0
1950-02-23,18375000.0
1950-02-24,18350000.0
1950-02-25,18333000.0
1950-02-26,18316000.0
1950-02-27,18293000.0
1950-02-28,18268000.0
1950-03-01,18242000.0
1950-03-02,18212000.0
1950-03-03,18181000.0
1950-03-04,18164000.0
1950-03-05,18147000.0
1950-03-06,18127000.0
1950-03-07,18099000.0
1950-03-08,18073000.0
1950-03-09,18043000.0
1950-03-10,18019000.0
1950-03-11,18015000.0
1950-03-12,18015000.0
1950-03-13,17994000.0
1950-03-14,17976000.0
1950-03-15,17961000.0
1950-03-16,17943000.0
1950-03-17,17931000.0
1950-03-18,17912000.0
1950-03-19,17909000.0
1950-03-20,17893000.0
1950-03-21,17874000.0
1950-03-22,17858000.0
1950-03-23,17834000.0
1950-03-24,17803000.0
1950-03-25,17793000.0
1950-03-26,17783000.0
1950-03-27,17766000.0
1950-03-28,17747000.0
1950-03-29,17728000.0
1950-03-30,17708000.0
1950-03-31,17686000.0
1950-04-01,17683000.0
1950-04-02,17678000.0
1950-04-03,17662000.0
1950-04-04,17634000.0
1950-04-05,17612000.0
1950-04-06,17590000.0
1950-04-07,17564000.0
1950-04-08,17539000.0
1950-04-09,17542000.0
1950-04-10,17526000.0
1950-04-11,17510000.0
1950-04-12,17493000.0
1950-04-13,17478000.0
1950-04-14,17488000.0
1950-04-15,17497000.0
1950-04-16,17506000.0
1950-04-17,17511000.0
1950-04-18,17513000.0
1950-04-19,17514000.0
1950-04-20,17513000.0
1950-04-21,17509000.0
1950-04-22,17520000.0
1950-04-23,17546000.0
1950-04-24,17562000.0
1950-04-25,17576000.0
1950-04-26,17593000.0
1950-04-27,17616000.0
1950-04-28,17648000.0
1950-04-29,17683000.0
1950-04-30,17730000.0
1950-05-01,17759000.0
1950-05-02,17778000.0
1950-05-03,17793000.0
1950-05-04,17811000.0
1950-05-05,17821000.0
1950-05-06,17841000.0
1950-05-07,17862000.0
1950-05-08,17879000.0
1950-05-09,17892000.0
1950-05-10,17908000.0
1950-05-11,17921000.0
1950-05-12,17933000.0
1950-05-13,17948000.0
1950-05-14,17963000.0
1950-05-15,17960000.0
1950-05-16,17960000.0
1950-05-17,17958000.0
1950-05-18,17950000.0
1950-05-19,17949000.0
1950-05-20,17957000.0
1950-05-21,17984000.0
1950-05-22,18009000.0
1950-05-23,18042000.0
1950-05-24,18080000.0
1950-05-25,18121000.0
1950-05-26,18164000.0
1950-05-27,18222000.0
1950-05-28,18293000.0
1950-05-29,18360000.0
1950-05-30,18436000.0
1950-05-31,18491000.0
1950-06-01,18541000.0
1950-06-02,18591000.0
1950-06-03,18645000.0
1950-06-04,18705000.0
1950-06-05,18759000.0
1950-06-06,18808000.0
1950-06-07,18889000.0
1950-06-08,18965000.0
1950-06-09,19032000.0
1950-06-10,19105000.0
1950-06-11,19194000.0
1950-06-12,19269000.0
1950-06-13,19331000.0
1950-06-14,19400000.0
1950-06-15,19462000.0
1950-06-16,19524000.0
1950-06-17,19601000.0
1950-06-18,19683000.0
1950-06-19,19748000.0
1950-06-20,19811000.0
1950-06-21,19870000.0
1950-06-22,19928000.0
1950-06-23,19989000.0
1950-06-24,20052000.0
1950-06-25,20093000.0
1950-06-26,20183000.0
1950-06-27,20264000.0
1950-06-28,20313000.0
1950-06-29,20354000.0
1950-06-30,20997000.0
1950-07-01,20442000.0
1950-07-02,20488000.0
1950-07-03,20532000.0
1950-07-04,20567000.0
1950-07-05,20581000.0
1950-07-06,20615000.0
1950-07-07,20638000.0
1950-07-08,20655000.0
1950-07-09,20688000.0
1950-07-10,20705000.0
1950-07-11,20730000.0
1950-07-12,20757000.0
1950-07-13,20775000.0
1950-07-14,20782000.0
1950-07-15,20799000.0
1950-07-16,20816000.0
1950-07-17,20826000.0
1950-07-18,20838000.0
1950-07-19,20842000.0
1950-07-20,20849000.0
1950-07-21,20860000.0
1950-07-22,20851000.0
1950-07-23,20855000.0
1950-07-24,20862000.0
1950-07-25,20858000.0
1950-07-26,20851000.0
1950-07-27,20843000.0
1950-07-28,20833000.0
1950-07-29,20824000.0
1950-07-30,20825000.0
1950-07-31,20811000.0
1950-08-01,20801000.0
1950-08-02,20783000.0
1950-08-03,20769000.0
1950-08-04,20752000.0
1950-08-05,20740000.0
1950-08-06,20739000.0
1950-08-07,20721000.0
1950-08-08,20705000.0
1950-08-09,20688000.0
1950-08-10,20682000.0
1950-08-11,20656000.0
1950-08-12,20644000.0
1950-08-13,20648000.0
1950-08-14,20631000.0
1950-08-15,20616000.0
1950-08-16,20599000.0
1950-08-17,20581000.0
1950-08-18,20560000.0
1950-08-19,20547000.0
1950-08-20,20545000.0
1950-08-21,20528000.0
1950-08-22,20501000.0
1950-08-23,20478000.0
1950-08-24,20457000.0
1950-08-25,20435000.0
1950-08-26,20425000.0
1950-08-27,20417000.0
1950-08-28,20397000.0
1950-08-29,20375000.0
1950-08-30,20351000.0
1950-08-31,20327000.0
1950-09-01,20304000.0
1950-09-02,20291000.0
1950-09-03,20283000.0
1950-09-04,20274000.0
1950-09-05,20256000.0
1950-09-06,20233000.0
1950-09-07,20204000.0
1950-09-08,20179000.0
1950-09-09,20163000.0
1950-09-10,20156000.0
1950-09-11,20129000.0
1950-09-12,20102000.0
1950-09-13,20077000.0
1950-09-14,20047000.0
1950-09-15,20020000.0
1950-09-16,20002000.0
1950-09-17,19989000.0
1950-09-18,19964000.0
1950-09-19,19942000.0
1950-09-20,19914000.0
1950-09-21,19884000.0
1950-09-22,19858000.0
1950-09-23,19841000.0
1950-09-24,19842000.0
1950-09-25,19828000.0
1950-09-26,19816000.0
1950-09-27,19801000.0
1950-09-28,19781000.0
1950-09-29,19753000.0
1950-09-30,19751000.0
1950-10-01,19746000.0
1950-10-02,19727000.0
1950-10-03,19708000.0
1950-10-04,19691000.0
1950-10-05,19667000.0
1950-10-06,19646000.0
1950-10-07,19637000.0
1950-10-08,19630000.0
1950-10-09,19609000.0
1950-10-10,19586000.0
1950-10-11,19565000.0
1950-10-12,19532000.0
1950-10-13,19511000.0
1950-10-14,19497000.0
1950-10-15,19487000.0
1950-10-16,19468000.0
1950-10-17,19450000.0
1950-10-18,19431000.0
1950-10-19,19411000.0
1950-10-20,19390000.0
1950-10-21,19379000.0
1950-10-22,19374000.0
1950-10-23,19353000.0
1950-10-24,19334000.0
1950-10-25,19309000.0
1950-10-26,19285000.0
1950-10-27,19265000.0
1950-10-28,19249000.0
1950-10-29,19241000.0
1950-10-30,19216000.0
1950-10-31,19201000.0
1950-11-01,19176000.0
1950-11-02,19157000.0
1950-11-03,19132000.0
1950-11-04,19116000.0
1950-11-05,19110000.0
1950-11-06,19089000.0
1950-11-07,19072000.0
1950-11-08,19049000.0
1950-11-09,19021000.0
1950-11-10,18991000.0
1950-11-11,18972000.0
1950-11-12,18964000.0
1950-11-13,18933000.0
1950-11-14,18909000.0
1950-11-15,18888000.0
1950-11-16,18869000.0
1950-11-17,18853000.0
1950-11-18,18828000.0
1950-11-19,18824000.0
1950-11-20,18808000.0
1950-11-21,18790000.0
1950-11-22,18777000.0
1950-11-23,18776000.0
1950-11-24,18765000.0
1950-11-25,18757000.0
1950-11-26,18749000.0
1950-11-27,18735000.0
1950-11-28,18721000.0
1950-11-29,18704000.0
1950-11-30,18686000.0
1950-12-01,18673000.0
1950-12-02,18664000.0
1950-12-03,18661000.0
1950-12-04,18649000.0
1950-12-05,18633000.0
1950-12-06,18617000.0
1950-12-07,18605000.0
1950-12-08,18586000.0
1950-12-09,18579000.0
1950-12-10,18578000.0
1950-12-11,18559000.0
1950-12-12,18538000.0
1950-12-13,18517000.0
1950-12-14,18497000.0
1950-12-15,18478000.0
1950-12-16,18471000.0
1950-12-17,18467000.0
1950-12-18,18443000.0
1950-12-19,18433000.0
1950-12-20,18411000.0
1950-12-21,18387000.0
1950-12-22,18372000.0
1950-12-23,18367000.0
1950-12-24,18365000.0
1950-12-25,18364000.0
1950-12-26,18343000.0
1950-12-27,18323000.0
1950-12-28,18305000.0
1950-12-29,18284000.0
1950-12-30,18262000.0
1950-12-31,18259000.0
1951-01-01,18250000.0
1951-01-02,18229000.0
1951-01-03,18200000.0
1951-01-04,18173000.0
1951-01-05,18151000.0
1951-01-06,18130000.0
1951-01-07,18117000.0
1951-01-08,18092000.0
1951-01-09,18067000.0
1951-01-10,18035000.0
1951-01-11,18013000.0
1951-01-12,17989000.0
1951-01-13,17975000.0
1951-01-14,17968000.0
1951-01-15,17951000.0
1951-01-16,17919000.0
1951-01-17,17896000.0
1951-01-18,17866000.0
1951-01-19,17846000.0
1951-01-20,17826000.0
1951-01-21,17817000.0
1951-01-22,17795000.0
1951-01-23,17783000.0
1951-01-24,17759000.0
1951-01-25,17745000.0
1951-01-26,17727000.0
1951-01-27,17715000.0
1951-01-28,17707000.0
1951-01-29,17687000.0
1951-01-30,17669000.0
1951-01-31,17654000.0
1951-02-01,17630000.0
1951-02-02,17614000.0
1951-02-03,17597000.0
1951-02-04,17599000.0
1951-02-05,17590000.0
1951-02-06,17576000.0
1951-02-07,17555000.0
1951-02-08,17538000.0
1951-02-09,17514000.0
1951-02-10,17499000.0
1951-02-11,17492000.0
1951-02-12,17477000.0
1951-02-13,17459000.0
1951-02-14,17446000.0
1951-02-15,17434000.0
1951-02-16,17420000.0
1951-02-17,17415000.0
1951-02-18,17412000.0
1951-02-19,17398000.0
1951-02-20,17380000.0
1951-02-21,17362000.0
1951-02-22,17345000.0
1951-02-23,17324000.0
1951-02-24,17315000.0
1951-02-25,17314000.0
1951-02-26,17294000.0
1951-02-27,17276000.0
1951-02-28,17255000.0
1951-03-01,17236000.0
1951-03-02,17203000.0
1951-03-03,17201000.0
1951-03-04,17196000.0
1951-03-05,17175000.0
1951-03-06,17154000.0
1951-03-07,17140000.0
1951-03-08,17125000.0
1951-03-09,17108000.0
1951-03-10,17103000.0
1951-03-11,17097000.0
1951-03-12,17083000.0
1951-03-13,17066000.0
1951-03-14,17052000.0
1951-03-15,17031000.0
1951-03-16,17016000.0
1951-03-17,17004000.0
1951-03-18,16996000.0
1951-03-19,16982000.0
1951-03-20,16967000.0
1951-03-21,16951000.0
1951-03-22,16938000.0
1951-03-23,16921000.0
1951-03-24,16909000.0
1951-03-25,16909000.0
1951-03-26,16890000.0
1951-03-27,16877000.0
1951-03-28,16854000.0
1951-03-29,16838000.0
1951-03-30,16817000.0
1951-03-31,16806000.0
1951-04-01,16804000.0
1951-04-02,16790000.0
1951-04-03,16772000.0
1951-04-04,16757000.0
1951-04-05,16744000.0
1951-04-06,16734000.0
1951-04-07,16729000.0
1951-04-08,16727000.0
1951-04-09,16715000.0
1951-04-10,16699000.0
1951-04-11,16680000.0
1951-04-12,16666000.0
1951-04-13,16650000.0
1951-04-14,16640000.0
1951-04-15,16640000.0
1951-04-16,16623000.0
1951-04-17,16611000.0
1951-04-18,16595000.0
1951-04-19,16586000.0
1951-04-20,16574000.0
1951-04-21,16565000.0
1951-04-22,16565000.0
1951-04-23,16548000.0
1951-04-24,16539000.0
1951-04-25,16527000.0
1951-04-26,16515000.0
1951-04-27,16505000.0
1951-04-28,16505000.0
1951-04-29,16508000.0
1951-04-30,16500000.0
1951-05-01,16496000.0
1951-05-02,16497000.0
1951-05-03,16492000.0
1951-05-04,16488000.0
1951-05-05,16493000.0
1951-05-06,16502000.0
1951-05-07,16507000.0
1951-05-08,16509000.0
1951-05-09,16503000.0
1951-05-10,16493000.0
1951-05-11,16483000.0
1951-05-12,16486000.0
1951-05-13,16500000.0
1951-05-14,16506000.0
1951-05-15,16520000.0
1951-05-16,16536000.0
1951-05-17,16556000.0
1951-05-18,16571000.0
1951-05-19,16591000.0
1951-05-20,16621000.0
1951-05-21,16638000.0
1951-05-22,16654000.0
1951-05-23,16668000.0
1951-05-24,16694000.0
1951-05-25,16725000.0
1951-05-26,16767000.0
1951-05-27,16819000.0
1951-05-28,16861000.0
1951-05-29,16909000.0
1951-05-30,16976000.0
1951-05-31,17043000.0
1951-06-01,17129000.0
1951-06-02,17235000.0
1951-06-03,17342000.0
1951-06-04,17434000.0
1951-06-05,17524000.0
1951-06-06,17612000.0
1951-06-07,17689000.0
1951-06-08,17759000.0
1951-06-09,17832000.0
1951-06-10,17900000.0
1951-06-11,17953000.0
1951-06-12,17999000.0
1951-06-13,18048000.0
1951-06-14,18096000.0
1951-06-15,18145000.0
1951-06-16,18195000.0
1951-06-17,18243000.0
1951-06-18,18281000.0
1951-06-19,18322000.0
1951-06-20,18356000.0
1951-06-21,18403000.0
1951-06-22,18466000.0
1951-06-23,18547000.0
1951-06-24,18627000.0
1951-06-25,18712000.0
1951-06-26,18802000.0
1951-06-27,18885000.0
1951-06-28,18955000.0
1951-06-29,19025000.0
1951-06-30,19091000.0
1951-07-01,19158000.0
1951-07-02,19211000.0
1951-07-03,19264000.0
1951-07-04,19318000.0
1951-07-05,19360000.0
1951-07-06,19394000.0
1951-07-07,19427000.0
1951-07-08,19466000.0
1951-07-09,19489000.0
1951-07-10,19508000.0
1951-07-11,19524000.0
1951-07-12,19543000.0
1951-07-13,19556000.0
1951-07-14,19571000.0
1951-07-15,19597000.0
1951-07-16,19606000.0
1951-07-17,19612000.0
1951-07-18,19617000.0
1951-07-19,19620000.0
1951-07-20,19625000.0
1951-07-21,19631000.0
1951-07-22,19647000.0
1951-07-23,19641000.0
1951-07-24,19642000.0
1951-07-25,19643000.0
1951-07-26,19640000.0
1951-07-27,19657000.0
1951-07-28,19652000.0
1951-07-29,19663000.0
1951-07-30,19664000.0
1951-07-31,19663000.0
1951-08-01,19658000.0
1951-08-02,19658000.0
1951-08-03,19661000.0
1951-08-04,19677000.0
1951-08-05,19696000.0
1951-08-06,19704000.0
1951-08-07,19720000.0
1951-08-08,19732000.0
1951-08-09,19741000.0
1951-08-10,19743000.0
1951-08-11,19751000.0
1951-08-12,19763000.0
1951-08-13,19756000.0
1951-08-14,19750000.0
1951-08-15,19736000.0
1951-08-16,19728000.0
1951-08-17,19717000.0
1951-08-18,19710000.0
1951-08-19,19712000.0
1951-08-20,19692000.0
1951-08-21,19682000.0
1951-08-22,19660000.0
1951-08-23,19638000.0
1951-08-24,19617000.0
1951-08-25,19606000.0
1951-08-26,19600000.0
1951-08-27,19580000.0
1951-08-28,19560000.0
1951-08-29,19542000.0
1951-08-30,19529000.0
1951-08-31,19518000.0
1951-09-01,19528000.0
1951-09-02,19549000.0
1951-09-03,19568000.0
1951-09-04,19563000.0
1951-09-05,19551000.0
1951-09-06,19535000.0
1951-09-07,19523000.0
1951-09-08,19516000.0
1951-09-09,19518000.0
1951-09-10,19498000.0
1951-09-11,19472000.0
1951-09-12,19450000.0
1951-09-13,19426000.0
1951-09-14,19404000.0
1951-09-15,19385000.0
1951-09-16,19379000.0
1951-09-17,19358000.0
1951-09-18,19328000.0
1951-09-19,19304000.0
1951-09-20,19277000.0
1951-09-21,19251000.0
1951-09-22,19235000.0
1951-09-23,19227000.0
1951-09-24,19203000.0
1951-09-25,19181000.0
1951-09-26,19159000.0
1951-09-27,19138000.0
1951-09-28,19131000.0
1951-09-29,19120000.0
1951-09-30,19118000.0
1951-10-01,19096000.0
1951-10-02,19082000.0
1951-10-03,19067000.0
1951-10-04,19069000.0
1951-10-05,19047000.0
1951-10-06,19033000.0
1951-10-07,19028000.0
1951-10-08,19010000.0
1951-10-09,18992000.0
1951-10-10,18971000.0
1951-10-11,18954000.0
1951-10-12,18936000.0
1951-10-13,18920000.0
1951-10-14,18917000.0
1951-10-15,18899000.0
1951-10-16,18888000.0
1951-10-17,18875000.0
1951-10-18,18858000.0
1951-10-19,18842000.0
1951-10-20,18840000.0
1951-10-21,18836000.0
1951-10-22,18825000.0
1951-10-23,18807000.0
1951-10-24,18789000.0
1951-10-25,18777000.0
1951-10-26,18765000.0
1951-10-27,18757000.0
1951-10-28,18754000.0
1951-10-29,18742000.0
1951-10-30,18725000.0
1951-10-31,18713000.0
1951-11-01,18703000.0
1951-11-02,18694000.0
1951-11-03,18697000.0
1951-11-04,18706000.0
1951-11-05,18699000.0
1951-11-06,18686000.0
1951-11-07,18674000.0
1951-11-08,18658000.0
1951-11-09,18644000.0
1951-11-10,18637000.0
1951-11-11,18633000.0
1951-11-12,18616000.0
1951-11-13,18599000.0
1951-11-14,18583000.0
1951-11-15,18565000.0
1951-11-16,18542000.0
1951-11-17,18524000.0
1951-11-18,18520000.0
1951-11-19,18499000.0
1951-11-20,18475000.0
1951-11-21,18453000.0
1951-11-22,18455000.0
1951-11-23,18448000.0
1951-11-24,18442000.0
1951-11-25,18439000.0
1951-11-26,18415000.0
1951-11-27,18396000.0
1951-11-28,18379000.0
1951-11-29,18356000.0
1951-11-30,18334000.0
1951-12-01,18316000.0
1951-12-02,18321000.0
1951-12-03,18298000.0
1951-12-04,18280000.0
1951-12-05,18271000.0
1951-12-06,18250000.0
1951-12-07,18222000.0
1951-12-08,18200000.0
1951-12-09,18185000.0
1951-12-10,18170000.0
1951-12-11,18150000.0
1951-12-12,18133000.0
1951-12-13,18119000.0
1951-12-14,18104000.0
1951-12-15,18088000.0
1951-12-16,18080000.0
1951-12-17,18061000.0
1951-12-18,18038000.0
1951-12-19,18008000.0
1951-12-20,17987000.0
1951-12-21,17961000.0
1951-12-22,17948000.0
1951-12-23,17942000.0
1951-12-24,17934000.0
1951-12-25,17937000.0
1951-12-26,17917000.0
1951-12-27,17902000.0
1951-12-28,17874000.0
1951-12-29,17857000.0
1951-12-30,17846000.0
1951-12-31,17846000.0
1952-01-01,17845000.0
1952-01-02,17831000.0
1952-01-03,17824000.0
1952-01-04,17828000.0
1952-01-05,17830000.0
1952-01-06,17834000.0
1952-01-07,17824000.0
1952-01-08,17804000.0
1952-01-09,17789000.0
1952-01-10,17762000.0
1952-01-11,17745000.0
1952-01-12,17722000.0
1952-01-13,17702000.0
1952-01-14,17680000.0
1952-01-15,17618000.0
1952-01-16,17616000.0
1952-01-17,17582000.0
1952-01-18,17557000.0
1952-01-19,17544000.0
1952-01-20,17535000.0
1952-01-21,17522000.0
1952-01-22,17547000.0
1952-01-23,17541000.0
1952-01-24,17521000.0
1952-01-25,17497000.0
1952-01-26,17483000.0
1952-01-27,17475000.0
1952-01-28,17453000.0
1952-01-29,17429000.0
1952-01-30,17402000.0
1952-01-31,17375000.0
1952-02-01,17352000.0
1952-02-02,17335000.0
1952-02-03,17329000.0
1952-02-04,17308000.0
1952-02-05,17277000.0
1952-02-06,17253000.0
1952-02-07,17228000.0
1952-02-08,17197000.0
1952-02-09,17173000.0
1952-02-10,17163000.0
1952-02-11,17129000.0
1952-02-12,17105000.0
1952-02-13,17073000.0
1952-02-14,17041000.0
1952-02-15,17006000.0
1952-02-16,16984000.0
1952-02-17,16963000.0
1952-02-18,16942000.0
1952-02-19,16904000.0
1952-02-20,16869000.0
1952-02-21,16836000.0
1952-02-22,16800000.0
1952-02-23,16770000.0
1952-02-24,16752000.0
1952-02-25,16717000.0
1952-02-26,16680000.0
1952-02-27,16645000.0
1952-02-28,16610000.0
1952-02-29,16574000.0
1952-03-01,16540000.0
1952-03-02,16518000.0
1952-03-03,16482000.0
1952-03-04,16448000.0
1952-03-05,16410000.0
1952-03-06,16378000.0
1952-03-07,16342000.0
1952-03-08,16309000.0
1952-03-09,16300000.0
1952-03-10,16279000.0
1952-03-11,16240000.0
1952-03-12,16208000.0
1952-03-13,16176000.0
1952-03-14,16148000.0
1952-03-15,16115000.0
1952-03-16,16094000.0
1952-03-17,16067000.0
1952-03-18,16032000.0
1952-03-19,16008000.0
1952-03-20,15972000.0
1952-03-21,15941000.0
1952-03-22,15910000.0
1952-03-23,15888000.0
1952-03-24,15859000.0
1952-03-25,15834000.0
1952-03-26,15810000.0
1952-03-27,15779000.0
1952-03-28,15756000.0
1952-03-29,15731000.0
1952-03-30,15715000.0
1952-03-31,15691000.0
1952-04-01,15663000.0
1952-04-02,15637000.0
1952-04-03,15623000.0
1952-04-04,15612000.0
1952-04-05,15610000.0
1952-04-06,15613000.0
1952-04-07,15613000.0
1952-04-08,15626000.0
1952-04-09,15636000.0
1952-04-10,15646000.0
1952-04-11,15660000.0
1952-04-12,15679000.0
1952-04-13,15717000.0
1952-04-14,15752000.0
1952-04-15,15774000.0
1952-04-16,15792000.0
1952-04-17,15806000.0
1952-04-18,15821000.0
1952-04-19,15844000.0
1952-04-20,15899000.0
1952-04-21,15943000.0
1952-04-22,15998000.0
1952-04-23,16053000.0
1952-04-24,16117000.0
1952-04-25,16180000.0
1952-04-26,16253000.0
1952-04-27,16344000.0
1952-04-28,16406000.0
1952-04-29,16487000.0
1952-04-30,16570000.0
1952-05-01,16667000.0
1952-05-02,16776000.0
1952-05-03,16887000.0
1952-05-04,16999000.0
1952-05-05,17091000.0
1952-05-06,17188000.0
1952-05-07,17310000.0
1952-05-08,17454000.0
1952-05-09,17614000.0
1952-05-10,17791000.0
1952-05-11,17971000.0
1952-05-12,18119000.0
1952-05-13,18268000.0
1952-05-14,18402000.0
1952-05-15,18525000.0
1952-05-16,18653000.0
1952-05-17,18790000.0
1952-05-18,18941000.0
1952-05-19,19075000.0
1952-05-20,19207000.0
1952-05-21,19325000.0
1952-05-22,19435000.0
1952-05-23,19527000.0
1952-05-24,19617000.0
1952-05-25,19714000.0
1952-05-26,19792000.0
1952-05-27,19852000.0
1952-05-28,19902000.0
1952-05-29,19950000.0
1952-05-30,20018000.0
1952-05-31,20086000.0
1952-06-01,20172000.0
1952-06-02,20246000.0
1952-06-03,20327000.0
1952-06-04,20418000.0
1952-06-05,20519000.0
1952-06-06,20635000.0
1952-06-07,20769000.0
1952-06-08,20934000.0
1952-06-09,21080000.0
1952-06-10,21242000.0
1952-06-11,21399000.0
1952-06-12,21577000.0
1952-06-13,21756000.0
1952-06-14,21936000.0
1952-06-15,22135000.0
1952-06-16,22308000.0
1952-06-17,22468000.0
1952-06-18,22619000.0
1952-06-19,22762000.0
1952-06-20,22900000.0
1952-06-21,23024000.0
1952-06-22,23139000.0
1952-06-23,23229000.0
1952-06-24,23317000.0
1952-06-25,23388000.0
1952-06-26,23454000.0
1952-06-27,23516000.0
1952-06-28,23570000.0
1952-06-29,23632000.0
1952-06-30,23683000.0
1952-07-01,23724000.0
1952-07-02,23763000.0
1952-07-03,23795000.0
1952-07-04,23844000.0
1952-07-05,23890000.0
1952-07-06,23934000.0
1952-07-07,23959000.0
1952-07-08,23973000.0
1952-07-09,23998000.0
1952-07-10,24018000.0
1952-07-11,24043000.0
1952-07-12,24067000.0
1952-07-13,24104000.0
1952-07-14,24114000.0
1952-07-15,24121000.0
1952-07-16,24123000.0
1952-07-17,24120000.0
1952-07-18,24117000.0
1952-07-19,24111000.0
1952-07-20,24112000.0
1952-07-21,24102000.0
1952-07-22,24089000.0
1952-07-23,24069000.0
1952-07-24,24053000.0
1952-07-25,24033000.0
1952-07-26,24024000.0
1952-07-27,24018000.0
1952-07-28,24002000.0
1952-07-29,23983000.0
1952-07-30,23966000.0
1952-07-31,23946000.0
1952-08-01,23922000.0
1952-08-02,23914000.0
1952-08-03,23911000.0
1952-08-04,23898000.0
1952-08-05,23876000.0
1952-08-06,23862000.0
1952-08-07,23841000.0
1952-08-08,23819000.0
1952-08-09,23804000.0
1952-08-10,23801000.0
1952-08-11,23773000.0
1952-08-12,23747000.0
1952-08-13,23719000.0
1952-08-14,23686000.0
1952-08-15,23661000.0
1952-08-16,23638000.0
1952-08-17,23634000.0
1952-08-18,23622000.0
1952-08-19,23602000.0
1952-08-20,23578000.0
1952-08-21,23554000.0
1952-08-22,23526000.0
1952-08-23,23506000.0
1952-08-24,23501000.0
1952-08-25,23473000.0
1952-08-26,23447000.0
1952-08-27,23416000.0
1952-08-28,23394000.0
1952-08-29,23369000.0
1952-08-30,23353000.0
1952-08-31,23350000.0
1952-09-01,23350000.0
1952-09-02,23325000.0
1952-09-03,23298000.0
1952-09-04,23275000.0
1952-09-05,23249000.0
1952-09-06,23228000.0
1952-09-07,23221000.0
1952-09-08,23190000.0
1952-09-09,23152000.0
1952-09-10,23110000.0
1952-09-11,23076000.0
1952-09-12,23041000.0
1952-09-13,23011000.0
1952-09-14,22991000.0
1952-09-15,22957000.0
1952-09-16,22919000.0
1952-09-17,22881000.0
1952-09-18,22843000.0
1952-09-19,22805000.0
1952-09-20,22780000.0
1952-09-21,22763000.0
1952-09-22,22735000.0
1952-09-23,22713000.0
1952-09-24,22685000.0
1952-09-25,22658000.0
1952-09-26,22633000.0
1952-09-27,22612000.0
1952-09-28,22599000.0
1952-09-29,22574000.0
1952-09-30,22543000.0
1952-10-01,22514000.0
1952-10-02,22485000.0
1952-10-03,22453000.0
1952-10-04,22426000.0
1952-10-05,22409000.0
1952-10-06,22379000.0
1952-10-07,22346000.0
1952-10-08,22314000.0
1952-10-09,22281000.0
1952-10-10,22246000.0
1952-10-11,22216000.0
1952-10-12,22198000.0
1952-10-13,22170000.0
1952-10-14,22133000.0
1952-10-15,22100000.0
1952-10-16,22066000.0
1952-10-17,22034000.0
1952-10-18,22007000.0
1952-10-19,21986000.0
1952-10-20,21955000.0
1952-10-21,21922000.0
1952-10-22,21888000.0
1952-10-23,21853000.0
1952-10-24,21822000.0
1952-10-25,21792000.0
1952-10-26,21775000.0
1952-10-27,21744000.0
1952-10-28,21714000.0
1952-10-29,21683000.0
1952-10-30,21648000.0
1952-10-31,21613000.0
1952-11-01,21586000.0
1952-11-02,21562000.0
1952-11-03,21532000.0
1952-11-04,21498000.0
1952-11-05,21463000.0
1952-11-06,21429000.0
1952-11-07,21399000.0
1952-11-08,21366000.0
1952-11-09,21347000.0
1952-11-10,21316000.0
1952-11-11,21284000.0
1952-11-12,21250000.0
1952-11-13,21203000.0
1952-11-14,21161000.0
1952-11-15,21136000.0
1952-11-16,21117000.0
1952-11-17,21090000.0
1952-11-18,21057000.0
1952-11-19,21026000.0
1952-11-20,20995000.0
1952-11-21,20964000.0
1952-11-22,20938000.0
1952-11-23,20913000.0
1952-11-24,20883000.0
1952-11-25,20853000.0
1952-11-26,20819000.0
1952-11-27,20799000.0
1952-11-28,20769000.0
1952-11-29,20742000.0
1952-11-30,20723000.0
1952-12-01,20692000.0
1952-12-02,20656000.0
1952-12-03,20616000.0
1952-12-04,20576000.0
1952-12-05,20538000.0
1952-12-06,20507000.0
1952-12-07,20480000.0
1952-12-08,20442000.0
1952-12-09,20406000.0
1952-12-10,20367000.0
1952-12-11,20331000.0
1952-12-12,20299000.0
1952-12-13,20268000.0
1952-12-14,20248000.0
1952-12-15,20216000.0
1952-12-16,20191000.0
1952-12-17,20152000.0
1952-12-18,20121000.0
1952-12-19,20093000.0
1952-12-20,20057000.0
1952-12-21,20046000.0
1952-12-22,20020000.0
1952-12-23,19985000.0
1952-12-24,19959000.0
1952-12-25,19942000.0
1952-12-26,19914000.0
1952-12-27,19891000.0
1952-12-28,19871000.0
1952-12-29,19840000.0
1952-12-30,19803000.0
1952-12-31,19783000.0
1953-01-01,19762000.0
1953-01-02,19731000.0
1953-01-03,19707000.0
1953-01-04,19686000.0
1953-01-05,19654000.0
1953-01-06,19612000.0
1953-01-07,19581000.0
1953-01-08,19549000.0
1953-01-09,19520000.0
1953-01-10,19496000.0
1953-01-11,19483000.0
1953-01-12,19456000.0
1953-01-13,19421000.0
1953-01-14,19395000.0
1953-01-15,19367000.0
1953-01-16,19335000.0
1953-01-17,19324000.0
1953-01-18,19303000.0
1953-01-19,19281000.0
1953-01-20,19245000.0
1953-01-21,19227000.0
1953-01-22,19202000.0
1953-01-23,19174000.0
1953-01-24,19158000.0
1953-01-25,19137000.0
1953-01-26,19105000.0
1953-01-27,19077000.0
1953-01-28,19048000.0
1953-01-29,19017000.0
1953-01-30,18992000.0
1953-01-31,18972000.0
1953-02-01,18964000.0
1953-02-02,18937000.0
1953-02-03,18910000.0
1953-02-04,18880000.0
1953-02-05,18853000.0
1953-02-06,18830000.0
1953-02-07,18814000.0
1953-02-08,18800000.0
1953-02-09,18770000.0
1953-02-10,18739000.0
1953-02-11,18706000.0
1953-02-12,18679000.0
1953-02-13,18651000.0
1953-02-14,18634000.0
1953-02-15,18620000.0
1953-02-16,18590000.0
1953-02-17,18572000.0
1953-02-18,18545000.0
1953-02-19,18523000.0
1953-02-20,18493000.0
1953-02-21,18477000.0
1953-02-22,18465000.0
1953-02-23,18441000.0
1953-02-24,18412000.0
1953-02-25,18388000.0
1953-02-26,18366000.0
1953-02-27,18340000.0
1953-02-28,18318000.0
1953-03-01,18312000.0
1953-03-02,18286000.0
1953-03-03,18262000.0
1953-03-04,18237000.0
1953-03-05,18215000.0
1953-03-06,18192000.0
1953-03-07,18180000.0
1953-03-08,18172000.0
1953-03-09,18147000.0
1953-03-10,18126000.0
1953-03-11,18100000.0
1953-03-12,18074000.0
1953-03-13,18049000.0
1953-03-14,18032000.0
1953-03-15,18025000.0
1953-03-16,17999000.0
1953-03-17,17978000.0
1953-03-18,17956000.0
1953-03-19,17930000.0
1953-03-20,17922000.0
1953-03-21,17917000.0
1953-03-22,17910000.0
1953-03-23,17900000.0
1953-03-24,17882000.0
1953-03-25,17865000.0
1953-03-26,17851000.0
1953-03-27,17828000.0
1953-03-28,17812000.0
1953-03-29,17803000.0
1953-03-30,17786000.0
1953-03-31,17764000.0
1953-04-01,17747000.0
1953-04-02,17731000.0
1953-04-03,17713000.0
1953-04-04,17705000.0
1953-04-05,17695000.0
1953-04-06,17680000.0
1953-04-07,17655000.0
1953-04-08,17641000.0
1953-04-09,17623000.0
1953-04-10,17606000.0
1953-04-11,17596000.0
1953-04-12,17592000.0
1953-04-13,17579000.0
1953-04-14,17564000.0
1953-04-15,17550000.0
1953-04-16,17528000.0
1953-04-17,17519000.0
1953-04-18,17511000.0
1953-04-19,17503000.0
1953-04-20,17485000.0
1953-04-21,17461000.0
1953-04-22,17442000.0
1953-04-23,17426000.0
1953-04-24,17411000.0
1953-04-25,17393000.0
1953-04-26,17385000.0
1953-04-27,17355000.0
1953-04-28,17339000.0
1953-04-29,17314000.0
1953-04-30,17299000.0
1953-05-01,17279000.0
1953-05-02,17284000.0
1953-05-03,17288000.0
1953-05-04,17276000.0
1953-05-05,17276000.0
1953-05-06,17267000.0
1953-05-07,17269000.0
1953-05-08,17262000.0
1953-05-09,17263000.0
1953-05-10,17271000.0
1953-05-11,17262000.0
1953-05-12,17259000.0
1953-05-13,17244000.0
1953-05-14,17230000.0
1953-05-15,17215000.0
1953-05-16,17211000.0
1953-05-17,17218000.0
1953-05-18,17206000.0
1953-05-19,17188000.0
1953-05-20,17171000.0
1953-05-21,17152000.0
1953-05-22,17133000.0
1953-05-23,17116000.0
1953-05-24,17117000.0
1953-05-25,17098000.0
1953-05-26,17082000.0
1953-05-27,17065000.0
1953-05-28,17059000.0
1953-05-29,17089000.0
1953-05-30,17128000.0
1953-05-31,17177000.0
1953-06-01,17230000.0
1953-06-02,17302000.0
1953-06-03,17369000.0
1953-06-04,17429000.0
1953-06-05,17495000.0
1953-06-06,17572000.0
1953-06-07,17649000.0
1953-06-08,17714000.0
1953-06-09,17779000.0
1953-06-10,17841000.0
1953-06-11,17895000.0
1953-06-12,17944000.0
1953-06-13,17995000.0
1953-06-14,18053000.0
1953-06-15,18114000.0
1953-06-16,18186000.0
1953-06-17,18280000.0
1953-06-18,18375000.0
1953-06-19,18477000.0
1953-06-20,18581000.0
1953-06-21,18680000.0
1953-06-22,18766000.0
1953-06-23,18847000.0
1953-06-24,18932000.0
1953-06-25,19000000.0
1953-06-26,19060000.0
1953-06-27,19127000.0
1953-06-28,19189000.0
1953-06-29,19237000.0
1953-06-30,19277000.0
1953-07-01,19308000.0
1953-07-02,19335000.0
1953-07-03,19356000.0
1953-07-04,19383000.0
1953-07-05,19410000.0
1953-07-06,19423000.0
1953-07-07,19432000.0
1953-07-08,19436000.0
1953-07-09,19440000.0
1953-07-10,19444000.0
1953-07-11,19445000.0
1953-07-12,19450000.0
1953-07-13,19452000.0
1953-07-14,19442000.0
1953-07-15,19442000.0
1953-07-16,19431000.0
1953-07-17,19427000.0
1953-07-18,19429000.0
1953-07-19,19440000.0
1953-07-20,19446000.0
1953-07-21,19444000.0
1953-07-22,19436000.0
1953-07-23,19426000.0
1953-07-24,19415000.0
1953-07-25,19421000.0
1953-07-26,19424000.0
1953-07-27,19414000.0
1953-07-28,19409000.0
1953-07-29,19398000.0
1953-07-30,19382000.0
1953-07-31,19367000.0
1953-08-01,19369000.0
1953-08-02,19376000.0
1953-08-03,19378000.0
1953-08-04,19382000.0
1953-08-05,19389000.0
1953-08-06,19387000.0
1953-08-07,19385000.0
1953-08-08,19388000.0
1953-08-09,19396000.0
1953-08-10,19385000.0
1953-08-11,19374000.0
1953-08-12,19363000.0
1953-08-13,19346000.0
1953-08-14,19334000.0
1953-08-15,19320000.0
1953-08-16,19315000.0
1953-08-17,19298000.0
1953-08-18,19280000.0
1953-08-19,19259000.0
1953-08-20,19239000.0
1953-08-21,19219000.0
1953-08-22,19206000.0
1953-08-23,19192000.0
1953-08-24,19166000.0
1953-08-25,19142000.0
1953-08-26,19127000.0
1953-08-27,19107000.0
1953-08-28,19088000.0
1953-08-29,19081000.0
1953-08-30,19080000.0
1953-08-31,19072000.0
1953-09-01,19060000.0
1953-09-02,19044000.0
1953-09-03,19025000.0
1953-09-04,19000000.0
1953-09-05,18985000.0
1953-09-06,18975000.0
1953-09-07,18963000.0
1953-09-08,18938000.0
1953-09-09,18904000.0
1953-09-10,18880000.0
1953-09-11,18846000.0
1953-09-12,18823000.0
1953-09-13,18808000.0
1953-09-14,18778000.0
1953-09-15,18748000.0
1953-09-16,18721000.0
1953-09-17,18689000.0
1953-09-18,18657000.0
1953-09-19,18638000.0
1953-09-20,18622000.0
1953-09-21,18596000.0
1953-09-22,18565000.0
1953-09-23,18541000.0
1953-09-24,18513000.0
1953-09-25,18487000.0
1953-09-26,18469000.0
1953-09-27,18448000.0
1953-09-28,18428000.0
1953-09-29,18406000.0
1953-09-30,18384000.0
1953-10-01,18358000.0
1953-10-02,18336000.0
1953-10-03,18319000.0
1953-10-04,18305000.0
1953-10-05,18281000.0
1953-10-06,18258000.0
1953-10-07,18239000.0
1953-10-08,18216000.0
1953-10-09,18192000.0
1953-10-10,18174000.0
1953-10-11,18165000.0
1953-10-12,18143000.0
1953-10-13,18120000.0
1953-10-14,18095000.0
1953-10-15,18078000.0
1953-10-16,18054000.0
1953-10-17,18043000.0
1953-10-18,18029000.0
1953-10-19,18007000.0
1953-10-20,17989000.0
1953-10-21,17968000.0
1953-10-22,17943000.0
1953-10-23,17919000.0
1953-10-24,17902000.0
1953-10-25,17889000.0
1953-10-26,17876000.0
1953-10-27,17866000.0
1953-10-28,17855000.0
1953-10-29,17845000.0
1953-10-30,17840000.0
1953-10-31,17837000.0
1953-11-01,17845000.0
1953-11-02,17825000.0
1953-11-03,17812000.0
1953-11-04,17799000.0
1953-11-05,17783000.0
1953-11-06,17761000.0
1953-11-07,17752000.0
1953-11-08,17749000.0
1953-11-09,17731000.0
1953-11-10,17714000.0
1953-11-11,17706000.0
1953-11-12,17686000.0
1953-11-13,17671000.0
1953-11-14,17663000.0
1953-11-15,17662000.0
1953-11-16,17647000.0
1953-11-17,17635000.0
1953-11-18,17614000.0
1953-11-19,17597000.0
1953-11-20,17578000.0
1953-11-21,17573000.0
1953-11-22,17573000.0
1953-11-23,17558000.0
1953-11-24,17544000.0
1953-11-25,17533000.0
1953-11-26,17529000.0
1953-11-27,17520000.0
1953-11-28,17517000.0
1953-11-29,17514000.0
1953-11-30,17490000.0
1953-12-01,17469000.0
1953-12-02,17450000.0
1953-12-03,17430000.0
1953-12-04,17409000.0
1953-12-05,17397000.0
1953-12-06,17397000.0
1953-12-07,17376000.0
1953-12-08,17358000.0
1953-12-09,17337000.0
1953-12-10,17315000.0
1953-12-11,17296000.0
1953-12-12,17288000.0
1953-12-13,17282000.0
1953-12-14,17269000.0
1953-12-15,17253000.0
1953-12-16,17237000.0
1953-12-17,17214000.0
1953-12-18,17198000.0
1953-12-19,17183000.0
1953-12-20,17172000.0
1953-12-21,17155000.0
1953-12-22,17139000.0
1953-12-23,17112000.0
1953-12-24,17095000.0
1953-12-25,17092000.0
1953-12-26,17084000.0
1953-12-27,17079000.0
1953-12-28,17060000.0
1953-12-29,17043000.0
1953-12-30,17020000.0
1953-12-31,17000000.0
1954-01-01,16995000.0
1954-01-02,16986000.0
1954-01-03,16974000.0
1954-01-04,16947000.0
1954-01-05,16928000.0
1954-01-06,16909000.0
1954-01-07,16886000.0
1954-01-08,16867000.0
1954-01-09,16854000.0
1954-01-10,16847000.0
1954-01-11,16823000.0
1954-01-12,16796000.0
1954-01-13,16777000.0
1954-01-14,16758000.0
1954-01-15,16741000.0
1954-01-16,16727000.0
1954-01-17,16720000.0
1954-01-18,16694000.0
1954-01-19,16679000.0
1954-01-20,16661000.0
1954-01-21,16641000.0
1954-01-22,16620000.0
1954-01-23,16610000.0
1954-01-24,16604000.0
1954-01-25,16587000.0
1954-01-26,16566000.0
1954-01-27,16547000.0
1954-01-28,16535000.0
1954-01-29,16511000.0
1954-01-30,16512000.0
1954-01-31,16511000.0
1954-02-01,16501000.0
1954-02-02,16489000.0
1954-02-03,16477000.0
1954-02-04,16463000.0
1954-02-05,16451000.0
1954-02-06,16441000.0
1954-02-07,16441000.0
1954-02-08,16423000.0
1954-02-09,16408000.0
1954-02-10,16390000.0
1954-02-11,16373000.0
1954-02-12,16353000.0
1954-02-13,16338000.0
1954-02-14,16338000.0
1954-02-15,16323000.0
1954-02-16,16307000.0
1954-02-17,16287000.0
1954-02-18,16269000.0
1954-02-19,16253000.0
1954-02-20,16242000.0
1954-02-21,16242000.0
1954-02-22,16229000.0
1954-02-23,16214000.0
1954-02-24,16196000.0
1954-02-25,16178000.0
1954-02-26,16168000.0
1954-02-27,16156000.0
1954-02-28,16154000.0
1954-03-01,16138000.0
1954-03-02,16116000.0
1954-03-03,16094000.0
1954-03-04,16075000.0
1954-03-05,16053000.0
1954-03-06,16041000.0
1954-03-07,16031000.0
1954-03-08,16010000.0
1954-03-09,15984000.0
1954-03-10,15962000.0
1954-03-11,15944000.0
1954-03-12,15926000.0
1954-03-13,15912000.0
1954-03-14,15908000.0
1954-03-15,15888000.0
1954-03-16,15859000.0
1954-03-17,15851000.0
1954-03-18,15829000.0
1954-03-19,15803000.0
1954-03-20,15797000.0
1954-03-21,15792000.0
1954-03-22,15779000.0
1954-03-23,15763000.0
1954-03-24,15742000.0
1954-03-25,15727000.0
1954-03-26,15719000.0
1954-03-27,15721000.0
1954-03-28,15731000.0
1954-03-29,15716000.0
1954-03-30,15709000.0
1954-03-31,15701000.0
1954-04-01,15689000.0
1954-04-02,15674000.0
1954-04-03,15674000.0
1954-04-04,15668000.0
1954-04-05,15650000.0
1954-04-06,15637000.0
1954-04-07,15617000.0
1954-04-08,15597000.0
1954-04-09,15578000.0
1954-04-10,15566000.0
1954-04-11,15558000.0
1954-04-12,15538000.0
1954-04-13,15516000.0
1954-04-14,15495000.0
1954-04-15,15477000.0
1954-04-16,15458000.0
1954-04-17,15450000.0
1954-04-18,15449000.0
1954-04-19,15432000.0
1954-04-20,15411000.0
1954-04-21,15394000.0
1954-04-22,15376000.0
1954-04-23,15356000.0
1954-04-24,15351000.0
1954-04-25,15350000.0
1954-04-26,15336000.0
1954-04-27,15319000.0
1954-04-28,15306000.0
1954-04-29,15296000.0
1954-04-30,15289000.0
1954-05-01,15287000.0
1954-05-02,15294000.0
1954-05-03,15282000.0
1954-05-04,15275000.0
1954-05-05,15262000.0
1954-05-06,15251000.0
1954-05-07,15240000.0
1954-05-08,15240000.0
1954-05-09,15242000.0
1954-05-10,15230000.0
1954-05-11,15214000.0
1954-05-12,15193000.0
1954-05-13,15172000.0
1954-05-14,15153000.0
1954-05-15,15147000.0
1954-05-16,15157000.0
1954-05-17,15151000.0
1954-05-18,15144000.0
1954-05-19,15140000.0
1954-05-20,15136000.0
1954-05-21,15129000.0
1954-05-22,15143000.0
1954-05-23,15168000.0
1954-05-24,15170000.0
1954-05-25,15180000.0
1954-05-26,15194000.0
1954-05-27,15215000.0
1954-05-28,15235000.0
1954-05-29,15267000.0
1954-05-30,15307000.0
1954-05-31,15342000.0
1954-06-01,15367000.0
1954-06-02,15387000.0
1954-06-03,15399000.0
1954-06-04,15411000.0
1954-06-05,15421000.0
1954-06-06,15445000.0
1954-06-07,15447000.0
1954-06-08,15445000.0
1954-06-09,15440000.0
1954-06-10,15439000.0
1954-06-11,15436000.0
1954-06-12,15439000.0
1954-06-13,15450000.0
1954-06-14,15443000.0
1954-06-15,15431000.0
1954-06-16,15419000.0
1954-06-17,15403000.0
1954-06-18,15386000.0
1954-06-19,15382000.0
1954-06-20,15383000.0
1954-06-21,15366000.0
1954-06-22,15343000.0
1954-06-23,15329000.0
1954-06-24,15304000.0
1954-06-25,15291000.0
1954-06-26,15290000.0
1954-06-27,15292000.0
1954-06-28,15279000.0
1954-06-29,15267000.0
1954-06-30,15248000.0
1954-07-01,15229000.0
1954-07-02,15210000.0
1954-07-03,15205000.0
1954-07-04,15203000.0
1954-07-05,15201000.0
1954-07-06,15183000.0
1954-07-07,15165000.0
1954-07-08,15147000.0
1954-07-09,15135000.0
1954-07-10,15139000.0
1954-07-11,15140000.0
1954-07-12,15127000.0
1954-07-13,15109000.0
1954-07-14,15094000.0
1954-07-15,15064000.0
1954-07-16,15042000.0
1954-07-17,15031000.0
1954-07-18,15030000.0
1954-07-19,15008000.0
1954-07-20,14981000.0
1954-07-21,14955000.0
1954-07-22,14934000.0
1954-07-23,14914000.0
1954-07-24,14904000.0
1954-07-25,14900000.0
1954-07-26,14889000.0
1954-07-27,14882000.0
1954-07-28,14888000.0
1954-07-29,14877000.0
1954-07-30,14864000.0
1954-07-31,14862000.0
1954-08-01,14860000.0
1954-08-02,14843000.0
1954-08-03,14824000.0
1954-08-04,14804000.0
1954-08-05,14791000.0
1954-08-06,14774000.0
1954-08-07,14770000.0
1954-08-08,14763000.0
1954-08-09,14744000.0
1954-08-10,14724000.0
1954-08-11,14697000.0
1954-08-12,14674000.0
1954-08-13,14652000.0
1954-08-14,14639000.0
1954-08-15,14629000.0
1954-08-16,14604000.0
1954-08-17,14582000.0
1954-08-18,14555000.0
1954-08-19,14528000.0
1954-08-20,14499000.0
1954-08-21,14486000.0
1954-08-22,14478000.0
1954-08-23,14458000.0
1954-08-24,14433000.0
1954-08-25,14411000.0
1954-08-26,14389000.0
1954-08-27,14368000.0
1954-08-28,14355000.0
1954-08-29,14346000.0
1954-08-30,14320000.0
1954-08-31,14294000.0
1954-09-01,14258000.0
1954-09-02,14234000.0
1954-09-03,14206000.0
1954-09-04,14195000.0
1954-09-05,14182000.0
1954-09-06,14171000.0
1954-09-07,14142000.0
1954-09-08,14113000.0
1954-09-09,14076000.0
1954-09-10,14042000.0
1954-09-11,14024000.0
1954-09-12,14012000.0
1954-09-13,13986000.0
1954-09-14,13967000.0
1954-09-15,13949000.0
1954-09-16,13926000.0
1954-09-17,13908000.0
1954-09-18,13900000.0
1954-09-19,13905000.0
1954-09-20,13892000.0
1954-09-21,13871000.0
1954-09-22,13848000.0
1954-09-23,13823000.0
1954-09-24,13803000.0
1954-09-25,13796000.0
1954-09-26,13791000.0
1954-09-27,13776000.0
1954-09-28,13758000.0
1954-09-29,13742000.0
1954-09-30,13739000.0
1954-10-01,13731000.0
1954-10-02,13728000.0
1954-10-03,13732000.0
1954-10-04,13721000.0
1954-10-05,13710000.0
1954-10-06,13696000.0
1954-10-07,13687000.0
1954-10-08,13672000.0
1954-10-09,13667000.0
1954-10-10,13665000.0
1954-10-11,13669000.0
1954-10-12,13669000.0
1954-10-13,13669000.0
1954-10-14,13657000.0
1954-10-15,13643000.0
1954-10-16,13645000.0
1954-10-17,13650000.0
1954-10-18,13641000.0
1954-10-19,13632000.0
1954-10-20,13621000.0
1954-10-21,13608000.0
1954-10-22,13594000.0
1954-10-23,13581000.0
1954-10-24,13581000.0
1954-10-25,13567000.0
1954-10-26,13548000.0
1954-10-27,13531000.0
1954-10-28,13514000.0
1954-10-29,13499000.0
1954-10-30,13489000.0
1954-10-31,13489000.0
1954-11-01,13477000.0
1954-11-02,13467000.0
1954-11-03,13453000.0
1954-11-04,13443000.0
1954-11-05,13432000.0
1954-11-06,13426000.0
1954-11-07,13424000.0
1954-11-08,13409000.0
1954-11-09,13390000.0
1954-11-10,13374000.0
1954-11-11,13364000.0
1954-11-12,13350000.0
1954-11-13,13348000.0
1954-11-14,13348000.0
1954-11-15,13331000.0
1954-11-16,13315000.0
1954-11-17,13298000.0
1954-11-18,13283000.0
1954-11-19,13268000.0
1954-11-20,13264000.0
1954-11-21,13267000.0
1954-11-22,13257000.0
1954-11-23,13244000.0
1954-11-24,13231000.0
1954-11-25,13229000.0
1954-11-26,13216000.0
1954-11-27,13216000.0
1954-11-28,13208000.0
1954-11-29,13195000.0
1954-11-30,13175000.0
1954-12-01,13158000.0
1954-12-02,13145000.0
1954-12-03,13129000.0
1954-12-04,13126000.0
1954-12-05,13124000.0
1954-12-06,13111000.0
1954-12-07,13098000.0
1954-12-08,13083000.0
1954-12-09,13064000.0
1954-12-10,13053000.0
1954-12-11,13047000.0
1954-12-12,13044000.0
1954-12-13,13031000.0
1954-12-14,13017000.0
1954-12-15,13007000.0
1954-12-16,12991000.0
1954-12-17,12974000.0
1954-12-18,12963000.0
1954-12-19,12958000.0
1954-12-20,12940000.0
1954-12-21,12924000.0
1954-12-22,12907000.0
1954-12-23,12890000.0
1954-12-24,12881000.0
1954-12-25,12873000.0
1954-12-26,12864000.0
1954-12-27,12840000.0
1954-12-28,12815000.0
1954-12-29,12792000.0
1954-12-30,12770000.0
1954-12-31,12758000.0
1955-01-01,12747000.0
1955-01-02,12742000.0
1955-01-03,12722000.0
1955-01-04,12699000.0
1955-01-05,12680000.0
1955-01-06,12654000.0
1955-01-07,12630000.0
1955-01-08,12613000.0
1955-01-09,12608000.0
1955-01-10,12590000.0
1955-01-11,12574000.0
1955-01-12,12549000.0
1955-01-13,12530000.0
1955-01-14,12518000.0
1955-01-15,12508000.0
1955-01-16,12506000.0
1955-01-17,12489000.0
1955-01-18,12462000.0
1955-01-19,12454000.0
1955-01-20,12436000.0
1955-01-21,12418000.0
1955-01-22,12414000.0
1955-01-23,12412000.0
1955-01-24,12396000.0
1955-01-25,12378000.0
1955-01-26,12364000.0
1955-01-27,12353000.0
1955-01-28,12340000.0
1955-01-29,12331000.0
1955-01-30,12326000.0
1955-01-31,12305000.0
1955-02-01,12280000.0
1955-02-02,12258000.0
1955-02-03,12232000.0
1955-02-04,12207000.0
1955-02-05,12196000.0
1955-02-06,12185000.0
1955-02-07,12170000.0
1955-02-08,12153000.0
1955-02-09,12142000.0
1955-02-10,12124000.0
1955-02-11,12113000.0
1955-02-12,12102000.0
1955-02-13,12096000.0
1955-02-14,12079000.0
1955-02-15,12063000.0
1955-02-16,12042000.0
1955-02-17,12029000.0
1955-02-18,12005000.0
1955-02-19,11996000.0
1955-02-20,11986000.0
1955-02-21,11960000.0
1955-02-22,11943000.0
1955-02-23,11925000.0
1955-02-24,11908000.0
1955-02-25,11897000.0
1955-02-26,11890000.0
1955-02-27,11879000.0
1955-02-28,11869000.0
1955-03-01,11859000.0
1955-03-02,11841000.0
1955-03-03,11824000.0
1955-03-04,11808000.0
1955-03-05,11798000.0
1955-03-06,11791000.0
1955-03-07,11774000.0
1955-03-08,11759000.0
1955-03-09,11744000.0
1955-03-10,11729000.0
1955-03-11,11718000.0
1955-03-12,11716000.0
1955-03-13,11714000.0
1955-03-14,11699000.0
1955-03-15,11700000.0
1955-03-16,11698000.0
1955-03-17,11691000.0
1955-03-18,11681000.0
1955-03-19,11689000.0
1955-03-20,11707000.0
1955-03-21,11696000.0
1955-03-22,11684000.0
1955-03-23,11672000.0
1955-03-24,11659000.0
1955-03-25,11646000.0
1955-03-26,11638000.0
1955-03-27,11630000.0
1955-03-28,11615000.0
1955-03-29,11595000.0
1955-03-30,11577000.0
1955-03-31,11558000.0
1955-04-01,11539000.0
1955-04-02,11533000.0
1955-04-03,11529000.0
1955-04-04,11507000.0
1955-04-05,11484000.0
1955-04-06,11465000.0
1955-04-07,11444000.0
1955-04-08,11429000.0
1955-04-09,11421000.0
1955-04-10,11421000.0
1955-04-11,11399000.0
1955-04-12,11383000.0
1955-04-13,11363000.0
1955-04-14,11348000.0
1955-04-15,11331000.0
1955-04-16,11319000.0
1955-04-17,11319000.0
1955-04-18,11299000.0
1955-04-19,11287000.0
1955-04-20,11274000.0
1955-04-21,11258000.0
1955-04-22,11248000.0
1955-04-23,11258000.0
1955-04-24,11271000.0
1955-04-25,11276000.0
1955-04-26,11277000.0
1955-04-27,11274000.0
1955-04-28,11273000.0
1955-04-29,11269000.0
1955-04-30,11271000.0
1955-05-01,11280000.0
1955-05-02,11277000.0
1955-05-03,11284000.0
1955-05-04,11289000.0
1955-05-05,11288000.0
1955-05-06,11295000.0
1955-05-07,11309000.0
1955-05-08,11328000.0
1955-05-09,11333000.0
1955-05-10,11329000.0
1955-05-11,11337000.0
1955-05-12,11345000.0
1955-05-13,11371000.0
1955-05-14,11401000.0
1955-05-15,11437000.0
1955-05-16,11462000.0
1955-05-17,11482000.0
1955-05-18,11504000.0
1955-05-19,11529000.0
1955-05-20,11556000.0
1955-05-21,11588000.0
1955-05-22,11624000.0
1955-05-23,11648000.0
1955-05-24,11664000.0
1955-05-25,11679000.0
1955-05-26,11690000.0
1955-05-27,11710000.0
1955-05-28,11739000.0
1955-05-29,11776000.0
1955-05-30,11810000.0
1955-05-31,11836000.0
1955-06-01,11871000.0
1955-06-02,11902000.0
1955-06-03,11930000.0
1955-06-04,11963000.0
1955-06-05,11997000.0
1955-06-06,12020000.0
1955-06-07,12039000.0
1955-06-08,12058000.0
1955-06-09,12072000.0
1955-06-10,12086000.0
1955-06-11,12105000.0
1955-06-12,12136000.0
1955-06-13,12166000.0
1955-06-14,12222000.0
1955-06-15,12274000.0
1955-06-16,12323000.0
1955-06-17,12377000.0
1955-06-18,12426000.0
1955-06-19,12478000.0
1955-06-20,12521000.0
1955-06-21,12555000.0
1955-06-22,12583000.0
1955-06-23,12609000.0
1955-06-24,12634000.0
1955-06-25,12663000.0
1955-06-26,12712000.0
1955-06-27,12736000.0
1955-06-28,12756000.0
1955-06-29,12774000.0
1955-06-30,12791000.0
1955-07-01,12802000.0
1955-07-02,12820000.0
1955-07-03,12839000.0
1955-07-04,12860000.0
1955-07-05,12864000.0
1955-07-06,12864000.0
1955-07-07,12865000.0
1955-07-08,12857000.0
1955-07-09,12857000.0
1955-07-10,12863000.0
1955-07-11,12855000.0
1955-07-12,12843000.0
1955-07-13,12829000.0
1955-07-14,12813000.0
1955-07-15,12800000.0
1955-07-16,12782000.0
1955-07-17,12776000.0
1955-07-18,12759000.0
1955-07-19,12748000.0
1955-07-20,12724000.0
1955-07-21,12701000.0
1955-07-22,12680000.0
1955-07-23,12677000.0
1955-07-24,12673000.0
1955-07-25,12658000.0
1955-07-26,12641000.0
1955-07-27,12619000.0
1955-07-28,12596000.0
1955-07-29,12573000.0
1955-07-30,12561000.0
1955-07-31,12564000.0
1955-08-01,12550000.0
1955-08-02,12536000.0
1955-08-03,12515000.0
1955-08-04,12507000.0
1955-08-05,12501000.0
1955-08-06,12501000.0
1955-08-07,12510000.0
1955-08-08,12510000.0
1955-08-09,12501000.0
1955-08-10,12495000.0
1955-08-11,12503000.0
1955-08-12,12499000.0
1955-08-13,12518000.0
1955-08-14,12529000.0
1955-08-15,12524000.0
1955-08-16,12522000.0
1955-08-17,12512000.0
1955-08-18,12511000.0
1955-08-19,12508000.0
1955-08-20,12517000.0
1955-08-21,12521000.0
1955-08-22,12517000.0
1955-08-23,12506000.0
1955-08-24,12503000.0
1955-08-25,12506000.0
1955-08-26,12512000.0
1955-08-27,12515000.0
1955-08-28,12523000.0
1955-08-29,12512000.0
1955-08-30,12503000.0
1955-08-31,12490000.0
1955-09-01,12473000.0
1955-09-02,12459000.0
1955-09-03,12460000.0
1955-09-04,12459000.0
1955-09-05,12459000.0
1955-09-06,12439000.0
1955-09-07,12417000.0
1955-09-08,12389000.0
1955-09-09,12370000.0
1955-09-10,12365000.0
1955-09-11,12362000.0
1955-09-12,12346000.0
1955-09-13,12322000.0
1955-09-14,12303000.0
1955-09-15,12281000.0
1955-09-16,12260000.0
1955-09-17,12252000.0
1955-09-18,12244000.0
1955-09-19,12230000.0
1955-09-20,12218000.0
1955-09-21,12204000.0
1955-09-22,12190000.0
1955-09-23,12174000.0
1955-09-24,12168000.0
1955-09-25,12166000.0
1955-09-26,12147000.0
1955-09-27,12129000.0
1955-09-28,12114000.0
1955-09-29,12102000.0
1955-09-30,12090000.0
1955-10-01,12083000.0
1955-10-02,12081000.0
1955-10-03,12068000.0
1955-10-04,12055000.0
1955-10-05,12049000.0
1955-10-06,12035000.0
1955-10-07,12027000.0
1955-10-08,12020000.0
1955-10-09,12015000.0
1955-10-10,11998000.0
1955-10-11,11988000.0
1955-10-12,11975000.0
1955-10-13,11963000.0
1955-10-14,11951000.0
1955-10-15,11943000.0
1955-10-16,11938000.0
1955-10-17,11925000.0
1955-10-18,11912000.0
1955-10-19,11900000.0
1955-10-20,11883000.0
1955-10-21,11870000.0
1955-10-22,11864000.0
1955-10-23,11859000.0
1955-10-24,11847000.0
1955-10-25,11835000.0
1955-10-26,11821000.0
1955-10-27,11808000.0
1955-10-28,11796000.0
1955-10-29,11789000.0
1955-10-30,11783000.0
1955-10-31,11773000.0
1955-11-01,11768000.0
1955-11-02,11752000.0
1955-11-03,11738000.0
1955-11-04,11731000.0
1955-11-05,11726000.0
1955-11-06,11725000.0
1955-11-07,11716000.0
1955-11-08,11706000.0
1955-11-09,11698000.0
1955-11-10,11689000.0
1955-11-11,11679000.0
1955-11-12,11676000.0
1955-11-13,11674000.0
1955-11-14,11664000.0
1955-11-15,11656000.0
1955-11-16,11652000.0
1955-11-17,11639000.0
1955-11-18,11628000.0
1955-11-19,11624000.0
1955-11-20,11625000.0
1955-11-21,11620000.0
1955-11-22,11611000.0
1955-11-23,11608000.0
1955-11-24,11607000.0
1955-11-25,11601000.0
1955-11-26,11593000.0
1955-11-27,11595000.0
1955-11-28,11582000.0
1955-11-29,11566000.0
1955-11-30,11549000.0
1955-12-01,11538000.0
1955-12-02,11528000.0
1955-12-03,11525000.0
1955-12-04,11525000.0
1955-12-05,11518000.0
1955-12-06,11513000.0
1955-12-07,11507000.0
1955-12-08,11510000.0
1955-12-09,11507000.0
1955-12-10,11506000.0
1955-12-11,11513000.0
1955-12-12,11513000.0
1955-12-13,11505000.0
1955-12-14,11502000.0
1955-12-15,11495000.0
1955-12-16,11488000.0
1955-12-17,11482000.0
1955-12-18,11480000.0
1955-12-19,11463000.0
1955-12-20,11451000.0
1955-12-21,11446000.0
1955-12-22,11435000.0
1955-12-23,11425000.0
1955-12-24,11425000.0
1955-12-25,11424000.0
1955-12-26,11425000.0
1955-12-27,11422000.0
1955-12-28,11415000.0
1955-12-29,11407000.0
1955-12-30,11400000.0
1955-12-31,11399000.0
1956-01-01,11403000.0
1956-01-02,11405000.0
1956-01-03,11399000.0
1956-01-04,11395000.0
1956-01-05,11385000.0
1956-01-06,11381000.0
1956-01-07,11380000.0
1956-01-08,11385000.0
1956-01-09,11377000.0
1956-01-10,11363000.0
1956-01-11,11352000.0
1956-01-12,11341000.0
1956-01-13,11332000.0
1956-01-14,11329000.0
1956-01-15,11332000.0
1956-01-16,11317000.0
1956-01-17,11302000.0
1956-01-18,11296000.0
1956-01-19,11285000.0
1956-01-20,11273000.0
1956-01-21,11270000.0
1956-01-22,11277000.0
1956-01-23,11272000.0
1956-01-24,11262000.0
1956-01-25,11238000.0
1956-01-26,11236000.0
1956-01-27,11234000.0
1956-01-28,11242000.0
1956-01-29,11246000.0
1956-01-30,11239000.0
1956-01-31,11231000.0
1956-02-01,11219000.0
1956-02-02,11207000.0
1956-02-03,11195000.0
1956-02-04,11197000.0
1956-02-05,11200000.0
1956-02-06,11190000.0
1956-02-07,11178000.0
1956-02-08,11170000.0
1956-02-09,11157000.0
1956-02-10,11146000.0
1956-02-11,11146000.0
1956-02-12,11144000.0
1956-02-13,11136000.0
1956-02-14,11129000.0
1956-02-15,11120000.0
1956-02-16,11118000.0
1956-02-17,11113000.0
1956-02-18,11112000.0
1956-02-19,11109000.0
1956-02-20,11102000.0
1956-02-21,11097000.0
1956-02-22,11090000.0
1956-02-23,11082000.0
1956-02-24,11079000.0
1956-02-25,11069000.0
1956-02-26,11064000.0
1956-02-27,11057000.0
1956-02-28,11046000.0
1956-02-29,11038000.0
1956-03-01,11029000.0
1956-03-02,11022000.0
1956-03-03,11022000.0
1956-03-04,11020000.0
1956-03-05,11013000.0
1956-03-06,11004000.0
1956-03-07,10991000.0
1956-03-08,10980000.0
1956-03-09,10963000.0
1956-03-10,10960000.0
1956-03-11,10957000.0
1956-03-12,10945000.0
1956-03-13,10923000.0
1956-03-14,10913000.0
1956-03-15,10902000.0
1956-03-16,10891000.0
1956-03-17,10886000.0
1956-03-18,10887000.0
1956-03-19,10874000.0
1956-03-20,10863000.0
1956-03-21,10852000.0
1956-03-22,10834000.0
1956-03-23,10809000.0
1956-03-24,10793000.0
1956-03-25,10782000.0
1956-03-26,10761000.0
1956-03-27,10740000.0
1956-03-28,10721000.0
1956-03-29,10715000.0
1956-03-30,10717000.0
1956-03-31,10720000.0
1956-04-01,10749000.0
1956-04-02,10754000.0
1956-04-03,10757000.0
1956-04-04,10761000.0
1956-04-05,10759000.0
1956-04-06,10756000.0
1956-04-07,10759000.0
1956-04-08,10770000.0
1956-04-09,10762000.0
1956-04-10,10759000.0
1956-04-11,10750000.0
1956-04-12,10738000.0
1956-04-13,10723000.0
1956-04-14,10731000.0
1956-04-15,10737000.0
1956-04-16,10731000.0
1956-04-17,10724000.0
1956-04-18,10717000.0
1956-04-19,10709000.0
1956-04-20,10705000.0
1956-04-21,10703000.0
1956-04-22,10710000.0
1956-04-23,10702000.0
1956-04-24,10699000.0
1956-04-25,10697000.0
1956-04-26,10699000.0
1956-04-27,10701000.0
1956-04-28,10710000.0
1956-04-29,10736000.0
1956-04-30,10748000.0
1956-05-01,10765000.0
1956-05-02,10780000.0
1956-05-03,10798000.0
1956-05-04,10820000.0
1956-05-05,10852000.0
1956-05-06,10881000.0
1956-05-07,10898000.0
1956-05-08,10910000.0
1956-05-09,10931000.0
1956-05-10,10961000.0
1956-05-11,10989000.0
1956-05-12,11042000.0
1956-05-13,11106000.0
1956-05-14,11157000.0
1956-05-15,11208000.0
1956-05-16,11248000.0
1956-05-17,11286000.0
1956-05-18,11321000.0
1956-05-19,11360000.0
1956-05-20,11397000.0
1956-05-21,11429000.0
1956-05-22,11448000.0
1956-05-23,11474000.0
1956-05-24,11517000.0
1956-05-25,11566000.0
1956-05-26,11636000.0
1956-05-27,11716000.0
1956-05-28,11791000.0
1956-05-29,11868000.0
1956-05-30,11958000.0
1956-05-31,12043000.0
1956-06-01,12130000.0
1956-06-02,12221000.0
1956-06-03,12313000.0
1956-06-04,12394000.0
1956-06-05,12485000.0
1956-06-06,12581000.0
1956-06-07,12683000.0
1956-06-08,12780000.0
1956-06-09,12880000.0
1956-06-10,12991000.0
1956-06-11,13073000.0
1956-06-12,13150000.0
1956-06-13,13221000.0
1956-06-14,13293000.0
1956-06-15,13346000.0
1956-06-16,13423000.0
1956-06-17,13498000.0
1956-06-18,13546000.0
1956-06-19,13592000.0
1956-06-20,13631000.0
1956-06-21,13666000.0
1956-06-22,13695000.0
1956-06-23,13729000.0
1956-06-24,13764000.0
1956-06-25,13782000.0
1956-06-26,13804000.0
1956-06-27,13817000.0
1956-06-28,13826000.0
1956-06-29,13835000.0
1956-06-30,13850000.0
1956-07-01,13864000.0
1956-07-02,13870000.0
1956-07-03,13870000.0
1956-07-04,13880000.0
1956-07-05,13883000.0
1956-07-06,13878000.0
1956-07-07,13880000.0
1956-07-08,13885000.0
1956-07-09,13876000.0
1956-07-10,13866000.0
1956-07-11,13860000.0
1956-07-12,13848000.0
1956-07-13,13838000.0
1956-07-14,13837000.0
1956-07-15,13840000.0
1956-07-16,13834000.0
1956-07-17,13820000.0
1956-07-18,13810000.0
1956-07-19,13794000.0
1956-07-20,13778000.0
1956-07-21,13772000.0
1956-07-22,13763000.0
1956-07-23,13750000.0
1956-07-24,13733000.0
1956-07-25,13719000.0
1956-07-26,13697000.0
1956-07-27,13678000.0
1956-07-28,13674000.0
1956-07-29,13672000.0
1956-07-30,13655000.0
1956-07-31,13639000.0
1956-08-01,13630000.0
1956-08-02,13615000.0
1956-08-03,13604000.0
1956-08-04,13596000.0
1956-08-05,13591000.0
1956-08-06,13601000.0
1956-08-07,13597000.0
1956-08-08,13584000.0
1956-08-09,13571000.0
1956-08-10,13559000.0
1956-08-11,13555000.0
1956-08-12,13555000.0
1956-08-13,13546000.0
1956-08-14,13530000.0
1956-08-15,13515000.0
1956-08-16,13497000.0
1956-08-17,13482000.0
1956-08-18,13474000.0
1956-08-19,13471000.0
1956-08-20,13457000.0
1956-08-21,13444000.0
1956-08-22,13429000.0
1956-08-23,13411000.0
1956-08-24,13396000.0
1956-08-25,13384000.0
1956-08-26,13375000.0
1956-08-27,13351000.0
1956-08-28,13333000.0
1956-08-29,13311000.0
1956-08-30,13288000.0
1956-08-31,13266000.0
1956-09-01,13255000.0
1956-09-02,13247000.0
1956-09-03,13239000.0
1956-09-04,13216000.0
1956-09-05,13193000.0
1956-09-06,13171000.0
1956-09-07,13152000.0
1956-09-08,13138000.0
1956-09-09,13131000.0
1956-09-10,13108000.0
1956-09-11,13079000.0
1956-09-12,13060000.0
1956-09-13,13041000.0
1956-09-14,13023000.0
1956-09-15,13013000.0
1956-09-16,13006000.0
1956-09-17,12988000.0
1956-09-18,12975000.0
1956-09-19,12954000.0
1956-09-20,12932000.0
1956-09-21,12911000.0
1956-09-22,12909000.0
1956-09-23,12903000.0
1956-09-24,12883000.0
1956-09-25,12859000.0
1956-09-26,12839000.0
1956-09-27,12824000.0
1956-09-28,12804000.0
1956-09-29,12796000.0
1956-09-30,12791000.0
1956-10-01,12774000.0
1956-10-02,12758000.0
1956-10-03,12746000.0
1956-10-04,12733000.0
1956-10-05,12723000.0
1956-10-06,12716000.0
1956-10-07,12711000.0
1956-10-08,12701000.0
1956-10-09,12693000.0
1956-10-10,12679000.0
1956-10-11,12668000.0
1956-10-12,12660000.0
1956-10-13,12653000.0
1956-10-14,12651000.0
1956-10-15,12639000.0
1956-10-16,12630000.0
1956-10-17,12618000.0
1956-10-18,12602000.0
1956-10-19,12592000.0
1956-10-20,12582000.0
1956-10-21,12578000.0
1956-10-22,12562000.0
1956-10-23,12551000.0
1956-10-24,12532000.0
1956-10-25,12518000.0
1956-10-26,12505000.0
1956-10-27,12497000.0
1956-10-28,12489000.0
1956-10-29,12477000.0
1956-10-30,12458000.0
1956-10-31,12441000.0
1956-11-01,12422000.0
1956-11-02,12407000.0
1956-11-03,12394000.0
1956-11-04,12394000.0
1956-11-05,12381000.0
1956-11-06,12371000.0
1956-11-07,12362000.0
1956-11-08,12351000.0
1956-11-09,12341000.0
1956-11-10,12338000.0
1956-11-11,12340000.0
1956-11-12,12332000.0
1956-11-13,12319000.0
1956-11-14,12308000.0
1956-11-15,12292000.0
1956-11-16,12283000.0
1956-11-17,12280000.0
1956-11-18,12277000.0
1956-11-19,12260000.0
1956-11-20,12244000.0
1956-11-21,12233000.0
1956-11-22,12233000.0
1956-11-23,12227000.0
1956-11-24,12221000.0
1956-11-25,12221000.0
1956-11-26,12210000.0
1956-11-27,12198000.0
1956-11-28,12185000.0
1956-11-29,12179000.0
1956-11-30,12170000.0
1956-12-01,12168000.0
1956-12-02,12169000.0
1956-12-03,12162000.0
1956-12-04,12146000.0
1956-12-05,12141000.0
1956-12-06,12127000.0
1956-12-07,12122000.0
1956-12-08,12111000.0
1956-12-09,12104000.0
1956-12-10,12093000.0
1956-12-11,12083000.0
1956-12-12,12078000.0
1956-12-13,12069000.0
1956-12-14,12062000.0
1956-12-15,12062000.0
1956-12-16,12063000.0
1956-12-17,12051000.0
1956-12-18,12043000.0
1956-12-19,12033000.0
1956-12-20,12023000.0
1956-12-21,12011000.0
1956-12-22,12005000.0
1956-12-23,12008000.0
1956-12-24,12007000.0
1956-12-25,12009000.0
1956-12-26,12003000.0
1956-12-27,11993000.0
1956-12-28,11985000.0
1956-12-29,11980000.0
1956-12-30,11978000.0
1956-12-31,11975000.0
1957-01-01,11971000.0
1957-01-02,11960000.0
1957-01-03,11929000.0
1957-01-04,11908000.0
1957-01-05,11905000.0
1957-01-06,11902000.0
1957-01-07,11887000.0
1957-01-08,11876000.0
1957-01-09,11870000.0
1957-01-10,11859000.0
1957-01-11,11847000.0
1957-01-12,11850000.0
1957-01-13,11854000.0
1957-01-14,11867000.0
1957-01-15,11870000.0
1957-01-16,11868000.0
1957-01-17,11866000.0
1957-01-18,11860000.0
1957-01-19,11856000.0
1957-01-20,11853000.0
1957-01-21,11847000.0
1957-01-22,11838000.0
1957-01-23,11826000.0
1957-01-24,11821000.0
1957-01-25,11807000.0
1957-01-26,11802000.0
1957-01-27,11806000.0
1957-01-28,11795000.0
1957-01-29,11778000.0
1957-01-30,11775000.0
1957-01-31,11768000.0
1957-02-01,11765000.0
1957-02-02,11763000.0
1957-02-03,11770000.0
1957-02-04,11766000.0
1957-02-05,11762000.0
1957-02-06,11751000.0
1957-02-07,11745000.0
1957-02-08,11734000.0
1957-02-09,11737000.0
1957-02-10,11736000.0
1957-02-11,11728000.0
1957-02-12,11718000.0
1957-02-13,11710000.0
1957-02-14,11700000.0
1957-02-15,11686000.0
1957-02-16,11679000.0
1957-02-17,11678000.0
1957-02-18,11677000.0
1957-02-19,11674000.0
1957-02-20,11672000.0
1957-02-21,11672000.0
1957-02-22,11674000.0
1957-02-23,11679000.0
1957-02-24,11695000.0
1957-02-25,11693000.0
1957-02-26,11695000.0
1957-02-27,11697000.0
1957-02-28,11700000.0
1957-03-01,11695000.0
1957-03-02,11696000.0
1957-03-03,11703000.0
1957-03-04,11698000.0
1957-03-05,11691000.0
1957-03-06,11684000.0
1957-03-07,11682000.0
1957-03-08,11672000.0
1957-03-09,11673000.0
1957-03-10,11679000.0
1957-03-11,11674000.0
1957-03-12,11664000.0
1957-03-13,11656000.0
1957-03-14,11642000.0
1957-03-15,11632000.0
1957-03-16,11640000.0
1957-03-17,11648000.0
1957-03-18,11644000.0
1957-03-19,11640000.0
1957-03-20,11633000.0
1957-03-21,11615000.0
1957-03-22,11599000.0
1957-03-23,11599000.0
1957-03-24,11596000.0
1957-03-25,11577000.0
1957-03-26,11561000.0
1957-03-27,11542000.0
1957-03-28,11521000.0
1957-03-29,11501000.0
1957-03-30,11498000.0
1957-03-31,11502000.0
1957-04-01,11491000.0
1957-04-02,11473000.0
1957-04-03,11454000.0
1957-04-04,11436000.0
1957-04-05,11418000.0
1957-04-06,11419000.0
1957-04-07,11414000.0
1957-04-08,11405000.0
1957-04-09,11383000.0
1957-04-10,11367000.0
1957-04-11,11350000.0
1957-04-12,11338000.0
1957-04-13,11335000.0
1957-04-14,11336000.0
1957-04-15,11326000.0
1957-04-16,11308000.0
1957-04-17,11289000.0
1957-04-18,11278000.0
1957-04-19,11258000.0
1957-04-20,11264000.0
1957-04-21,11277000.0
1957-04-22,11281000.0
1957-04-23,11295000.0
1957-04-24,11302000.0
1957-04-25,11310000.0
1957-04-26,11333000.0
1957-04-27,11351000.0
1957-04-28,11379000.0
1957-04-29,11390000.0
1957-04-30,11395000.0
1957-05-01,11402000.0
1957-05-02,11407000.0
1957-05-03,11419000.0
1957-05-04,11433000.0
1957-05-05,11449000.0
1957-05-06,11456000.0
1957-05-07,11472000.0
1957-05-08,11503000.0
1957-05-09,11546000.0
1957-05-10,11611000.0
1957-05-11,11695000.0
1957-05-12,11790000.0
1957-05-13,11886000.0
1957-05-14,11986000.0
1957-05-15,12080000.0
1957-05-16,12177000.0
1957-05-17,12262000.0
1957-05-18,12350000.0
1957-05-19,12425000.0
1957-05-20,12496000.0
1957-05-21,12561000.0
1957-05-22,12617000.0
1957-05-23,12668000.0
1957-05-24,12722000.0
1957-05-25,12787000.0
1957-05-26,12854000.0
1957-05-27,12907000.0
1957-05-28,12964000.0
1957-05-29,13019000.0
1957-05-30,13084000.0
1957-05-31,13133000.0
1957-06-01,13190000.0
1957-06-02,13265000.0
1957-06-03,13339000.0
1957-06-04,13423000.0
1957-06-05,13517000.0
1957-06-06,13620000.0
1957-06-07,13742000.0
1957-06-08,13897000.0
1957-06-09,14079000.0
1957-06-10,14268000.0
1957-06-11,14465000.0
1957-06-12,14665000.0
1957-06-13,14869000.0
1957-06-14,15069000.0
1957-06-15,15277000.0
1957-06-16,15463000.0
1957-06-17,15627000.0
1957-06-18,15801000.0
1957-06-19,15969000.0
1957-06-20,16132000.0
1957-06-21,16276000.0
1957-06-22,16419000.0
1957-06-23,16568000.0
1957-06-24,16718000.0
1957-06-25,16862000.0
1957-06-26,17006000.0
1957-06-27,17130000.0
1957-06-28,17264000.0
1957-06-29,17407000.0
1957-06-30,17570000.0
1957-07-01,17720000.0
1957-07-02,17873000.0
1957-07-03,18034000.0
1957-07-04,18209000.0
1957-07-05,18366000.0
1957-07-06,18533000.0
1957-07-07,18692000.0
1957-07-08,18835000.0
1957-07-09,18971000.0
1957-07-10,19096000.0
1957-07-11,19214000.0
1957-07-12,19319000.0
1957-07-13,19431000.0
1957-07-14,19545000.0
1957-07-15,19630000.0
1957-07-16,19702000.0
1957-07-17,19778000.0
1957-07-18,19844000.0
1957-07-19,19905000.0
1957-07-20,19976000.0
1957-07-21,20053000.0
1957-07-22,20114000.0
1957-07-23,20186000.0
1957-07-24,20245000.0
1957-07-25,20296000.0
1957-07-26,20353000.0
1957-07-27,20404000.0
1957-07-28,20468000.0
1957-07-29,20511000.0
1957-07-30,20569000.0
1957-07-31,20657000.0
1957-08-01,20730000.0
1957-08-02,20784000.0
1957-08-03,20743000.0
1957-08-04,20902000.0
1957-08-05,20942000.0
1957-08-06,20971000.0
1957-08-07,21003000.0
1957-08-08,21037000.0
1957-08-09,21091000.0
1957-08-10,21142000.0
1957-08-11,21213000.0
1957-08-12,21237000.0
1957-08-13,21259000.0
1957-08-14,21280000.0
1957-08-15,21292000.0
1957-08-16,21299000.0
1957-08-17,21319000.0
1957-08-18,21342000.0
1957-08-19,21348000.0
1957-08-20,21376000.0
1957-08-21,21407000.0
1957-08-22,21417000.0
1957-08-23,21425000.0
1957-08-24,21441000.0
1957-08-25,21463000.0
1957-08-26,21472000.0
1957-08-27,21481000.0
1957-08-28,21480000.0
1957-08-29,21487000.0
1957-08-30,21486000.0
1957-08-31,21498000.0
1957-09-01,21516000.0
1957-09-02,21570000.0
1957-09-03,21624000.0
1957-09-04,21659000.0
1957-09-05,21680000.0
1957-09-06,21695000.0
1957-09-07,21717000.0
1957-09-08,21731000.0
1957-09-09,21728000.0
1957-09-10,21721000.0
1957-09-11,21720000.0
1957-09-12,21714000.0
1957-09-13,21709000.0
1957-09-14,21714000.0
1957-09-15,21720000.0
1957-09-16,21712000.0
1957-09-17,21699000.0
1957-09-18,21690000.0
1957-09-19,21675000.0
1957-09-20,21664000.0
1957-09-21,21656000.0
1957-09-22,21652000.0
1957-09-23,21633000.0
1957-09-24,21614000.0
1957-09-25,21594000.0
1957-09-26,21574000.0
1957-09-27,21554000.0
1957-09-28,21544000.0
1957-09-29,21542000.0
1957-09-30,21522000.0
1957-10-01,21508000.0
1957-10-02,21495000.0
1957-10-03,21475000.0
1957-10-04,21465000.0
1957-10-05,21463000.0
1957-10-06,21459000.0
1957-10-07,21449000.0
1957-10-08,21439000.0
1957-10-09,21427000.0
1957-10-10,21416000.0
1957-10-11,21405000.0
1957-10-12,21407000.0
1957-10-13,21409000.0
1957-10-14,21403000.0
1957-10-15,21400000.0
1957-10-16,21408000.0
1957-10-17,21409000.0
1957-10-18,21409000.0
1957-10-19,21424000.0
1957-10-20,21441000.0
1957-10-21,21443000.0
1957-10-22,21440000.0
1957-10-23,21448000.0
1957-10-24,21483000.0
1957-10-25,21514000.0
1957-10-26,21538000.0
1957-10-27,21558000.0
1957-10-28,21555000.0
1957-10-29,21546000.0
1957-10-30,21532000.0
1957-10-31,21531000.0
1957-11-01,21523000.0
1957-11-02,21522000.0
1957-11-03,21523000.0
1957-11-04,21522000.0
1957-11-05,21534000.0
1957-11-06,21570000.0
1957-11-07,21593000.0
1957-11-08,21614000.0
1957-11-09,21633000.0
1957-11-10,21656000.0
1957-11-11,21662000.0
1957-11-12,21658000.0
1957-11-13,21648000.0
1957-11-14,21631000.0
1957-11-15,21609000.0
1957-11-16,21593000.0
1957-11-17,21582000.0
1957-11-18,21561000.0
1957-11-19,21548000.0
1957-11-20,21530000.0
1957-11-21,21511000.0
1957-11-22,21495000.0
1957-11-23,21492000.0
1957-11-24,21492000.0
1957-11-25,21480000.0
1957-11-26,21465000.0
1957-11-27,21441000.0
1957-11-28,21444000.0
1957-11-29,21423000.0
1957-11-30,21415000.0
1957-12-01,21407000.0
1957-12-02,21386000.0
1957-12-03,21359000.0
1957-12-04,21331000.0
1957-12-05,21303000.0
1957-12-06,21283000.0
1957-12-07,21278000.0
1957-12-08,21278000.0
1957-12-09,21262000.0
1957-12-10,21242000.0
1957-12-11,21219000.0
1957-12-12,21197000.0
1957-12-13,21175000.0
1957-12-14,21157000.0
1957-12-15,21156000.0
1957-12-16,21144000.0
1957-12-17,21131000.0
1957-12-18,21108000.0
1957-12-19,21082000.0
1957-12-20,21054000.0
1957-12-21,21032000.0
1957-12-22,21018000.0
1957-12-23,20995000.0
1957-12-24,20977000.0
1957-12-25,20973000.0
1957-12-26,20955000.0
1957-12-27,20938000.0
1957-12-28,20918000.0
1957-12-29,20904000.0
1957-12-30,20883000.0
1957-12-31,20863000.0
1958-01-01,20862000.0
1958-01-02,20816000.0
1958-01-03,20787000.0
1958-01-04,20765000.0
1958-01-05,20752000.0
1958-01-06,20726000.0
1958-01-07,20699000.0
1958-01-08,20664000.0
1958-01-09,20635000.0
1958-01-10,20600000.0
1958-01-11,20578000.0
1958-01-12,20563000.0
1958-01-13,20532000.0
1958-01-14,20497000.0
1958-01-15,20462000.0
1958-01-16,20429000.0
1958-01-17,20397000.0
1958-01-18,20388000.0
1958-01-19,20375000.0
1958-01-20,20340000.0
1958-01-21,20302000.0
1958-01-22,20265000.0
1958-01-23,20232000.0
1958-01-24,20192000.0
1958-01-25,20158000.0
1958-01-26,20145000.0
1958-01-27,20113000.0
1958-01-28,20089000.0
1958-01-29,20058000.0
1958-01-30,20037000.0
1958-01-31,20013000.0
1958-02-01,20001000.0
1958-02-02,19994000.0
1958-02-03,19980000.0
1958-02-04,19968000.0
1958-02-05,19956000.0
1958-02-06,19948000.0
1958-02-07,19935000.0
1958-02-08,19934000.0
1958-02-09,19933000.0
1958-02-10,19921000.0
1958-02-11,19909000.0
1958-02-12,19892000.0
1958-02-13,19871000.0
1958-02-14,19853000.0
1958-02-15,19848000.0
1958-02-16,19847000.0
1958-02-17,19833000.0
1958-02-18,19817000.0
1958-02-19,19798000.0
1958-02-20,19788000.0
1958-02-21,19773000.0
1958-02-22,19770000.0
1958-02-23,19774000.0
1958-02-24,19762000.0
1958-02-25,19751000.0
1958-02-26,19743000.0
1958-02-27,19730000.0
1958-02-28,19712000.0
1958-03-01,19711000.0
1958-03-02,19714000.0
1958-03-03,19691000.0
1958-03-04,19673000.0
1958-03-05,19652000.0
1958-03-06,19621000.0
1958-03-07,19586000.0
1958-03-08,19564000.0
1958-03-09,19551000.0
1958-03-10,19518000.0
1958-03-11,19482000.0
1958-03-12,19452000.0
1958-03-13,19418000.0
1958-03-14,19382000.0
1958-03-15,19352000.0
1958-03-16,19344000.0
1958-03-17,19324000.0
1958-03-18,19294000.0
1958-03-19,19262000.0
1958-03-20,19232000.0
1958-03-21,19195000.0
1958-03-22,19191000.0
1958-03-23,19192000.0
1958-03-24,19174000.0
1958-03-25,19153000.0
1958-03-26,19138000.0
1958-03-27,19119000.0
1958-03-28,19107000.0
1958-03-29,19098000.0
1958-03-30,19104000.0
1958-03-31,19092000.0
1958-04-01,19067000.0
1958-04-02,19045000.0
1958-04-03,19031000.0
1958-04-04,19009000.0
1958-04-05,18993000.0
1958-04-06,18978000.0
1958-04-07,18997000.0
1958-04-08,18961000.0
1958-04-09,18942000.0
1958-04-10,18920000.0
1958-04-11,18897000.0
1958-04-12,18889000.0
1958-04-13,18889000.0
1958-04-14,18876000.0
1958-04-15,18858000.0
1958-04-16,18835000.0
1958-04-17,18814000.0
1958-04-18,18791000.0
1958-04-19,18783000.0
1958-04-20,18799000.0
1958-04-21,18812000.0
1958-04-22,18844000.0
1958-04-23,18880000.0
1958-04-24,18936000.0
1958-04-25,18997000.0
1958-04-26,19064000.0
1958-04-27,19133000.0
1958-04-28,19174000.0
1958-04-29,19200000.0
1958-04-30,19223000.0
1958-05-01,19246000.0
1958-05-02,19266000.0
1958-05-03,19302000.0
1958-05-04,19341000.0
1958-05-05,19353000.0
1958-05-06,19373000.0
1958-05-07,19401000.0
1958-05-08,19435000.0
1958-05-09,19476000.0
1958-05-10,19551000.0
1958-05-11,19657000.0
1958-05-12,19744000.0
1958-05-13,19833000.0
1958-05-14,19920000.0
1958-05-15,20008000.0
1958-05-16,20098000.0
1958-05-17,20204000.0
1958-05-18,20313000.0
1958-05-19,20398000.0
1958-05-20,20487000.0
1958-05-21,20576000.0
1958-05-22,20665000.0
1958-05-23,20769000.0
1958-05-24,20896000.0
1958-05-25,21032000.0
1958-05-26,21161000.0
1958-05-27,21294000.0
1958-05-28,21431000.0
1958-05-29,21566000.0
1958-05-30,21735000.0
1958-05-31,21907000.0
1958-06-01,22085000.0
1958-06-02,22249000.0
1958-06-03,22433000.0
1958-06-04,22593000.0
1958-06-05,22745000.0
1958-06-06,22894000.0
1958-06-07,23043000.0
1958-06-08,23191000.0
1958-06-09,23327000.0
1958-06-10,23474000.0
1958-06-11,23619000.0
1958-06-12,23765000.0
1958-06-13,23892000.0
1958-06-14,24008000.0
1958-06-15,24115000.0
1958-06-16,24201000.0
1958-06-17,24273000.0
1958-06-18,24333000.0
1958-06-19,24385000.0
1958-06-20,24442000.0
1958-06-21,24495000.0
1958-06-22,24547000.0
1958-06-23,24584000.0
1958-06-24,24615000.0
1958-06-25,24647000.0
1958-06-26,24672000.0
1958-06-27,24696000.0
1958-06-28,24723000.0
1958-06-29,24754000.0
1958-06-30,24760000.0
1958-07-01,24772000.0
1958-07-02,24779000.0
1958-07-03,24788000.0
1958-07-04,24803000.0
1958-07-05,24817000.0
1958-07-06,24829000.0
1958-07-07,24829000.0
1958-07-08,24827000.0
1958-07-09,24818000.0
1958-07-10,24805000.0
1958-07-11,24794000.0
1958-07-12,24788000.0
1958-07-13,24784000.0
1958-07-14,24765000.0
1958-07-15,24747000.0
1958-07-16,24729000.0
1958-07-17,24708000.0
1958-07-18,24687000.0
1958-07-19,24677000.0
1958-07-20,24674000.0
1958-07-21,24653000.0
1958-07-22,24632000.0
1958-07-23,24610000.0
1958-07-24,24592000.0
1958-07-25,24572000.0
1958-07-26,24555000.0
1958-07-27,24548000.0
1958-07-28,24513000.0
1958-07-29,24505000.0
1958-07-30,24479000.0
1958-07-31,24458000.0
1958-08-01,24436000.0
1958-08-02,24420000.0
1958-08-03,24404000.0
1958-08-04,24376000.0
1958-08-05,24350000.0
1958-08-06,24328000.0
1958-08-07,24308000.0
1958-08-08,24282000.0
1958-08-09,24269000.0
1958-08-10,24254000.0
1958-08-11,24228000.0
1958-08-12,24200000.0
1958-08-13,24171000.0
1958-08-14,24142000.0
1958-08-15,24114000.0
1958-08-16,24099000.0
1958-08-17,24092000.0
1958-08-18,24064000.0
1958-08-19,24041000.0
1958-08-20,24015000.0
1958-08-21,23992000.0
1958-08-22,23964000.0
1958-08-23,23954000.0
1958-08-24,23940000.0
1958-08-25,23920000.0
1958-08-26,23901000.0
1958-08-27,23877000.0
1958-08-28,23853000.0
1958-08-29,23834000.0
1958-08-30,23824000.0
1958-08-31,23814000.0
1958-09-01,23799000.0
1958-09-02,23772000.0
1958-09-03,23753000.0
1958-09-04,23736000.0
1958-09-05,23711000.0
1958-09-06,23690000.0
1958-09-07,23687000.0
1958-09-08,23662000.0
1958-09-09,23637000.0
1958-09-10,23612000.0
1958-09-11,23589000.0
1958-09-12,23563000.0
1958-09-13,23554000.0
1958-09-14,23546000.0
1958-09-15,23530000.0
1958-09-16,23507000.0
1958-09-17,23491000.0
1958-09-18,23471000.0
1958-09-19,23450000.0
1958-09-20,23447000.0
1958-09-21,23447000.0
1958-09-22,23430000.0
1958-09-23,23407000.0
1958-09-24,23404000.0
1958-09-25,23387000.0
1958-09-26,23369000.0
1958-09-27,23364000.0
1958-09-28,23357000.0
1958-09-29,23342000.0
1958-09-30,23326000.0
1958-10-01,23313000.0
1958-10-02,23295000.0
1958-10-03,23285000.0
1958-10-04,23276000.0
1958-10-05,23276000.0
1958-10-06,23265000.0
1958-10-07,23258000.0
1958-10-08,23246000.0
1958-10-09,23235000.0
1958-10-10,23222000.0
1958-10-11,23213000.0
1958-10-12,23208000.0
1958-10-13,23190000.0
1958-10-14,23169000.0
1958-10-15,23149000.0
1958-10-16,23135000.0
1958-10-17,23115000.0
1958-10-18,23100000.0
1958-10-19,23094000.0
1958-10-20,23079000.0
1958-10-21,23053000.0
1958-10-22,23036000.0
1958-10-23,23018000.0
1958-10-24,23018000.0
1958-10-25,22997000.0
1958-10-26,22995000.0
1958-10-27,22979000.0
1958-10-28,22959000.0
1958-10-29,22938000.0
1958-10-30,22912000.0
1958-10-31,22895000.0
1958-11-01,22888000.0
1958-11-02,22884000.0
1958-11-03,22869000.0
1958-11-04,22854000.0
1958-11-05,22839000.0
1958-11-06,22823000.0
1958-11-07,22808000.0
1958-11-08,22804000.0
1958-11-09,22804000.0
1958-11-10,22788000.0
1958-11-11,22784000.0
1958-11-12,22779000.0
1958-11-13,22763000.0
1958-11-14,22738000.0
1958-11-15,22739000.0
1958-11-16,22730000.0
1958-11-17,22707000.0
1958-11-18,22686000.0
1958-11-19,22657000.0
1958-11-20,22638000.0
1958-11-21,22618000.0
1958-11-22,22608000.0
1958-11-23,22601000.0
1958-11-24,22576000.0
1958-11-25,22560000.0
1958-11-26,22539000.0
1958-11-27,22539000.0
1958-11-28,22513000.0
1958-11-29,22497000.0
1958-11-30,22488000.0
1958-12-01,22471000.0
1958-12-02,22451000.0
1958-12-03,22427000.0
1958-12-04,22402000.0
1958-12-05,22384000.0
1958-12-06,22373000.0
1958-12-07,22362000.0
1958-12-08,22335000.0
1958-12-09,22317000.0
1958-12-10,22302000.0
1958-12-11,22288000.0
1958-12-12,22270000.0
1958-12-13,22255000.0
1958-12-14,22245000.0
1958-12-15,22227000.0
1958-12-16,22213000.0
1958-12-17,22202000.0
1958-12-18,22184000.0
1958-12-19,22161000.0
1958-12-20,22150000.0
1958-12-21,22143000.0
1958-12-22,22121000.0
1958-12-23,22107000.0
1958-12-24,22095000.0
1958-12-25,22090000.0
1958-12-26,22072000.0
1958-12-27,22056000.0
1958-12-28,22043000.0
1958-12-29,22022000.0
1958-12-30,22004000.0
1958-12-31,21981000.0
1959-01-01,21957000.0
1959-01-02,21964000.0
1959-01-03,21949000.0
1959-01-04,21937000.0
1959-01-05,21918000.0
1959-01-06,21911000.0
1959-01-07,21890000.0
1959-01-08,21875000.0
1959-01-09,21856000.0
1959-01-10,21841000.0
1959-01-11,21831000.0
1959-01-12,21808000.0
1959-01-13,21786000.0
1959-01-14,21771000.0
1959-01-15,21750000.0
1959-01-16,21733000.0
1959-01-17,21724000.0
1959-01-18,21721000.0
1959-01-19,21690000.0
1959-01-20,21678000.0
1959-01-21,21664000.0
1959-01-22,21651000.0
1959-01-23,21633000.0
1959-01-24,21618000.0
1959-01-25,21608000.0
1959-01-26,21595000.0
1959-01-27,21579000.0
1959-01-28,21558000.0
1959-01-29,21542000.0
1959-01-30,21523000.0
1959-01-31,21515000.0
1959-02-01,21502000.0
1959-02-02,21486000.0
1959-02-03,21472000.0
1959-02-04,21455000.0
1959-02-05,21443000.0
1959-02-06,21428000.0
1959-02-07,21419000.0
1959-02-08,21411000.0
1959-02-09,21404000.0
1959-02-10,21391000.0
1959-02-11,21376000.0
1959-02-12,21364000.0
1959-02-13,21352000.0
1959-02-14,21342000.0
1959-02-15,21339000.0
1959-02-16,21316000.0
1959-02-17,21308000.0
1959-02-18,21296000.0
1959-02-19,21288000.0
1959-02-20,21276000.0
1959-02-21,21270000.0
1959-02-22,21267000.0
1959-02-23,21255000.0
1959-02-24,21241000.0
1959-02-25,21229000.0
1959-02-26,21218000.0
1959-02-27,21198000.0
1959-02-28,21194000.0
1959-03-01,21194000.0
1959-03-02,21186000.0
1959-03-03,21186000.0
1959-03-04,21162000.0
1959-03-05,21141000.0
1959-03-06,21124000.0
1959-03-07,21115000.0
1959-03-08,21112000.0
1959-03-09,21094000.0
1959-03-10,21079000.0
1959-03-11,21058000.0
1959-03-12,21037000.0
1959-03-13,21013000.0
1959-03-14,21004000.0
1959-03-15,20992000.0
1959-03-16,20975000.0
1959-03-17,20952000.0
1959-03-18,20930000.0
1959-03-19,20910000.0
1959-03-20,20888000.0
1959-03-21,20880000.0
1959-03-22,20866000.0
1959-03-23,20843000.0
1959-03-24,20833000.0
1959-03-25,20817000.0
1959-03-26,20800000.0
1959-03-27,20783000.0
1959-03-28,20773000.0
1959-03-29,20770000.0
1959-03-30,20753000.0
1959-03-31,20735000.0
1959-04-01,20713000.0
1959-04-02,20684000.0
1959-04-03,20661000.0
1959-04-04,20656000.0
1959-04-05,20648000.0
1959-04-06,20630000.0
1959-04-07,20616000.0
1959-04-08,20596000.0
1959-04-09,20572000.0
1959-04-10,20553000.0
1959-04-11,20541000.0
1959-04-12,20533000.0
1959-04-13,20507000.0
1959-04-14,20492000.0
1959-04-15,20477000.0
1959-04-16,20462000.0
1959-04-17,20446000.0
1959-04-18,20442000.0
1959-04-19,20446000.0
1959-04-20,20431000.0
1959-04-21,20416000.0
1959-04-22,20400000.0
1959-04-23,20382000.0
1959-04-24,20362000.0
1959-04-25,20342000.0
1959-04-26,20331000.0
1959-04-27,20314000.0
1959-04-28,20284000.0
1959-04-29,20262000.0
1959-04-30,20230000.0
1959-05-01,20205000.0
1959-05-02,20192000.0
1959-05-03,20181000.0
1959-05-04,20164000.0
1959-05-05,20146000.0
1959-05-06,20132000.0
1959-05-07,20118000.0
1959-05-08,20104000.0
1959-05-09,20099000.0
1959-05-10,20104000.0
1959-05-11,20100000.0
1959-05-12,20094000.0
1959-05-13,20089000.0
1959-05-14,20081000.0
1959-05-15,20071000.0
1959-05-16,20067000.0
1959-05-17,20066000.0
1959-05-18,20061000.0
1959-05-19,20061000.0
1959-05-20,20058000.0
1959-05-21,20072000.0
1959-05-22,20084000.0
1959-05-23,20119000.0
1959-05-24,20158000.0
1959-05-25,20173000.0
1959-05-26,20181000.0
1959-05-27,20205000.0
1959-05-28,20205000.0
1959-05-29,20200000.0
1959-05-30,20211000.0
1959-05-31,20220000.0
1959-06-01,20230000.0
1959-06-02,20237000.0
1959-06-03,20245000.0
1959-06-04,20254000.0
1959-06-05,20266000.0
1959-06-06,20284000.0
1959-06-07,20315000.0
1959-06-08,20331000.0
1959-06-09,20353000.0
1959-06-10,20371000.0
1959-06-11,20393000.0
1959-06-12,20422000.0
1959-06-13,20464000.0
1959-06-14,20509000.0
1959-06-15,20549000.0
1959-06-16,20593000.0
1959-06-17,20636000.0
1959-06-18,20675000.0
1959-06-19,20723000.0
1959-06-20,20773000.0
1959-06-21,20830000.0
1959-06-22,20874000.0
1959-06-23,20914000.0
1959-06-24,20950000.0
1959-06-25,20987000.0
1959-06-26,21026000.0
1959-06-27,21067000.0
1959-06-28,21108000.0
1959-06-29,21138000.0
1959-06-30,21169000.0
1959-07-01,21195000.0
1959-07-02,21213000.0
1959-07-03,21235000.0
1959-07-04,21267000.0
1959-07-05,21295000.0
1959-07-06,21312000.0
1959-07-07,21326000.0
1959-07-08,21339000.0
1959-07-09,21347000.0
1959-07-10,21354000.0
1959-07-11,21363000.0
1959-07-12,21378000.0
1959-07-13,21374000.0
1959-07-14,21364000.0
1959-07-15,21362000.0
1959-07-16,21352000.0
1959-07-17,21336000.0
1959-07-18,21314000.0
1959-07-19,21332000.0
1959-07-20,21338000.0
1959-07-21,21304000.0
1959-07-22,21280000.0
1959-07-23,21266000.0
1959-07-24,21246000.0
1959-07-25,21221000.0
1959-07-26,21207000.0
1959-07-27,21186000.0
1959-07-28,21161000.0
1959-07-29,21138000.0
1959-07-30,21120000.0
1959-07-31,21096000.0
1959-08-01,21087000.0
1959-08-02,21075000.0
1959-08-03,21062000.0
1959-08-04,21038000.0
1959-08-05,21020000.0
1959-08-06,20997000.0
1959-08-07,20975000.0
1959-08-08,20959000.0
1959-08-09,20942000.0
1959-08-10,20927000.0
1959-08-11,20910000.0
1959-08-12,20898000.0
1959-08-13,20885000.0
1959-08-14,20872000.0
1959-08-15,20864000.0
1959-08-16,20860000.0
1959-08-17,20847000.0
1959-08-18,20837000.0
1959-08-19,20813000.0
1959-08-20,20795000.0
1959-08-21,20770000.0
1959-08-22,20758000.0
1959-08-23,20753000.0
1959-08-24,20736000.0
1959-08-25,20717000.0
1959-08-26,20699000.0
1959-08-27,20679000.0
1959-08-28,20660000.0
1959-08-29,20648000.0
1959-08-30,20639000.0
1959-08-31,20617000.0
1959-09-01,20602000.0
1959-09-02,20585000.0
1959-09-03,20566000.0
1959-09-04,20544000.0
1959-09-05,20529000.0
1959-09-06,20526000.0
1959-09-07,20520000.0
1959-09-08,20502000.0
1959-09-09,20480000.0
1959-09-10,20457000.0
1959-09-11,20433000.0
1959-09-12,20421000.0
1959-09-13,20407000.0
1959-09-14,20381000.0
1959-09-15,20360000.0
1959-09-16,20340000.0
1959-09-17,20318000.0
1959-09-18,20295000.0
1959-09-19,20274000.0
1959-09-20,20265000.0
1959-09-21,20242000.0
1959-09-22,20210000.0
1959-09-23,20190000.0
1959-09-24,20160000.0
1959-09-25,20133000.0
1959-09-26,20114000.0
1959-09-27,20110000.0
1959-09-28,20084000.0
1959-09-29,20065000.0
1959-09-30,20036000.0
1959-10-01,20019000.0
1959-10-02,20004000.0
1959-10-03,19994000.0
1959-10-04,19987000.0
1959-10-05,19975000.0
1959-10-06,19962000.0
1959-10-07,19966000.0
1959-10-08,19966000.0
1959-10-09,19962000.0
1959-10-10,19969000.0
1959-10-11,19975000.0
1959-10-12,19966000.0
1959-10-13,19948000.0
1959-10-14,19938000.0
1959-10-15,19928000.0
1959-10-16,19919000.0
1959-10-17,19912000.0
1959-10-18,19911000.0
1959-10-19,19901000.0
1959-10-20,19892000.0
1959-10-21,19883000.0
1959-10-22,19877000.0
1959-10-23,19866000.0
1959-10-24,19862000.0
1959-10-25,19866000.0
1959-10-26,19857000.0
1959-10-27,19844000.0
1959-10-28,19836000.0
1959-10-29,19821000.0
1959-10-30,19811000.0
1959-10-31,19814000.0
1959-11-01,19814000.0
1959-11-02,19820000.0
1959-11-03,19828000.0
1959-11-04,19838000.0
1959-11-05,19838000.0
1959-11-06,19840000.0
1959-11-07,19847000.0
1959-11-08,19858000.0
1959-11-09,19857000.0
1959-11-10,19858000.0
1959-11-11,19854000.0
1959-11-12,19851000.0
1959-11-13,19847000.0
1959-11-14,19842000.0
1959-11-15,19840000.0
1959-11-16,19837000.0
1959-11-17,19830000.0
1959-11-18,19822000.0
1959-11-19,19813000.0
1959-11-20,19804000.0
1959-11-21,19800000.0
1959-11-22,19803000.0
1959-11-23,19794000.0
1959-11-24,19792000.0
1959-11-25,19782000.0
1959-11-26,19783000.0
1959-11-27,19744000.0
1959-11-28,19737000.0
1959-11-29,19736000.0
1959-11-30,19728000.0
1959-12-01,19722000.0
1959-12-02,19717000.0
1959-12-03,19713000.0
1959-12-04,19700000.0
1959-12-05,19691000.0
1959-12-06,19686000.0
1959-12-07,19671000.0
1959-12-08,19657000.0
1959-12-09,19652000.0
1959-12-10,19643000.0
1959-12-11,19638000.0
1959-12-12,19638000.0
1959-12-13,19632000.0
1959-12-14,19626000.0
1959-12-15,19618000.0
1959-12-16,19613000.0
1959-12-17,19606000.0
1959-12-18,19602000.0
1959-12-19,19596000.0
1959-12-20,19594000.0
1959-12-21,19591000.0
1959-12-22,19576000.0
1959-12-23,19569000.0
1959-12-24,19568000.0
1959-12-25,19565000.0
1959-12-26,19561000.0
1959-12-27,19558000.0
1959-12-28,19545000.0
1959-12-29,19540000.0
1959-12-30,19540000.0
1959-12-31,19534000.0
1960-01-01,19535000.0
1960-01-02,19533000.0
1960-01-03,19530000.0
1960-01-04,19518000.0
1960-01-05,19527000.0
1960-01-06,19517000.0
1960-01-07,19506000.0
1960-01-08,19494000.0
1960-01-09,19483000.0
1960-01-10,19473000.0
1960-01-11,19461000.0
1960-01-12,19447000.0
1960-01-13,19430000.0
1960-01-14,19415000.0
1960-01-15,19408000.0
1960-01-16,19399000.0
1960-01-17,19398000.0
1960-01-18,19384000.0
1960-01-19,19378000.0
1960-01-20,19371000.0
1960-01-21,19363000.0
1960-01-22,19352000.0
1960-01-23,19348000.0
1960-01-24,19350000.0
1960-01-25,19337000.0
1960-01-26,19325000.0
1960-01-27,19315000.0
1960-01-28,19301000.0
1960-01-29,19292000.0
1960-01-30,19285000.0
1960-01-31,19283000.0
1960-02-01,19275000.0
1960-02-02,19270000.0
1960-02-03,19260000.0
1960-02-04,19257000.0
1960-02-05,19251000.0
1960-02-06,19253000.0
1960-02-07,19254000.0
1960-02-08,19237000.0
1960-02-09,19239000.0
1960-02-10,19235000.0
1960-02-11,19237000.0
1960-02-12,19234000.0
1960-02-13,19232000.0
1960-02-14,19234000.0
1960-02-15,19235000.0
1960-02-16,19228000.0
1960-02-17,19221000.0
1960-02-18,19212000.0
1960-02-19,19207000.0
1960-02-20,19202000.0
1960-02-21,19202000.0
1960-02-22,19191000.0
1960-02-23,19180000.0
1960-02-24,19174000.0
1960-02-25,19158000.0
1960-02-26,19149000.0
1960-02-27,19144000.0
1960-02-28,19138000.0
1960-02-29,19124000.0
1960-03-01,19108000.0
1960-03-02,19097000.0
1960-03-03,19086000.0
1960-03-04,19077000.0
1960-03-05,19080000.0
1960-03-06,19078000.0
1960-03-07,19066000.0
1960-03-08,19060000.0
1960-03-09,19048000.0
1960-03-10,19038000.0
1960-03-11,19022000.0
1960-03-12,19028000.0
1960-03-13,19047000.0
1960-03-14,19056000.0
1960-03-15,19063000.0
1960-03-16,19066000.0
1960-03-17,19069000.0
1960-03-18,19070000.0
1960-03-19,19078000.0
1960-03-20,19089000.0
1960-03-21,19089000.0
1960-03-22,19085000.0
1960-03-23,19078000.0
1960-03-24,19074000.0
1960-03-25,19075000.0
1960-03-26,19082000.0
1960-03-27,19097000.0
1960-03-28,19109000.0
1960-03-29,19124000.0
1960-03-30,19147000.0
1960-03-31,19171000.0
1960-04-01,19201000.0
1960-04-02,19228000.0
1960-04-03,19266000.0
1960-04-04,19293000.0
1960-04-05,19324000.0
1960-04-06,19344000.0
1960-04-07,19361000.0
1960-04-08,19373000.0
1960-04-09,19385000.0
1960-04-10,19401000.0
1960-04-11,19403000.0
1960-04-12,19411000.0
1960-04-13,19424000.0
1960-04-14,19444000.0
1960-04-15,19477000.0
1960-04-16,19520000.0
1960-04-17,19575000.0
1960-04-18,19612000.0
1960-04-19,19650000.0
1960-04-20,19677000.0
1960-04-21,19701000.0
1960-04-22,19722000.0
1960-04-23,19744000.0
1960-04-24,19768000.0
1960-04-25,19783000.0
1960-04-26,19794000.0
1960-04-27,19811000.0
1960-04-28,19828000.0
1960-04-29,19850000.0
1960-04-30,19876000.0
1960-05-01,19912000.0
1960-05-02,19934000.0
1960-05-03,19952000.0
1960-05-04,19973000.0
1960-05-05,19977000.0
1960-05-06,19985000.0
1960-05-07,19999000.0
1960-05-08,20015000.0
1960-05-09,20016000.0
1960-05-10,20016000.0
1960-05-11,20015000.0
1960-05-12,20014000.0
1960-05-13,20009000.0
1960-05-14,20009000.0
1960-05-15,20019000.0
1960-05-16,20027000.0
1960-05-17,20043000.0
1960-05-18,20082000.0
1960-05-19,20118000.0
1960-05-20,20166000.0
1960-05-21,20213000.0
1960-05-22,20259000.0
1960-05-23,20305000.0
1960-05-24,20344000.0
1960-05-25,20375000.0
1960-05-26,20402000.0
1960-05-27,20425000.0
1960-05-28,20451000.0
1960-05-29,20487000.0
1960-05-30,20520000.0
1960-05-31,20537000.0
1960-06-01,20559000.0
1960-06-02,20576000.0
1960-06-03,20595000.0
1960-06-04,20625000.0
1960-06-05,20670000.0
1960-06-06,20701000.0
1960-06-07,20729000.0
1960-06-08,20766000.0
1960-06-09,20812000.0
1960-06-10,20866000.0
1960-06-11,20923000.0
1960-06-12,20987000.0
1960-06-13,21036000.0
1960-06-14,21082000.0
1960-06-15,21125000.0
1960-06-16,21173000.0
1960-06-17,21214000.0
1960-06-18,21260000.0
1960-06-19,21308000.0
1960-06-20,21348000.0
1960-06-21,21386000.0
1960-06-22,21417000.0
1960-06-23,21459000.0
1960-06-24,21494000.0
1960-06-25,21536000.0
1960-06-26,21582000.0
1960-06-27,21616000.0
1960-06-28,21640000.0
1960-06-29,21656000.0
1960-06-30,21672000.0
1960-07-01,21683000.0
1960-07-02,21701000.0
1960-07-03,21721000.0
1960-07-04,21740000.0
1960-07-05,21743000.0
1960-07-06,21743000.0
1960-07-07,21736000.0
1960-07-08,21731000.0
1960-07-09,21725000.0
1960-07-10,21728000.0
1960-07-11,21717000.0
1960-07-12,21701000.0
1960-07-13,21685000.0
1960-07-14,21667000.0
1960-07-15,21647000.0
1960-07-16,21628000.0
1960-07-17,21620000.0
1960-07-18,21589000.0
1960-07-19,21565000.0
1960-07-20,21539000.0
1960-07-21,21522000.0
1960-07-22,21499000.0
1960-07-23,21488000.0
1960-07-24,21487000.0
1960-07-25,21467000.0
1960-07-26,21447000.0
1960-07-27,21421000.0
1960-07-28,21401000.0
1960-07-29,21379000.0
1960-07-30,21370000.0
1960-07-31,21359000.0
1960-08-01,21334000.0
1960-08-02,21311000.0
1960-08-03,21284000.0
1960-08-04,21258000.0
1960-08-05,21234000.0
1960-08-06,21219000.0
1960-08-07,21205000.0
1960-08-08,21186000.0
1960-08-09,21154000.0
1960-08-10,21125000.0
1960-08-11,21099000.0
1960-08-12,21076000.0
1960-08-13,21054000.0
1960-08-14,21034000.0
1960-08-15,21005000.0
1960-08-16,20977000.0
1960-08-17,20946000.0
1960-08-18,20914000.0
1960-08-19,20881000.0
1960-08-20,20856000.0
1960-08-21,20841000.0
1960-08-22,20811000.0
1960-08-23,20782000.0
1960-08-24,20749000.0
1960-08-25,20717000.0
1960-08-26,20684000.0
1960-08-27,20661000.0
1960-08-28,20644000.0
1960-08-29,20617000.0
1960-08-30,20587000.0
1960-08-31,20557000.0
1960-09-01,20547000.0
1960-09-02,20520000.0
1960-09-03,20506000.0
1960-09-04,20496000.0
1960-09-05,20484000.0
1960-09-06,20460000.0
1960-09-07,20438000.0
1960-09-08,20413000.0
1960-09-09,20388000.0
1960-09-10,20362000.0
1960-09-11,20350000.0
1960-09-12,20319000.0
1960-09-13,20287000.0
1960-09-14,20257000.0
1960-09-15,20233000.0
1960-09-16,20213000.0
1960-09-17,20198000.0
1960-09-18,20188000.0
1960-09-19,20166000.0
1960-09-20,20146000.0
1960-09-21,20121000.0
1960-09-22,20104000.0
1960-09-23,20082000.0
1960-09-24,20066000.0
1960-09-25,20051000.0
1960-09-26,20027000.0
1960-09-27,20002000.0
1960-09-28,19978000.0
1960-09-29,19959000.0
1960-09-30,19940000.0
1960-10-01,19928000.0
1960-10-02,19917000.0
1960-10-03,19900000.0
1960-10-04,19884000.0
1960-10-05,19864000.0
1960-10-06,19840000.0
1960-10-07,19818000.0
1960-10-08,19804000.0
1960-10-09,19798000.0
1960-10-10,19786000.0
1960-10-11,19771000.0
1960-10-12,19758000.0
1960-10-13,19747000.0
1960-10-14,19731000.0
1960-10-15,19728000.0
1960-10-16,19726000.0
1960-10-17,19726000.0
1960-10-18,19722000.0
1960-10-19,19721000.0
1960-10-20,19718000.0
1960-10-21,19720000.0
1960-10-22,19723000.0
1960-10-23,19732000.0
1960-10-24,19732000.0
1960-10-25,19728000.0
1960-10-26,19724000.0
1960-10-27,19717000.0
1960-10-28,19710000.0
1960-10-29,19712000.0
1960-10-30,19711000.0
1960-10-31,19707000.0
1960-11-01,19704000.0
1960-11-02,19702000.0
1960-11-03,19701000.0
1960-11-04,19694000.0
1960-11-05,19700000.0
1960-11-06,19710000.0
1960-11-07,19712000.0
1960-11-08,19711000.0
1960-11-09,19707000.0
1960-11-10,19703000.0
1960-11-11,19701000.0
1960-11-12,19694000.0
1960-11-13,19696000.0
1960-11-14,19687000.0
1960-11-15,19676000.0
1960-11-16,19666000.0
1960-11-17,19657000.0
1960-11-18,19650000.0
1960-11-19,19643000.0
1960-11-20,19642000.0
1960-11-21,19632000.0
1960-11-22,19622000.0
1960-11-23,19617000.0
1960-11-24,19618000.0
1960-11-25,19611000.0
1960-11-26,19600000.0
1960-11-27,19606000.0
1960-11-28,19595000.0
1960-11-29,19591000.0
1960-11-30,19581000.0
1960-12-01,19578000.0
1960-12-02,19575000.0
1960-12-03,19575000.0
1960-12-04,19573000.0
1960-12-05,19555000.0
1960-12-06,19527000.0
1960-12-07,19501000.0
1960-12-08,19483000.0
1960-12-09,19471000.0
1960-12-10,19461000.0
1960-12-11,19460000.0
1960-12-12,19446000.0
1960-12-13,19436000.0
1960-12-14,19426000.0
1960-12-15,19415000.0
1960-12-16,19406000.0
1960-12-17,19399000.0
1960-12-18,19394000.0
1960-12-19,19387000.0
1960-12-20,19371000.0
1960-12-21,19361000.0
1960-12-22,19350000.0
1960-12-23,19345000.0
1960-12-24,19344000.0
1960-12-25,19345000.0
1960-12-26,19345000.0
1960-12-27,19336000.0
1960-12-28,19326000.0
1960-12-29,19312000.0
1960-12-30,19303000.0
1960-12-31,19294000.0
1961-01-01,19293000.0
1961-01-02,19292000.0
1961-01-03,19280000.0
1961-01-04,19271000.0
1961-01-05,19260000.0
1961-01-06,19248000.0
1961-01-07,19238000.0
1961-01-08,19237000.0
1961-01-09,19219000.0
1961-01-10,19208000.0
1961-01-11,19192000.0
1961-01-12,19180000.0
1961-01-13,19164000.0
1961-01-14,19153000.0
1961-01-15,19150000.0
1961-01-16,19120000.0
1961-01-17,19109000.0
1961-01-18,19093000.0
1961-01-19,19083000.0
1961-01-20,19072000.0
1961-01-21,19065000.0
1961-01-22,19064000.0
1961-01-23,19053000.0
1961-01-24,19043000.0
1961-01-25,19030000.0
1961-01-26,19021000.0
1961-01-27,19015000.0
1961-01-28,19009000.0
1961-01-29,19004000.0
1961-01-30,18992000.0
1961-01-31,18978000.0
1961-02-01,18967000.0
1961-02-02,18958000.0
1961-02-03,18948000.0
1961-02-04,18949000.0
1961-02-05,18947000.0
1961-02-06,18938000.0
1961-02-07,18931000.0
1961-02-08,18915000.0
1961-02-09,18910000.0
1961-02-10,18898000.0
1961-02-11,18897000.0
1961-02-12,18900000.0
1961-02-13,18897000.0
1961-02-14,18892000.0
1961-02-15,18888000.0
1961-02-16,18882000.0
1961-02-17,18874000.0
1961-02-18,18868000.0
1961-02-19,18858000.0
1961-02-20,18846000.0
1961-02-21,18829000.0
1961-02-22,18823000.0
1961-02-23,18801000.0
1961-02-24,18787000.0
1961-02-25,18778000.0
1961-02-26,18776000.0
1961-02-27,18769000.0
1961-02-28,18755000.0
1961-03-01,18743000.0
1961-03-02,18730000.0
1961-03-03,18723000.0
1961-03-04,18711000.0
1961-03-05,18707000.0
1961-03-06,18692000.0
1961-03-07,18674000.0
1961-03-08,18652000.0
1961-03-09,18634000.0
1961-03-10,18613000.0
1961-03-11,18602000.0
1961-03-12,18593000.0
1961-03-13,18575000.0
1961-03-14,18551000.0
1961-03-15,18535000.0
1961-03-16,18509000.0
1961-03-17,18493000.0
1961-03-18,18467000.0
1961-03-19,18455000.0
1961-03-20,18427000.0
1961-03-21,18403000.0
1961-03-22,18377000.0
1961-03-23,18353000.0
1961-03-24,18330000.0
1961-03-25,18317000.0
1961-03-26,18312000.0
1961-03-27,18298000.0
1961-03-28,18271000.0
1961-03-29,18250000.0
1961-03-30,18230000.0
1961-03-31,18212000.0
1961-04-01,18200000.0
1961-04-02,18198000.0
1961-04-03,18173000.0
1961-04-04,18151000.0
1961-04-05,18132000.0
1961-04-06,18112000.0
1961-04-07,18100000.0
1961-04-08,18096000.0
1961-04-09,18089000.0
1961-04-10,18075000.0
1961-04-11,18067000.0
1961-04-12,18038000.0
1961-04-13,18038000.0
1961-04-14,18032000.0
1961-04-15,18030000.0
1961-04-16,18032000.0
1961-04-17,18020000.0
1961-04-18,18009000.0
1961-04-19,18000000.0
1961-04-20,17987000.0
1961-04-21,17973000.0
1961-04-22,17961000.0
1961-04-23,17953000.0
1961-04-24,17943000.0
1961-04-25,17929000.0
1961-04-26,17916000.0
1961-04-27,17901000.0
1961-04-28,17890000.0
1961-04-29,17882000.0
1961-04-30,17885000.0
1961-05-01,17875000.0
1961-05-02,17869000.0
1961-05-03,17861000.0
1961-05-04,17853000.0
1961-05-05,17843000.0
1961-05-06,17832000.0
1961-05-07,17840000.0
1961-05-08,17840000.0
1961-05-09,17838000.0
1961-05-10,17836000.0
1961-05-11,17834000.0
1961-05-12,17834000.0
1961-05-13,17832000.0
1961-05-14,17836000.0
1961-05-15,17832000.0
1961-05-16,17818000.0
1961-05-17,17809000.0
1961-05-18,17807000.0
1961-05-19,17809000.0
1961-05-20,17823000.0
1961-05-21,17834000.0
1961-05-22,17832000.0
1961-05-23,17832000.0
1961-05-24,17832000.0
1961-05-25,17833000.0
1961-05-26,17844000.0
1961-05-27,17869000.0
1961-05-28,17902000.0
1961-05-29,17924000.0
1961-05-30,17963000.0
1961-05-31,17987000.0
1961-06-01,18022000.0
1961-06-02,18063000.0
1961-06-03,18117000.0
1961-06-04,18173000.0
1961-06-05,18218000.0
1961-06-06,18267000.0
1961-06-07,18315000.0
1961-06-08,18358000.0
1961-06-09,18397000.0
1961-06-10,18435000.0
1961-06-11,18478000.0
1961-06-12,18505000.0
1961-06-13,18532000.0
1961-06-14,18549000.0
1961-06-15,18571000.0
1961-06-16,18592000.0
1961-06-17,18626000.0
1961-06-18,18667000.0
1961-06-19,18689000.0
1961-06-20,18711000.0
1961-06-21,18721000.0
1961-06-22,18735000.0
1961-06-23,18747000.0
1961-06-24,18763000.0
1961-06-25,18788000.0
1961-06-26,18790000.0
1961-06-27,18793000.0
1961-06-28,18793000.0
1961-06-29,18813000.0
1961-06-30,18810000.0
1961-07-01,18817000.0
1961-07-02,18828000.0
1961-07-03,18837000.0
1961-07-04,18846000.0
1961-07-05,18841000.0
1961-07-06,18830000.0
1961-07-07,18817000.0
1961-07-08,18813000.0
1961-07-09,18813000.0
1961-07-10,18793000.0
1961-07-11,18775000.0
1961-07-12,18755000.0
1961-07-13,18733000.0
1961-07-14,18717000.0
1961-07-15,18707000.0
1961-07-16,18703000.0
1961-07-17,18681000.0
1961-07-18,18663000.0
1961-07-19,18638000.0
1961-07-20,18615000.0
1961-07-21,18593000.0
1961-07-22,18580000.0
1961-07-23,18577000.0
1961-07-24,18553000.0
1961-07-25,18529000.0
1961-07-26,18501000.0
1961-07-27,18469000.0
1961-07-28,18436000.0
1961-07-29,18417000.0
1961-07-30,18404000.0
1961-07-31,18380000.0
1961-08-01,18358000.0
1961-08-02,18337000.0
1961-08-03,18317000.0
1961-08-04,18294000.0
1961-08-05,18280000.0
1961-08-06,18277000.0
1961-08-07,18256000.0
1961-08-08,18239000.0
1961-08-09,18224000.0
1961-08-10,18211000.0
1961-08-11,18204000.0
1961-08-12,18200000.0
1961-08-13,18202000.0
1961-08-14,18189000.0
1961-08-15,18165000.0
1961-08-16,18145000.0
1961-08-17,18127000.0
1961-08-18,18107000.0
1961-08-19,18093000.0
1961-08-20,18089000.0
1961-08-21,18062000.0
1961-08-22,18045000.0
1961-08-23,18043000.0
1961-08-24,18028000.0
1961-08-25,18022000.0
1961-08-26,18016000.0
1961-08-27,18015000.0
1961-08-28,17999000.0
1961-08-29,17989000.0
1961-08-30,17971000.0
1961-08-31,17961000.0
1961-09-01,17953000.0
1961-09-02,17949000.0
1961-09-03,17951000.0
1961-09-04,17954000.0
1961-09-05,17940000.0
1961-09-06,17923000.0
1961-09-07,17903000.0
1961-09-08,17883000.0
1961-09-09,17871000.0
1961-09-10,17869000.0
1961-09-11,17872000.0
1961-09-12,17888000.0
1961-09-13,17908000.0
1961-09-14,17929000.0
1961-09-15,17942000.0
1961-09-16,17947000.0
1961-09-17,17956000.0
1961-09-18,17955000.0
1961-09-19,17951000.0
1961-09-20,17945000.0
1961-09-21,17937000.0
1961-09-22,17930000.0
1961-09-23,17938000.0
1961-09-24,17958000.0
1961-09-25,17954000.0
1961-09-26,17947000.0
1961-09-27,17935000.0
1961-09-28,17923000.0
1961-09-29,17924000.0
1961-09-30,17928000.0
1961-10-01,17941000.0
1961-10-02,17943000.0
1961-10-03,17935000.0
1961-10-04,17936000.0
1961-10-05,17937000.0
1961-10-06,17938000.0
1961-10-07,17937000.0
1961-10-08,17947000.0
1961-10-09,17954000.0
1961-10-10,17950000.0
1961-10-11,17949000.0
1961-10-12,17953000.0
1961-10-13,17966000.0
1961-10-14,17974000.0
1961-10-15,17995000.0
1961-10-16,18004000.0
1961-10-17,18016000.0
1961-10-18,18026000.0
1961-10-19,18032000.0
1961-10-20,18039000.0
1961-10-21,18047000.0
1961-10-22,18059000.0
1961-10-23,18065000.0
1961-10-24,18075000.0
1961-10-25,18073000.0
1961-10-26,18074000.0
1961-10-27,18073000.0
1961-10-28,18078000.0
1961-10-29,18086000.0
1961-10-30,18080000.0
1961-10-31,18086000.0
1961-11-01,18087000.0
1961-11-02,18094000.0
1961-11-03,18101000.0
1961-11-04,18112000.0
1961-11-05,18121000.0
1961-11-06,18124000.0
1961-11-07,18124000.0
1961-11-08,18122000.0
1961-11-09,18125000.0
1961-11-10,18126000.0
1961-11-11,18131000.0
1961-11-12,18139000.0
1961-11-13,18128000.0
1961-11-14,18124000.0
1961-11-15,18120000.0
1961-11-16,18107000.0
1961-11-17,18106000.0
1961-11-18,18100000.0
1961-11-19,18106000.0
1961-11-20,18091000.0
1961-11-21,18091000.0
1961-11-22,18087000.0
1961-11-23,18092000.0
1961-11-24,18091000.0
1961-11-25,18087000.0
1961-11-26,18099000.0
1961-11-27,18096000.0
1961-11-28,18099000.0
1961-11-29,18094000.0
1961-11-30,18094000.0
1961-12-01,18095000.0
1961-12-02,18095000.0
1961-12-03,18106000.0
1961-12-04,18109000.0
1961-12-05,18109000.0
1961-12-06,18105000.0
1961-12-07,18100000.0
1961-12-08,18096000.0
1961-12-09,18092000.0
1961-12-10,18095000.0
1961-12-11,18091000.0
1961-12-12,18081000.0
1961-12-13,18078000.0
1961-12-14,18073000.0
1961-12-15,18071000.0
1961-12-16,18071000.0
1961-12-17,18073000.0
1961-12-18,18066000.0
1961-12-19,18054000.0
1961-12-20,18052000.0
1961-12-21,18038000.0
1961-12-22,18030000.0
1961-12-23,18029000.0
1961-12-24,18032000.0
1961-12-25,18035000.0
1961-12-26,18029000.0
1961-12-27,18026000.0
1961-12-28,18022000.0
1961-12-29,18019000.0
1961-12-30,18022000.0
1961-12-31,18023000.0
1962-01-01,18029000.0
1962-01-02,18029000.0
1962-01-03,18029000.0
1962-01-04,18025000.0
1962-01-05,18023000.0
1962-01-06,18023000.0
1962-01-07,18027000.0
1962-01-08,18021000.0
1962-01-09,18020000.0
1962-01-10,18010000.0
1962-01-11,17994000.0
1962-01-12,17976000.0
1962-01-13,17978000.0
1962-01-14,17983000.0
1962-01-15,17971000.0
1962-01-16,17964000.0
1962-01-17,17954000.0
1962-01-18,17950000.0
1962-01-19,17942000.0
1962-01-20,17937000.0
1962-01-21,17941000.0
1962-01-22,17930000.0
1962-01-23,17920000.0
1962-01-24,17912000.0
1962-01-25,17908000.0
1962-01-26,17901000.0
1962-01-27,17903000.0
1962-01-28,17908000.0
1962-01-29,17906000.0
1962-01-30,17905000.0
1962-01-31,17901000.0
1962-02-01,17899000.0
1962-02-02,17896000.0
1962-02-03,17895000.0
1962-02-04,17901000.0
1962-02-05,17889000.0
1962-02-06,17878000.0
1962-02-07,17867000.0
1962-02-08,17859000.0
1962-02-09,17851000.0
1962-02-10,17855000.0
1962-02-11,17866000.0
1962-02-12,17878000.0
1962-02-13,17890000.0
1962-02-14,17907000.0
1962-02-15,17915000.0
1962-02-16,17937000.0
1962-02-17,17962000.0
1962-02-18,18013000.0
1962-02-19,18055000.0
1962-02-20,18106000.0
1962-02-21,18141000.0
1962-02-22,18176000.0
1962-02-23,18200000.0
1962-02-24,18224000.0
1962-02-25,18237000.0
1962-02-26,18252000.0
1962-02-27,18249000.0
1962-02-28,18249000.0
1962-03-01,18242000.0
1962-03-02,18237000.0
1962-03-03,18242000.0
1962-03-04,18244000.0
1962-03-05,18239000.0
1962-03-06,18231000.0
1962-03-07,18223000.0
1962-03-08,18212000.0
1962-03-09,18187000.0
1962-03-10,18184000.0
1962-03-11,18176000.0
1962-03-12,18164000.0
1962-03-13,18145000.0
1962-03-14,18130000.0
1962-03-15,18122000.0
1962-03-16,18119000.0
1962-03-17,18121000.0
1962-03-18,18125000.0
1962-03-19,18120000.0
1962-03-20,18113000.0
1962-03-21,18098000.0
1962-03-22,18084000.0
1962-03-23,18068000.0
1962-03-24,18067000.0
1962-03-25,18069000.0
1962-03-26,18061000.0
1962-03-27,18049000.0
1962-03-28,18047000.0
1962-03-29,18047000.0
1962-03-30,18040000.0
1962-03-31,18041000.0
1962-04-01,18048000.0
1962-04-02,18072000.0
1962-04-03,18107000.0
1962-04-04,18141000.0
1962-04-05,18171000.0
1962-04-06,18187000.0
1962-04-07,18215000.0
1962-04-08,18242000.0
1962-04-09,18264000.0
1962-04-10,18291000.0
1962-04-11,18321000.0
1962-04-12,18334000.0
1962-04-13,18360000.0
1962-04-14,18391000.0
1962-04-15,18428000.0
1962-04-16,18451000.0
1962-04-17,18464000.0
1962-04-18,18479000.0
1962-04-19,18496000.0
1962-04-20,18543000.0
1962-04-21,18602000.0
1962-04-22,18677000.0
1962-04-23,18745000.0
1962-04-24,18817000.0
1962-04-25,18899000.0
1962-04-26,18988000.0
1962-04-27,19076000.0
1962-04-28,19164000.0
1962-04-29,19267000.0
1962-04-30,19357000.0
1962-05-01,19449000.0
1962-05-02,19542000.0
1962-05-03,19637000.0
1962-05-04,19731000.0
1962-05-05,19826000.0
1962-05-06,19922000.0
1962-05-07,19999000.0
1962-05-08,20065000.0
1962-05-09,20135000.0
1962-05-10,20200000.0
1962-05-11,20282000.0
1962-05-12,20375000.0
1962-05-13,20484000.0
1962-05-14,20590000.0
1962-05-15,20700000.0
1962-05-16,20820000.0
1962-05-17,20943000.0
1962-05-18,21065000.0
1962-05-19,21186000.0
1962-05-20,21310000.0
1962-05-21,21407000.0
1962-05-22,21488000.0
1962-05-23,21550000.0
1962-05-24,21609000.0
1962-05-25,21655000.0
1962-05-26,21706000.0
1962-05-27,21762000.0
1962-05-28,21801000.0
1962-05-29,21837000.0
1962-05-30,21892000.0
1962-05-31,21920000.0
1962-06-01,21964000.0
1962-06-02,22012000.0
1962-06-03,22062000.0
1962-06-04,22106000.0
1962-06-05,22143000.0
1962-06-06,22177000.0
1962-06-07,22219000.0
1962-06-08,22259000.0
1962-06-09,22313000.0
1962-06-10,22375000.0
1962-06-11,22433000.0
1962-06-12,22489000.0
1962-06-13,22544000.0
1962-06-14,22549000.0
1962-06-15,22647000.0
1962-06-16,22731000.0
1962-06-17,22808000.0
1962-06-18,22880000.0
1962-06-19,22973000.0
1962-06-20,23043000.0
1962-06-21,23110000.0
1962-06-22,23176000.0
1962-06-23,23242000.0
1962-06-24,23307000.0
1962-06-25,23371000.0
1962-06-26,23437000.0
1962-06-27,23497000.0
1962-06-28,23563000.0
1962-06-29,23628000.0
1962-06-30,23696000.0
1962-07-01,23772000.0
1962-07-02,23838000.0
1962-07-03,23901000.0
1962-07-04,23980000.0
1962-07-05,24046000.0
1962-07-06,24111000.0
1962-07-07,24175000.0
1962-07-08,24242000.0
1962-07-09,24292000.0
1962-07-10,24338000.0
1962-07-11,24377000.0
1962-07-12,24413000.0
1962-07-13,24441000.0
1962-07-14,24472000.0
1962-07-15,24502000.0
1962-07-16,24520000.0
1962-07-17,24532000.0
1962-07-18,24539000.0
1962-07-19,24544000.0
1962-07-20,24548000.0
1962-07-21,24566000.0
1962-07-22,24575000.0
1962-07-23,24578000.0
1962-07-24,24573000.0
1962-07-25,24569000.0
1962-07-26,24569000.0
1962-07-27,24561000.0
1962-07-28,24561000.0
1962-07-29,24569000.0
1962-07-30,24560000.0
1962-07-31,24548000.0
1962-08-01,24538000.0
1962-08-02,24529000.0
1962-08-03,24519000.0
1962-08-04,24510000.0
1962-08-05,24502000.0
1962-08-06,24489000.0
1962-08-07,24473000.0
1962-08-08,24458000.0
1962-08-09,24438000.0
1962-08-10,24426000.0
1962-08-11,24416000.0
1962-08-12,24410000.0
1962-08-13,24395000.0
1962-08-14,24380000.0
1962-08-15,24366000.0
1962-08-16,24354000.0
1962-08-17,24336000.0
1962-08-18,24320000.0
1962-08-19,24322000.0
1962-08-20,24304000.0
1962-08-21,24286000.0
1962-08-22,24263000.0
1962-08-23,24244000.0
1962-08-24,24223000.0
1962-08-25,24209000.0
1962-08-26,24199000.0
1962-08-27,24180000.0
1962-08-28,24158000.0
1962-08-29,24133000.0
1962-08-30,24114000.0
1962-08-31,24089000.0
1962-09-01,24070000.0
1962-09-02,24063000.0
1962-09-03,24054000.0
1962-09-04,24027000.0
1962-09-05,24006000.0
1962-09-06,23982000.0
1962-09-07,23957000.0
1962-09-08,23948000.0
1962-09-09,23933000.0
1962-09-10,23909000.0
1962-09-11,23885000.0
1962-09-12,23864000.0
1962-09-13,23843000.0
1962-09-14,23819000.0
1962-09-15,23806000.0
1962-09-16,23804000.0
1962-09-17,23783000.0
1962-09-18,23766000.0
1962-09-19,23746000.0
1962-09-20,23722000.0
1962-09-21,23703000.0
1962-09-22,23690000.0
1962-09-23,23693000.0
1962-09-24,23673000.0
1962-09-25,23660000.0
1962-09-26,23644000.0
1962-09-27,23638000.0
1962-09-28,23622000.0
1962-09-29,23622000.0
1962-09-30,23624000.0
1962-10-01,23616000.0
1962-10-02,23616000.0
1962-10-03,23612000.0
1962-10-04,23611000.0
1962-10-05,23606000.0
1962-10-06,23606000.0
1962-10-07,23612000.0
1962-10-08,23603000.0
1962-10-09,23593000.0
1962-10-10,23579000.0
1962-10-11,23562000.0
1962-10-12,23553000.0
1962-10-13,23546000.0
1962-10-14,23549000.0
1962-10-15,23539000.0
1962-10-16,23524000.0
1962-10-17,23514000.0
1962-10-18,23499000.0
1962-10-19,23487000.0
1962-10-20,23487000.0
1962-10-21,23494000.0
1962-10-22,23497000.0
1962-10-23,23507000.0
1962-10-24,23509000.0
1962-10-25,23507000.0
1962-10-26,23499000.0
1962-10-27,23500000.0
1962-10-28,23507000.0
1962-10-29,23499000.0
1962-10-30,23491000.0
1962-10-31,23487000.0
1962-11-01,23484000.0
1962-11-02,23480000.0
1962-11-03,23479000.0
1962-11-04,23483000.0
1962-11-05,23477000.0
1962-11-06,23469000.0
1962-11-07,23456000.0
1962-11-08,23446000.0
1962-11-09,23436000.0
1962-11-10,23430000.0
1962-11-11,23431000.0
1962-11-12,23423000.0
1962-11-13,23417000.0
1962-11-14,23406000.0
1962-11-15,23394000.0
1962-11-16,23380000.0
1962-11-17,23370000.0
1962-11-18,23367000.0
1962-11-19,23354000.0
1962-11-20,23344000.0
1962-11-21,23333000.0
1962-11-22,23342000.0
1962-11-23,23336000.0
1962-11-24,23333000.0
1962-11-25,23339000.0
1962-11-26,23329000.0
1962-11-27,23322000.0
1962-11-28,23307000.0
1962-11-29,23271000.0
1962-11-30,23258000.0
1962-12-01,23254000.0
1962-12-02,23255000.0
1962-12-03,23251000.0
1962-12-04,23239000.0
1962-12-05,23227000.0
1962-12-06,23215000.0
1962-12-07,23203000.0
1962-12-08,23196000.0
1962-12-09,23194000.0
1962-12-10,23186000.0
1962-12-11,23172000.0
1962-12-12,23160000.0
1962-12-13,23148000.0
1962-12-14,23136000.0
1962-12-15,23129000.0
1962-12-16,23128000.0
1962-12-17,23115000.0
1962-12-18,23110000.0
1962-12-19,23100000.0
1962-12-20,23088000.0
1962-12-21,23074000.0
1962-12-22,23066000.0
1962-12-23,23063000.0
1962-12-24,23060000.0
1962-12-25,23053000.0
1962-12-26,23036000.0
1962-12-27,23018000.0
1962-12-28,23001000.0
1962-12-29,22993000.0
1962-12-30,22991000.0
1962-12-31,22990000.0
1963-01-01,22990000.0
1963-01-02,22980000.0
1963-01-03,22973000.0
1963-01-04,22967000.0
1963-01-05,22960000.0
1963-01-06,22962000.0
1963-01-07,22953000.0
1963-01-08,22946000.0
1963-01-09,22936000.0
1963-01-10,22932000.0
1963-01-11,22925000.0
1963-01-12,22908000.0
1963-01-13,22901000.0
1963-01-14,22891000.0
1963-01-15,22881000.0
1963-01-16,22876000.0
1963-01-17,22861000.0
1963-01-18,22845000.0
1963-01-19,22828000.0
1963-01-20,22821000.0
1963-01-21,22808000.0
1963-01-22,22793000.0
1963-01-23,22786000.0
1963-01-24,22772000.0
1963-01-25,22759000.0
1963-01-26,22746000.0
1963-01-27,22741000.0
1963-01-28,22725000.0
1963-01-29,22710000.0
1963-01-30,22693000.0
1963-01-31,22676000.0
1963-02-01,22675000.0
1963-02-02,22671000.0
1963-02-03,22672000.0
1963-02-04,22664000.0
1963-02-05,22653000.0
1963-02-06,22644000.0
1963-02-07,22633000.0
1963-02-08,22621000.0
1963-02-09,22610000.0
1963-02-10,22615000.0
1963-02-11,22612000.0
1963-02-12,22603000.0
1963-02-13,22594000.0
1963-02-14,22587000.0
1963-02-15,22576000.0
1963-02-16,22569000.0
1963-02-17,22572000.0
1963-02-18,22565000.0
1963-02-19,22556000.0
1963-02-20,22549000.0
1963-02-21,22537000.0
1963-02-22,22533000.0
1963-02-23,22528000.0
1963-02-24,22533000.0
1963-02-25,22522000.0
1963-02-26,22515000.0
1963-02-27,22504000.0
1963-02-28,22496000.0
1963-03-01,22488000.0
1963-03-02,22480000.0
1963-03-03,22471000.0
1963-03-04,22453000.0
1963-03-05,22433000.0
1963-03-06,22413000.0
1963-03-07,22397000.0
1963-03-08,22380000.0
1963-03-09,22359000.0
1963-03-10,22350000.0
1963-03-11,22333000.0
1963-03-12,22313000.0
1963-03-13,22289000.0
1963-03-14,22256000.0
1963-03-15,22235000.0
1963-03-16,22216000.0
1963-03-17,22209000.0
1963-03-18,22177000.0
1963-03-19,22151000.0
1963-03-20,22124000.0
1963-03-21,22099000.0
1963-03-22,22072000.0
1963-03-23,22046000.0
1963-03-24,22037000.0
1963-03-25,22005000.0
1963-03-26,21977000.0
1963-03-27,21945000.0
1963-03-28,21918000.0
1963-03-29,21892000.0
1963-03-30,21876000.0
1963-03-31,21864000.0
1963-04-01,21839000.0
1963-04-02,21803000.0
1963-04-03,21779000.0
1963-04-04,21754000.0
1963-04-05,21728000.0
1963-04-06,21702000.0
1963-04-07,21686000.0
1963-04-08,21658000.0
1963-04-09,21621000.0
1963-04-10,21590000.0
1963-04-11,21558000.0
1963-04-12,21528000.0
1963-04-13,21503000.0
1963-04-14,21483000.0
1963-04-15,21452000.0
1963-04-16,21416000.0
1963-04-17,21380000.0
1963-04-18,21347000.0
1963-04-19,21316000.0
1963-04-20,21291000.0
1963-04-21,21275000.0
1963-04-22,21250000.0
1963-04-23,21223000.0
1963-04-24,21195000.0
1963-04-25,21166000.0
1963-04-26,21138000.0
1963-04-27,21124000.0
1963-04-28,21111000.0
1963-04-29,21083000.0
1963-04-30,21054000.0
1963-05-01,21030000.0
1963-05-02,21000000.0
1963-05-03,20972000.0
1963-05-04,20955000.0
1963-05-05,20942000.0
1963-05-06,20915000.0
1963-05-07,20888000.0
1963-05-08,20863000.0
1963-05-09,20838000.0
1963-05-10,20805000.0
1963-05-11,20786000.0
1963-05-12,20773000.0
1963-05-13,20773000.0
1963-05-14,20708000.0
1963-05-15,20679000.0
1963-05-16,20642000.0
1963-05-17,20609000.0
1963-05-18,20577000.0
1963-05-19,20555000.0
1963-05-20,20520000.0
1963-05-21,20488000.0
1963-05-22,20451000.0
1963-05-23,20416000.0
1963-05-24,20386000.0
1963-05-25,20362000.0
1963-05-26,20346000.0
1963-05-27,20314000.0
1963-05-28,20282000.0
1963-05-29,20250000.0
1963-05-30,20232000.0
1963-05-31,20197000.0
1963-06-01,20170000.0
1963-06-02,20159000.0
1963-06-03,20126000.0
1963-06-04,20112000.0
1963-06-05,20093000.0
1963-06-06,20058000.0
1963-06-07,20034000.0
1963-06-08,20020000.0
1963-06-09,20009000.0
1963-06-10,19985000.0
1963-06-11,19968000.0
1963-06-12,19948000.0
1963-06-13,19928000.0
1963-06-14,19901000.0
1963-06-15,19884000.0
1963-06-16,19870000.0
1963-06-17,19860000.0
1963-06-18,19831000.0
1963-06-19,19808000.0
1963-06-20,19780000.0
1963-06-21,19754000.0
1963-06-22,19731000.0
1963-06-23,19714000.0
1963-06-24,19693000.0
1963-06-25,19668000.0
1963-06-26,19640000.0
1963-06-27,19610000.0
1963-06-28,19576000.0
1963-06-29,19551000.0
1963-06-30,19538000.0
1963-07-01,19512000.0
1963-07-02,19488000.0
1963-07-03,19465000.0
1963-07-04,19452000.0
1963-07-05,19427000.0
1963-07-06,19405000.0
1963-07-07,19392000.0
1963-07-08,19363000.0
1963-07-09,19337000.0
1963-07-10,19304000.0
1963-07-11,19271000.0
1963-07-12,19244000.0
1963-07-13,19222000.0
1963-07-14,19207000.0
1963-07-15,19176000.0
1963-07-16,19142000.0
1963-07-17,19109000.0
1963-07-18,19077000.0
1963-07-19,19043000.0
1963-07-20,19020000.0
1963-07-21,19002000.0
1963-07-22,18972000.0
1963-07-23,18938000.0
1963-07-24,18904000.0
1963-07-25,18873000.0
1963-07-26,18836000.0
1963-07-27,18813000.0
1963-07-28,18793000.0
1963-07-29,18761000.0
1963-07-30,18731000.0
1963-07-31,18699000.0
1963-08-01,18671000.0
1963-08-02,18646000.0
1963-08-03,18623000.0
1963-08-04,18613000.0
1963-08-05,18586000.0
1963-08-06,18562000.0
1963-08-07,18539000.0
1963-08-08,18514000.0
1963-08-09,18488000.0
1963-08-10,18469000.0
1963-08-11,18457000.0
1963-08-12,18435000.0
1963-08-13,18404000.0
1963-08-14,18373000.0
1963-08-15,18340000.0
1963-08-16,18310000.0
1963-08-17,18285000.0
1963-08-18,18269000.0
1963-08-19,18237000.0
1963-08-20,18209000.0
1963-08-21,18178000.0
1963-08-22,18150000.0
1963-08-23,18124000.0
1963-08-24,18102000.0
1963-08-25,18093000.0
1963-08-26,18065000.0
1963-08-27,18039000.0
1963-08-28,18014000.0
1963-08-29,17988000.0
1963-08-30,17955000.0
1963-08-31,17937000.0
1963-09-01,17935000.0
1963-09-02,17930000.0
1963-09-03,17909000.0
1963-09-04,17900000.0
1963-09-05,17881000.0
1963-09-06,17860000.0
1963-09-07,17845000.0
1963-09-08,17840000.0
1963-09-09,17823000.0
1963-09-10,17798000.0
1963-09-11,17770000.0
1963-09-12,17736000.0
1963-09-13,17712000.0
1963-09-14,17694000.0
1963-09-15,17687000.0
1963-09-16,17664000.0
1963-09-17,17635000.0
1963-09-18,17623000.0
1963-09-19,17599000.0
1963-09-20,17579000.0
1963-09-21,17567000.0
1963-09-22,17561000.0
1963-09-23,17539000.0
1963-09-24,17512000.0
1963-09-25,17486000.0
1963-09-26,17455000.0
1963-09-27,17426000.0
1963-09-28,17408000.0
1963-09-29,17397000.0
1963-09-30,17371000.0
1963-10-01,17354000.0
1963-10-02,17337000.0
1963-10-03,17320000.0
1963-10-04,17304000.0
1963-10-05,17289000.0
1963-10-06,17286000.0
1963-10-07,17268000.0
1963-10-08,17248000.0
1963-10-09,17227000.0
1963-10-10,17211000.0
1963-10-11,17189000.0
1963-10-12,17179000.0
1963-10-13,17173000.0
1963-10-14,17156000.0
1963-10-15,17136000.0
1963-10-16,17118000.0
1963-10-17,17090000.0
1963-10-18,17080000.0
1963-10-19,17071000.0
1963-10-20,17067000.0
1963-10-21,17052000.0
1963-10-22,17034000.0
1963-10-23,17020000.0
1963-10-24,17006000.0
1963-10-25,16991000.0
1963-10-26,16979000.0
1963-10-27,16977000.0
1963-10-28,16959000.0
1963-10-29,16945000.0
1963-10-30,16927000.0
1963-10-31,16910000.0
1963-11-01,16893000.0
1963-11-02,16879000.0
1963-11-03,16870000.0
1963-11-04,16858000.0
1963-11-05,16841000.0
1963-11-06,16817000.0
1963-11-07,16813000.0
1963-11-08,16801000.0
1963-11-09,16792000.0
1963-11-10,16790000.0
1963-11-11,16782000.0
1963-11-12,16771000.0
1963-11-13,16753000.0
1963-11-14,16740000.0
1963-11-15,16724000.0
1963-11-16,16717000.0
1963-11-17,16706000.0
1963-11-18,16693000.0
1963-11-19,16678000.0
1963-11-20,16660000.0
1963-11-21,16645000.0
1963-11-22,16632000.0
1963-11-23,16620000.0
1963-11-24,16612000.0
1963-11-25,16595000.0
1963-11-26,16577000.0
1963-11-27,16561000.0
1963-11-28,16553000.0
1963-11-29,16535000.0
1963-11-30,16518000.0
1963-12-01,16515000.0
1963-12-02,16498000.0
1963-12-03,16480000.0
1963-12-04,16463000.0
1963-12-05,16448000.0
1963-12-06,16434000.0
1963-12-07,16424000.0
1963-12-08,16415000.0
1963-12-09,16395000.0
1963-12-10,16387000.0
1963-12-11,16367000.0
1963-12-12,16350000.0
1963-12-13,16337000.0
1963-12-14,16325000.0
1963-12-15,16315000.0
1963-12-16,16298000.0
1963-12-17,16277000.0
1963-12-18,16259000.0
1963-12-19,16243000.0
1963-12-20,16220000.0
1963-12-21,16204000.0
1963-12-22,16190000.0
1963-12-23,16166000.0
1963-12-24,16153000.0
1963-12-25,16143000.0
1963-12-26,16123000.0
1963-12-27,16094000.0
1963-12-28,16075000.0
1963-12-29,16064000.0
1963-12-30,16038000.0
1963-12-31,16012000.0
1964-01-01,16007000.0
1964-01-02,15996000.0
1964-01-03,15974000.0
1964-01-04,15955000.0
1964-01-05,15948000.0
1964-01-06,15932000.0
1964-01-07,15912000.0
1964-01-08,15889000.0
1964-01-09,15866000.0
1964-01-10,15837000.0
1964-01-11,15814000.0
1964-01-12,15801000.0
1964-01-13,15770000.0
1964-01-14,15745000.0
1964-01-15,15718000.0
1964-01-16,15692000.0
1964-01-17,15665000.0
1964-01-18,15646000.0
1964-01-19,15643000.0
1964-01-20,15612000.0
1964-01-21,15595000.0
1964-01-22,15579000.0
1964-01-23,15556000.0
1964-01-24,15547000.0
1964-01-25,15525000.0
1964-01-26,15520000.0
1964-01-27,15508000.0
1964-01-28,15491000.0
1964-01-29,15476000.0
1964-01-30,15463000.0
1964-01-31,15448000.0
1964-02-01,15437000.0
1964-02-02,15432000.0
1964-02-03,15418000.0
1964-02-04,15406000.0
1964-02-05,15398000.0
1964-02-06,15383000.0
1964-02-07,15373000.0
1964-02-08,15366000.0
1964-02-09,15367000.0
1964-02-10,15362000.0
1964-02-11,15347000.0
1964-02-12,15334000.0
1964-02-13,15318000.0
1964-02-14,15298000.0
1964-02-15,15282000.0
1964-02-16,15271000.0
1964-02-17,15251000.0
1964-02-18,15236000.0
1964-02-19,15222000.0
1964-02-20,15204000.0
1964-02-21,15187000.0
1964-02-22,15185000.0
1964-02-23,15179000.0
1964-02-24,15161000.0
1964-02-25,15148000.0
1964-02-26,15130000.0
1964-02-27,15115000.0
1964-02-28,15098000.0
1964-02-29,15090000.0
1964-03-01,15088000.0
1964-03-02,15080000.0
1964-03-03,15059000.0
1964-03-04,15042000.0
1964-03-05,15027000.0
1964-03-06,15002000.0
1964-03-07,14984000.0
1964-03-08,14975000.0
1964-03-09,14954000.0
1964-03-10,14930000.0
1964-03-11,14911000.0
1964-03-12,14887000.0
1964-03-13,14868000.0
1964-03-14,14851000.0
1964-03-15,14846000.0
1964-03-16,14824000.0
1964-03-17,14802000.0
1964-03-18,14782000.0
1964-03-19,14763000.0
1964-03-20,14739000.0
1964-03-21,14715000.0
1964-03-22,14714000.0
1964-03-23,14693000.0
1964-03-24,14665000.0
1964-03-25,14642000.0
1964-03-26,14620000.0
1964-03-27,14601000.0
1964-03-28,14587000.0
1964-03-29,14594000.0
1964-03-30,14604000.0
1964-03-31,14609000.0
1964-04-01,14615000.0
1964-04-02,14616000.0
1964-04-03,14614000.0
1964-04-04,14617000.0
1964-04-05,14629000.0
1964-04-06,14622000.0
1964-04-07,14608000.0
1964-04-08,14598000.0
1964-04-09,14587000.0
1964-04-10,14579000.0
1964-04-11,14579000.0
1964-04-12,14588000.0
1964-04-13,14585000.0
1964-04-14,14582000.0
1964-04-15,14585000.0
1964-04-16,14594000.0
1964-04-17,14597000.0
1964-04-18,14611000.0
1964-04-19,14624000.0
1964-04-20,14619000.0
1964-04-21,14609000.0
1964-04-22,14597000.0
1964-04-23,14579000.0
1964-04-24,14570000.0
1964-04-25,14564000.0
1964-04-26,14572000.0
1964-04-27,14563000.0
1964-04-28,14554000.0
1964-04-29,14552000.0
1964-04-30,14564000.0
1964-05-01,14569000.0
1964-05-02,14594000.0
1964-05-03,14621000.0
1964-05-04,14615000.0
1964-05-05,14609000.0
1964-05-06,14601000.0
1964-05-07,14600000.0
1964-05-08,14601000.0
1964-05-09,14609000.0
1964-05-10,14624000.0
1964-05-11,14620000.0
1964-05-12,14611000.0
1964-05-13,14602000.0
1964-05-14,14581000.0
1964-05-15,14553000.0
1964-05-16,14532000.0
1964-05-17,14525000.0
1964-05-18,14494000.0
1964-05-19,14459000.0
1964-05-20,14423000.0
1964-05-21,14392000.0
1964-05-22,14353000.0
1964-05-23,14336000.0
1964-05-24,14327000.0
1964-05-25,14298000.0
1964-05-26,14262000.0
1964-05-27,14230000.0
1964-05-28,14199000.0
1964-05-29,14171000.0
1964-05-30,14156000.0
1964-05-31,14140000.0
1964-06-01,14109000.0
1964-06-02,14079000.0
1964-06-03,14050000.0
1964-06-04,14025000.0
1964-06-05,13999000.0
1964-06-06,13981000.0
1964-06-07,13964000.0
1964-06-08,13949000.0
1964-06-09,13924000.0
1964-06-10,13901000.0
1964-06-11,13878000.0
1964-06-12,13857000.0
1964-06-13,13836000.0
1964-06-14,13828000.0
1964-06-15,13797000.0
1964-06-16,13769000.0
1964-06-17,13749000.0
1964-06-18,13725000.0
1964-06-19,13696000.0
1964-06-20,13678000.0
1964-06-21,13669000.0
1964-06-22,13643000.0
1964-06-23,13612000.0
1964-06-24,13586000.0
1964-06-25,13556000.0
1964-06-26,13523000.0
1964-06-27,13513000.0
1964-06-28,13498000.0
1964-06-29,13472000.0
1964-06-30,13446000.0
1964-07-01,13419000.0
1964-07-02,13385000.0
1964-07-03,13356000.0
1964-07-04,13343000.0
1964-07-05,13328000.0
1964-07-06,13298000.0
1964-07-07,13265000.0
1964-07-08,13232000.0
1964-07-09,13204000.0
1964-07-10,13167000.0
1964-07-11,13143000.0
1964-07-12,13128000.0
1964-07-13,13094000.0
1964-07-14,13058000.0
1964-07-15,13029000.0
1964-07-16,12998000.0
1964-07-17,12967000.0
1964-07-18,12942000.0
1964-07-19,12929000.0
1964-07-20,12897000.0
1964-07-21,12859000.0
1964-07-22,12826000.0
1964-07-23,12794000.0
1964-07-24,12764000.0
1964-07-25,12748000.0
1964-07-26,12737000.0
1964-07-27,12711000.0
1964-07-28,12685000.0
1964-07-29,12657000.0
1964-07-30,12626000.0
1964-07-31,12599000.0
1964-08-01,12578000.0
1964-08-02,12576000.0
1964-08-03,12560000.0
1964-08-04,12536000.0
1964-08-05,12521000.0
1964-08-06,12506000.0
1964-08-07,12486000.0
1964-08-08,12476000.0
1964-08-09,12472000.0
1964-08-10,12453000.0
1964-08-11,12425000.0
1964-08-12,12404000.0
1964-08-13,12379000.0
1964-08-14,12353000.0
1964-08-15,12342000.0
1964-08-16,12339000.0
1964-08-17,12323000.0
1964-08-18,12304000.0
1964-08-19,12290000.0
1964-08-20,12269000.0
1964-08-21,12253000.0
1964-08-22,12239000.0
1964-08-23,12236000.0
1964-08-24,12215000.0
1964-08-25,12193000.0
1964-08-26,12173000.0
1964-08-27,12157000.0
1964-08-28,12138000.0
1964-08-29,12122000.0
1964-08-30,12120000.0
1964-08-31,12098000.0
1964-09-01,12077000.0
1964-09-02,12056000.0
1964-09-03,12035000.0
1964-09-04,12009000.0
1964-09-05,11992000.0
1964-09-06,11986000.0
1964-09-07,11978000.0
1964-09-08,11958000.0
1964-09-09,11938000.0
1964-09-10,11919000.0
1964-09-11,11907000.0
1964-09-12,11896000.0
1964-09-13,11895000.0
1964-09-14,11883000.0
1964-09-15,11874000.0
1964-09-16,11863000.0
1964-09-17,11846000.0
1964-09-18,11831000.0
1964-09-19,11823000.0
1964-09-20,11813000.0
1964-09-21,11796000.0
1964-09-22,11777000.0
1964-09-23,11753000.0
1964-09-24,11730000.0
1964-09-25,11713000.0
1964-09-26,11695000.0
1964-09-27,11691000.0
1964-09-28,11666000.0
1964-09-29,11644000.0
1964-09-30,11623000.0
1964-10-01,11610000.0
1964-10-02,11595000.0
1964-10-03,11593000.0
1964-10-04,11598000.0
1964-10-05,11584000.0
1964-10-06,11571000.0
1964-10-07,11558000.0
1964-10-08,11539000.0
1964-10-09,11527000.0
1964-10-10,11520000.0
1964-10-11,11521000.0
1964-10-12,11504000.0
1964-10-13,11490000.0
1964-10-14,11474000.0
1964-10-15,11463000.0
1964-10-16,11450000.0
1964-10-17,11440000.0
1964-10-18,11442000.0
1964-10-19,11426000.0
1964-10-20,11409000.0
1964-10-21,11391000.0
1964-10-22,11381000.0
1964-10-23,11370000.0
1964-10-24,11361000.0
1964-10-25,11365000.0
1964-10-26,11354000.0
1964-10-27,11347000.0
1964-10-28,11339000.0
1964-10-29,11328000.0
1964-10-30,11320000.0
1964-10-31,11315000.0
1964-11-01,11311000.0
1964-11-02,11306000.0
1964-11-03,11300000.0
1964-11-04,11291000.0
1964-11-05,11283000.0
1964-11-06,11276000.0
1964-11-07,11275000.0
1964-11-08,11279000.0
1964-11-09,11271000.0
1964-11-10,11267000.0
1964-11-11,11269000.0
1964-11-12,11260000.0
1964-11-13,11256000.0
1964-11-14,11255000.0
1964-11-15,11257000.0
1964-11-16,11251000.0
1964-11-17,11240000.0
1964-11-18,11232000.0
1964-11-19,11222000.0
1964-11-20,11216000.0
1964-11-21,11214000.0
1964-11-22,11218000.0
1964-11-23,11216000.0
1964-11-24,11213000.0
1964-11-25,11213000.0
1964-11-26,11214000.0
1964-11-27,11211000.0
1964-11-28,11211000.0
1964-11-29,11217000.0
1964-11-30,11215000.0
1964-12-01,11209000.0
1964-12-02,11206000.0
1964-12-03,11200000.0
1964-12-04,11189000.0
1964-12-05,11183000.0
1964-12-06,11183000.0
1964-12-07,11178000.0
1964-12-08,11171000.0
1964-12-09,11163000.0
1964-12-10,11164000.0
1964-12-11,11164000.0
1964-12-12,11165000.0
1964-12-13,11170000.0
1964-12-14,11171000.0
1964-12-15,11169000.0
1964-12-16,11167000.0
1964-12-17,11164000.0
1964-12-18,11164000.0
1964-12-19,11160000.0
1964-12-20,11166000.0
1964-12-21,11165000.0
1964-12-22,11156000.0
1964-12-23,11166000.0
1964-12-24,11161000.0
1964-12-25,11164000.0
1964-12-26,11164000.0
1964-12-27,11162000.0
1964-12-28,11154000.0
1964-12-29,11142000.0
1964-12-30,11131000.0
1964-12-31,11136000.0
1965-01-01,11155000.0
1965-01-02,11161000.0
1965-01-03,11170000.0
1965-01-04,11169000.0
1965-01-05,11164000.0
1965-01-06,11159000.0
1965-01-07,11153000.0
1965-01-08,11152000.0
1965-01-09,11150000.0
1965-01-10,11159000.0
1965-01-11,11164000.0
1965-01-12,11170000.0
1965-01-13,11177000.0
1965-01-14,11182000.0
1965-01-15,11184000.0
1965-01-16,11190000.0
1965-01-17,11204000.0
1965-01-18,11213000.0
1965-01-19,11216000.0
1965-01-20,11219000.0
1965-01-21,11227000.0
1965-01-22,11235000.0
1965-01-23,11242000.0
1965-01-24,11245000.0
1965-01-25,11253000.0
1965-01-26,11254000.0
1965-01-27,11261000.0
1965-01-28,11267000.0
1965-01-29,11268000.0
1965-01-30,11277000.0
1965-01-31,11289000.0
1965-02-01,11289000.0
1965-02-02,11289000.0
1965-02-03,11285000.0
1965-02-04,11286000.0
1965-02-05,11278000.0
1965-02-06,11288000.0
1965-02-07,11299000.0
1965-02-08,11298000.0
1965-02-09,11293000.0
1965-02-10,11290000.0
1965-02-11,11285000.0
1965-02-12,11286000.0
1965-02-13,11284000.0
1965-02-14,11299000.0
1965-02-15,11306000.0
1965-02-16,11319000.0
1965-02-17,11330000.0
1965-02-18,11339000.0
1965-02-19,11341000.0
1965-02-20,11348000.0
1965-02-21,11356000.0
1965-02-22,11357000.0
1965-02-23,11356000.0
1965-02-24,11356000.0
1965-02-25,11353000.0
1965-02-26,11350000.0
1965-02-27,11356000.0
1965-02-28,11361000.0
1965-03-01,11355000.0
1965-03-02,11335000.0
1965-03-03,11314000.0
1965-03-04,11297000.0
1965-03-05,11297000.0
1965-03-06,11309000.0
1965-03-07,11300000.0
1965-03-08,11287000.0
1965-03-09,11269000.0
1965-03-10,11254000.0
1965-03-11,11238000.0
1965-03-12,11226000.0
1965-03-13,11222000.0
1965-03-14,11217000.0
1965-03-15,11203000.0
1965-03-16,11182000.0
1965-03-17,11168000.0
1965-03-18,11171000.0
1965-03-19,11194000.0
1965-03-20,11212000.0
1965-03-21,11219000.0
1965-03-22,11209000.0
1965-03-23,11204000.0
1965-03-24,11193000.0
1965-03-25,11182000.0
1965-03-26,11175000.0
1965-03-27,11172000.0
1965-03-28,11182000.0
1965-03-29,11176000.0
1965-03-30,11168000.0
1965-03-31,11151000.0
1965-04-01,11152000.0
1965-04-02,11136000.0
1965-04-03,11129000.0
1965-04-04,11137000.0
1965-04-05,11138000.0
1965-04-06,11136000.0
1965-04-07,11147000.0
1965-04-08,11167000.0
1965-04-09,11181000.0
1965-04-10,11195000.0
1965-04-11,11210000.0
1965-04-12,11243000.0
1965-04-13,11305000.0
1965-04-14,11337000.0
1965-04-15,11350000.0
1965-04-16,11362000.0
1965-04-17,11372000.0
1965-04-18,11392000.0
1965-04-19,11407000.0
1965-04-20,11412000.0
1965-04-21,11418000.0
1965-04-22,11424000.0
1965-04-23,11425000.0
1965-04-24,11437000.0
1965-04-25,11494000.0
1965-04-26,11537000.0
1965-04-27,11584000.0
1965-04-28,11641000.0
1965-04-29,11677000.0
1965-04-30,11723000.0
1965-05-01,11777000.0
1965-05-02,11818000.0
1965-05-03,11838000.0
1965-05-04,11856000.0
1965-05-05,11884000.0
1965-05-06,11930000.0
1965-05-07,11967000.0
1965-05-08,12029000.0
1965-05-09,12114000.0
1965-05-10,12170000.0
1965-05-11,12205000.0
1965-05-12,12229000.0
1965-05-13,12265000.0
1965-05-14,12279000.0
1965-05-15,12301000.0
1965-05-16,12345000.0
1965-05-17,12356000.0
1965-05-18,12381000.0
1965-05-19,12409000.0
1965-05-20,12424000.0
1965-05-21,12439000.0
1965-05-22,12480000.0
1965-05-23,12551000.0
1965-05-24,12605000.0
1965-05-25,12685000.0
1965-05-26,12762000.0
1965-05-27,12841000.0
1965-05-28,12928000.0
1965-05-29,13022000.0
1965-05-30,13113000.0
1965-05-31,13209000.0
1965-06-01,13265000.0
1965-06-02,13322000.0
1965-06-03,13353000.0
1965-06-04,13389000.0
1965-06-05,13445000.0
1965-06-06,13499000.0
1965-06-07,13552000.0
1965-06-08,13621000.0
1965-06-09,13689000.0
1965-06-10,13745000.0
1965-06-11,13793000.0
1965-06-12,13858000.0
1965-06-13,13934000.0
1965-06-14,14014000.0
1965-06-15,14090000.0
1965-06-16,14171000.0
1965-06-17,14212000.0
1965-06-18,14251000.0
1965-06-19,14300000.0
1965-06-20,14367000.0
1965-06-21,14433000.0
1965-06-22,14491000.0
1965-06-23,14552000.0
1965-06-24,14613000.0
1965-06-25,14668000.0
1965-06-26,14742000.0
1965-06-27,14798000.0
1965-06-28,14811000.0
1965-06-29,14807000.0
1965-06-30,14802000.0
1965-07-01,14793000.0
1965-07-02,14790000.0
1965-07-03,14798000.0
1965-07-04,14805000.0
1965-07-05,14813000.0
1965-07-06,14810000.0
1965-07-07,14800000.0
1965-07-08,14794000.0
1965-07-09,14779000.0
1965-07-10,14773000.0
1965-07-11,14772000.0
1965-07-12,14759000.0
1965-07-13,14740000.0
1965-07-14,14723000.0
1965-07-15,14706000.0
1965-07-16,14691000.0
1965-07-17,14688000.0
1965-07-18,14698000.0
1965-07-19,14687000.0
1965-07-20,14678000.0
1965-07-21,14664000.0
1965-07-22,14655000.0
1965-07-23,14643000.0
1965-07-24,14644000.0
1965-07-25,14649000.0
1965-07-26,14644000.0
1965-07-27,14640000.0
1965-07-28,14643000.0
1965-07-29,14652000.0
1965-07-30,14654000.0
1965-07-31,14660000.0
1965-08-01,14673000.0
1965-08-02,14679000.0
1965-08-03,14674000.0
1965-08-04,14666000.0
1965-08-05,14656000.0
1965-08-06,14647000.0
1965-08-07,14638000.0
1965-08-08,14655000.0
1965-08-09,14649000.0
1965-08-10,14639000.0
1965-08-11,14629000.0
1965-08-12,14623000.0
1965-08-13,14613000.0
1965-08-14,14606000.0
1965-08-15,14605000.0
1965-08-16,14605000.0
1965-08-17,14601000.0
1965-08-18,14597000.0
1965-08-19,14592000.0
1965-08-20,14588000.0
1965-08-21,14595000.0
1965-08-22,14606000.0
1965-08-23,14607000.0
1965-08-24,14610000.0
1965-08-25,14614000.0
1965-08-26,14616000.0
1965-08-27,14619000.0
1965-08-28,14629000.0
1965-08-29,14646000.0
1965-08-30,14653000.0
1965-08-31,14659000.0
1965-09-01,14663000.0
1965-09-02,14656000.0
1965-09-03,14650000.0
1965-09-04,14656000.0
1965-09-05,14674000.0
1965-09-06,14687000.0
1965-09-07,14689000.0
1965-09-08,14692000.0
1965-09-09,14693000.0
1965-09-10,14694000.0
1965-09-11,14704000.0
1965-09-12,14716000.0
1965-09-13,14720000.0
1965-09-14,14723000.0
1965-09-15,14725000.0
1965-09-16,14726000.0
1965-09-17,14722000.0
1965-09-18,14725000.0
1965-09-19,14734000.0
1965-09-20,14738000.0
1965-09-21,14740000.0
1965-09-22,14742000.0
1965-09-23,14740000.0
1965-09-24,14743000.0
1965-09-25,14745000.0
1965-09-26,14753000.0
1965-09-27,14737000.0
1965-09-28,14728000.0
1965-09-29,14721000.0
1965-09-30,14708000.0
1965-10-01,14707000.0
1965-10-02,14709000.0
1965-10-03,14716000.0
1965-10-04,14710000.0
1965-10-05,14702000.0
1965-10-06,14690000.0
1965-10-07,14685000.0
1965-10-08,14686000.0
1965-10-09,14694000.0
1965-10-10,14708000.0
1965-10-11,14704000.0
1965-10-12,14702000.0
1965-10-13,14696000.0
1965-10-14,14687000.0
1965-10-15,14685000.0
1965-10-16,14692000.0
1965-10-17,14702000.0
1965-10-18,14706000.0
1965-10-19,14711000.0
1965-10-20,14725000.0
1965-10-21,14731000.0
1965-10-22,14743000.0
1965-10-23,14755000.0
1965-10-24,14770000.0
1965-10-25,14777000.0
1965-10-26,14780000.0
1965-10-27,14785000.0
1965-10-28,14791000.0
1965-10-29,14799000.0
1965-10-30,14810000.0
1965-10-31,14824000.0
1965-11-01,14831000.0
1965-11-02,14835000.0
1965-11-03,14836000.0
1965-11-04,14839000.0
1965-11-05,14845000.0
1965-11-06,14852000.0
1965-11-07,14863000.0
1965-11-08,14872000.0
1965-11-09,14876000.0
1965-11-10,14882000.0
1965-11-11,14890000.0
1965-11-12,14894000.0
1965-11-13,14907000.0
1965-11-14,14927000.0
1965-11-15,14931000.0
1965-11-16,14939000.0
1965-11-17,14938000.0
1965-11-18,14944000.0
1965-11-19,14947000.0
1965-11-20,14954000.0
1965-11-21,14963000.0
1965-11-22,14970000.0
1965-11-23,14980000.0
1965-11-24,14984000.0
1965-11-25,15002000.0
1965-11-26,15010000.0
1965-11-27,15018000.0
1965-11-28,15027000.0
1965-11-29,15034000.0
1965-11-30,15040000.0
1965-12-01,15044000.0
1965-12-02,15044000.0
1965-12-03,15048000.0
1965-12-04,15056000.0
1965-12-05,15065000.0
1965-12-06,15067000.0
1965-12-07,15066000.0
1965-12-08,15063000.0
1965-12-09,15077000.0
1965-12-10,15073000.0
1965-12-11,15080000.0
1965-12-12,15088000.0
1965-12-13,15092000.0
1965-12-14,15098000.0
1965-12-15,15105000.0
1965-12-16,15111000.0
1965-12-17,15119000.0
1965-12-18,15125000.0
1965-12-19,15136000.0
1965-12-20,15143000.0
1965-12-21,15148000.0
1965-12-22,15159000.0
1965-12-23,15168000.0
1965-12-24,15180000.0
1965-12-25,15189000.0
1965-12-26,15200000.0
1965-12-27,15211000.0
1965-12-28,15212000.0
1965-12-29,15206000.0
1965-12-30,15218000.0
1965-12-31,15233000.0
1966-01-01,15246000.0
1966-01-02,15257000.0
1966-01-03,15259000.0
1966-01-04,15264000.0
1966-01-05,15277000.0
1966-01-06,15289000.0
1966-01-07,15293000.0
1966-01-08,15295000.0
1966-01-09,15303000.0
1966-01-10,15308000.0
1966-01-11,15311000.0
1966-01-12,15313000.0
1966-01-13,15319000.0
1966-01-14,15328000.0
1966-01-15,15338000.0
1966-01-16,15338000.0
1966-01-17,15348000.0
1966-01-18,15350000.0
1966-01-19,15354000.0
1966-01-20,15358000.0
1966-01-21,15366000.0
1966-01-22,15383000.0
1966-01-23,15400000.0
1966-01-24,15411000.0
1966-01-25,15418000.0
1966-01-26,15422000.0
1966-01-27,15436000.0
1966-01-28,15454000.0
1966-01-29,15470000.0
1966-01-30,15486000.0
1966-01-31,15502000.0
1966-02-01,15518000.0
1966-02-02,15531000.0
1966-02-03,15546000.0
1966-02-04,15560000.0
1966-02-05,15574000.0
1966-02-06,15593000.0
1966-02-07,15602000.0
1966-02-08,15609000.0
1966-02-09,15610000.0
1966-02-10,15621000.0
1966-02-11,15626000.0
1966-02-12,15632000.0
1966-02-13,15652000.0
1966-02-14,15663000.0
1966-02-15,15673000.0
1966-02-16,15669000.0
1966-02-17,15671000.0
1966-02-18,15671000.0
1966-02-19,15675000.0
1966-02-20,15670000.0
1966-02-21,15662000.0
1966-02-22,15648000.0
1966-02-23,15633000.0
1966-02-24,15622000.0
1966-02-25,15609000.0
1966-02-26,15605000.0
1966-02-27,15598000.0
1966-02-28,15589000.0
1966-03-01,15569000.0
1966-03-02,15555000.0
1966-03-03,15548000.0
1966-03-04,15543000.0
1966-03-05,15547000.0
1966-03-06,15553000.0
1966-03-07,15553000.0
1966-03-08,15548000.0
1966-03-09,15536000.0
1966-03-10,15534000.0
1966-03-11,15529000.0
1966-03-12,15532000.0
1966-03-13,15534000.0
1966-03-14,15532000.0
1966-03-15,15525000.0
1966-03-16,15519000.0
1966-03-17,15521000.0
1966-03-18,15522000.0
1966-03-19,15525000.0
1966-03-20,15538000.0
1966-03-21,15535000.0
1966-03-22,15527000.0
1966-03-23,15516000.0
1966-03-24,15517000.0
1966-03-25,15511000.0
1966-03-26,15519000.0
1966-03-27,15512000.0
1966-03-28,15506000.0
1966-03-29,15499000.0
1966-03-30,15495000.0
1966-03-31,15502000.0
1966-04-01,15499000.0
1966-04-02,15503000.0
1966-04-03,15508000.0
1966-04-04,15505000.0
1966-04-05,15502000.0
1966-04-06,15503000.0
1966-04-07,15498000.0
1966-04-08,15497000.0
1966-04-09,15497000.0
1966-04-10,15507000.0
1966-04-11,15511000.0
1966-04-12,15512000.0
1966-04-13,15513000.0
1966-04-14,15514000.0
1966-04-15,15508000.0
1966-04-16,15521000.0
1966-04-17,15529000.0
1966-04-18,15528000.0
1966-04-19,15522000.0
1966-04-20,15515000.0
1966-04-21,15511000.0
1966-04-22,15506000.0
1966-04-23,15513000.0
1966-04-24,15518000.0
1966-04-25,15509000.0
1966-04-26,15501000.0
1966-04-27,15489000.0
1966-04-28,15487000.0
1966-04-29,15484000.0
1966-04-30,15492000.0
1966-05-01,15508000.0
1966-05-02,15514000.0
1966-05-03,15516000.0
1966-05-04,15522000.0
1966-05-05,15529000.0
1966-05-06,15530000.0
1966-05-07,15544000.0
1966-05-08,15559000.0
1966-05-09,15557000.0
1966-05-10,15554000.0
1966-05-11,15562000.0
1966-05-12,15556000.0
1966-05-13,15552000.0
1966-05-14,15555000.0
1966-05-15,15562000.0
1966-05-16,15555000.0
1966-05-17,15546000.0
1966-05-18,15545000.0
1966-05-19,15530000.0
1966-05-20,15521000.0
1966-05-21,15541000.0
1966-05-22,15557000.0
1966-05-23,15560000.0
1966-05-24,15558000.0
1966-05-25,15551000.0
1966-05-26,15546000.0
1966-05-27,15552000.0
1966-05-28,15563000.0
1966-05-29,15581000.0
1966-05-30,15592000.0
1966-05-31,15592000.0
1966-06-01,15595000.0
1966-06-02,15594000.0
1966-06-03,15594000.0
1966-06-04,15596000.0
1966-06-05,15614000.0
1966-06-06,15612000.0
1966-06-07,15613000.0
1966-06-08,15613000.0
1966-06-09,15615000.0
1966-06-10,15602000.0
1966-06-11,15598000.0
1966-06-12,15609000.0
1966-06-13,15608000.0
1966-06-14,15608000.0
1966-06-15,15605000.0
1966-06-16,15606000.0
1966-06-17,15601000.0
1966-06-18,15606000.0
1966-06-19,15619000.0
1966-06-20,15622000.0
1966-06-21,15610000.0
1966-06-22,15608000.0
1966-06-23,15601000.0
1966-06-24,15592000.0
1966-06-25,15592000.0
1966-06-26,15592000.0
1966-06-27,15581000.0
1966-06-28,15572000.0
1966-06-29,15558000.0
1966-06-30,15552000.0
1966-07-01,15546000.0
1966-07-02,15542000.0
1966-07-03,15547000.0
1966-07-04,15549000.0
1966-07-05,15541000.0
1966-07-06,15522000.0
1966-07-07,15506000.0
1966-07-08,15491000.0
1966-07-09,15479000.0
1966-07-10,15494000.0
1966-07-11,15486000.0
1966-07-12,15476000.0
1966-07-13,15462000.0
1966-07-14,15444000.0
1966-07-15,15430000.0
1966-07-16,15421000.0
1966-07-17,15421000.0
1966-07-18,15405000.0
1966-07-19,15387000.0
1966-07-20,15372000.0
1966-07-21,15355000.0
1966-07-22,15340000.0
1966-07-23,15337000.0
1966-07-24,15341000.0
1966-07-25,15333000.0
1966-07-26,15326000.0
1966-07-27,15314000.0
1966-07-28,15304000.0
1966-07-29,15291000.0
1966-07-30,15288000.0
1966-07-31,15295000.0
1966-08-01,15288000.0
1966-08-02,15276000.0
1966-08-03,15266000.0
1966-08-04,15261000.0
1966-08-05,15252000.0
1966-08-06,15247000.0
1966-08-07,15258000.0
1966-08-08,15249000.0
1966-08-09,15240000.0
1966-08-10,15222000.0
1966-08-11,15213000.0
1966-08-12,15202000.0
1966-08-13,15199000.0
1966-08-14,15208000.0
1966-08-15,15197000.0
1966-08-16,15187000.0
1966-08-17,15172000.0
1966-08-18,15166000.0
1966-08-19,15156000.0
1966-08-20,15158000.0
1966-08-21,15165000.0
1966-08-22,15158000.0
1966-08-23,15145000.0
1966-08-24,15126000.0
1966-08-25,15109000.0
1966-08-26,15093000.0
1966-08-27,15090000.0
1966-08-28,15094000.0
1966-08-29,15078000.0
1966-08-30,15076000.0
1966-08-31,15069000.0
1966-09-01,15066000.0
1966-09-02,15058000.0
1966-09-03,15059000.0
1966-09-04,15069000.0
1966-09-05,15076000.0
1966-09-06,15061000.0
1966-09-07,15047000.0
1966-09-08,15026000.0
1966-09-09,15016000.0
1966-09-10,15016000.0
1966-09-11,15017000.0
1966-09-12,15014000.0
1966-09-13,15000000.0
1966-09-14,14990000.0
1966-09-15,14981000.0
1966-09-16,14968000.0
1966-09-17,14960000.0
1966-09-18,14981000.0
1966-09-19,14980000.0
1966-09-20,14977000.0
1966-09-21,14973000.0
1966-09-22,14970000.0
1966-09-23,14970000.0
1966-09-24,14978000.0
1966-09-25,14993000.0
1966-09-26,15001000.0
1966-09-27,15007000.0
1966-09-28,14999000.0
1966-09-29,15000000.0
1966-09-30,15004000.0
1966-10-01,15011000.0
1966-10-02,15023000.0
1966-10-03,15031000.0
1966-10-04,15035000.0
1966-10-05,15030000.0
1966-10-06,15025000.0
1966-10-07,15024000.0
1966-10-08,15024000.0
1966-10-09,15035000.0
1966-10-10,15039000.0
1966-10-11,15045000.0
1966-10-12,15042000.0
1966-10-13,15045000.0
1966-10-14,15049000.0
1966-10-15,15053000.0
1966-10-16,15062000.0
1966-10-17,15059000.0
1966-10-18,15054000.0
1966-10-19,15045000.0
1966-10-20,15034000.0
1966-10-21,15035000.0
1966-10-22,15037000.0
1966-10-23,15050000.0
1966-10-24,15057000.0
1966-10-25,15058000.0
1966-10-26,15056000.0
1966-10-27,15057000.0
1966-10-28,15064000.0
1966-10-29,15075000.0
1966-10-30,15089000.0
1966-10-31,15092000.0
1966-11-01,15095000.0
1966-11-02,15094000.0
1966-11-03,15104000.0
1966-11-04,15110000.0
1966-11-05,15119000.0
1966-11-06,15128000.0
1966-11-07,15129000.0
1966-11-08,15130000.0
1966-11-09,15122000.0
1966-11-10,15122000.0
1966-11-11,15127000.0
1966-11-12,15141000.0
1966-11-13,15156000.0
1966-11-14,15161000.0
1966-11-15,15165000.0
1966-11-16,15159000.0
1966-11-17,15160000.0
1966-11-18,15161000.0
1966-11-19,15173000.0
1966-11-20,15185000.0
1966-11-21,15186000.0
1966-11-22,15193000.0
1966-11-23,15187000.0
1966-11-24,15200000.0
1966-11-25,15206000.0
1966-11-26,15216000.0
1966-11-27,15218000.0
1966-11-28,15227000.0
1966-11-29,15234000.0
1966-11-30,15231000.0
1966-12-01,15228000.0
1966-12-02,15217000.0
1966-12-03,15218000.0
1966-12-04,15228000.0
1966-12-05,15232000.0
1966-12-06,15248000.0
1966-12-07,15304000.0
1966-12-08,15342000.0
1966-12-09,15352000.0
1966-12-10,15364000.0
1966-12-11,15379000.0
1966-12-12,15391000.0
1966-12-13,15403000.0
1966-12-14,15406000.0
1966-12-15,15410000.0
1966-12-16,15414000.0
1966-12-17,15421000.0
1966-12-18,15434000.0
1966-12-19,15439000.0
1966-12-20,15441000.0
1966-12-21,15437000.0
1966-12-22,15440000.0
1966-12-23,15445000.0
1966-12-24,15454000.0
1966-12-25,15470000.0
1966-12-26,15478000.0
1966-12-27,15481000.0
1966-12-28,15474000.0
1966-12-29,15465000.0
1966-12-30,15474000.0
1966-12-31,15481000.0
1967-01-01,15501000.0
1967-01-02,15517000.0
1967-01-03,15525000.0
1967-01-04,15522000.0
1967-01-05,15517000.0
1967-01-06,15527000.0
1967-01-07,15544000.0
1967-01-08,15556000.0
1967-01-09,15554000.0
1967-01-10,15546000.0
1967-01-11,15539000.0
1967-01-12,15544000.0
1967-01-13,15546000.0
1967-01-14,15555000.0
1967-01-15,15568000.0
1967-01-16,15575000.0
1967-01-17,15579000.0
1967-01-18,15575000.0
1967-01-19,15579000.0
1967-01-20,15582000.0
1967-01-21,15587000.0
1967-01-22,15603000.0
1967-01-23,15616000.0
1967-01-24,15610000.0
1967-01-25,15609000.0
1967-01-26,15608000.0
1967-01-27,15610000.0
1967-01-28,15620000.0
1967-01-29,15632000.0
1967-01-30,15633000.0
1967-01-31,15629000.0
1967-02-01,15624000.0
1967-02-02,15622000.0
1967-02-03,15621000.0
1967-02-04,15626000.0
1967-02-05,15639000.0
1967-02-06,15639000.0
1967-02-07,15638000.0
1967-02-08,15636000.0
1967-02-09,15640000.0
1967-02-10,15644000.0
1967-02-11,15653000.0
1967-02-12,15667000.0
1967-02-13,15666000.0
1967-02-14,15669000.0
1967-02-15,15663000.0
1967-02-16,15660000.0
1967-02-17,15656000.0
1967-02-18,15664000.0
1967-02-19,15674000.0
1967-02-20,15667000.0
1967-02-21,15662000.0
1967-02-22,15655000.0
1967-02-23,15647000.0
1967-02-24,15640000.0
1967-02-25,15634000.0
1967-02-26,15638000.0
1967-02-27,15627000.0
1967-02-28,15617000.0
1967-03-01,15610000.0
1967-03-02,15602000.0
1967-03-03,15592000.0
1967-03-04,15599000.0
1967-03-05,15608000.0
1967-03-06,15605000.0
1967-03-07,15596000.0
1967-03-08,15586000.0
1967-03-09,15579000.0
1967-03-10,15571000.0
1967-03-11,15575000.0
1967-03-12,15580000.0
1967-03-13,15575000.0
1967-03-14,15566000.0
1967-03-15,15560000.0
1967-03-16,15557000.0
1967-03-17,15559000.0
1967-03-18,15567000.0
1967-03-19,15578000.0
1967-03-20,15581000.0
1967-03-21,15574000.0
1967-03-22,15567000.0
1967-03-23,15558000.0
1967-03-24,15551000.0
1967-03-25,15549000.0
1967-03-26,15548000.0
1967-03-27,15536000.0
1967-03-28,15512000.0
1967-03-29,15489000.0
1967-03-30,15461000.0
1967-03-31,15438000.0
1967-04-01,14522000.0
1967-04-02,14523000.0
1967-04-03,14512000.0
1967-04-04,14497000.0
1967-04-05,14496000.0
1967-04-06,14501000.0
1967-04-07,14505000.0
1967-04-08,14523000.0
1967-04-09,14534000.0
1967-04-10,14537000.0
1967-04-11,14541000.0
1967-04-12,14525000.0
1967-04-13,14521000.0
1967-04-14,14517000.0
1967-04-15,14508000.0
1967-04-16,14512000.0
1967-04-17,14507000.0
1967-04-18,14492000.0
1967-04-19,14488000.0
1967-04-20,14490000.0
1967-04-21,14497000.0
1967-04-22,14510000.0
1967-04-23,14522000.0
1967-04-24,14521000.0
1967-04-25,14522000.0
1967-04-26,14516000.0
1967-04-27,14515000.0
1967-04-28,14508000.0
1967-04-29,14520000.0
1967-04-30,14530000.0
1967-05-01,14531000.0
1967-05-02,14519000.0
1967-05-03,14502000.0
1967-05-04,14493000.0
1967-05-05,14485000.0
1967-05-06,14484000.0
1967-05-07,14491000.0
1967-05-08,14491000.0
1967-05-09,14483000.0
1967-05-10,14474000.0
1967-05-11,14476000.0
1967-05-12,14475000.0
1967-05-13,14481000.0
1967-05-14,14488000.0
1967-05-15,14481000.0
1967-05-16,14473000.0
1967-05-17,14475000.0
1967-05-18,14484000.0
1967-05-19,14493000.0
1967-05-20,14506000.0
1967-05-21,14527000.0
1967-05-22,14531000.0
1967-05-23,14524000.0
1967-05-24,14533000.0
1967-05-25,14523000.0
1967-05-26,14517000.0
1967-05-27,14517000.0
1967-05-28,14523000.0
1967-05-29,14517000.0
1967-05-30,14523000.0
1967-05-31,14506000.0
1967-06-01,14500000.0
1967-06-02,14496000.0
1967-06-03,14497000.0
1967-06-04,14505000.0
1967-06-05,14497000.0
1967-06-06,14491000.0
1967-06-07,14487000.0
1967-06-08,14487000.0
1967-06-09,14486000.0
1967-06-10,14495000.0
1967-06-11,14501000.0
1967-06-12,14501000.0
1967-06-13,14494000.0
1967-06-14,14487000.0
1967-06-15,14482000.0
1967-06-16,14477000.0
1967-06-17,14479000.0
1967-06-18,14492000.0
1967-06-19,14488000.0
1967-06-20,14476000.0
1967-06-21,14457000.0
1967-06-22,14440000.0
1967-06-23,14427000.0
1967-06-24,14422000.0
1967-06-25,14423000.0
1967-06-26,14418000.0
1967-06-27,14414000.0
1967-06-28,14408000.0
1967-06-29,14399000.0
1967-06-30,14395000.0
1967-07-01,14397000.0
1967-07-02,14412000.0
1967-07-03,14406000.0
1967-07-04,14412000.0
1967-07-05,14405000.0
1967-07-06,14401000.0
1967-07-07,14385000.0
1967-07-08,14386000.0
1967-07-09,14399000.0
1967-07-10,14389000.0
1967-07-11,14388000.0
1967-07-12,14363000.0
1967-07-13,14357000.0
1967-07-14,14353000.0
1967-07-15,14352000.0
1967-07-16,14360000.0
1967-07-17,14354000.0
1967-07-18,14341000.0
1967-07-19,14328000.0
1967-07-20,14314000.0
1967-07-21,14303000.0
1967-07-22,14296000.0
1967-07-23,14305000.0
1967-07-24,14297000.0
1967-07-25,14283000.0
1967-07-26,14268000.0
1967-07-27,14251000.0
1967-07-28,14236000.0
1967-07-29,14232000.0
1967-07-30,14242000.0
1967-07-31,14233000.0
1967-08-01,14224000.0
1967-08-02,14217000.0
1967-08-03,14210000.0
1967-08-04,14205000.0
1967-08-05,14210000.0
1967-08-06,14221000.0
1967-08-07,14221000.0
1967-08-08,14222000.0
1967-08-09,14221000.0
1967-08-10,14218000.0
1967-08-11,14218000.0
1967-08-12,14222000.0
1967-08-13,14240000.0
1967-08-14,14239000.0
1967-08-15,14239000.0
1967-08-16,14229000.0
1967-08-17,14229000.0
1967-08-18,14227000.0
1967-08-19,14233000.0
1967-08-20,14240000.0
1967-08-21,14247000.0
1967-08-22,14230000.0
1967-08-23,14226000.0
1967-08-24,14224000.0
1967-08-25,14211000.0
1967-08-26,14214000.0
1967-08-27,14226000.0
1967-08-28,14212000.0
1967-08-29,14207000.0
1967-08-30,14195000.0
1967-08-31,14196000.0
1967-09-01,14193000.0
1967-09-02,14200000.0
1967-09-03,14217000.0
1967-09-04,14229000.0
1967-09-05,14226000.0
1967-09-06,14216000.0
1967-09-07,14218000.0
1967-09-08,14222000.0
1967-09-09,14239000.0
1967-09-10,14262000.0
1967-09-11,14270000.0
1967-09-12,14273000.0
1967-09-13,14275000.0
1967-09-14,14274000.0
1967-09-15,14272000.0
1967-09-16,14276000.0
1967-09-17,14285000.0
1967-09-18,14288000.0
1967-09-19,14290000.0
1967-09-20,14286000.0
1967-09-21,14287000.0
1967-09-22,14297000.0
1967-09-23,14306000.0
1967-09-24,14320000.0
1967-09-25,14336000.0
1967-09-26,14349000.0
1967-09-27,14356000.0
1967-09-28,14364000.0
1967-09-29,14365000.0
1967-09-30,14375000.0
1967-10-01,14387000.0
1967-10-02,14382000.0
1967-10-03,14376000.0
1967-10-04,14360000.0
1967-10-05,14351000.0
1967-10-06,14346000.0
1967-10-07,14340000.0
1967-10-08,14346000.0
1967-10-09,14342000.0
1967-10-10,14332000.0
1967-10-11,14324000.0
1967-10-12,14314000.0
1967-10-13,14309000.0
1967-10-14,14309000.0
1967-10-15,14309000.0
1967-10-16,14299000.0
1967-10-17,14292000.0
1967-10-18,14287000.0
1967-10-19,14281000.0
1967-10-20,14278000.0
1967-10-21,14279000.0
1967-10-22,14277000.0
1967-10-23,14271000.0
1967-10-24,14266000.0
1967-10-25,14256000.0
1967-10-26,14245000.0
1967-10-27,14237000.0
1967-10-28,14245000.0
1967-10-29,14236000.0
1967-10-30,14230000.0
1967-10-31,14219000.0
1967-11-01,14208000.0
1967-11-02,14204000.0
1967-11-03,14195000.0
1967-11-04,14198000.0
1967-11-05,14201000.0
1967-11-06,14200000.0
1967-11-07,14194000.0
1967-11-08,14185000.0
1967-11-09,14175000.0
1967-11-10,14167000.0
1967-11-11,14166000.0
1967-11-12,14173000.0
1967-11-13,14164000.0
1967-11-14,14157000.0
1967-11-15,14146000.0
1967-11-16,14134000.0
1967-11-17,14128000.0
1967-11-18,14135000.0
1967-11-19,14142000.0
1967-11-20,14140000.0
1967-11-21,14140000.0
1967-11-22,14126000.0
1967-11-23,14133000.0
1967-11-24,14137000.0
1967-11-25,14145000.0
1967-11-26,14142000.0
1967-11-27,14138000.0
1967-11-28,14136000.0
1967-11-29,14131000.0
1967-11-30,14122000.0
1967-12-01,14132000.0
1967-12-02,14141000.0
1967-12-03,14150000.0
1967-12-04,14150000.0
1967-12-05,14148000.0
1967-12-06,14149000.0
1967-12-07,14149000.0
1967-12-08,14160000.0
1967-12-09,14165000.0
1967-12-10,14178000.0
1967-12-11,14183000.0
1967-12-12,14188000.0
1967-12-13,14182000.0
1967-12-14,14180000.0
1967-12-15,14194000.0
1967-12-16,14212000.0
1967-12-17,14231000.0
1967-12-18,14247000.0
1967-12-19,14258000.0
1967-12-20,14266000.0
1967-12-21,14274000.0
1967-12-22,14283000.0
1967-12-23,14294000.0
1967-12-24,14314000.0
1967-12-25,14325000.0
1967-12-26,14330000.0
1967-12-27,14327000.0
1967-12-28,14324000.0
1967-12-29,14324000.0
1967-12-30,14329000.0
1967-12-31,14338000.0
1968-01-01,14346000.0
1968-01-02,14355000.0
1968-01-03,14355000.0
1968-01-04,14353000.0
1968-01-05,14358000.0
1968-01-06,14379000.0
1968-01-07,14388000.0
1968-01-08,14396000.0
1968-01-09,14407000.0
1968-01-10,14405000.0
1968-01-11,14418000.0
1968-01-12,14425000.0
1968-01-13,14441000.0
1968-01-14,14455000.0
1968-01-15,14469000.0
1968-01-16,14474000.0
1968-01-17,14476000.0
1968-01-18,14487000.0
1968-01-19,14499000.0
1968-01-20,14512000.0
1968-01-21,14524000.0
1968-01-22,14534000.0
1968-01-23,14540000.0
1968-01-24,14540000.0
1968-01-25,14549000.0
1968-01-26,14555000.0
1968-01-27,14563000.0
1968-01-28,14571000.0
1968-01-29,14574000.0
1968-01-30,14571000.0
1968-01-31,14566000.0
1968-02-01,14563000.0
1968-02-02,14565000.0
1968-02-03,14567000.0
1968-02-04,14577000.0
1968-02-05,14583000.0
1968-02-06,14587000.0
1968-02-07,14586000.0
1968-02-08,14592000.0
1968-02-09,14595000.0
1968-02-10,14605000.0
1968-02-11,14613000.0
1968-02-12,14618000.0
1968-02-13,14616000.0
1968-02-14,14614000.0
1968-02-15,14611000.0
1968-02-16,14617000.0
1968-02-17,14627000.0
1968-02-18,14638000.0
1968-02-19,14638000.0
1968-02-20,14635000.0
1968-02-21,14631000.0
1968-02-22,14624000.0
1968-02-23,14619000.0
1968-02-24,14630000.0
1968-02-25,14633000.0
1968-02-26,14629000.0
1968-02-27,14629000.0
1968-02-28,14621000.0
1968-02-29,14614000.0
1968-03-01,14609000.0
1968-03-02,14614000.0
1968-03-03,14625000.0
1968-03-04,14630000.0
1968-03-05,14631000.0
1968-03-06,14629000.0
1968-03-07,14628000.0
1968-03-08,14631000.0
1968-03-09,14644000.0
1968-03-10,14657000.0
1968-03-11,14653000.0
1968-03-12,14652000.0
1968-03-13,14646000.0
1968-03-14,14642000.0
1968-03-15,14642000.0
1968-03-16,14645000.0
1968-03-17,14657000.0
1968-03-18,14653000.0
1968-03-19,14638000.0
1968-03-20,14620000.0
1968-03-21,14617000.0
1968-03-22,14605000.0
1968-03-23,14607000.0
1968-03-24,14615000.0
1968-03-25,14608000.0
1968-03-26,14604000.0
1968-03-27,14601000.0
1968-03-28,14603000.0
1968-03-29,14609000.0
1968-03-30,14620000.0
1968-03-31,14640000.0
1968-04-01,14637000.0
1968-04-02,14647000.0
1968-04-03,14656000.0
1968-04-04,14671000.0
1968-04-05,14680000.0
1968-04-06,14703000.0
1968-04-07,14729000.0
1968-04-08,14730000.0
1968-04-09,14728000.0
1968-04-10,14720000.0
1968-04-11,14716000.0
1968-04-12,14716000.0
1968-04-13,14723000.0
1968-04-14,14738000.0
1968-04-15,14739000.0
1968-04-16,14734000.0
1968-04-17,14731000.0
1968-04-18,14736000.0
1968-04-19,14735000.0
1968-04-20,14748000.0
1968-04-21,14763000.0
1968-04-22,14766000.0
1968-04-23,14754000.0
1968-04-24,14756000.0
1968-04-25,14759000.0
1968-04-26,14759000.0
1968-04-27,14773000.0
1968-04-28,14790000.0
1968-04-29,14786000.0
1968-04-30,14780000.0
1968-05-01,14786000.0
1968-05-02,14791000.0
1968-05-03,14797000.0
1968-05-04,14805000.0
1968-05-05,14815000.0
1968-05-06,14824000.0
1968-05-07,14828000.0
1968-05-08,14832000.0
1968-05-09,14831000.0
1968-05-10,14838000.0
1968-05-11,14842000.0
1968-05-12,14854000.0
1968-05-13,14848000.0
1968-05-14,14842000.0
1968-05-15,14833000.0
1968-05-16,14829000.0
1968-05-17,14822000.0
1968-05-18,14822000.0
1968-05-19,14832000.0
1968-05-20,14834000.0
1968-05-21,14824000.0
1968-05-22,14814000.0
1968-05-23,14815000.0
1968-05-24,14816000.0
1968-05-25,14828000.0
1968-05-26,14849000.0
1968-05-27,14856000.0
1968-05-28,14862000.0
1968-05-29,14867000.0
1968-05-30,14881000.0
1968-05-31,14887000.0
1968-06-01,14891000.0
1968-06-02,14902000.0
1968-06-03,14899000.0
1968-06-04,14889000.0
1968-06-05,14882000.0
1968-06-06,14881000.0
1968-06-07,14883000.0
1968-06-08,14889000.0
1968-06-09,14902000.0
1968-06-10,14898000.0
1968-06-11,14890000.0
1968-06-12,14881000.0
1968-06-13,14880000.0
1968-06-14,14882000.0
1968-06-15,14894000.0
1968-06-16,14912000.0
1968-06-17,14916000.0
1968-06-18,14915000.0
1968-06-19,14915000.0
1968-06-20,14919000.0
1968-06-21,14922000.0
1968-06-22,14938000.0
1968-06-23,14955000.0
1968-06-24,14967000.0
1968-06-25,14970000.0
1968-06-26,14971000.0
1968-06-27,14972000.0
1968-06-28,14975000.0
1968-06-29,14983000.0
1968-06-30,14996000.0
1968-07-01,14994000.0
1968-07-02,14984000.0
1968-07-03,14975000.0
1968-07-04,14973000.0
1968-07-05,14965000.0
1968-07-06,14959000.0
1968-07-07,14962000.0
1968-07-08,14950000.0
1968-07-09,14941000.0
1968-07-10,14934000.0
1968-07-11,14936000.0
1968-07-12,14926000.0
1968-07-13,14937000.0
1968-07-14,14947000.0
1968-07-15,14946000.0
1968-07-16,14943000.0
1968-07-17,14938000.0
1968-07-18,14939000.0
1968-07-19,14942000.0
1968-07-20,14963000.0
1968-07-21,14995000.0
1968-07-22,14996000.0
1968-07-23,15009000.0
1968-07-24,15016000.0
1968-07-25,15022000.0
1968-07-26,15024000.0
1968-07-27,15040000.0
1968-07-28,15057000.0
1968-07-29,15056000.0
1968-07-30,15055000.0
1968-07-31,15052000.0
1968-08-01,15057000.0
1968-08-02,15063000.0
1968-08-03,15072000.0
1968-08-04,15088000.0
1968-08-05,15084000.0
1968-08-06,15078000.0
1968-08-07,15064000.0
1968-08-08,15061000.0
1968-08-09,15052000.0
1968-08-10,15056000.0
1968-08-11,15072000.0
1968-08-12,15077000.0
1968-08-13,15064000.0
1968-08-14,15052000.0
1968-08-15,15047000.0
1968-08-16,15046000.0
1968-08-17,15051000.0
1968-08-18,15056000.0
1968-08-19,15046000.0
1968-08-20,15034000.0
1968-08-21,15017000.0
1968-08-22,15015000.0
1968-08-23,15009000.0
1968-08-24,15017000.0
1968-08-25,15031000.0
1968-08-26,15035000.0
1968-08-27,15032000.0
1968-08-28,15033000.0
1968-08-29,15041000.0
1968-08-30,15051000.0
1968-08-31,15065000.0
1968-09-01,15083000.0
1968-09-02,15098000.0
1968-09-03,15100000.0
1968-09-04,15095000.0
1968-09-05,15088000.0
1968-09-06,15087000.0
1968-09-07,15097000.0
1968-09-08,15110000.0
1968-09-09,15112000.0
1968-09-10,15109000.0
1968-09-11,15103000.0
1968-09-12,15103000.0
1968-09-13,15097000.0
1968-09-14,15105000.0
1968-09-15,15113000.0
1968-09-16,15113000.0
1968-09-17,15107000.0
1968-09-18,15090000.0
1968-09-19,15083000.0
1968-09-20,15076000.0
1968-09-21,15071000.0
1968-09-22,15071000.0
1968-09-23,15058000.0
1968-09-24,15048000.0
1968-09-25,15033000.0
1968-09-26,15021000.0
1968-09-27,15014000.0
1968-09-28,15017000.0
1968-09-29,15021000.0
1968-09-30,15018000.0
1968-10-01,15012000.0
1968-10-02,15000000.0
1968-10-03,14996000.0
1968-10-04,14990000.0
1968-10-05,14991000.0
1968-10-06,14991000.0
1968-10-07,14983000.0
1968-10-08,14977000.0
1968-10-09,14971000.0
1968-10-10,14971000.0
1968-10-11,14970000.0
1968-10-12,14977000.0
1968-10-13,14988000.0
1968-10-14,14991000.0
1968-10-15,14993000.0
1968-10-16,14993000.0
1968-10-17,14996000.0
1968-10-18,15005000.0
1968-10-19,15016000.0
1968-10-20,15032000.0
1968-10-21,15041000.0
1968-10-22,15054000.0
1968-10-23,15053000.0
1968-10-24,15060000.0
1968-10-25,15068000.0
1968-10-26,15080000.0
1968-10-27,15094000.0
1968-10-28,15106000.0
1968-10-29,15112000.0
1968-10-30,15118000.0
1968-10-31,15125000.0
1968-11-01,15131000.0
1968-11-02,15143000.0
1968-11-03,15157000.0
1968-11-04,15159000.0
1968-11-05,15160000.0
1968-11-06,15154000.0
1968-11-07,15156000.0
1968-11-08,15162000.0
1968-11-09,15171000.0
1968-11-10,15181000.0
1968-11-11,15186000.0
1968-11-12,15187000.0
1968-11-13,15184000.0
1968-11-14,15181000.0
1968-11-15,15189000.0
1968-11-16,15199000.0
1968-11-17,15215000.0
1968-11-18,15221000.0
1968-11-19,15229000.0
1968-11-20,15224000.0
1968-11-21,15230000.0
1968-11-22,15236000.0
1968-11-23,15250000.0
1968-11-24,15262000.0
1968-11-25,15270000.0
1968-11-26,15273000.0
1968-11-27,15272000.0
1968-11-28,15282000.0
1968-11-29,15284000.0
1968-11-30,15292000.0
1968-12-01,15297000.0
1968-12-02,15294000.0
1968-12-03,15293000.0
1968-12-04,15290000.0
1968-12-05,15291000.0
1968-12-06,15294000.0
1968-12-07,15304000.0
1968-12-08,15315000.0
1968-12-09,15316000.0
1968-12-10,15310000.0
1968-12-11,15304000.0
1968-12-12,15308000.0
1968-12-13,15304000.0
1968-12-14,15307000.0
1968-12-15,15322000.0
1968-12-16,15322000.0
1968-12-17,15318000.0
1968-12-18,15310000.0
1968-12-19,15300000.0
1968-12-20,15302000.0
1968-12-21,15312000.0
1968-12-22,15327000.0
1968-12-23,15329000.0
1968-12-24,15335000.0
1968-12-25,15335000.0
1968-12-26,15340000.0
1968-12-27,15346000.0
1968-12-28,15344000.0
1968-12-29,15350000.0
1968-12-30,15353000.0
1968-12-31,15355000.0
1969-01-01,15363000.0
1969-01-02,15369000.0
1969-01-03,15368000.0
1969-01-04,15361000.0
1969-01-05,15366000.0
1969-01-06,15365000.0
1969-01-07,15356000.0
1969-01-08,15349000.0
1969-01-09,15337000.0
1969-01-10,15331000.0
1969-01-11,15330000.0
1969-01-12,15341000.0
1969-01-13,15340000.0
1969-01-14,15337000.0
1969-01-15,15329000.0
1969-01-16,15327000.0
1969-01-17,15334000.0
1969-01-18,15340000.0
1969-01-19,15348000.0
1969-01-20,15355000.0
1969-01-21,15346000.0
1969-01-22,15350000.0
1969-01-23,15359000.0
1969-01-24,15363000.0
1969-01-25,15360000.0
1969-01-26,15404000.0
1969-01-27,15413000.0
1969-01-28,15414000.0
1969-01-29,15428000.0
1969-01-30,15427000.0
1969-01-31,15441000.0
1969-02-01,15466000.0
1969-02-02,15485000.0
1969-02-03,15501000.0
1969-02-04,15502000.0
1969-02-05,15493000.0
1969-02-06,15485000.0
1969-02-07,15488000.0
1969-02-08,15489000.0
1969-02-09,15494000.0
1969-02-10,15491000.0
1969-02-11,15492000.0
1969-02-12,15481000.0
1969-02-13,15475000.0
1969-02-14,15473000.0
1969-02-15,15476000.0
1969-02-16,15484000.0
1969-02-17,15481000.0
1969-02-18,15476000.0
1969-02-19,15471000.0
1969-02-20,15471000.0
1969-02-21,15467000.0
1969-02-22,15473000.0
1969-02-23,15487000.0
1969-02-24,15479000.0
1969-02-25,15471000.0
1969-02-26,15474000.0
1969-02-27,15471000.0
1969-02-28,15464000.0
1969-03-01,15464000.0
1969-03-02,15460000.0
1969-03-03,15445000.0
1969-03-04,15437000.0
1969-03-05,15424000.0
1969-03-06,15407000.0
1969-03-07,15397000.0
1969-03-08,15395000.0
1969-03-09,15395000.0
1969-03-10,15382000.0
1969-03-11,15370000.0
1969-03-12,15351000.0
1969-03-13,15342000.0
1969-03-14,15333000.0
1969-03-15,15340000.0
1969-03-16,15360000.0
1969-03-17,15367000.0
1969-03-18,15371000.0
1969-03-19,15368000.0
1969-03-20,15369000.0
1969-03-21,15367000.0
1969-03-22,15380000.0
1969-03-23,15400000.0
1969-03-24,15392000.0
1969-03-25,15388000.0
1969-03-26,15385000.0
1969-03-27,15382000.0
1969-03-28,15375000.0
1969-03-29,15378000.0
1969-03-30,15391000.0
1969-03-31,15386000.0
1969-04-01,15382000.0
1969-04-02,15374000.0
1969-04-03,15375000.0
1969-04-04,15377000.0
1969-04-05,15379000.0
1969-04-06,15400000.0
1969-04-07,15399000.0
1969-04-08,15398000.0
1969-04-09,15397000.0
1969-04-10,15391000.0
1969-04-11,15389000.0
1969-04-12,15398000.0
1969-04-13,15413000.0
1969-04-14,15408000.0
1969-04-15,15407000.0
1969-04-16,15410000.0
1969-04-17,15412000.0
1969-04-18,15419000.0
1969-04-19,15430000.0
1969-04-20,15449000.0
1969-04-21,15456000.0
1969-04-22,15455000.0
1969-04-23,15456000.0
1969-04-24,15469000.0
1969-04-25,15478000.0
1969-04-26,15479000.0
1969-04-27,15490000.0
1969-04-28,15491000.0
1969-04-29,15485000.0
1969-04-30,15476000.0
1969-05-01,15476000.0
1969-05-02,15476000.0
1969-05-03,15487000.0
1969-05-04,15506000.0
1969-05-05,15513000.0
1969-05-06,15521000.0
1969-05-07,15527000.0
1969-05-08,15533000.0
1969-05-09,15538000.0
1969-05-10,15548000.0
1969-05-11,15565000.0
1969-05-12,15569000.0
1969-05-13,15566000.0
1969-05-14,15564000.0
1969-05-15,15568000.0
1969-05-16,15575000.0
1969-05-17,15593000.0
1969-05-18,15607000.0
1969-05-19,15610000.0
1969-05-20,15601000.0
1969-05-21,15588000.0
1969-05-22,15583000.0
1969-05-23,15576000.0
1969-05-24,15579000.0
1969-05-25,15590000.0
1969-05-26,15583000.0
1969-05-27,15566000.0
1969-05-28,15543000.0
1969-05-29,15526000.0
1969-05-30,15531000.0
1969-05-31,15526000.0
1969-06-01,15532000.0
1969-06-02,15524000.0
1969-06-03,15518000.0
1969-06-04,15511000.0
1969-06-05,15515000.0
1969-06-06,15511000.0
1969-06-07,15520000.0
1969-06-08,15536000.0
1969-06-09,15539000.0
1969-06-10,15533000.0
1969-06-11,15528000.0
1969-06-12,15532000.0
1969-06-13,15534000.0
1969-06-14,15536000.0
1969-06-15,15544000.0
1969-06-16,15542000.0
1969-06-17,15547000.0
1969-06-18,15543000.0
1969-06-19,15542000.0
1969-06-20,15541000.0
1969-06-21,15544000.0
1969-06-22,15560000.0
1969-06-23,15559000.0
1969-06-24,15560000.0
1969-06-25,15552000.0
1969-06-26,15557000.0
1969-06-27,15558000.0
1969-06-28,15566000.0
1969-06-29,15583000.0
1969-06-30,15583000.0
1969-07-01,15580000.0
1969-07-02,15579000.0
1969-07-03,15584000.0
1969-07-04,15601000.0
1969-07-05,15613000.0
1969-07-06,15631000.0
1969-07-07,15635000.0
1969-07-08,15635000.0
1969-07-09,15642000.0
1969-07-10,15646000.0
1969-07-11,15649000.0
1969-07-12,15660000.0
1969-07-13,15681000.0
1969-07-14,15687000.0
1969-07-15,15686000.0
1969-07-16,15675000.0
1969-07-17,15677000.0
1969-07-18,15677000.0
1969-07-19,15695000.0
1969-07-20,15712000.0
1969-07-21,15717000.0
1969-07-22,15718000.0
1969-07-23,15710000.0
1969-07-24,15710000.0
1969-07-25,15709000.0
1969-07-26,15718000.0
1969-07-27,15741000.0
1969-07-28,15743000.0
1969-07-29,15745000.0
1969-07-30,15738000.0
1969-07-31,15747000.0
1969-08-01,15746000.0
1969-08-02,15764000.0
1969-08-03,15782000.0
1969-08-04,15780000.0
1969-08-05,15778000.0
1969-08-06,15772000.0
1969-08-07,15774000.0
1969-08-08,15767000.0
1969-08-09,15787000.0
1969-08-10,15805000.0
1969-08-11,15806000.0
1969-08-12,15803000.0
1969-08-13,15803000.0
1969-08-14,15807000.0
1969-08-15,15809000.0
1969-08-16,15823000.0
1969-08-17,15837000.0
1969-08-18,15848000.0
1969-08-19,15852000.0
1969-08-20,15855000.0
1969-08-21,15860000.0
1969-08-22,15868000.0
1969-08-23,15882000.0
1969-08-24,15897000.0
1969-08-25,15903000.0
1969-08-26,15906000.0
1969-08-27,15906000.0
1969-08-28,15913000.0
1969-08-29,15920000.0
1969-08-30,15941000.0
1969-08-31,15962000.0
1969-09-01,15977000.0
1969-09-02,15977000.0
1969-09-03,15971000.0
1969-09-04,15969000.0
1969-09-05,15976000.0
1969-09-06,15992000.0
1969-09-07,16002000.0
1969-09-08,16002000.0
1969-09-09,16003000.0
1969-09-10,16005000.0
1969-09-11,16012000.0
1969-09-12,16030000.0
1969-09-13,16054000.0
1969-09-14,16078000.0
1969-09-15,16082000.0
1969-09-16,16086000.0
1969-09-17,16078000.0
1969-09-18,16082000.0
1969-09-19,16082000.0
1969-09-20,16093000.0
1969-09-21,16108000.0
1969-09-22,16116000.0
1969-09-23,16116000.0
1969-09-24,16108000.0
1969-09-25,16108000.0
1969-09-26,16112000.0
1969-09-27,16120000.0
1969-09-28,16134000.0
1969-09-29,16135000.0
1969-09-30,16133000.0
1969-10-01,16127000.0
1969-10-02,16127000.0
1969-10-03,16128000.0
1969-10-04,16127000.0
1969-10-05,16131000.0
1969-10-06,16126000.0
1969-10-07,16116000.0
1969-10-08,16106000.0
1969-10-09,16097000.0
1969-10-10,16096000.0
1969-10-11,16105000.0
1969-10-12,16114000.0
1969-10-13,16114000.0
1969-10-14,16114000.0
1969-10-15,16107000.0
1969-10-16,16108000.0
1969-10-17,16112000.0
1969-10-18,16117000.0
1969-10-19,16132000.0
1969-10-20,16137000.0
1969-10-21,16139000.0
1969-10-22,16135000.0
1969-10-23,16140000.0
1969-10-24,16147000.0
1969-10-25,16157000.0
1969-10-26,16172000.0
1969-10-27,16171000.0
1969-10-28,16172000.0
1969-10-29,16161000.0
1969-10-30,16162000.0
1969-10-31,16171000.0
1969-11-01,16188000.0
1969-11-02,16208000.0
1969-11-03,16216000.0
1969-11-04,16223000.0
1969-11-05,16217000.0
1969-11-06,16221000.0
1969-11-07,16229000.0
1969-11-08,16243000.0
1969-11-09,16265000.0
1969-11-10,16271000.0
1969-11-11,16275000.0
1969-11-12,16277000.0
1969-11-13,16283000.0
1969-11-14,16292000.0
1969-11-15,16309000.0
1969-11-16,16325000.0
1969-11-17,16331000.0
1969-11-18,16334000.0
1969-11-19,16332000.0
1969-11-20,16337000.0
1969-11-21,16353000.0
1969-11-22,16369000.0
1969-11-23,16389000.0
1969-11-24,16397000.0
1969-11-25,16404000.0
1969-11-26,16406000.0
1969-11-27,16424000.0
1969-11-28,16431000.0
1969-11-29,16438000.0
1969-11-30,16446000.0
1969-12-01,16455000.0
1969-12-02,16463000.0
1969-12-03,16462000.0
1969-12-04,16480000.0
1969-12-05,16492000.0
1969-12-06,16511000.0
1969-12-07,16538000.0
1969-12-08,16550000.0
1969-12-09,16559000.0
1969-12-10,16570000.0
1969-12-11,16584000.0
1969-12-12,16601000.0
1969-12-13,16620000.0
1969-12-14,16640000.0
1969-12-15,16650000.0
1969-12-16,16653000.0
1969-12-17,16656000.0
1969-12-18,16664000.0
1969-12-19,16678000.0
1969-12-20,16688000.0
1969-12-21,16705000.0
1969-12-22,16713000.0
1969-12-23,16721000.0
1969-12-24,16718000.0
1969-12-25,16735000.0
1969-12-26,16744000.0
1969-12-27,16755000.0
1969-12-28,16751000.0
1969-12-29,16754000.0
1969-12-30,16760000.0
1969-12-31,16760000.0
1970-01-01,16777000.0
1970-01-02,16789000.0
1970-01-03,16801000.0
1970-01-04,16814000.0
1970-01-05,16824000.0
1970-01-06,16830000.0
1970-01-07,16833000.0
1970-01-08,16850000.0
1970-01-09,16857000.0
1970-01-10,16874000.0
1970-01-11,16887000.0
1970-01-12,16887000.0
1970-01-13,16888000.0
1970-01-14,16890000.0
1970-01-15,16899000.0
1970-01-16,16904000.0
1970-01-17,16923000.0
1970-01-18,16939000.0
1970-01-19,16946000.0
1970-01-20,16946000.0
1970-01-21,16944000.0
1970-01-22,16942000.0
1970-01-23,16938000.0
1970-01-24,16941000.0
1970-01-25,16944000.0
1970-01-26,16936000.0
1970-01-27,16923000.0
1970-01-28,16904000.0
1970-01-29,16896000.0
1970-01-30,16887000.0
1970-01-31,16890000.0
1970-02-01,16903000.0
1970-02-02,16899000.0
1970-02-03,16894000.0
1970-02-04,16877000.0
1970-02-05,16877000.0
1970-02-06,16873000.0
1970-02-07,16877000.0
1970-02-08,16887000.0
1970-02-09,16888000.0
1970-02-10,16886000.0
1970-02-11,16873000.0
1970-02-12,16869000.0
1970-02-13,16871000.0
1970-02-14,16883000.0
1970-02-15,16897000.0
1970-02-16,16895000.0
1970-02-17,16893000.0
1970-02-18,16879000.0
1970-02-19,16874000.0
1970-02-20,16869000.0
1970-02-21,16869000.0
1970-02-22,16878000.0
1970-02-23,16878000.0
1970-02-24,16871000.0
1970-02-25,16862000.0
1970-02-26,16852000.0
1970-02-27,16846000.0
1970-02-28,16853000.0
1970-03-01,16854000.0
1970-03-02,16847000.0
1970-03-03,16836000.0
1970-03-04,16816000.0
1970-03-05,16807000.0
1970-03-06,16788000.0
1970-03-07,16778000.0
1970-03-08,16772000.0
1970-03-09,16764000.0
1970-03-10,16753000.0
1970-03-11,16737000.0
1970-03-12,16727000.0
1970-03-13,16720000.0
1970-03-14,16726000.0
1970-03-15,16731000.0
1970-03-16,16724000.0
1970-03-17,16711000.0
1970-03-18,16694000.0
1970-03-19,16679000.0
1970-03-20,16667000.0
1970-03-21,16667000.0
1970-03-22,16671000.0
1970-03-23,16662000.0
1970-03-24,16652000.0
1970-03-25,16635000.0
1970-03-26,16624000.0
1970-03-27,16612000.0
1970-03-28,16615000.0
1970-03-29,16617000.0
1970-03-30,16611000.0
1970-03-31,16597000.0
1970-04-01,16579000.0
1970-04-02,16569000.0
1970-04-03,16561000.0
1970-04-04,16558000.0
1970-04-05,16584000.0
1970-04-06,16589000.0
1970-04-07,16588000.0
1970-04-08,16589000.0
1970-04-09,16583000.0
1970-04-10,16577000.0
1970-04-11,16585000.0
1970-04-12,16589000.0
1970-04-13,16578000.0
1970-04-14,16572000.0
1970-04-15,16564000.0
1970-04-16,16551000.0
1970-04-17,16546000.0
1970-04-18,16556000.0
1970-04-19,16572000.0
1970-04-20,16566000.0
1970-04-21,16546000.0
1970-04-22,16537000.0
1970-04-23,16525000.0
1970-04-24,16522000.0
1970-04-25,16530000.0
1970-04-26,16551000.0
1970-04-27,16562000.0
1970-04-28,16558000.0
1970-04-29,16561000.0
1970-04-30,16568000.0
1970-05-01,16570000.0
1970-05-02,16588000.0
1970-05-03,16612000.0
1970-05-04,16611000.0
1970-05-05,16601000.0
1970-05-06,16585000.0
1970-05-07,16583000.0
1970-05-08,16581000.0
1970-05-09,16596000.0
1970-05-10,16612000.0
1970-05-11,16602000.0
1970-05-12,16598000.0
1970-05-13,16588000.0
1970-05-14,16577000.0
1970-05-15,16571000.0
1970-05-16,16574000.0
1970-05-17,16584000.0
1970-05-18,16577000.0
1970-05-19,16569000.0
1970-05-20,16568000.0
1970-05-21,16566000.0
1970-05-22,16562000.0
1970-05-23,16572000.0
1970-05-24,16589000.0
1970-05-25,16584000.0
1970-05-26,16575000.0
1970-05-27,16567000.0
1970-05-28,16559000.0
1970-05-29,16553000.0
1970-05-30,16566000.0
1970-05-31,16576000.0
1970-06-01,16566000.0
1970-06-02,16553000.0
1970-06-03,16542000.0
1970-06-04,16542000.0
1970-06-05,16540000.0
1970-06-06,16551000.0
1970-06-07,16567000.0
1970-06-08,16561000.0
1970-06-09,16553000.0
1970-06-10,16546000.0
1970-06-11,16537000.0
1970-06-12,16532000.0
1970-06-13,16540000.0
1970-06-14,16558000.0
1970-06-15,16560000.0
1970-06-16,16552000.0
1970-06-17,16544000.0
1970-06-18,16541000.0
1970-06-19,16542000.0
1970-06-20,16551000.0
1970-06-21,16564000.0
1970-06-22,16566000.0
1970-06-23,16562000.0
1970-06-24,16561000.0
1970-06-25,16559000.0
1970-06-26,16550000.0
1970-06-27,16557000.0
1970-06-28,16566000.0
1970-06-29,16567000.0
1970-06-30,16560000.0
1970-07-01,16556000.0
1970-07-02,16551000.0
1970-07-03,16556000.0
1970-07-04,16574000.0
1970-07-05,16594000.0
1970-07-06,16593000.0
1970-07-07,16588000.0
1970-07-08,16584000.0
1970-07-09,16590000.0
1970-07-10,16583000.0
1970-07-11,16588000.0
1970-07-12,16599000.0
1970-07-13,16591000.0
1970-07-14,16587000.0
1970-07-15,16569000.0
1970-07-16,16562000.0
1970-07-17,16561000.0
1970-07-18,16568000.0
1970-07-19,16585000.0
1970-07-20,16583000.0
1970-07-21,16578000.0
1970-07-22,16572000.0
1970-07-23,16570000.0
1970-07-24,16565000.0
1970-07-25,16564000.0
1970-07-26,16577000.0
1970-07-27,16574000.0
1970-07-28,16560000.0
1970-07-29,16560000.0
1970-07-30,16547000.0
1970-07-31,16538000.0
1970-08-01,16539000.0
1970-08-02,16548000.0
1970-08-03,16548000.0
1970-08-04,16549000.0
1970-08-05,16541000.0
1970-08-06,16539000.0
1970-08-07,16531000.0
1970-08-08,16531000.0
1970-08-09,16540000.0
1970-08-10,16541000.0
1970-08-11,16536000.0
1970-08-12,16525000.0
1970-08-13,16530000.0
1970-08-14,16531000.0
1970-08-15,16533000.0
1970-08-16,16547000.0
1970-08-17,16539000.0
1970-08-18,16534000.0
1970-08-19,16524000.0
1970-08-20,16522000.0
1970-08-21,16527000.0
1970-08-22,16542000.0
1970-08-23,16558000.0
1970-08-24,16558000.0
1970-08-25,16559000.0
1970-08-26,16558000.0
1970-08-27,16570000.0
1970-08-28,16580000.0
1970-08-29,16599000.0
1970-08-30,16622000.0
1970-08-31,16628000.0
1970-09-01,16628000.0
1970-09-02,16626000.0
1970-09-03,16629000.0
1970-09-04,16626000.0
1970-09-05,16642000.0
1970-09-06,16655000.0
1970-09-07,16664000.0
1970-09-08,16659000.0
1970-09-09,16659000.0
1970-09-10,16658000.0
1970-09-11,16667000.0
1970-09-12,16688000.0
1970-09-13,16705000.0
1970-09-14,16706000.0
1970-09-15,16705000.0
1970-09-16,16698000.0
1970-09-17,16697000.0
1970-09-18,16698000.0
1970-09-19,16700000.0
1970-09-20,16711000.0
1970-09-21,16712000.0
1970-09-22,16715000.0
1970-09-23,16719000.0
1970-09-24,16728000.0
1970-09-25,16726000.0
1970-09-26,16739000.0
1970-09-27,16754000.0
1970-09-28,16763000.0
1970-09-29,16770000.0
1970-09-30,16769000.0
1970-10-01,16782000.0
1970-10-02,16785000.0
1970-10-03,16791000.0
1970-10-04,16801000.0
1970-10-05,16804000.0
1970-10-06,16794000.0
1970-10-07,16782000.0
1970-10-08,16765000.0
1970-10-09,16755000.0
1970-10-10,16757000.0
1970-10-11,16757000.0
1970-10-12,16755000.0
1970-10-13,16755000.0
1970-10-14,16747000.0
1970-10-15,16736000.0
1970-10-16,16728000.0
1970-10-17,16731000.0
1970-10-18,16741000.0
1970-10-19,16739000.0
1970-10-20,16722000.0
1970-10-21,16707000.0
1970-10-22,16705000.0
1970-10-23,16700000.0
1970-10-24,16704000.0
1970-10-25,16714000.0
1970-10-26,16713000.0
1970-10-27,16704000.0
1970-10-28,16689000.0
1970-10-29,16683000.0
1970-10-30,16676000.0
1970-10-31,16677000.0
1970-11-01,16685000.0
1970-11-02,16682000.0
1970-11-03,16669000.0
1970-11-04,16655000.0
1970-11-05,16646000.0
1970-11-06,16640000.0
1970-11-07,16647000.0
1970-11-08,16653000.0
1970-11-09,16650000.0
1970-11-10,16644000.0
1970-11-11,16634000.0
1970-11-12,16626000.0
1970-11-13,16621000.0
1970-11-14,16624000.0
1970-11-15,16629000.0
1970-11-16,16623000.0
1970-11-17,16616000.0
1970-11-18,16610000.0
1970-11-19,16613000.0
1970-11-20,16623000.0
1970-11-21,16638000.0
1970-11-22,16649000.0
1970-11-23,16660000.0
1970-11-24,16660000.0
1970-11-25,16655000.0
1970-11-26,16663000.0
1970-11-27,16671000.0
1970-11-28,16675000.0
1970-11-29,16674000.0
1970-11-30,16675000.0
1970-12-01,16673000.0
1970-12-02,16667000.0
1970-12-03,16669000.0
1970-12-04,16670000.0
1970-12-05,16675000.0
1970-12-06,16680000.0
1970-12-07,16683000.0
1970-12-08,16679000.0
1970-12-09,16677000.0
1970-12-10,16676000.0
1970-12-11,16675000.0
1970-12-12,16682000.0
1970-12-13,16696000.0
1970-12-14,16696000.0
1970-12-15,16700000.0
1970-12-16,16693000.0
1970-12-17,16696000.0
1970-12-18,16704000.0
1970-12-19,16721000.0
1970-12-20,16738000.0
1970-12-21,16748000.0
1970-12-22,16753000.0
1970-12-23,16754000.0
1970-12-24,16765000.0
1970-12-25,16782000.0
1970-12-26,16794000.0
1970-12-27,16805000.0
1970-12-28,16800000.0
1970-12-29,16806000.0
1970-12-30,16798000.0
1970-12-31,16811000.0
1971-01-01,16823000.0
1971-01-02,16834000.0
1971-01-03,16841000.0
1971-01-04,16825000.0
1971-01-05,16818000.0
1971-01-06,16817000.0
1971-01-07,16821000.0
1971-01-08,16830000.0
1971-01-09,16842000.0
1971-01-10,16863000.0
1971-01-11,16865000.0
1971-01-12,16856000.0
1971-01-13,16845000.0
1971-01-14,16845000.0
1971-01-15,16844000.0
1971-01-16,16847000.0
1971-01-17,16858000.0
1971-01-18,16860000.0
1971-01-19,16857000.0
1971-01-20,16845000.0
1971-01-21,16845000.0
1971-01-22,16842000.0
1971-01-23,16844000.0
1971-01-24,16842000.0
1971-01-25,16838000.0
1971-01-26,16830000.0
1971-01-27,16816000.0
1971-01-28,16808000.0
1971-01-29,16801000.0
1971-01-30,16800000.0
1971-01-31,16801000.0
1971-02-01,16790000.0
1971-02-02,16775000.0
1971-02-03,16758000.0
1971-02-04,16743000.0
1971-02-05,16732000.0
1971-02-06,16730000.0
1971-02-07,16726000.0
1971-02-08,16718000.0
1971-02-09,16704000.0
1971-02-10,16693000.0
1971-02-11,16670000.0
1971-02-12,16660000.0
1971-02-13,16664000.0
1971-02-14,16665000.0
1971-02-15,16653000.0
1971-02-16,16641000.0
1971-02-17,16615000.0
1971-02-18,16602000.0
1971-02-19,16579000.0
1971-02-20,16577000.0
1971-02-21,16572000.0
1971-02-22,16557000.0
1971-02-23,16543000.0
1971-02-24,16529000.0
1971-02-25,16519000.0
1971-02-26,16517000.0
1971-02-27,16514000.0
1971-02-28,16523000.0
1971-03-01,16514000.0
1971-03-02,16500000.0
1971-03-03,16491000.0
1971-03-04,16484000.0
1971-03-05,16490000.0
1971-03-06,16493000.0
1971-03-07,16503000.0
1971-03-08,16494000.0
1971-03-09,16484000.0
1971-03-10,16471000.0
1971-03-11,16466000.0
1971-03-12,16456000.0
1971-03-13,16455000.0
1971-03-14,16460000.0
1971-03-15,16457000.0
1971-03-16,16448000.0
1971-03-17,16444000.0
1971-03-18,16426000.0
1971-03-19,16412000.0
1971-03-20,16406000.0
1971-03-21,16405000.0
1971-03-22,16392000.0
1971-03-23,16373000.0
1971-03-24,16353000.0
1971-03-25,16338000.0
1971-03-26,16321000.0
1971-03-27,16317000.0
1971-03-28,16324000.0
1971-03-29,16313000.0
1971-03-30,16295000.0
1971-03-31,16289000.0
1971-04-01,16272000.0
1971-04-02,16262000.0
1971-04-03,16272000.0
1971-04-04,16294000.0
1971-04-05,16298000.0
1971-04-06,16291000.0
1971-04-07,16292000.0
1971-04-08,16299000.0
1971-04-09,16310000.0
1971-04-10,16325000.0
1971-04-11,16346000.0
1971-04-12,16351000.0
1971-04-13,16345000.0
1971-04-14,16346000.0
1971-04-15,16346000.0
1971-04-16,16348000.0
1971-04-17,16360000.0
1971-04-18,16379000.0
1971-04-19,16375000.0
1971-04-20,16372000.0
1971-04-21,16366000.0
1971-04-22,16361000.0
1971-04-23,16357000.0
1971-04-24,16360000.0
1971-04-25,16377000.0
1971-04-26,16368000.0
1971-04-27,16353000.0
1971-04-28,16335000.0
1971-04-29,16333000.0
1971-04-30,16326000.0
1971-05-01,16337000.0
1971-05-02,16351000.0
1971-05-03,16345000.0
1971-05-04,16329000.0
1971-05-05,16321000.0
1971-05-06,16319000.0
1971-05-07,16310000.0
1971-05-08,16329000.0
1971-05-09,16352000.0
1971-05-10,16352000.0
1971-05-11,16335000.0
1971-05-12,16325000.0
1971-05-13,16323000.0
1971-05-14,16319000.0
1971-05-15,16329000.0
1971-05-16,16348000.0
1971-05-17,16342000.0
1971-05-18,16336000.0
1971-05-19,16326000.0
1971-05-20,16315000.0
1971-05-21,16314000.0
1971-05-22,16327000.0
1971-05-23,16343000.0
1971-05-24,16342000.0
1971-05-25,16334000.0
1971-05-26,16332000.0
1971-05-27,16332000.0
1971-05-28,16336000.0
1971-05-29,16351000.0
1971-05-30,16363000.0
1971-05-31,16374000.0
1971-06-01,16377000.0
1971-06-02,16375000.0
1971-06-03,16375000.0
1971-06-04,16381000.0
1971-06-05,16392000.0
1971-06-06,16412000.0
1971-06-07,16405000.0
1971-06-08,16402000.0
1971-06-09,16388000.0
1971-06-10,16383000.0
1971-06-11,16382000.0
1971-06-12,16386000.0
1971-06-13,16398000.0
1971-06-14,16391000.0
1971-06-15,16381000.0
1971-06-16,16371000.0
1971-06-17,16371000.0
1971-06-18,16374000.0
1971-06-19,16391000.0
1971-06-20,16410000.0
1971-06-21,16415000.0
1971-06-22,16410000.0
1971-06-23,16407000.0
1971-06-24,16410000.0
1971-06-25,16412000.0
1971-06-26,16420000.0
1971-06-27,16445000.0
1971-06-28,16453000.0
1971-06-29,16460000.0
1971-06-30,16462000.0
1971-07-01,16470000.0
1971-07-02,16474000.0
1971-07-03,16486000.0
1971-07-04,16503000.0
1971-07-05,16520000.0
1971-07-06,16514000.0
1971-07-07,16508000.0
1971-07-08,16496000.0
1971-07-09,16496000.0
1971-07-10,16501000.0
1971-07-11,16515000.0
1971-07-12,16520000.0
1971-07-13,16515000.0
1971-07-14,16515000.0
1971-07-15,16522000.0
1971-07-16,16524000.0
1971-07-17,16538000.0
1971-07-18,16556000.0
1971-07-19,16564000.0
1971-07-20,16566000.0
1971-07-21,16568000.0
1971-07-22,16574000.0
1971-07-23,16579000.0
1971-07-24,16596000.0
1971-07-25,16612000.0
1971-07-26,16615000.0
1971-07-27,16613000.0
1971-07-28,16608000.0
1971-07-29,16602000.0
1971-07-30,16608000.0
1971-07-31,16615000.0
1971-08-01,16624000.0
1971-08-02,16628000.0
1971-08-03,16621000.0
1971-08-04,16605000.0
1971-08-05,16612000.0
1971-08-06,16611000.0
1971-08-07,16616000.0
1971-08-08,16634000.0
1971-08-09,16628000.0
1971-08-10,16615000.0
1971-08-11,16598000.0
1971-08-12,16589000.0
1971-08-13,16594000.0
1971-08-14,16599000.0
1971-08-15,16629000.0
1971-08-16,16632000.0
1971-08-17,16625000.0
1971-08-18,16631000.0
1971-08-19,16633000.0
1971-08-20,16635000.0
1971-08-21,16648000.0
1971-08-22,16662000.0
1971-08-23,16676000.0
1971-08-24,16680000.0
1971-08-25,16695000.0
1971-08-26,16710000.0
1971-08-27,16728000.0
1971-08-28,16756000.0
1971-08-29,16782000.0
1971-08-30,16796000.0
1971-08-31,16799000.0
1971-09-01,16807000.0
1971-09-02,16814000.0
1971-09-03,16822000.0
1971-09-04,16840000.0
1971-09-05,16860000.0
1971-09-06,16871000.0
1971-09-07,16861000.0
1971-09-08,16845000.0
1971-09-09,16837000.0
1971-09-10,16840000.0
1971-09-11,16849000.0
1971-09-12,16857000.0
1971-09-13,16853000.0
1971-09-14,16855000.0
1971-09-15,16857000.0
1971-09-16,16869000.0
1971-09-17,16873000.0
1971-09-18,16886000.0
1971-09-19,16902000.0
1971-09-20,16904000.0
1971-09-21,16898000.0
1971-09-22,16882000.0
1971-09-23,16878000.0
1971-09-24,16881000.0
1971-09-25,16881000.0
1971-09-26,16894000.0
1971-09-27,16890000.0
1971-09-28,16894000.0
1971-09-29,16886000.0
1971-09-30,16886000.0
1971-10-01,16887000.0
1971-10-02,16898000.0
1971-10-03,16911000.0
1971-10-04,16910000.0
1971-10-05,16909000.0
1971-10-06,16912000.0
1971-10-07,16912000.0
1971-10-08,16911000.0
1971-10-09,16918000.0
1971-10-10,16927000.0
1971-10-11,16925000.0
1971-10-12,16926000.0
1971-10-13,16917000.0
1971-10-14,16912000.0
1971-10-15,16914000.0
1971-10-16,16926000.0
1971-10-17,16943000.0
1971-10-18,16939000.0
1971-10-19,16942000.0
1971-10-20,16941000.0
1971-10-21,16942000.0
1971-10-22,16944000.0
1971-10-23,16954000.0
1971-10-24,16963000.0
1971-10-25,16966000.0
1971-10-26,16965000.0
1971-10-27,16955000.0
1971-10-28,16950000.0
1971-10-29,16955000.0
1971-10-30,16965000.0
1971-10-31,16976000.0
1971-11-01,16976000.0
1971-11-02,16977000.0
1971-11-03,16977000.0
1971-11-04,16981000.0
1971-11-05,16989000.0
1971-11-06,16993000.0
1971-11-07,17010000.0
1971-11-08,17017000.0
1971-11-09,17019000.0
1971-11-10,17016000.0
1971-11-11,17025000.0
1971-11-12,17032000.0
1971-11-13,17050000.0
1971-11-14,17066000.0
1971-11-15,17075000.0
1971-11-16,17076000.0
1971-11-17,17075000.0
1971-11-18,17084000.0
1971-11-19,17098000.0
1971-11-20,17115000.0
1971-11-21,17136000.0
1971-11-22,17152000.0
1971-11-23,17167000.0
1971-11-24,17184000.0
1971-11-25,17208000.0
1971-11-26,17227000.0
1971-11-27,17238000.0
1971-11-28,17251000.0
1971-11-29,17256000.0
1971-11-30,17258000.0
1971-12-01,17250000.0
1971-12-02,17251000.0
1971-12-03,17256000.0
1971-12-04,17276000.0
1971-12-05,17299000.0
1971-12-06,17310000.0
1971-12-07,17314000.0
1971-12-08,17317000.0
1971-12-09,17329000.0
1971-12-10,17338000.0
1971-12-11,17357000.0
1971-12-12,17376000.0
1971-12-13,17386000.0
1971-12-14,17391000.0
1971-12-15,17399000.0
1971-12-16,17412000.0
1971-12-17,17427000.0
1971-12-18,17447000.0
1971-12-19,17472000.0
1971-12-20,17485000.0
1971-12-21,17493000.0
1971-12-22,17515000.0
1971-12-23,17536000.0
1971-12-24,17561000.0
1971-12-25,17588000.0
1971-12-26,17613000.0
1971-12-27,17615000.0
1971-12-28,17616000.0
1971-12-29,17615000.0
1971-12-30,17629000.0
1971-12-31,17645000.0
1972-01-01,17677000.0
1972-01-02,17703000.0
1972-01-03,17703000.0
1972-01-04,17691000.0
1972-01-05,17689000.0
1972-01-06,17698000.0
1972-01-07,17722000.0
1972-01-08,17743000.0
1972-01-09,17765000.0
1972-01-10,17769000.0
1972-01-11,17769000.0
1972-01-12,17766000.0
1972-01-13,17776000.0
1972-01-14,17787000.0
1972-01-15,17805000.0
1972-01-16,17824000.0
1972-01-17,17831000.0
1972-01-18,17834000.0
1972-01-19,17829000.0
1972-01-20,17834000.0
1972-01-21,17842000.0
1972-01-22,17857000.0
1972-01-23,17875000.0
1972-01-24,17877000.0
1972-01-25,17868000.0
1972-01-26,17859000.0
1972-01-27,17867000.0
1972-01-28,17871000.0
1972-01-29,17883000.0
1972-01-30,17898000.0
1972-01-31,17901000.0
1972-02-01,17900000.0
1972-02-02,17894000.0
1972-02-03,17897000.0
1972-02-04,17902000.0
1972-02-05,17921000.0
1972-02-06,17939000.0
1972-02-07,17938000.0
1972-02-08,17935000.0
1972-02-09,17924000.0
1972-02-10,17914000.0
1972-02-11,17910000.0
1972-02-12,17918000.0
1972-02-13,17926000.0
1972-02-14,17920000.0
1972-02-15,17910000.0
1972-02-16,17894000.0
1972-02-17,17888000.0
1972-02-18,17880000.0
1972-02-19,17883000.0
1972-02-20,17884000.0
1972-02-21,17873000.0
1972-02-22,17854000.0
1972-02-23,17838000.0
1972-02-24,17820000.0
1972-02-25,17802000.0
1972-02-26,17792000.0
1972-02-27,17787000.0
1972-02-28,17763000.0
1972-02-29,17741000.0
1972-03-01,17717000.0
1972-03-02,17690000.0
1972-03-03,17670000.0
1972-03-04,17670000.0
1972-03-05,17670000.0
1972-03-06,17652000.0
1972-03-07,17631000.0
1972-03-08,17605000.0
1972-03-09,17578000.0
1972-03-10,17554000.0
1972-03-11,17556000.0
1972-03-12,17562000.0
1972-03-13,17545000.0
1972-03-14,17526000.0
1972-03-15,17497000.0
1972-03-16,17475000.0
1972-03-17,17456000.0
1972-03-18,17443000.0
1972-03-19,17442000.0
1972-03-20,17420000.0
1972-03-21,17397000.0
1972-03-22,17368000.0
1972-03-23,17351000.0
1972-03-24,17334000.0
1972-03-25,17326000.0
1972-03-26,17327000.0
1972-03-27,17299000.0
1972-03-28,17267000.0
1972-03-29,17237000.0
1972-03-30,17204000.0
1972-03-31,17174000.0
1972-04-01,17170000.0
1972-04-02,17173000.0
1972-04-03,17153000.0
1972-04-04,17129000.0
1972-04-05,17106000.0
1972-04-06,17080000.0
1972-04-07,17051000.0
1972-04-08,17056000.0
1972-04-09,17060000.0
1972-04-10,17036000.0
1972-04-11,17013000.0
1972-04-12,16978000.0
1972-04-13,16965000.0
1972-04-14,16962000.0
1972-04-15,16974000.0
1972-04-16,17002000.0
1972-04-17,17002000.0
1972-04-18,16996000.0
1972-04-19,16991000.0
1972-04-20,16990000.0
1972-04-21,16990000.0
1972-04-22,17008000.0
1972-04-23,17030000.0
1972-04-24,17025000.0
1972-04-25,17021000.0
1972-04-26,17014000.0
1972-04-27,17007000.0
1972-04-28,16999000.0
1972-04-29,17006000.0
1972-04-30,17015000.0
1972-05-01,17007000.0
1972-05-02,16993000.0
1972-05-03,16985000.0
1972-05-04,16989000.0
1972-05-05,16983000.0
1972-05-06,17001000.0
1972-05-07,17017000.0
1972-05-08,17005000.0
1972-05-09,16990000.0
1972-05-10,16977000.0
1972-05-11,16974000.0
1972-05-12,16974000.0
1972-05-13,16990000.0
1972-05-14,17008000.0
1972-05-15,17004000.0
1972-05-16,16992000.0
1972-05-17,16983000.0
1972-05-18,16978000.0
1972-05-19,16968000.0
1972-05-20,16977000.0
1972-05-21,16988000.0
1972-05-22,16970000.0
1972-05-23,16951000.0
1972-05-24,16930000.0
1972-05-25,16927000.0
1972-05-26,16930000.0
1972-05-27,16954000.0
1972-05-28,16977000.0
1972-05-29,16992000.0
1972-05-30,16982000.0
1972-05-31,16970000.0
1972-06-01,16977000.0
1972-06-02,16976000.0
1972-06-03,16999000.0
1972-06-04,17028000.0
1972-06-05,17017000.0
1972-06-06,17010000.0
1972-06-07,17009000.0
1972-06-08,17009000.0
1972-06-09,17007000.0
1972-06-10,17016000.0
1972-06-11,17031000.0
1972-06-12,17027000.0
1972-06-13,17015000.0
1972-06-14,16997000.0
1972-06-15,16994000.0
1972-06-16,16989000.0
1972-06-17,17008000.0
1972-06-18,17027000.0
1972-06-19,17025000.0
1972-06-20,17019000.0
1972-06-21,17001000.0
1972-06-22,17010000.0
1972-06-23,17012000.0
1972-06-24,17025000.0
1972-06-25,17037000.0
1972-06-26,17030000.0
1972-06-27,17017000.0
1972-06-28,17006000.0
1972-06-29,17001000.0
1972-06-30,16999000.0
1972-07-01,17012000.0
1972-07-02,17028000.0
1972-07-03,17024000.0
1972-07-04,17032000.0
1972-07-05,17019000.0
1972-07-06,16997000.0
1972-07-07,16980000.0
1972-07-08,16970000.0
1972-07-09,16983000.0
1972-07-10,16983000.0
1972-07-11,16974000.0
1972-07-12,16965000.0
1972-07-13,16963000.0
1972-07-14,16962000.0
1972-07-15,16976000.0
1972-07-16,16983000.0
1972-07-17,16999000.0
1972-07-18,16991000.0
1972-07-19,16980000.0
1972-07-20,16980000.0
1972-07-21,16984000.0
1972-07-22,16997000.0
1972-07-23,17014000.0
1972-07-24,17013000.0
1972-07-25,17009000.0
1972-07-26,16999000.0
1972-07-27,16992000.0
1972-07-28,16992000.0
1972-07-29,17009000.0
1972-07-30,17028000.0
1972-07-31,17027000.0
1972-08-01,17015000.0
1972-08-02,17016000.0
1972-08-03,17021000.0
1972-08-04,17025000.0
1972-08-05,17037000.0
1972-08-06,17052000.0
1972-08-07,17053000.0
1972-08-08,17046000.0
1972-08-09,17045000.0
1972-08-10,17044000.0
1972-08-11,17048000.0
1972-08-12,17068000.0
1972-08-13,17097000.0
1972-08-14,17107000.0
1972-08-15,17108000.0
1972-08-16,17108000.0
1972-08-17,17118000.0
1972-08-18,17126000.0
1972-08-19,17144000.0
1972-08-20,17168000.0
1972-08-21,17172000.0
1972-08-22,17165000.0
1972-08-23,17166000.0
1972-08-24,17178000.0
1972-08-25,17193000.0
1972-08-26,17208000.0
1972-08-27,17223000.0
1972-08-28,17217000.0
1972-08-29,17201000.0
1972-08-30,17194000.0
1972-08-31,17193000.0
1972-09-01,17196000.0
1972-09-02,17215000.0
1972-09-03,17229000.0
1972-09-04,17236000.0
1972-09-05,17230000.0
1972-09-06,17225000.0
1972-09-07,17225000.0
1972-09-08,17228000.0
1972-09-09,17240000.0
1972-09-10,17257000.0
1972-09-11,17260000.0
1972-09-12,17257000.0
1972-09-13,17257000.0
1972-09-14,17259000.0
1972-09-15,17266000.0
1972-09-16,17286000.0
1972-09-17,17317000.0
1972-09-18,17337000.0
1972-09-19,17348000.0
1972-09-20,17368000.0
1972-09-21,17382000.0
1972-09-22,17389000.0
1972-09-23,17403000.0
1972-09-24,17419000.0
1972-09-25,17426000.0
1972-09-26,17426000.0
1972-09-27,17424000.0
1972-09-28,17431000.0
1972-09-29,17436000.0
1972-09-30,17451000.0
1972-10-01,17471000.0
1972-10-02,17475000.0
1972-10-03,17473000.0
1972-10-04,17464000.0
1972-10-05,17467000.0
1972-10-06,17470000.0
1972-10-07,17480000.0
1972-10-08,17510000.0
1972-10-09,17531000.0
1972-10-10,17542000.0
1972-10-11,17550000.0
1972-10-12,17560000.0
1972-10-13,17561000.0
1972-10-14,17580000.0
1972-10-15,17594000.0
1972-10-16,17601000.0
1972-10-17,17605000.0
1972-10-18,17602000.0
1972-10-19,17616000.0
1972-10-20,17652000.0
1972-10-21,17707000.0
1972-10-22,17733000.0
1972-10-23,17758000.0
1972-10-24,17774000.0
1972-10-25,17792000.0
1972-10-26,17811000.0
1972-10-27,17822000.0
1972-10-28,17828000.0
1972-10-29,17837000.0
1972-10-30,17830000.0
1972-10-31,17819000.0
1972-11-01,17810000.0
1972-11-02,17819000.0
1972-11-03,17829000.0
1972-11-04,17844000.0
1972-11-05,17859000.0
1972-11-06,17865000.0
1972-11-07,17866000.0
1972-11-08,17860000.0
1972-11-09,17869000.0
1972-11-10,17878000.0
1972-11-11,17896000.0
1972-11-12,17909000.0
1972-11-13,17915000.0
1972-11-14,17921000.0
1972-11-15,17920000.0
1972-11-16,17948000.0
1972-11-17,17968000.0
1972-11-18,17994000.0
1972-11-19,18017000.0
1972-11-20,18018000.0
1972-11-21,18021000.0
1972-11-22,18026000.0
1972-11-23,18042000.0
1972-11-24,18065000.0
1972-11-25,18077000.0
1972-11-26,18081000.0
1972-11-27,18084000.0
1972-11-28,18086000.0
1972-11-29,18083000.0
1972-11-30,18088000.0
1972-12-01,18104000.0
1972-12-02,18121000.0
1972-12-03,18142000.0
1972-12-04,18156000.0
1972-12-05,18164000.0
1972-12-06,18164000.0
1972-12-07,18172000.0
1972-12-08,18190000.0
1972-12-09,18210000.0
1972-12-10,18218000.0
1972-12-11,18233000.0
1972-12-12,18245000.0
1972-12-13,18267000.0
1972-12-14,18292000.0
1972-12-15,18321000.0
1972-12-16,18352000.0
1972-12-17,18380000.0
1972-12-18,18401000.0
1972-12-19,18418000.0
1972-12-20,18437000.0
1972-12-21,18459000.0
1972-12-22,18483000.0
1972-12-23,18516000.0
1972-12-24,18547000.0
1972-12-25,18562000.0
1972-12-26,18571000.0
1972-12-27,18567000.0
1972-12-28,18568000.0
1972-12-29,18588000.0
1972-12-30,18615000.0
1972-12-31,18645000.0
1973-01-01,18674000.0
1973-01-02,18684000.0
1973-01-03,18691000.0
1973-01-04,18709000.0
1973-01-05,18719000.0
1973-01-06,18742000.0
1973-01-07,18774000.0
1973-01-08,18794000.0
1973-01-09,18806000.0
1973-01-10,18836000.0
1973-01-11,18864000.0
1973-01-12,18882000.0
1973-01-13,18913000.0
1973-01-14,18945000.0
1973-01-15,18960000.0
1973-01-16,18954000.0
1973-01-17,18962000.0
1973-01-18,18970000.0
1973-01-19,18984000.0
1973-01-20,19014000.0
1973-01-21,19038000.0
1973-01-22,19060000.0
1973-01-23,19065000.0
1973-01-24,19089000.0
1973-01-25,19113000.0
1973-01-26,19130000.0
1973-01-27,19146000.0
1973-01-28,19173000.0
1973-01-29,19193000.0
1973-01-30,19192000.0
1973-01-31,19200000.0
1973-02-01,19209000.0
1973-02-02,19217000.0
1973-02-03,19235000.0
1973-02-04,19252000.0
1973-02-05,19252000.0
1973-02-06,19251000.0
1973-02-07,19237000.0
1973-02-08,19238000.0
1973-02-09,19248000.0
1973-02-10,19265000.0
1973-02-11,19281000.0
1973-02-12,19280000.0
1973-02-13,19278000.0
1973-02-14,19280000.0
1973-02-15,19286000.0
1973-02-16,19293000.0
1973-02-17,19315000.0
1973-02-18,19333000.0
1973-02-19,19344000.0
1973-02-20,19335000.0
1973-02-21,19330000.0
1973-02-22,19362000.0
1973-02-23,19388000.0
1973-02-24,19415000.0
1973-02-25,19434000.0
1973-02-26,19444000.0
1973-02-27,19446000.0
1973-02-28,19453000.0
1973-03-01,19464000.0
1973-03-02,19471000.0
1973-03-03,19482000.0
1973-03-04,19496000.0
1973-03-05,19504000.0
1973-03-06,19513000.0
1973-03-07,19523000.0
1973-03-08,19536000.0
1973-03-09,19533000.0
1973-03-10,19541000.0
1973-03-11,19554000.0
1973-03-12,19554000.0
1973-03-13,19546000.0
1973-03-14,19548000.0
1973-03-15,19562000.0
1973-03-16,19588000.0
1973-03-17,19612000.0
1973-03-18,19641000.0
1973-03-19,19658000.0
1973-03-20,19647000.0
1973-03-21,19655000.0
1973-03-22,19676000.0
1973-03-23,19695000.0
1973-03-24,19725000.0
1973-03-25,19768000.0
1973-03-26,19796000.0
1973-03-27,19814000.0
1973-03-28,19854000.0
1973-03-29,19891000.0
1973-03-30,19933000.0
1973-03-31,19980000.0
1973-04-01,20021000.0
1973-04-02,20048000.0
1973-04-03,20077000.0
1973-04-04,20108000.0
1973-04-05,20144000.0
1973-04-06,20170000.0
1973-04-07,20211000.0
1973-04-08,20247000.0
1973-04-09,20274000.0
1973-04-10,20296000.0
1973-04-11,20323000.0
1973-04-12,20360000.0
1973-04-13,20384000.0
1973-04-14,20429000.0
1973-04-15,20479000.0
1973-04-16,20518000.0
1973-04-17,20561000.0
1973-04-18,20598000.0
1973-04-19,20629000.0
1973-04-20,20662000.0
1973-04-21,20699000.0
1973-04-22,20742000.0
1973-04-23,20770000.0
1973-04-24,20793000.0
1973-04-25,20815000.0
1973-04-26,20834000.0
1973-04-27,20857000.0
1973-04-28,20895000.0
1973-04-29,20932000.0
1973-04-30,20966000.0
1973-05-01,21004000.0
1973-05-02,21047000.0
1973-05-03,21070000.0
1973-05-04,21071000.0
1973-05-05,21073000.0
1973-05-06,21081000.0
1973-05-07,21075000.0
1973-05-08,21060000.0
1973-05-09,21053000.0
1973-05-10,21047000.0
1973-05-11,21038000.0
1973-05-12,21049000.0
1973-05-13,21060000.0
1973-05-14,21053000.0
1973-05-15,21040000.0
1973-05-16,21030000.0
1973-05-17,21017000.0
1973-05-18,21000000.0
1973-05-19,20997000.0
1973-05-20,21008000.0
1973-05-21,21010000.0
1973-05-22,20999000.0
1973-05-23,20991000.0
1973-05-24,20984000.0
1973-05-25,20980000.0
1973-05-26,20982000.0
1973-05-27,20986000.0
1973-05-28,20977000.0
1973-05-29,20954000.0
1973-05-30,20937000.0
1973-05-31,20937000.0
1973-06-01,20937000.0
1973-06-02,20940000.0
1973-06-03,20952000.0
1973-06-04,20936000.0
1973-06-05,20914000.0
1973-06-06,20905000.0
1973-06-07,20912000.0
1973-06-08,20926000.0
1973-06-09,20941000.0
1973-06-10,20966000.0
1973-06-11,20978000.0
1973-06-12,20977000.0
1973-06-13,20992000.0
1973-06-14,20982000.0
1973-06-15,20978000.0
1973-06-16,20988000.0
1973-06-17,20993000.0
1973-06-18,20988000.0
1973-06-19,20963000.0
1973-06-20,20952000.0
1973-06-21,20951000.0
1973-06-22,20951000.0
1973-06-23,20961000.0
1973-06-24,20971000.0
1973-06-25,20967000.0
1973-06-26,20962000.0
1973-06-27,20965000.0
1973-06-28,20971000.0
1973-06-29,20980000.0
1973-06-30,20993000.0
1973-07-01,21006000.0
1973-07-02,21004000.0
1973-07-03,20992000.0
1973-07-04,20999000.0
1973-07-05,20997000.0
1973-07-06,20978000.0
1973-07-07,20982000.0
1973-07-08,20992000.0
1973-07-09,20993000.0
1973-07-10,20984000.0
1973-07-11,20974000.0
1973-07-12,20971000.0
1973-07-13,20969000.0
1973-07-14,20978000.0
1973-07-15,20985000.0
1973-07-16,20986000.0
1973-07-17,20967000.0
1973-07-18,20963000.0
1973-07-19,20952000.0
1973-07-20,20940000.0
1973-07-21,20937000.0
1973-07-22,20939000.0
1973-07-23,20926000.0
1973-07-24,20905000.0
1973-07-25,20886000.0
1973-07-26,20865000.0
1973-07-27,20842000.0
1973-07-28,20845000.0
1973-07-29,20842000.0
1973-07-30,20818000.0
1973-07-31,20796000.0
1973-08-01,20772000.0
1973-08-02,20742000.0
1973-08-03,20741000.0
1973-08-04,20741000.0
1973-08-05,20749000.0
1973-08-06,20743000.0
1973-08-07,20731000.0
1973-08-08,20714000.0
1973-08-09,20692000.0
1973-08-10,20678000.0
1973-08-11,20678000.0
1973-08-12,20682000.0
1973-08-13,20665000.0
1973-08-14,20647000.0
1973-08-15,20631000.0
1973-08-16,20620000.0
1973-08-17,20606000.0
1973-08-18,20596000.0
1973-08-19,20580000.0
1973-08-20,20564000.0
1973-08-21,20557000.0
1973-08-22,20545000.0
1973-08-23,20534000.0
1973-08-24,20532000.0
1973-08-25,20536000.0
1973-08-26,20537000.0
1973-08-27,20530000.0
1973-08-28,20514000.0
1973-08-29,20494000.0
1973-08-30,20469000.0
1973-08-31,20445000.0
1973-09-01,20443000.0
1973-09-02,20434000.0
1973-09-03,20430000.0
1973-09-04,20420000.0
1973-09-05,20398000.0
1973-09-06,20378000.0
1973-09-07,20363000.0
1973-09-08,20355000.0
1973-09-09,20347000.0
1973-09-10,20339000.0
1973-09-11,20320000.0
1973-09-12,20311000.0
1973-09-13,20296000.0
1973-09-14,20284000.0
1973-09-15,20276000.0
1973-09-16,20280000.0
1973-09-17,20272000.0
1973-09-18,20259000.0
1973-09-19,20245000.0
1973-09-20,20223000.0
1973-09-21,20211000.0
1973-09-22,20211000.0
1973-09-23,20210000.0
1973-09-24,20204000.0
1973-09-25,20189000.0
1973-09-26,20172000.0
1973-09-27,20165000.0
1973-09-28,20160000.0
1973-09-29,20164000.0
1973-09-30,20176000.0
1973-10-01,20180000.0
1973-10-02,20166000.0
1973-10-03,20153000.0
1973-10-04,20139000.0
1973-10-05,20129000.0
1973-10-06,20133000.0
1973-10-07,20140000.0
1973-10-08,20141000.0
1973-10-09,20128000.0
1973-10-10,20112000.0
1973-10-11,20103000.0
1973-10-12,20102000.0
1973-10-13,20100000.0
1973-10-14,20099000.0
1973-10-15,20086000.0
1973-10-16,20071000.0
1973-10-17,20053000.0
1973-10-18,20051000.0
1973-10-19,20058000.0
1973-10-20,20069000.0
1973-10-21,20084000.0
1973-10-22,20087000.0
1973-10-23,20082000.0
1973-10-24,20075000.0
1973-10-25,20073000.0
1973-10-26,20075000.0
1973-10-27,20087000.0
1973-10-28,20100000.0
1973-10-29,20095000.0
1973-10-30,20087000.0
1973-10-31,20071000.0
1973-11-01,20065000.0
1973-11-02,20058000.0
1973-11-03,20059000.0
1973-11-04,20071000.0
1973-11-05,20067000.0
1973-11-06,20069000.0
1973-11-07,20071000.0
1973-11-08,20075000.0
1973-11-09,20079000.0
1973-11-10,20084000.0
1973-11-11,20087000.0
1973-11-12,20075000.0
1973-11-13,20066000.0
1973-11-14,20053000.0
1973-11-15,20048000.0
1973-11-16,20038000.0
1973-11-17,20044000.0
1973-11-18,20045000.0
1973-11-19,20040000.0
1973-11-20,20026000.0
1973-11-21,20015000.0
1973-11-22,20017000.0
1973-11-23,20009000.0
1973-11-24,20013000.0
1973-11-25,20007000.0
1973-11-26,19992000.0
1973-11-27,19978000.0
1973-11-28,19967000.0
1973-11-29,19971000.0
1973-11-30,19970000.0
1973-12-01,19957000.0
1973-12-02,19954000.0
1973-12-03,19942000.0
1973-12-04,19924000.0
1973-12-05,19908000.0
1973-12-06,19902000.0
1973-12-07,19900000.0
1973-12-08,19912000.0
1973-12-09,19923000.0
1973-12-10,19915000.0
1973-12-11,19904000.0
1973-12-12,19895000.0
1973-12-13,19883000.0
1973-12-14,19874000.0
1973-12-15,19870000.0
1973-12-16,19874000.0
1973-12-17,19862000.0
1973-12-18,19857000.0
1973-12-19,19847000.0
1973-12-20,19836000.0
1973-12-21,19826000.0
1973-12-22,19818000.0
1973-12-23,19818000.0
1973-12-24,19807000.0
1973-12-25,19804000.0
1973-12-26,19785000.0
1973-12-27,19767000.0
1973-12-28,19753000.0
1973-12-29,19741000.0
1973-12-30,19747000.0
1973-12-31,19737000.0
1974-01-01,19736000.0
1974-01-02,19702000.0
1974-01-03,19669000.0
1974-01-04,19665000.0
1974-01-05,19695000.0
1974-01-06,19723000.0
1974-01-07,19730000.0
1974-01-08,19740000.0
1974-01-09,19764000.0
1974-01-10,19797000.0
1974-01-11,19828000.0
1974-01-12,19866000.0
1974-01-13,19903000.0
1974-01-14,19934000.0
1974-01-15,19952000.0
1974-01-16,19976000.0
1974-01-17,19996000.0
1974-01-18,20013000.0
1974-01-19,20030000.0
1974-01-20,20050000.0
1974-01-21,20059000.0
1974-01-22,20062000.0
1974-01-23,20081000.0
1974-01-24,20099000.0
1974-01-25,20116000.0
1974-01-26,20140000.0
1974-01-27,20160000.0
1974-01-28,20165000.0
1974-01-29,20162000.0
1974-01-30,20157000.0
1974-01-31,20160000.0
1974-02-01,20161000.0
1974-02-02,20166000.0
1974-02-03,20170000.0
1974-02-04,20164000.0
1974-02-05,20153000.0
1974-02-06,20140000.0
1974-02-07,20129000.0
1974-02-08,20106000.0
1974-02-09,20098000.0
1974-02-10,20095000.0
1974-02-11,20087000.0
1974-02-12,20069000.0
1974-02-13,20048000.0
1974-02-14,20032000.0
1974-02-15,20020000.0
1974-02-16,20015000.0
1974-02-17,20015000.0
1974-02-18,20012000.0
1974-02-19,20000000.0
1974-02-20,19975000.0
1974-02-21,19957000.0
1974-02-22,19946000.0
1974-02-23,19946000.0
1974-02-24,19953000.0
1974-02-25,19941000.0
1974-02-26,19927000.0
1974-02-27,19906000.0
1974-02-28,19888000.0
1974-03-01,19875000.0
1974-03-02,19877000.0
1974-03-03,19896000.0
1974-03-04,19869000.0
1974-03-05,19853000.0
1974-03-06,19831000.0
1974-03-07,19819000.0
1974-03-08,19804000.0
1974-03-09,19801000.0
1974-03-10,19806000.0
1974-03-11,19792000.0
1974-03-12,19772000.0
1974-03-13,19759000.0
1974-03-14,19746000.0
1974-03-15,19723000.0
1974-03-16,19719000.0
1974-03-17,19714000.0
1974-03-18,19690000.0
1974-03-19,19673000.0
1974-03-20,19643000.0
1974-03-21,19616000.0
1974-03-22,19588000.0
1974-03-23,19582000.0
1974-03-24,19576000.0
1974-03-25,19554000.0
1974-03-26,19528000.0
1974-03-27,19501000.0
1974-03-28,19483000.0
1974-03-29,19462000.0
1974-03-30,19464000.0
1974-03-31,19482000.0
1974-04-01,19456000.0
1974-04-02,19431000.0
1974-04-03,19394000.0
1974-04-04,19375000.0
1974-04-05,19352000.0
1974-04-06,19350000.0
1974-04-07,19353000.0
1974-04-08,19329000.0
1974-04-09,19295000.0
1974-04-10,19276000.0
1974-04-11,19260000.0
1974-04-12,19247000.0
1974-04-13,19238000.0
1974-04-14,19246000.0
1974-04-15,19226000.0
1974-04-16,19205000.0
1974-04-17,19179000.0
1974-04-18,19146000.0
1974-04-19,19126000.0
1974-04-20,19132000.0
1974-04-21,19145000.0
1974-04-22,19125000.0
1974-04-23,19102000.0
1974-04-24,19081000.0
1974-04-25,19067000.0
1974-04-26,19057000.0
1974-04-27,19059000.0
1974-04-28,19064000.0
1974-04-29,19047000.0
1974-04-30,19022000.0
1974-05-01,18994000.0
1974-05-02,18970000.0
1974-05-03,18946000.0
1974-05-04,18950000.0
1974-05-05,18955000.0
1974-05-06,18940000.0
1974-05-07,18922000.0
1974-05-08,18897000.0
1974-05-09,18877000.0
1974-05-10,18859000.0
1974-05-11,18867000.0
1974-05-12,18878000.0
1974-05-13,18879000.0
1974-05-14,18864000.0
1974-05-15,18860000.0
1974-05-16,18862000.0
1974-05-17,18862000.0
1974-05-18,18869000.0
1974-05-19,18883000.0
1974-05-20,18880000.0
1974-05-21,18862000.0
1974-05-22,18851000.0
1974-05-23,18843000.0
1974-05-24,18836000.0
1974-05-25,18840000.0
1974-05-26,18848000.0
1974-05-27,18846000.0
1974-05-28,18830000.0
1974-05-29,18811000.0
1974-05-30,18811000.0
1974-05-31,18811000.0
1974-06-01,18821000.0
1974-06-02,18835000.0
1974-06-03,18819000.0
1974-06-04,18805000.0
1974-06-05,18785000.0
1974-06-06,18771000.0
1974-06-07,18763000.0
1974-06-08,18754000.0
1974-06-09,18759000.0
1974-06-10,18747000.0
1974-06-11,18735000.0
1974-06-12,18721000.0
1974-06-13,18710000.0
1974-06-14,18704000.0
1974-06-15,18712000.0
1974-06-16,18729000.0
1974-06-17,18740000.0
1974-06-18,18735000.0
1974-06-19,18736000.0
1974-06-20,18735000.0
1974-06-21,18736000.0
1974-06-22,18755000.0
1974-06-23,18770000.0
1974-06-24,18773000.0
1974-06-25,18770000.0
1974-06-26,18769000.0
1974-06-27,18766000.0
1974-06-28,18766000.0
1974-06-29,18784000.0
1974-06-30,18801000.0
1974-07-01,18793000.0
1974-07-02,18786000.0
1974-07-03,18793000.0
1974-07-04,18811000.0
1974-07-05,18820000.0
1974-07-06,18838000.0
1974-07-07,18857000.0
1974-07-08,18865000.0
1974-07-09,18862000.0
1974-07-10,18867000.0
1974-07-11,18878000.0
1974-07-12,18892000.0
1974-07-13,18912000.0
1974-07-14,18936000.0
1974-07-15,18941000.0
1974-07-16,18946000.0
1974-07-17,18946000.0
1974-07-18,18950000.0
1974-07-19,18960000.0
1974-07-20,18967000.0
1974-07-21,19000000.0
1974-07-22,19000000.0
1974-07-23,18989000.0
1974-07-24,18994000.0
1974-07-25,18995000.0
1974-07-26,19009000.0
1974-07-27,19032000.0
1974-07-28,19062000.0
1974-07-29,19067000.0
1974-07-30,19081000.0
1974-07-31,19088000.0
1974-08-01,19095000.0
1974-08-02,19104000.0
1974-08-03,19121000.0
1974-08-04,19140000.0
1974-08-05,19140000.0
1974-08-06,19136000.0
1974-08-07,19142000.0
1974-08-08,19135000.0
1974-08-09,19136000.0
1974-08-10,19154000.0
1974-08-11,19173000.0
1974-08-12,19168000.0
1974-08-13,19153000.0
1974-08-14,19141000.0
1974-08-15,19133000.0
1974-08-16,19130000.0
1974-08-17,19145000.0
1974-08-18,19164000.0
1974-08-19,19165000.0
1974-08-20,19170000.0
1974-08-21,19182000.0
1974-08-22,19191000.0
1974-08-23,19184000.0
1974-08-24,19198000.0
1974-08-25,19221000.0
1974-08-26,19226000.0
1974-08-27,19233000.0
1974-08-28,19238000.0
1974-08-29,19247000.0
1974-08-30,19252000.0
1974-08-31,19270000.0
1974-09-01,19294000.0
1974-09-02,19316000.0
1974-09-03,19325000.0
1974-09-04,19325000.0
1974-09-05,19326000.0
1974-09-06,19329000.0
1974-09-07,19335000.0
1974-09-08,19336000.0
1974-09-09,19324000.0
1974-09-10,19303000.0
1974-09-11,19297000.0
1974-09-12,19294000.0
1974-09-13,19290000.0
1974-09-14,19295000.0
1974-09-15,19298000.0
1974-09-16,19304000.0
1974-09-17,19310000.0
1974-09-18,19310000.0
1974-09-19,19302000.0
1974-09-20,19302000.0
1974-09-21,19303000.0
1974-09-22,19318000.0
1974-09-23,19324000.0
1974-09-24,19318000.0
1974-09-25,19317000.0
1974-09-26,19321000.0
1974-09-27,19326000.0
1974-09-28,19342000.0
1974-09-29,19352000.0
1974-09-30,19358000.0
1974-10-01,19359000.0
1974-10-02,19357000.0
1974-10-03,19367000.0
1974-10-04,19366000.0
1974-10-05,19368000.0
1974-10-06,19370000.0
1974-10-07,19368000.0
1974-10-08,19363000.0
1974-10-09,19353000.0
1974-10-10,19352000.0
1974-10-11,19344000.0
1974-10-12,19344000.0
1974-10-13,19342000.0
1974-10-14,19333000.0
1974-10-15,19316000.0
1974-10-16,19301000.0
1974-10-17,19299000.0
1974-10-18,19308000.0
1974-10-19,19318000.0
1974-10-20,19325000.0
1974-10-21,19326000.0
1974-10-22,19320000.0
1974-10-23,19317000.0
1974-10-24,19322000.0
1974-10-25,19331000.0
1974-10-26,19345000.0
1974-10-27,19354000.0
1974-10-28,19349000.0
1974-10-29,19347000.0
1974-10-30,19335000.0
1974-10-31,19338000.0
1974-11-01,19350000.0
1974-11-02,19363000.0
1974-11-03,19392000.0
1974-11-04,19404000.0
1974-11-05,19406000.0
1974-11-06,19411000.0
1974-11-07,19415000.0
1974-11-08,19429000.0
1974-11-09,19448000.0
1974-11-10,19465000.0
1974-11-11,19479000.0
1974-11-12,19484000.0
1974-11-13,19487000.0
1974-11-14,19496000.0
1974-11-15,19502000.0
1974-11-16,19513000.0
1974-11-17,19522000.0
1974-11-18,19522000.0
1974-11-19,19523000.0
1974-11-20,19523000.0
1974-11-21,19528000.0
1974-11-22,19533000.0
1974-11-23,19540000.0
1974-11-24,19548000.0
1974-11-25,19548000.0
1974-11-26,19545000.0
1974-11-27,19542000.0
1974-11-28,19559000.0
1974-11-29,19571000.0
1974-11-30,19575000.0
1974-12-01,19575000.0
1974-12-02,19571000.0
1974-12-03,19566000.0
1974-12-04,19566000.0
1974-12-05,19566000.0
1974-12-06,19572000.0
1974-12-07,19582000.0
1974-12-08,19592000.0
1974-12-09,19602000.0
1974-12-10,19606000.0
1974-12-11,19599000.0
1974-12-12,19601000.0
1974-12-13,19614000.0
1974-12-14,19624000.0
1974-12-15,19638000.0
1974-12-16,19646000.0
1974-12-17,19654000.0
1974-12-18,19664000.0
1974-12-19,19681000.0
1974-12-20,19693000.0
1974-12-21,19707000.0
1974-12-22,19716000.0
1974-12-23,19720000.0
1974-12-24,19714000.0
1974-12-25,19708000.0
1974-12-26,19712000.0
1974-12-27,19711000.0
1974-12-28,19704000.0
1974-12-29,19717000.0
1974-12-30,19723000.0
1974-12-31,19721000.0
1975-01-01,19716000.0
1975-01-02,19717000.0
1975-01-03,19721000.0
1975-01-04,19729000.0
1975-01-05,19750000.0
1975-01-06,19764000.0
1975-01-07,19767000.0
1975-01-08,19773000.0
1975-01-09,19787000.0
1975-01-10,19806000.0
1975-01-11,19824000.0
1975-01-12,19849000.0
1975-01-13,19874000.0
1975-01-14,19899000.0
1975-01-15,19923000.0
1975-01-16,19938000.0
1975-01-17,19944000.0
1975-01-18,19952000.0
1975-01-19,19965000.0
1975-01-20,19970000.0
1975-01-21,19955000.0
1975-01-22,19945000.0
1975-01-23,19948000.0
1975-01-24,19958000.0
1975-01-25,19973000.0
1975-01-26,19978000.0
1975-01-27,19976000.0
1975-01-28,19974000.0
1975-01-29,19970000.0
1975-01-30,19973000.0
1975-01-31,19975000.0
1975-02-01,19983000.0
1975-02-02,19995000.0
1975-02-03,19991000.0
1975-02-04,19978000.0
1975-02-05,19966000.0
1975-02-06,19962000.0
1975-02-07,19958000.0
1975-02-08,19967000.0
1975-02-09,19967000.0
1975-02-10,19967000.0
1975-02-11,19952000.0
1975-02-12,19949000.0
1975-02-13,19953000.0
1975-02-14,19958000.0
1975-02-15,19961000.0
1975-02-16,19958000.0
1975-02-17,19959000.0
1975-02-18,19954000.0
1975-02-19,19948000.0
1975-02-20,19936000.0
1975-02-21,19933000.0
1975-02-22,19952000.0
1975-02-23,19971000.0
1975-02-24,19967000.0
1975-02-25,19958000.0
1975-02-26,19940000.0
1975-02-27,19932000.0
1975-02-28,19928000.0
1975-03-01,19938000.0
1975-03-02,19949000.0
1975-03-03,19944000.0
1975-03-04,19925000.0
1975-03-05,19912000.0
1975-03-06,19900000.0
1975-03-07,19887000.0
1975-03-08,19885000.0
1975-03-09,19894000.0
1975-03-10,19878000.0
1975-03-11,19869000.0
1975-03-12,19858000.0
1975-03-13,19858000.0
1975-03-14,19854000.0
1975-03-15,19866000.0
1975-03-16,19878000.0
1975-03-17,19882000.0
1975-03-18,19881000.0
1975-03-19,19873000.0
1975-03-20,19875000.0
1975-03-21,19860000.0
1975-03-22,19860000.0
1975-03-23,19860000.0
1975-03-24,19845000.0
1975-03-25,19821000.0
1975-03-26,19802000.0
1975-03-27,19779000.0
1975-03-28,19764000.0
1975-03-29,19768000.0
1975-03-30,19777000.0
1975-03-31,19764000.0
1975-04-01,19753000.0
1975-04-02,19729000.0
1975-04-03,19717000.0
1975-04-04,19704000.0
1975-04-05,19699000.0
1975-04-06,19693000.0
1975-04-07,19675000.0
1975-04-08,19654000.0
1975-04-09,19636000.0
1975-04-10,19626000.0
1975-04-11,19610000.0
1975-04-12,19604000.0
1975-04-13,19610000.0
1975-04-14,19592000.0
1975-04-15,19577000.0
1975-04-16,19559000.0
1975-04-17,19551000.0
1975-04-18,19536000.0
1975-04-19,19526000.0
1975-04-20,19522000.0
1975-04-21,19509000.0
1975-04-22,19491000.0
1975-04-23,19477000.0
1975-04-24,19456000.0
1975-04-25,19440000.0
1975-04-26,19437000.0
1975-04-27,19431000.0
1975-04-28,19420000.0
1975-04-29,19398000.0
1975-04-30,19383000.0
1975-05-01,19377000.0
1975-05-02,19372000.0
1975-05-03,19370000.0
1975-05-04,19385000.0
1975-05-05,19377000.0
1975-05-06,19368000.0
1975-05-07,19366000.0
1975-05-08,19367000.0
1975-05-09,19374000.0
1975-05-10,19392000.0
1975-05-11,19406000.0
1975-05-12,19401000.0
1975-05-13,19393000.0
1975-05-14,19385000.0
1975-05-15,19383000.0
1975-05-16,19375000.0
1975-05-17,19377000.0
1975-05-18,19394000.0
1975-05-19,19380000.0
1975-05-20,19370000.0
1975-05-21,19362000.0
1975-05-22,19349000.0
1975-05-23,19336000.0
1975-05-24,19335000.0
1975-05-25,19340000.0
1975-05-26,19343000.0
1975-05-27,19334000.0
1975-05-28,19316000.0
1975-05-29,19312000.0
1975-05-30,19312000.0
1975-05-31,19316000.0
1975-06-01,19325000.0
1975-06-02,19325000.0
1975-06-03,19334000.0
1975-06-04,19334000.0
1975-06-05,19333000.0
1975-06-06,19342000.0
1975-06-07,19365000.0
1975-06-08,19397000.0
1975-06-09,19401000.0
1975-06-10,19404000.0
1975-06-11,19404000.0
1975-06-12,19404000.0
1975-06-13,19402000.0
1975-06-14,19410000.0
1975-06-15,19429000.0
1975-06-16,19426000.0
1975-06-17,19425000.0
1975-06-18,19425000.0
1975-06-19,19426000.0
1975-06-20,19416000.0
1975-06-21,19416000.0
1975-06-22,19419000.0
1975-06-23,19415000.0
1975-06-24,19398000.0
1975-06-25,19397000.0
1975-06-26,19402000.0
1975-06-27,19402000.0
1975-06-28,19413000.0
1975-06-29,19425000.0
1975-06-30,19421000.0
1975-07-01,19425000.0
1975-07-02,19429000.0
1975-07-03,19439000.0
1975-07-04,19456000.0
1975-07-05,19482000.0
1975-07-06,19492000.0
1975-07-07,19498000.0
1975-07-08,19504000.0
1975-07-09,19513000.0
1975-07-10,19524000.0
1975-07-11,19539000.0
1975-07-12,19550000.0
1975-07-13,19573000.0
1975-07-14,19582000.0
1975-07-15,19575000.0
1975-07-16,19580000.0
1975-07-17,19585000.0
1975-07-18,19594000.0
1975-07-19,19606000.0
1975-07-20,19630000.0
1975-07-21,19643000.0
1975-07-22,19645000.0
1975-07-23,19656000.0
1975-07-24,19662000.0
1975-07-25,19673000.0
1975-07-26,19690000.0
1975-07-27,19694000.0
1975-07-28,19708000.0
1975-07-29,19716000.0
1975-07-30,19729000.0
1975-07-31,19743000.0
1975-08-01,19750000.0
1975-08-02,19762000.0
1975-08-03,19772000.0
1975-08-04,19770000.0
1975-08-05,19764000.0
1975-08-06,19771000.0
1975-08-07,19780000.0
1975-08-08,19797000.0
1975-08-09,19818000.0
1975-08-10,19847000.0
1975-08-11,19860000.0
1975-08-12,19866000.0
1975-08-13,19869000.0
1975-08-14,19868000.0
1975-08-15,19864000.0
1975-08-16,19864000.0
1975-08-17,19873000.0
1975-08-18,19862000.0
1975-08-19,19854000.0
1975-08-20,19857000.0
1975-08-21,19865000.0
1975-08-22,19869000.0
1975-08-23,19879000.0
1975-08-24,19885000.0
1975-08-25,19883000.0
1975-08-26,19877000.0
1975-08-27,19873000.0
1975-08-28,19868000.0
1975-08-29,19869000.0
1975-08-30,19878000.0
1975-08-31,19899000.0
1975-09-01,19908000.0
1975-09-02,19908000.0
1975-09-03,19907000.0
1975-09-04,19915000.0
1975-09-05,19917000.0
1975-09-06,19927000.0
1975-09-07,19948000.0
1975-09-08,19953000.0
1975-09-09,19955000.0
1975-09-10,19971000.0
1975-09-11,19982000.0
1975-09-12,19991000.0
1975-09-13,20004000.0
1975-09-14,20021000.0
1975-09-15,20013000.0
1975-09-16,19997000.0
1975-09-17,19983000.0
1975-09-18,19953000.0
1975-09-19,19997000.0
1975-09-20,20022000.0
1975-09-21,20030000.0
1975-09-22,20044000.0
1975-09-23,20054000.0
1975-09-24,20069000.0
1975-09-25,20087000.0
1975-09-26,20102000.0
1975-09-27,20129000.0
1975-09-28,20148000.0
1975-09-29,20158000.0
1975-09-30,20154000.0
1975-10-01,20149000.0
1975-10-02,20153000.0
1975-10-03,20161000.0
1975-10-04,20176000.0
1975-10-05,20192000.0
1975-10-06,20201000.0
1975-10-07,20208000.0
1975-10-08,20217000.0
1975-10-09,20229000.0
1975-10-10,20238000.0
1975-10-11,20250000.0
1975-10-12,20269000.0
1975-10-13,20276000.0
1975-10-14,20265000.0
1975-10-15,20246000.0
1975-10-16,20227000.0
1975-10-17,20223000.0
1975-10-18,20229000.0
1975-10-19,20234000.0
1975-10-20,20230000.0
1975-10-21,20217000.0
1975-10-22,20210000.0
1975-10-23,20204000.0
1975-10-24,20194000.0
1975-10-25,20196000.0
1975-10-26,20201000.0
1975-10-27,20204000.0
1975-10-28,20206000.0
1975-10-29,20206000.0
1975-10-30,20211000.0
1975-10-31,20196000.0
1975-11-01,20204000.0
1975-11-02,20208000.0
1975-11-03,20204000.0
1975-11-04,20190000.0
1975-11-05,20176000.0
1975-11-06,20162000.0
1975-11-07,20144000.0
1975-11-08,20133000.0
1975-11-09,20125000.0
1975-11-10,20108000.0
1975-11-11,20090000.0
1975-11-12,20082000.0
1975-11-13,20086000.0
1975-11-14,20100000.0
1975-11-15,20114000.0
1975-11-16,20123000.0
1975-11-17,20119000.0
1975-11-18,20104000.0
1975-11-19,20098000.0
1975-11-20,20098000.0
1975-11-21,20107000.0
1975-11-22,20115000.0
1975-11-23,20119000.0
1975-11-24,20123000.0
1975-11-25,20115000.0
1975-11-26,20106000.0
1975-11-27,20095000.0
1975-11-28,20098000.0
1975-11-29,20099000.0
1975-11-30,20094000.0
1975-12-01,20088000.0
1975-12-02,20084000.0
1975-12-03,20078000.0
1975-12-04,20082000.0
1975-12-05,20069000.0
1975-12-06,20075000.0
1975-12-07,20087000.0
1975-12-08,20088000.0
1975-12-09,20081000.0
1975-12-10,20067000.0
1975-12-11,20054000.0
1975-12-12,20045000.0
1975-12-13,20057000.0
1975-12-14,20059000.0
1975-12-15,20062000.0
1975-12-16,20062000.0
1975-12-17,20062000.0
1975-12-18,20070000.0
1975-12-19,20082000.0
1975-12-20,20100000.0
1975-12-21,20121000.0
1975-12-22,20124000.0
1975-12-23,20135000.0
1975-12-24,20136000.0
1975-12-25,20154000.0
1975-12-26,20152000.0
1975-12-27,20145000.0
1975-12-28,20137000.0
1975-12-29,20128000.0
1975-12-30,20115000.0
1975-12-31,20092000.0
1976-01-01,20086000.0
1976-01-02,20073000.0
1976-01-03,20069000.0
1976-01-04,20061000.0
1976-01-05,20058000.0
1976-01-06,20058000.0
1976-01-07,20062000.0
1976-01-08,20069000.0
1976-01-09,20087000.0
1976-01-10,20104000.0
1976-01-11,20117000.0
1976-01-12,20123000.0
1976-01-13,20117000.0
1976-01-14,20117000.0
1976-01-15,20125000.0
1976-01-16,20140000.0
1976-01-17,20157000.0
1976-01-18,20172000.0
1976-01-19,20177000.0
1976-01-20,20189000.0
1976-01-21,20209000.0
1976-01-22,20221000.0
1976-01-23,20231000.0
1976-01-24,20245000.0
1976-01-25,20266000.0
1976-01-26,20267000.0
1976-01-27,20266000.0
1976-01-28,20265000.0
1976-01-29,20269000.0
1976-01-30,20265000.0
1976-01-31,20265000.0
1976-02-01,20276000.0
1976-02-02,20279000.0
1976-02-03,20266000.0
1976-02-04,20257000.0
1976-02-05,20261000.0
1976-02-06,20272000.0
1976-02-07,20295000.0
1976-02-08,20314000.0
1976-02-09,20331000.0
1976-02-10,20335000.0
1976-02-11,20342000.0
1976-02-12,20356000.0
1976-02-13,20378000.0
1976-02-14,20396000.0
1976-02-15,20412000.0
1976-02-16,20425000.0
1976-02-17,20434000.0
1976-02-18,20439000.0
1976-02-19,20451000.0
1976-02-20,20465000.0
1976-02-21,20479000.0
1976-02-22,20508000.0
1976-02-23,20513000.0
1976-02-24,20518000.0
1976-02-25,20510000.0
1976-02-26,20510000.0
1976-02-27,20513000.0
1976-02-28,20524000.0
1976-02-29,20528000.0
1976-03-01,20521000.0
1976-03-02,20528000.0
1976-03-03,20521000.0
1976-03-04,20514000.0
1976-03-05,20508000.0
1976-03-06,20518000.0
1976-03-07,20530000.0
1976-03-08,20524000.0
1976-03-09,20508000.0
1976-03-10,20491000.0
1976-03-11,20486000.0
1976-03-12,20463000.0
1976-03-13,20465000.0
1976-03-14,20473000.0
1976-03-15,20465000.0
1976-03-16,20449000.0
1976-03-17,20434000.0
1976-03-18,20412000.0
1976-03-19,20407000.0
1976-03-20,20406000.0
1976-03-21,20411000.0
1976-03-22,20407000.0
1976-03-23,20392000.0
1976-03-24,20367000.0
1976-03-25,20364000.0
1976-03-26,20356000.0
1976-03-27,20362000.0
1976-03-28,20368000.0
1976-03-29,20352000.0
1976-03-30,20327000.0
1976-03-31,20307000.0
1976-04-01,20299000.0
1976-04-02,20294000.0
1976-04-03,20295000.0
1976-04-04,20292000.0
1976-04-05,20276000.0
1976-04-06,20269000.0
1976-04-07,20247000.0
1976-04-08,20235000.0
1976-04-09,20226000.0
1976-04-10,20215000.0
1976-04-11,20208000.0
1976-04-12,20192000.0
1976-04-13,20176000.0
1976-04-14,20154000.0
1976-04-15,20141000.0
1976-04-16,20144000.0
1976-04-17,20154000.0
1976-04-18,20170000.0
1976-04-19,20162000.0
1976-04-20,20154000.0
1976-04-21,20139000.0
1976-04-22,20132000.0
1976-04-23,20120000.0
1976-04-24,20117000.0
1976-04-25,20121000.0
1976-04-26,20114000.0
1976-04-27,20114000.0
1976-04-28,20117000.0
1976-04-29,20111000.0
1976-04-30,20099000.0
1976-05-01,20102000.0
1976-05-02,20117000.0
1976-05-03,20112000.0
1976-05-04,20100000.0
1976-05-05,20092000.0
1976-05-06,20084000.0
1976-05-07,20070000.0
1976-05-08,20088000.0
1976-05-09,20106000.0
1976-05-10,20103000.0
1976-05-11,20087000.0
1976-05-12,20073000.0
1976-05-13,20074000.0
1976-05-14,20074000.0
1976-05-15,20094000.0
1976-05-16,20106000.0
1976-05-17,20108000.0
1976-05-18,20106000.0
1976-05-19,20098000.0
1976-05-20,20104000.0
1976-05-21,20115000.0
1976-05-22,20141000.0
1976-05-23,20164000.0
1976-05-24,20165000.0
1976-05-25,20150000.0
1976-05-26,20152000.0
1976-05-27,20149000.0
1976-05-28,20144000.0
1976-05-29,20150000.0
1976-05-30,20173000.0
1976-05-31,20193000.0
1976-06-01,20185000.0
1976-06-02,20177000.0
1976-06-03,20177000.0
1976-06-04,20188000.0
1976-06-05,20208000.0
1976-06-06,20221000.0
1976-06-07,20217000.0
1976-06-08,20205000.0
1976-06-09,20210000.0
1976-06-10,20218000.0
1976-06-11,20221000.0
1976-06-12,20243000.0
1976-06-13,20255000.0
1976-06-14,20290000.0
1976-06-15,20275000.0
1976-06-16,20263000.0
1976-06-17,20258000.0
1976-06-18,20250000.0
1976-06-19,20254000.0
1976-06-20,20263000.0
1976-06-21,20247000.0
1976-06-22,20241000.0
1976-06-23,20234000.0
1976-06-24,20234000.0
1976-06-25,20223000.0
1976-06-26,20223000.0
1976-06-27,20230000.0
1976-06-28,20223000.0
1976-06-29,20211000.0
1976-06-30,20204000.0
1976-07-01,20206000.0
1976-07-02,20201000.0
1976-07-03,20210000.0
1976-07-04,20222000.0
1976-07-05,20226000.0
1976-07-06,20208000.0
1976-07-07,20189000.0
1976-07-08,20181000.0
1976-07-09,20181000.0
1976-07-10,20192000.0
1976-07-11,20209000.0
1976-07-12,20209000.0
1976-07-13,20200000.0
1976-07-14,20196000.0
1976-07-15,20186000.0
1976-07-16,20173000.0
1976-07-17,20181000.0
1976-07-18,20188000.0
1976-07-19,20180000.0
1976-07-20,20164000.0
1976-07-21,20149000.0
1976-07-22,20137000.0
1976-07-23,20131000.0
1976-07-24,20135000.0
1976-07-25,20161000.0
1976-07-26,20156000.0
1976-07-27,20132000.0
1976-07-28,20123000.0
1976-07-29,20121000.0
1976-07-30,20110000.0
1976-07-31,20121000.0
1976-08-01,20135000.0
1976-08-02,20124000.0
1976-08-03,20106000.0
1976-08-04,20087000.0
1976-08-05,20070000.0
1976-08-06,20050000.0
1976-08-07,20048000.0
1976-08-08,20049000.0
1976-08-09,20034000.0
1976-08-10,20024000.0
1976-08-11,20009000.0
1976-08-12,20000000.0
1976-08-13,19990000.0
1976-08-14,19986000.0
1976-08-15,19987000.0
1976-08-16,19974000.0
1976-08-17,19948000.0
1976-08-18,19925000.0
1976-08-19,19916000.0
1976-08-20,19899000.0
1976-08-21,19900000.0
1976-08-22,19908000.0
1976-08-23,19903000.0
1976-08-24,19892000.0
1976-08-25,19877000.0
1976-08-26,19860000.0
1976-08-27,19845000.0
1976-08-28,19854000.0
1976-08-29,19869000.0
1976-08-30,19861000.0
1976-08-31,19857000.0
1976-09-01,19851000.0
1976-09-02,19844000.0
1976-09-03,19841000.0
1976-09-04,19847000.0
1976-09-05,19862000.0
1976-09-06,19870000.0
1976-09-07,19854000.0
1976-09-08,19837000.0
1976-09-09,19827000.0
1976-09-10,19830000.0
1976-09-11,19844000.0
1976-09-12,19865000.0
1976-09-13,19864000.0
1976-09-14,19858000.0
1976-09-15,19851000.0
1976-09-16,19852000.0
1976-09-17,19856000.0
1976-09-18,19882000.0
1976-09-19,19904000.0
1976-09-20,19909000.0
1976-09-21,19913000.0
1976-09-22,19916000.0
1976-09-23,19925000.0
1976-09-24,19937000.0
1976-09-25,19952000.0
1976-09-26,19990000.0
1976-09-27,20008000.0
1976-09-28,20021000.0
1976-09-29,20037000.0
1976-09-30,20062000.0
1976-10-01,20094000.0
1976-10-02,20136000.0
1976-10-03,20165000.0
1976-10-04,20185000.0
1976-10-05,20200000.0
1976-10-06,20210000.0
1976-10-07,20211000.0
1976-10-08,20223000.0
1976-10-09,20249000.0
1976-10-10,20272000.0
1976-10-11,20276000.0
1976-10-12,20275000.0
1976-10-13,20269000.0
1976-10-14,20275000.0
1976-10-15,20278000.0
1976-10-16,20288000.0
1976-10-17,20299000.0
1976-10-18,20296000.0
1976-10-19,20287000.0
1976-10-20,20288000.0
1976-10-21,20290000.0
1976-10-22,20292000.0
1976-10-23,20312000.0
1976-10-24,20336000.0
1976-10-25,20356000.0
1976-10-26,20370000.0
1976-10-27,20383000.0
1976-10-28,20398000.0
1976-10-29,20425000.0
1976-10-30,20449000.0
1976-10-31,20475000.0
1976-11-01,20496000.0
1976-11-02,20509000.0
1976-11-03,20532000.0
1976-11-04,20556000.0
1976-11-05,20579000.0
1976-11-06,20606000.0
1976-11-07,20633000.0
1976-11-08,20647000.0
1976-11-09,20657000.0
1976-11-10,20666000.0
1976-11-11,20677000.0
1976-11-12,20684000.0
1976-11-13,20703000.0
1976-11-14,20722000.0
1976-11-15,20746000.0
1976-11-16,20757000.0
1976-11-17,20764000.0
1976-11-18,20777000.0
1976-11-19,20796000.0
1976-11-20,20815000.0
1976-11-21,20837000.0
1976-11-22,20856000.0
1976-11-23,20871000.0
1976-11-24,20888000.0
1976-11-25,20913000.0
1976-11-26,20939000.0
1976-11-27,20943000.0
1976-11-28,20951000.0
1976-11-29,20974000.0
1976-11-30,20993000.0
1976-12-01,21012000.0
1976-12-02,21030000.0
1976-12-03,21049000.0
1976-12-04,21073000.0
1976-12-05,21097000.0
1976-12-06,21112000.0
1976-12-07,21125000.0
1976-12-08,21137000.0
1976-12-09,21145000.0
1976-12-10,21158000.0
1976-12-11,21167000.0
1976-12-12,21185000.0
1976-12-13,21197000.0
1976-12-14,21200000.0
1976-12-15,21200000.0
1976-12-16,21203000.0
1976-12-17,21199000.0
1976-12-18,21206000.0
1976-12-19,21215000.0
1976-12-20,21223000.0
1976-12-21,21222000.0
1976-12-22,21217000.0
1976-12-23,21222000.0
1976-12-24,21236000.0
1976-12-25,21244000.0
1976-12-26,21246000.0
1976-12-27,21237000.0
1976-12-28,21219000.0
1976-12-29,21214000.0
1976-12-30,21233000.0
1976-12-31,21258000.0
1977-01-01,21295000.0
1977-01-02,21316000.0
1977-01-03,21317000.0
1977-01-04,21317000.0
1977-01-05,21320000.0
1977-01-06,21334000.0
1977-01-07,21360000.0
1977-01-08,21392000.0
1977-01-09,21418000.0
1977-01-10,21447000.0
1977-01-11,21467000.0
1977-01-12,21493000.0
1977-01-13,21526000.0
1977-01-14,21551000.0
1977-01-15,21574000.0
1977-01-16,21600000.0
1977-01-17,21627000.0
1977-01-18,21646000.0
1977-01-19,21677000.0
1977-01-20,21708000.0
1977-01-21,21745000.0
1977-01-22,21778000.0
1977-01-23,21800000.0
1977-01-24,21818000.0
1977-01-25,21835000.0
1977-01-26,21858000.0
1977-01-27,21886000.0
1977-01-28,21908000.0
1977-01-29,21936000.0
1977-01-30,21963000.0
1977-01-31,21988000.0
1977-02-01,21994000.0
1977-02-02,22001000.0
1977-02-03,22005000.0
1977-02-04,22012000.0
1977-02-05,22021000.0
1977-02-06,22028000.0
1977-02-07,22012000.0
1977-02-08,21995000.0
1977-02-09,21983000.0
1977-02-10,21981000.0
1977-02-11,21986000.0
1977-02-12,21993000.0
1977-02-13,22008000.0
1977-02-14,21993000.0
1977-02-15,21970000.0
1977-02-16,21946000.0
1977-02-17,21946000.0
1977-02-18,21941000.0
1977-02-19,21941000.0
1977-02-20,21946000.0
1977-02-21,21924000.0
1977-02-22,21903000.0
1977-02-23,21879000.0
1977-02-24,21867000.0
1977-02-25,21852000.0
1977-02-26,21856000.0
1977-02-27,21860000.0
1977-02-28,21844000.0
1977-03-01,21821000.0
1977-03-02,21811000.0
1977-03-03,21799000.0
1977-03-04,21806000.0
1977-03-05,21822000.0
1977-03-06,21835000.0
1977-03-07,21820000.0
1977-03-08,21803000.0
1977-03-09,21778000.0
1977-03-10,21765000.0
1977-03-11,21748000.0
1977-03-12,21744000.0
1977-03-13,21758000.0
1977-03-14,21743000.0
1977-03-15,21717000.0
1977-03-16,21684000.0
1977-03-17,21673000.0
1977-03-18,21656000.0
1977-03-19,21656000.0
1977-03-20,21655000.0
1977-03-21,21635000.0
1977-03-22,21604000.0
1977-03-23,21570000.0
1977-03-24,21549000.0
1977-03-25,21529000.0
1977-03-26,21524000.0
1977-03-27,21524000.0
1977-03-28,21489000.0
1977-03-29,21458000.0
1977-03-30,21435000.0
1977-03-31,21429000.0
1977-04-01,21424000.0
1977-04-02,21417000.0
1977-04-03,21418000.0
1977-04-04,21396000.0
1977-04-05,21375000.0
1977-04-06,21353000.0
1977-04-07,21332000.0
1977-04-08,21306000.0
1977-04-09,21286000.0
1977-04-10,21280000.0
1977-04-11,21258000.0
1977-04-12,21239000.0
1977-04-13,21210000.0
1977-04-14,21180000.0
1977-04-15,21148000.0
1977-04-16,21129000.0
1977-04-17,21112000.0
1977-04-18,21085000.0
1977-04-19,21040000.0
1977-04-20,20993000.0
1977-04-21,20952000.0
1977-04-22,20920000.0
1977-04-23,20888000.0
1977-04-24,20865000.0
1977-04-25,20825000.0
1977-04-26,20777000.0
1977-04-27,20737000.0
1977-04-28,20692000.0
1977-04-29,20650000.0
1977-04-30,20620000.0
1977-05-01,20611000.0
1977-05-02,20581000.0
1977-05-03,20538000.0
1977-05-04,20508000.0
1977-05-05,20477000.0
1977-05-06,20457000.0
1977-05-07,20446000.0
1977-05-08,20434000.0
1977-05-09,20427000.0
1977-05-10,20398000.0
1977-05-11,20376000.0
1977-05-12,20347000.0
1977-05-13,20330000.0
1977-05-14,20327000.0
1977-05-15,20326000.0
1977-05-16,20294000.0
1977-05-17,20272000.0
1977-05-18,20254000.0
1977-05-19,20234000.0
1977-05-20,20219000.0
1977-05-21,20214000.0
1977-05-22,20206000.0
1977-05-23,20188000.0
1977-05-24,20169000.0
1977-05-25,20154000.0
1977-05-26,20125000.0
1977-05-27,20104000.0
1977-05-28,20094000.0
1977-05-29,20086000.0
1977-05-30,20077000.0
1977-05-31,20053000.0
1977-06-01,20032000.0
1977-06-02,20000000.0
1977-06-03,19973000.0
1977-06-04,19957000.0
1977-06-05,19954000.0
1977-06-06,19941000.0
1977-06-07,19913000.0
1977-06-08,19900000.0
1977-06-09,19877000.0
1977-06-10,19862000.0
1977-06-11,19864000.0
1977-06-12,19861000.0
1977-06-13,19844000.0
1977-06-14,19819000.0
1977-06-15,19796000.0
1977-06-16,19772000.0
1977-06-17,19757000.0
1977-06-18,19753000.0
1977-06-19,19754000.0
1977-06-20,19745000.0
1977-06-21,19729000.0
1977-06-22,19712000.0
1977-06-23,19694000.0
1977-06-24,19677000.0
1977-06-25,19690000.0
1977-06-26,19698000.0
1977-06-27,19706000.0
1977-06-28,19702000.0
1977-06-29,19701000.0
1977-06-30,19703000.0
1977-07-01,19693000.0
1977-07-02,19702000.0
1977-07-03,19706000.0
1977-07-04,19707000.0
1977-07-05,19703000.0
1977-07-06,19688000.0
1977-07-07,19669000.0
1977-07-08,19654000.0
1977-07-09,19664000.0
1977-07-10,19678000.0
1977-07-11,19678000.0
1977-07-12,19667000.0
1977-07-13,19654000.0
1977-07-14,19636000.0
1977-07-15,19621000.0
1977-07-16,19621000.0
1977-07-17,19633000.0
1977-07-18,19626000.0
1977-07-19,19620000.0
1977-07-20,19614000.0
1977-07-21,19608000.0
1977-07-22,19597000.0
1977-07-23,19599000.0
1977-07-24,19619000.0
1977-07-25,19617000.0
1977-07-26,19608000.0
1977-07-27,19606000.0
1977-07-28,19603000.0
1977-07-29,19595000.0
1977-07-30,19593000.0
1977-07-31,19597000.0
1977-08-01,19595000.0
1977-08-02,19598000.0
1977-08-03,19608000.0
1977-08-04,19612000.0
1977-08-05,19616000.0
1977-08-06,19620000.0
1977-08-07,19633000.0
1977-08-08,19632000.0
1977-08-09,19624000.0
1977-08-10,19624000.0
1977-08-11,19634000.0
1977-08-12,19638000.0
1977-08-13,19646000.0
1977-08-14,19660000.0
1977-08-15,19665000.0
1977-08-16,19667000.0
1977-08-17,19680000.0
1977-08-18,19681000.0
1977-08-19,19682000.0
1977-08-20,19701000.0
1977-08-21,19732000.0
1977-08-22,19746000.0
1977-08-23,19763000.0
1977-08-24,19772000.0
1977-08-25,19777000.0
1977-08-26,19784000.0
1977-08-27,19814000.0
1977-08-28,19841000.0
1977-08-29,19845000.0
1977-08-30,19847000.0
1977-08-31,19848000.0
1977-09-01,19856000.0
1977-09-02,19865000.0
1977-09-03,19881000.0
1977-09-04,19909000.0
1977-09-05,19925000.0
1977-09-06,19923000.0
1977-09-07,19917000.0
1977-09-08,19930000.0
1977-09-09,19895000.0
1977-09-10,19925000.0
1977-09-11,19959000.0
1977-09-12,19975000.0
1977-09-13,19982000.0
1977-09-14,19997000.0
1977-09-15,20017000.0
1977-09-16,20036000.0
1977-09-17,20057000.0
1977-09-18,20082000.0
1977-09-19,20090000.0
1977-09-20,20087000.0
1977-09-21,20094000.0
1977-09-22,20104000.0
1977-09-23,20116000.0
1977-09-24,20132000.0
1977-09-25,20156000.0
1977-09-26,20166000.0
1977-09-27,20173000.0
1977-09-28,20184000.0
1977-09-29,20190000.0
1977-09-30,20205000.0
1977-10-01,20221000.0
1977-10-02,20246000.0
1977-10-03,20250000.0
1977-10-04,20245000.0
1977-10-05,20237000.0
1977-10-06,20237000.0
1977-10-07,20229000.0
1977-10-08,20233000.0
1977-10-09,20240000.0
1977-10-10,20238000.0
1977-10-11,20227000.0
1977-10-12,20217000.0
1977-10-13,20219000.0
1977-10-14,20217000.0
1977-10-15,20218000.0
1977-10-16,20226000.0
1977-10-17,20215000.0
1977-10-18,20200000.0
1977-10-19,20170000.0
1977-10-20,20176000.0
1977-10-21,20172000.0
1977-10-22,20176000.0
1977-10-23,20184000.0
1977-10-24,20178000.0
1977-10-25,20166000.0
1977-10-26,20165000.0
1977-10-27,20166000.0
1977-10-28,20173000.0
1977-10-29,20178000.0
1977-10-30,20190000.0
1977-10-31,20189000.0
1977-11-01,20182000.0
1977-11-02,20170000.0
1977-11-03,20164000.0
1977-11-04,20153000.0
1977-11-05,20141000.0
1977-11-06,20150000.0
1977-11-07,20153000.0
1977-11-08,20153000.0
1977-11-09,20143000.0
1977-11-10,20140000.0
1977-11-11,20144000.0
1977-11-12,20153000.0
1977-11-13,20160000.0
1977-11-14,20158000.0
1977-11-15,20157000.0
1977-11-16,20148000.0
1977-11-17,20130000.0
1977-11-18,20115000.0
1977-11-19,20112000.0
1977-11-20,20116000.0
1977-11-21,20110000.0
1977-11-22,20100000.0
1977-11-23,20096000.0
1977-11-24,20108000.0
1977-11-25,20107000.0
1977-11-26,20106000.0
1977-11-27,20107000.0
1977-11-28,20086000.0
1977-11-29,20066000.0
1977-11-30,20048000.0
1977-12-01,20036000.0
1977-12-02,20029000.0
1977-12-03,20040000.0
1977-12-04,20055000.0
1977-12-05,20054000.0
1977-12-06,20042000.0
1977-12-07,20028000.0
1977-12-08,20017000.0
1977-12-09,20050000.0
1977-12-10,20019000.0
1977-12-11,20038000.0
1977-12-12,20030000.0
1977-12-13,20026000.0
1977-12-14,20020000.0
1977-12-15,20004000.0
1977-12-16,20016000.0
1977-12-17,20019000.0
1977-12-18,20034000.0
1977-12-19,20033000.0
1977-12-20,20034000.0
1977-12-21,20040000.0
1977-12-22,20063000.0
1977-12-23,20082000.0
1977-12-24,20111000.0
1977-12-25,20135000.0
1977-12-26,20154000.0
1977-12-27,20164000.0
1977-12-28,20177000.0
1977-12-29,20202000.0
1977-12-30,20225000.0
1977-12-31,20250000.0
1978-01-01,20280000.0
1978-01-02,20292000.0
1978-01-03,20304000.0
1978-01-04,20319000.0
1978-01-05,20338000.0
1978-01-06,20366000.0
1978-01-07,20399000.0
1978-01-08,20429000.0
1978-01-09,20453000.0
1978-01-10,20478000.0
1978-01-11,20504000.0
1978-01-12,20529000.0
1978-01-13,20548000.0
1978-01-14,20569000.0
1978-01-15,20591000.0
1978-01-16,20610000.0
1978-01-17,20627000.0
1978-01-18,20651000.0
1978-01-19,20680000.0
1978-01-20,20704000.0
1978-01-21,20735000.0
1978-01-22,20769000.0
1978-01-23,20792000.0
1978-01-24,20808000.0
1978-01-25,20833000.0
1978-01-26,20863000.0
1978-01-27,20886000.0
1978-01-28,20913000.0
1978-01-29,20939000.0
1978-01-30,20952000.0
1978-01-31,20959000.0
1978-02-01,20974000.0
1978-02-02,20997000.0
1978-02-03,21022000.0
1978-02-04,21042000.0
1978-02-05,21064000.0
1978-02-06,21068000.0
1978-02-07,21073000.0
1978-02-08,21074000.0
1978-02-09,21079000.0
1978-02-10,21094000.0
1978-02-11,21123000.0
1978-02-12,21138000.0
1978-02-13,21142000.0
1978-02-14,21142000.0
1978-02-15,21153000.0
1978-02-16,21163000.0
1978-02-17,21173000.0
1978-02-18,21184000.0
1978-02-19,21202000.0
1978-02-20,21218000.0
1978-02-21,21217000.0
1978-02-22,21200000.0
1978-02-23,21191000.0
1978-02-24,21182000.0
1978-02-25,21189000.0
1978-02-26,21197000.0
1978-02-27,21178000.0
1978-02-28,21169000.0
1978-03-01,21173000.0
1978-03-02,21191000.0
1978-03-03,21219000.0
1978-03-04,21259000.0
1978-03-05,21306000.0
1978-03-06,21353000.0
1978-03-07,21381000.0
1978-03-08,21407000.0
1978-03-09,21425000.0
1978-03-10,21439000.0
1978-03-11,21440000.0
1978-03-12,21460000.0
1978-03-13,21454000.0
1978-03-14,21449000.0
1978-03-15,21435000.0
1978-03-16,21418000.0
1978-03-17,21403000.0
1978-03-18,21396000.0
1978-03-19,21392000.0
1978-03-20,21375000.0
1978-03-21,21363000.0
1978-03-22,21341000.0
1978-03-23,21330000.0
1978-03-24,21328000.0
1978-03-25,21332000.0
1978-03-26,21341000.0
1978-03-27,21328000.0
1978-03-28,21335000.0
1978-03-29,21334000.0
1978-03-30,21308000.0
1978-03-31,21281000.0
1978-04-01,21294000.0
1978-04-02,21305000.0
1978-04-03,21295000.0
1978-04-04,21281000.0
1978-04-05,21288000.0
1978-04-06,21269000.0
1978-04-07,21244000.0
1978-04-08,21241000.0
1978-04-09,21248000.0
1978-04-10,21239000.0
1978-04-11,21217000.0
1978-04-12,21196000.0
1978-04-13,21173000.0
1978-04-14,21156000.0
1978-04-15,21148000.0
1978-04-16,21160000.0
1978-04-17,21134000.0
1978-04-18,21116000.0
1978-04-19,21103000.0
1978-04-20,21077000.0
1978-04-21,21058000.0
1978-04-22,21052000.0
1978-04-23,21063000.0
1978-04-24,21042000.0
1978-04-25,21019000.0
1978-04-26,21003000.0
1978-04-27,20980000.0
1978-04-28,20951000.0
1978-04-29,20951000.0
1978-04-30,20966000.0
1978-05-01,20947000.0
1978-05-02,20939000.0
1978-05-03,20921000.0
1978-05-04,20898000.0
1978-05-05,20890000.0
1978-05-06,20899000.0
1978-05-07,20914000.0
1978-05-08,20894000.0
1978-05-09,20869000.0
1978-05-10,20850000.0
1978-05-11,20842000.0
1978-05-12,20825000.0
1978-05-13,20825000.0
1978-05-14,20826000.0
1978-05-15,20818000.0
1978-05-16,20815000.0
1978-05-17,20806000.0
1978-05-18,20792000.0
1978-05-19,20785000.0
1978-05-20,20793000.0
1978-05-21,20796000.0
1978-05-22,20784000.0
1978-05-23,20768000.0
1978-05-24,20751000.0
1978-05-25,20743000.0
1978-05-26,20741000.0
1978-05-27,20757000.0
1978-05-28,20773000.0
1978-05-29,20776000.0
1978-05-30,20765000.0
1978-05-31,20754000.0
1978-06-01,20751000.0
1978-06-02,20753000.0
1978-06-03,20770000.0
1978-06-04,20791000.0
1978-06-05,20793000.0
1978-06-06,20776000.0
1978-06-07,20783000.0
1978-06-08,20784000.0
1978-06-09,20777000.0
1978-06-10,20788000.0
1978-06-11,20810000.0
1978-06-12,20803000.0
1978-06-13,20792000.0
1978-06-14,20781000.0
1978-06-15,20777000.0
1978-06-16,20783000.0
1978-06-17,20801000.0
1978-06-18,20807000.0
1978-06-19,20803000.0
1978-06-20,20791000.0
1978-06-21,20783000.0
1978-06-22,20777000.0
1978-06-23,20769000.0
1978-06-24,20780000.0
1978-06-25,20801000.0
1978-06-26,20801000.0
1978-06-27,20795000.0
1978-06-28,20787000.0
1978-06-29,20785000.0
1978-06-30,20778000.0
1978-07-01,20785000.0
1978-07-02,20793000.0
1978-07-03,20795000.0
1978-07-04,20795000.0
1978-07-05,20787000.0
1978-07-06,20780000.0
1978-07-07,20755000.0
1978-07-08,20746000.0
1978-07-09,20751000.0
1978-07-10,20737000.0
1978-07-11,20727000.0
1978-07-12,20720000.0
1978-07-13,20715000.0
1978-07-14,20701000.0
1978-07-15,20711000.0
1978-07-16,20715000.0
1978-07-17,20708000.0
1978-07-18,20692000.0
1978-07-19,20678000.0
1978-07-20,20669000.0
1978-07-21,20662000.0
1978-07-22,20666000.0
1978-07-23,20657000.0
1978-07-24,20643000.0
1978-07-25,20620000.0
1978-07-26,20590000.0
1978-07-27,20581000.0
1978-07-28,20576000.0
1978-07-29,20584000.0
1978-07-30,20594000.0
1978-07-31,20583000.0
1978-08-01,20571000.0
1978-08-02,20569000.0
1978-08-03,20568000.0
1978-08-04,20568000.0
1978-08-05,20568000.0
1978-08-06,20588000.0
1978-08-07,20583000.0
1978-08-08,20568000.0
1978-08-09,20573000.0
1978-08-10,20577000.0
1978-08-11,20575000.0
1978-08-12,20590000.0
1978-08-13,20610000.0
1978-08-14,20616000.0
1978-08-15,20606000.0
1978-08-16,20592000.0
1978-08-17,20583000.0
1978-08-18,20577000.0
1978-08-19,20586000.0
1978-08-20,20599000.0
1978-08-21,20588000.0
1978-08-22,20581000.0
1978-08-23,20580000.0
1978-08-24,20587000.0
1978-08-25,20595000.0
1978-08-26,20619000.0
1978-08-27,20650000.0
1978-08-28,20653000.0
1978-08-29,20646000.0
1978-08-30,20647000.0
1978-08-31,20641000.0
1978-09-01,20647000.0
1978-09-02,20664000.0
1978-09-03,20678000.0
1978-09-04,20700000.0
1978-09-05,20708000.0
1978-09-06,20728000.0
1978-09-07,20746000.0
1978-09-08,20770000.0
1978-09-09,20799000.0
1978-09-10,20827000.0
1978-09-11,20839000.0
1978-09-12,20854000.0
1978-09-13,20871000.0
1978-09-14,20886000.0
1978-09-15,20886000.0
1978-09-16,20898000.0
1978-09-17,20903000.0
1978-09-18,20901000.0
1978-09-19,20893000.0
1978-09-20,20878000.0
1978-09-21,20868000.0
1978-09-22,20861000.0
1978-09-23,20865000.0
1978-09-24,20868000.0
1978-09-25,20860000.0
1978-09-26,20853000.0
1978-09-27,20856000.0
1978-09-28,20854000.0
1978-09-29,20852000.0
1978-09-30,20869000.0
1978-10-01,20890000.0
1978-10-02,20897000.0
1978-10-03,20886000.0
1978-10-04,20883000.0
1978-10-05,20880000.0
1978-10-06,20872000.0
1978-10-07,20876000.0
1978-10-08,20891000.0
1978-10-09,20897000.0
1978-10-10,20897000.0
1978-10-11,20884000.0
1978-10-12,20882000.0
1978-10-13,20878000.0
1978-10-14,20895000.0
1978-10-15,20921000.0
1978-10-16,20914000.0
1978-10-17,20906000.0
1978-10-18,20899000.0
1978-10-19,20906000.0
1978-10-20,20920000.0
1978-10-21,20939000.0
1978-10-22,20954000.0
1978-10-23,20944000.0
1978-10-24,20950000.0
1978-10-25,20971000.0
1978-10-26,20988000.0
1978-10-27,21007000.0
1978-10-28,21019000.0
1978-10-29,21032000.0
1978-10-30,21041000.0
1978-10-31,21041000.0
1978-11-01,21033000.0
1978-11-02,21042000.0
1978-11-03,21048000.0
1978-11-04,21064000.0
1978-11-05,21071000.0
1978-11-06,21067000.0
1978-11-07,21055000.0
1978-11-08,21041000.0
1978-11-09,21042000.0
1978-11-10,21047000.0
1978-11-11,21048000.0
1978-11-12,21053000.0
1978-11-13,21060000.0
1978-11-14,21066000.0
1978-11-15,21077000.0
1978-11-16,21096000.0
1978-11-17,21116000.0
1978-11-18,21140000.0
1978-11-19,21166000.0
1978-11-20,21171000.0
1978-11-21,21174000.0
1978-11-22,21192000.0
1978-11-23,21219000.0
1978-11-24,21246000.0
1978-11-25,21263000.0
1978-11-26,21272000.0
1978-11-27,21276000.0
1978-11-28,21290000.0
1978-11-29,21305000.0
1978-11-30,21321000.0
1978-12-01,21338000.0
1978-12-02,21359000.0
1978-12-03,21374000.0
1978-12-04,21379000.0
1978-12-05,21381000.0
1978-12-06,21384000.0
1978-12-07,21386000.0
1978-12-08,21396000.0
1978-12-09,21410000.0
1978-12-10,21443000.0
1978-12-11,21464000.0
1978-12-12,21476000.0
1978-12-13,21493000.0
1978-12-14,21514000.0
1978-12-15,21529000.0
1978-12-16,21550000.0
1978-12-17,21581000.0
1978-12-18,21606000.0
1978-12-19,21618000.0
1978-12-20,21634000.0
1978-12-21,21656000.0
1978-12-22,21692000.0
1978-12-23,21744000.0
1978-12-24,21804000.0
1978-12-25,21835000.0
1978-12-26,21851000.0
1978-12-27,21853000.0
1978-12-28,21869000.0
1978-12-29,21896000.0
1978-12-30,21925000.0
1978-12-31,21960000.0
1979-01-01,21976000.0
1979-01-02,21980000.0
1979-01-03,21993000.0
1979-01-04,22025000.0
1979-01-05,22056000.0
1979-01-06,22084000.0
1979-01-07,22117000.0
1979-01-08,22142000.0
1979-01-09,22157000.0
1979-01-10,22188000.0
1979-01-11,22216000.0
1979-01-12,22245000.0
1979-01-13,22283000.0
1979-01-14,22314000.0
1979-01-15,22346000.0
1979-01-16,22370000.0
1979-01-17,22398000.0
1979-01-18,22434000.0
1979-01-19,22468000.0
1979-01-20,22501000.0
1979-01-21,22531000.0
1979-01-22,22556000.0
1979-01-23,22565000.0
1979-01-24,22582000.0
1979-01-25,22607000.0
1979-01-26,22632000.0
1979-01-27,22658000.0
1979-01-28,22682000.0
1979-01-29,22704000.0
1979-01-30,22714000.0
1979-01-31,22747000.0
1979-02-01,22787000.0
1979-02-02,22818000.0
1979-02-03,22847000.0
1979-02-04,22877000.0
1979-02-05,22907000.0
1979-02-06,22923000.0
1979-02-07,22960000.0
1979-02-08,22996000.0
1979-02-09,23032000.0
1979-02-10,23064000.0
1979-02-11,23092000.0
1979-02-12,23117000.0
1979-02-13,23137000.0
1979-02-14,23160000.0
1979-02-15,23179000.0
1979-02-16,23200000.0
1979-02-17,23236000.0
1979-02-18,23279000.0
1979-02-19,23302000.0
1979-02-20,23299000.0
1979-02-21,23289000.0
1979-02-22,23289000.0
1979-02-23,23291000.0
1979-02-24,23308000.0
1979-02-25,23324000.0
1979-02-26,23320000.0
1979-02-27,23305000.0
1979-02-28,23297000.0
1979-03-01,23286000.0
1979-03-02,23283000.0
1979-03-03,23292000.0
1979-03-04,23311000.0
1979-03-05,23302000.0
1979-03-06,23289000.0
1979-03-07,23279000.0
1979-03-08,23269000.0
1979-03-09,23253000.0
1979-03-10,23248000.0
1979-03-11,23248000.0
1979-03-12,23228000.0
1979-03-13,23203000.0
1979-03-14,23187000.0
1979-03-15,23163000.0
1979-03-16,23143000.0
1979-03-17,23137000.0
1979-03-18,23140000.0
1979-03-19,23115000.0
1979-03-20,23102000.0
1979-03-21,23082000.0
1979-03-22,23072000.0
1979-03-23,23060000.0
1979-03-24,23069000.0
1979-03-25,23077000.0
1979-03-26,23067000.0
1979-03-27,23054000.0
1979-03-28,23044000.0
1979-03-29,23056000.0
1979-03-30,23056000.0
1979-03-31,23067000.0
1979-04-01,23080000.0
1979-04-02,23079000.0
1979-04-03,23054000.0
1979-04-04,23047000.0
1979-04-05,23045000.0
1979-04-06,23042000.0
1979-04-07,23051000.0
1979-04-08,23054000.0
1979-04-09,23032000.0
1979-04-10,23018000.0
1979-04-11,23003000.0
1979-04-12,22993000.0
1979-04-13,22992000.0
1979-04-14,23000000.0
1979-04-15,23015000.0
1979-04-16,23000000.0
1979-04-17,22990000.0
1979-04-18,22981000.0
1979-04-19,22971000.0
1979-04-20,22958000.0
1979-04-21,22964000.0
1979-04-22,22976000.0
1979-04-23,22964000.0
1979-04-24,22960000.0
1979-04-25,22954000.0
1979-04-26,22932000.0
1979-04-27,22928000.0
1979-04-28,22934000.0
1979-04-29,22942000.0
1979-04-30,22918000.0
1979-05-01,22902000.0
1979-05-02,22889000.0
1979-05-03,22876000.0
1979-05-04,22863000.0
1979-05-05,22860000.0
1979-05-06,22855000.0
1979-05-07,22848000.0
1979-05-08,22838000.0
1979-05-09,22825000.0
1979-05-10,22806000.0
1979-05-11,22785000.0
1979-05-12,22776000.0
1979-05-13,22772000.0
1979-05-14,22747000.0
1979-05-15,22724000.0
1979-05-16,22708000.0
1979-05-17,22688000.0
1979-05-18,22662000.0
1979-05-19,22661000.0
1979-05-20,22664000.0
1979-05-21,22643000.0
1979-05-22,22615000.0
1979-05-23,22586000.0
1979-05-24,22574000.0
1979-05-25,22556000.0
1979-05-26,22553000.0
1979-05-27,22582000.0
1979-05-28,22592000.0
1979-05-29,22580000.0
1979-05-30,22572000.0
1979-05-31,22563000.0
1979-06-01,22552000.0
1979-06-02,22554000.0
1979-06-03,22566000.0
1979-06-04,22552000.0
1979-06-05,22531000.0
1979-06-06,22507000.0
1979-06-07,22496000.0
1979-06-08,22476000.0
1979-06-09,22480000.0
1979-06-10,22480000.0
1979-06-11,22456000.0
1979-06-12,22447000.0
1979-06-13,22431000.0
1979-06-14,22427000.0
1979-06-15,22423000.0
1979-06-16,22430000.0
1979-06-17,22446000.0
1979-06-18,22430000.0
1979-06-19,22417000.0
1979-06-20,22398000.0
1979-06-21,22377000.0
1979-06-22,22351000.0
1979-06-23,22346000.0
1979-06-24,22353000.0
1979-06-25,22333000.0
1979-06-26,22320000.0
1979-06-27,22307000.0
1979-06-28,22294000.0
1979-06-29,22280000.0
1979-06-30,22270000.0
1979-07-01,22283000.0
1979-07-02,22283000.0
1979-07-03,22272000.0
1979-07-04,22286000.0
1979-07-05,22275000.0
1979-07-06,22256000.0
1979-07-07,22253000.0
1979-07-08,22253000.0
1979-07-09,22236000.0
1979-07-10,22219000.0
1979-07-11,22218000.0
1979-07-12,22212000.0
1979-07-13,22208000.0
1979-07-14,22211000.0
1979-07-15,22220000.0
1979-07-16,22219000.0
1979-07-17,22215000.0
1979-07-18,22199000.0
1979-07-19,22199000.0
1979-07-20,22192000.0
1979-07-21,22201000.0
1979-07-22,22202000.0
1979-07-23,22196000.0
1979-07-24,22189000.0
1979-07-25,22181000.0
1979-07-26,22176000.0
1979-07-27,22172000.0
1979-07-28,22175000.0
1979-07-29,22184000.0
1979-07-30,22185000.0
1979-07-31,22179000.0
1979-08-01,22184000.0
1979-08-02,22181000.0
1979-08-03,22178000.0
1979-08-04,22192000.0
1979-08-05,22206000.0
1979-08-06,22209000.0
1979-08-07,22205000.0
1979-08-08,22213000.0
1979-08-09,22216000.0
1979-08-10,22225000.0
1979-08-11,22245000.0
1979-08-12,22273000.0
1979-08-13,22277000.0
1979-08-14,22286000.0
1979-08-15,22287000.0
1979-08-16,22279000.0
1979-08-17,22266000.0
1979-08-18,22279000.0
1979-08-19,22303000.0
1979-08-20,22309000.0
1979-08-21,22304000.0
1979-08-22,22314000.0
1979-08-23,22309000.0
1979-08-24,22296000.0
1979-08-25,22292000.0
1979-08-26,22293000.0
1979-08-27,22297000.0
1979-08-28,22304000.0
1979-08-29,22310000.0
1979-08-30,22306000.0
1979-08-31,22300000.0
1979-09-01,22317000.0
1979-09-02,22338000.0
1979-09-03,22343000.0
1979-09-04,22331000.0
1979-09-05,22327000.0
1979-09-06,22327000.0
1979-09-07,22327000.0
1979-09-08,22317000.0
1979-09-09,22303000.0
1979-09-10,22299000.0
1979-09-11,22303000.0
1979-09-12,22306000.0
1979-09-13,22293000.0
1979-09-14,22272000.0
1979-09-15,22265000.0
1979-09-16,22260000.0
1979-09-17,22240000.0
1979-09-18,22223000.0
1979-09-19,22211000.0
1979-09-20,22206000.0
1979-09-21,22208000.0
1979-09-22,22211000.0
1979-09-23,22208000.0
1979-09-24,22213000.0
1979-09-25,22211000.0
1979-09-26,22215000.0
1979-09-27,22225000.0
1979-09-28,22230000.0
1979-09-29,22239000.0
1979-09-30,22242000.0
1979-10-01,22245000.0
1979-10-02,22238000.0
1979-10-03,22230000.0
1979-10-04,22233000.0
1979-10-05,22242000.0
1979-10-06,22250000.0
1979-10-07,22262000.0
1979-10-08,22252000.0
1979-10-09,22245000.0
1979-10-10,22245000.0
1979-10-11,22246000.0
1979-10-12,22255000.0
1979-10-13,22271000.0
1979-10-14,22289000.0
1979-10-15,22299000.0
1979-10-16,22292000.0
1979-10-17,22279000.0
1979-10-18,22266000.0
1979-10-19,22250000.0
1979-10-20,22259000.0
1979-10-21,22266000.0
1979-10-22,22253000.0
1979-10-23,22223000.0
1979-10-24,22218000.0
1979-10-25,22212000.0
1979-10-26,22218000.0
1979-10-27,22225000.0
1979-10-28,22233000.0
1979-10-29,22218000.0
1979-10-30,22215000.0
1979-10-31,22216000.0
1979-11-01,22228000.0
1979-11-02,22230000.0
1979-11-03,22247000.0
1979-11-04,22273000.0
1979-11-05,22282000.0
1979-11-06,22283000.0
1979-11-07,22290000.0
1979-11-08,22306000.0
1979-11-09,22320000.0
1979-11-10,22336000.0
1979-11-11,22360000.0
1979-11-12,22367000.0
1979-11-13,22354000.0
1979-11-14,22351000.0
1979-11-15,22357000.0
1979-11-16,22366000.0
1979-11-17,22380000.0
1979-11-18,22394000.0
1979-11-19,22384000.0
1979-11-20,22371000.0
1979-11-21,22367000.0
1979-11-22,22393000.0
1979-11-23,22410000.0
1979-11-24,22427000.0
1979-11-25,22431000.0
1979-11-26,22444000.0
1979-11-27,22441000.0
1979-11-28,22438000.0
1979-11-29,22437000.0
1979-11-30,22433000.0
1979-12-01,22446000.0
1979-12-02,22461000.0
1979-12-03,22471000.0
1979-12-04,22477000.0
1979-12-05,22491000.0
1979-12-06,22493000.0
1979-12-07,22494000.0
1979-12-08,22509000.0
1979-12-09,22524000.0
1979-12-10,22517000.0
1979-12-11,22513000.0
1979-12-12,22526000.0
1979-12-13,22543000.0
1979-12-14,22550000.0
1979-12-15,22564000.0
1979-12-16,22577000.0
1979-12-17,22582000.0
1979-12-18,22582000.0
1979-12-19,22576000.0
1979-12-20,22582000.0
1979-12-21,22587000.0
1979-12-22,22593000.0
1979-12-23,22599000.0
1979-12-24,22605000.0
1979-12-25,22613000.0
1979-12-26,22604000.0
1979-12-27,22592000.0
1979-12-28,22587000.0
1979-12-29,22604000.0
1979-12-30,22619000.0
1979-12-31,22623000.0
1980-01-01,22629000.0
1980-01-02,22609000.0
1980-01-03,22592000.0
1980-01-04,22576000.0
1980-01-05,22583000.0
1980-01-06,22593000.0
1980-01-07,22595000.0
1980-01-08,22587000.0
1980-01-09,22593000.0
1980-01-10,22602000.0
1980-01-11,22620000.0
1980-01-12,22628000.0
1980-01-13,22646000.0
1980-01-14,22651000.0
1980-01-15,22652000.0
1980-01-16,22649000.0
1980-01-17,22639000.0
1980-01-18,22626000.0
1980-01-19,22635000.0
1980-01-20,22653000.0
1980-01-21,22661000.0
1980-01-22,22666000.0
1980-01-23,22689000.0
1980-01-24,22702000.0
1980-01-25,22711000.0
1980-01-26,22720000.0
1980-01-27,22725000.0
1980-01-28,22720000.0
1980-01-29,22725000.0
1980-01-30,22746000.0
1980-01-31,22770000.0
1980-02-01,22789000.0
1980-02-02,22812000.0
1980-02-03,22825000.0
1980-02-04,22841000.0
1980-02-05,22832000.0
1980-02-06,22834000.0
1980-02-07,22841000.0
1980-02-08,22852000.0
1980-02-09,22861000.0
1980-02-10,22880000.0
1980-02-11,22903000.0
1980-02-12,22916000.0
1980-02-13,22928000.0
1980-02-14,22952000.0
1980-02-15,22973000.0
1980-02-16,23009000.0
1980-02-17,23041000.0
1980-02-18,23061000.0
1980-02-19,23092000.0
1980-02-20,23153000.0
1980-02-21,23206000.0
1980-02-22,23258000.0
1980-02-23,23308000.0
1980-02-24,23362000.0
1980-02-25,23410000.0
1980-02-26,23441000.0
1980-02-27,23476000.0
1980-02-28,23496000.0
1980-02-29,23520000.0
1980-03-01,23538000.0
1980-03-02,23557000.0
1980-03-03,23566000.0
1980-03-04,23569000.0
1980-03-05,23563000.0
1980-03-06,23564000.0
1980-03-07,23563000.0
1980-03-08,23573000.0
1980-03-09,23579000.0
1980-03-10,23563000.0
1980-03-11,23550000.0
1980-03-12,23535000.0
1980-03-13,23517000.0
1980-03-14,23498000.0
1980-03-15,23493000.0
1980-03-16,23490000.0
1980-03-17,23476000.0
1980-03-18,23455000.0
1980-03-19,23439000.0
1980-03-20,23418000.0
1980-03-21,23421000.0
1980-03-22,23423000.0
1980-03-23,23432000.0
1980-03-24,23407000.0
1980-03-25,23392000.0
1980-03-26,23379000.0
1980-03-27,23360000.0
1980-03-28,23349000.0
1980-03-29,23357000.0
1980-03-30,23362000.0
1980-03-31,23335000.0
1980-04-01,23301000.0
1980-04-02,23292000.0
1980-04-03,23282000.0
1980-04-04,23272000.0
1980-04-05,23280000.0
1980-04-06,23304000.0
1980-04-07,23288000.0
1980-04-08,23261000.0
1980-04-09,23253000.0
1980-04-10,23248000.0
1980-04-11,23231000.0
1980-04-12,23236000.0
1980-04-13,23244000.0
1980-04-14,23231000.0
1980-04-15,23231000.0
1980-04-16,23226000.0
1980-04-17,23217000.0
1980-04-18,23212000.0
1980-04-19,23232000.0
1980-04-20,23251000.0
1980-04-21,23235000.0
1980-04-22,23213000.0
1980-04-23,23198000.0
1980-04-24,23190000.0
1980-04-25,23190000.0
1980-04-26,23207000.0
1980-04-27,23226000.0
1980-04-28,23216000.0
1980-04-29,23206000.0
1980-04-30,23198000.0
1980-05-01,23197000.0
1980-05-02,23191000.0
1980-05-03,23200000.0
1980-05-04,23210000.0
1980-05-05,23197000.0
1980-05-06,23169000.0
1980-05-07,23156000.0
1980-05-08,23139000.0
1980-05-09,23112000.0
1980-05-10,23117000.0
1980-05-11,23130000.0
1980-05-12,23115000.0
1980-05-13,23090000.0
1980-05-14,23063000.0
1980-05-15,23040000.0
1980-05-16,23021000.0
1980-05-17,23012000.0
1980-05-18,23018000.0
1980-05-19,23000000.0
1980-05-20,23002000.0
1980-05-21,23010000.0
1980-05-22,23003000.0
1980-05-23,22964000.0
1980-05-24,22957000.0
1980-05-25,22958000.0
1980-05-26,22961000.0
1980-05-27,22938000.0
1980-05-28,22920000.0
1980-05-29,22913000.0
1980-05-30,22899000.0
1980-05-31,22906000.0
1980-06-01,22925000.0
1980-06-02,22932000.0
1980-06-03,22918000.0
1980-06-04,22918000.0
1980-06-05,22928000.0
1980-06-06,22936000.0
1980-06-07,22960000.0
1980-06-08,22980000.0
1980-06-09,22979000.0
1980-06-10,22974000.0
1980-06-11,22981000.0
1980-06-12,22990000.0
1980-06-13,22999000.0
1980-06-14,23025000.0
1980-06-15,23060000.0
1980-06-16,23066000.0
1980-06-17,23063000.0
1980-06-18,23072000.0
1980-06-19,23095000.0
1980-06-20,23102000.0
1980-06-21,23118000.0
1980-06-22,23133000.0
1980-06-23,23107000.0
1980-06-24,23092000.0
1980-06-25,23112000.0
1980-06-26,23123000.0
1980-06-27,23130000.0
1980-06-28,23168000.0
1980-06-29,23217000.0
1980-06-30,23247000.0
1980-07-01,23266000.0
1980-07-02,23307000.0
1980-07-03,23336000.0
1980-07-04,23374000.0
1980-07-05,23408000.0
1980-07-06,23436000.0
1980-07-07,23460000.0
1980-07-08,23473000.0
1980-07-09,23492000.0
1980-07-10,23496000.0
1980-07-11,23496000.0
1980-07-12,23521000.0
1980-07-13,23550000.0
1980-07-14,23558000.0
1980-07-15,23566000.0
1980-07-16,23563000.0
1980-07-17,23566000.0
1980-07-18,23563000.0
1980-07-19,23579000.0
1980-07-20,23601000.0
1980-07-21,23595000.0
1980-07-22,23579000.0
1980-07-23,23578000.0
1980-07-24,23579000.0
1980-07-25,23573000.0
1980-07-26,23586000.0
1980-07-27,23597000.0
1980-07-28,23598000.0
1980-07-29,23597000.0
1980-07-30,23595000.0
1980-07-31,23597000.0
1980-08-01,23597000.0
1980-08-02,23617000.0
1980-08-03,23631000.0
1980-08-04,23628000.0
1980-08-05,23622000.0
1980-08-06,23616000.0
1980-08-07,23607000.0
1980-08-08,23601000.0
1980-08-09,23613000.0
1980-08-10,23626000.0
1980-08-11,23629000.0
1980-08-12,23622000.0
1980-08-13,23619000.0
1980-08-14,23610000.0
1980-08-15,23606000.0
1980-08-16,23631000.0
1980-08-17,23641000.0
1980-08-18,23629000.0
1980-08-19,23617000.0
1980-08-20,23616000.0
1980-08-21,23606000.0
1980-08-22,23597000.0
1980-08-23,23585000.0
1980-08-24,23586000.0
1980-08-25,23583000.0
1980-08-26,23585000.0
1980-08-27,23589000.0
1980-08-28,23581000.0
1980-08-29,23575000.0
1980-08-30,23581000.0
1980-08-31,23586000.0
1980-09-01,23589000.0
1980-09-02,23572000.0
1980-09-03,23566000.0
1980-09-04,23548000.0
1980-09-05,23533000.0
1980-09-06,23554000.0
1980-09-07,23569000.0
1980-09-08,23569000.0
1980-09-09,23583000.0
1980-09-10,23582000.0
1980-09-11,23594000.0
1980-09-12,23595000.0
1980-09-13,23615000.0
1980-09-14,23635000.0
1980-09-15,23635000.0
1980-09-16,23628000.0
1980-09-17,23625000.0
1980-09-18,23622000.0
1980-09-19,23616000.0
1980-09-20,23631000.0
1980-09-21,23653000.0
1980-09-22,23647000.0
1980-09-23,23641000.0
1980-09-24,23638000.0
1980-09-25,23634000.0
1980-09-26,23635000.0
1980-09-27,23643000.0
1980-09-28,23651000.0
1980-09-29,23647000.0
1980-09-30,23637000.0
1980-10-01,23638000.0
1980-10-02,23635000.0
1980-10-03,23612000.0
1980-10-04,23607000.0
1980-10-05,23609000.0
1980-10-06,23595000.0
1980-10-07,23578000.0
1980-10-08,23572000.0
1980-10-09,23570000.0
1980-10-10,23561000.0
1980-10-11,23573000.0
1980-10-12,23589000.0
1980-10-13,23585000.0
1980-10-14,23561000.0
1980-10-15,23548000.0
1980-10-16,23551000.0
1980-10-17,23547000.0
1980-10-18,23552000.0
1980-10-19,23555000.0
1980-10-20,23536000.0
1980-10-21,23510000.0
1980-10-22,23488000.0
1980-10-23,23471000.0
1980-10-24,23458000.0
1980-10-25,23461000.0
1980-10-26,23476000.0
1980-10-27,23462000.0
1980-10-28,23451000.0
1980-10-29,23435000.0
1980-10-30,23412000.0
1980-10-31,23385000.0
1980-11-01,23390000.0
1980-11-02,23398000.0
1980-11-03,23393000.0
1980-11-04,23386000.0
1980-11-05,23382000.0
1980-11-06,23368000.0
1980-11-07,23358000.0
1980-11-08,23368000.0
1980-11-09,23387000.0
1980-11-10,23380000.0
1980-11-11,23373000.0
1980-11-12,23362000.0
1980-11-13,23355000.0
1980-11-14,23352000.0
1980-11-15,23364000.0
1980-11-16,23398000.0
1980-11-17,23398000.0
1980-11-18,23392000.0
1980-11-19,23390000.0
1980-11-20,23387000.0
1980-11-21,23383000.0
1980-11-22,23399000.0
1980-11-23,23411000.0
1980-11-24,23415000.0
1980-11-25,23417000.0
1980-11-26,23414000.0
1980-11-27,23435000.0
1980-11-28,23449000.0
1980-11-29,23454000.0
1980-11-30,23454000.0
1980-12-01,23436000.0
1980-12-02,23420000.0
1980-12-03,23402000.0
1980-12-04,23392000.0
1980-12-05,23380000.0
1980-12-06,23387000.0
1980-12-07,23402000.0
1980-12-08,23402000.0
1980-12-09,23396000.0
1980-12-10,23390000.0
1980-12-11,23385000.0
1980-12-12,23392000.0
1980-12-13,23414000.0
1980-12-14,23432000.0
1980-12-15,23432000.0
1980-12-16,23417000.0
1980-12-17,23410000.0
1980-12-18,23398000.0
1980-12-19,23374000.0
1980-12-20,23371000.0
1980-12-21,23392000.0
1980-12-22,23382000.0
1980-12-23,23365000.0
1980-12-24,23368000.0
1980-12-25,23373000.0
1980-12-26,23370000.0
1980-12-27,23371000.0
1980-12-28,23382000.0
1980-12-29,23365000.0
1980-12-30,23349000.0
1980-12-31,23336000.0
1981-01-01,23338000.0
1981-01-02,23335000.0
1981-01-03,23330000.0
1981-01-04,23332000.0
1981-01-05,23316000.0
1981-01-06,23308000.0
1981-01-07,23301000.0
1981-01-08,23298000.0
1981-01-09,23295000.0
1981-01-10,23314000.0
1981-01-11,23338000.0
1981-01-12,23340000.0
1981-01-13,23339000.0
1981-01-14,23339000.0
1981-01-15,23333000.0
1981-01-16,23329000.0
1981-01-17,23336000.0
1981-01-18,23354000.0
1981-01-19,23364000.0
1981-01-20,23370000.0
1981-01-21,23376000.0
1981-01-22,23382000.0
1981-01-23,23392000.0
1981-01-24,23401000.0
1981-01-25,23418000.0
1981-01-26,23427000.0
1981-01-27,23427000.0
1981-01-28,23427000.0
1981-01-29,23427000.0
1981-01-30,23430000.0
1981-01-31,23439000.0
1981-02-01,23457000.0
1981-02-02,23458000.0
1981-02-03,23477000.0
1981-02-04,23490000.0
1981-02-05,23498000.0
1981-02-06,23505000.0
1981-02-07,23521000.0
1981-02-08,23538000.0
1981-02-09,23541000.0
1981-02-10,23544000.0
1981-02-11,23547000.0
1981-02-12,23557000.0
1981-02-13,23564000.0
1981-02-14,23581000.0
1981-02-15,23598000.0
1981-02-16,23610000.0
1981-02-17,23609000.0
1981-02-18,23604000.0
1981-02-19,23597000.0
1981-02-20,23591000.0
1981-02-21,23591000.0
1981-02-22,23603000.0
1981-02-23,23598000.0
1981-02-24,23582000.0
1981-02-25,23566000.0
1981-02-26,23558000.0
1981-02-27,23541000.0
1981-02-28,23547000.0
1981-03-01,23563000.0
1981-03-02,23550000.0
1981-03-03,23538000.0
1981-03-04,23524000.0
1981-03-05,23513000.0
1981-03-06,23514000.0
1981-03-07,23514000.0
1981-03-08,23521000.0
1981-03-09,23518000.0
1981-03-10,23513000.0
1981-03-11,23511000.0
1981-03-12,23498000.0
1981-03-13,23488000.0
1981-03-14,23490000.0
1981-03-15,23501000.0
1981-03-16,23489000.0
1981-03-17,23476000.0
1981-03-18,23454000.0
1981-03-19,23424000.0
1981-03-20,23415000.0
1981-03-21,23412000.0
1981-03-22,23412000.0
1981-03-23,23395000.0
1981-03-24,23379000.0
1981-03-25,23349000.0
1981-03-26,23329000.0
1981-03-27,23304000.0
1981-03-28,23292000.0
1981-03-29,23283000.0
1981-03-30,23263000.0
1981-03-31,23229000.0
1981-04-01,23204000.0
1981-04-02,23172000.0
1981-04-03,23150000.0
1981-04-04,23150000.0
1981-04-05,23156000.0
1981-04-06,23133000.0
1981-04-07,23104000.0
1981-04-08,23074000.0
1981-04-09,23044000.0
1981-04-10,23009000.0
1981-04-11,22999000.0
1981-04-12,22996000.0
1981-04-13,22968000.0
1981-04-14,22941000.0
1981-04-15,22920000.0
1981-04-16,22899000.0
1981-04-17,22884000.0
1981-04-18,22874000.0
1981-04-19,22881000.0
1981-04-20,22865000.0
1981-04-21,22847000.0
1981-04-22,22818000.0
1981-04-23,22798000.0
1981-04-24,22774000.0
1981-04-25,22770000.0
1981-04-26,22772000.0
1981-04-27,22754000.0
1981-04-28,22730000.0
1981-04-29,22711000.0
1981-04-30,22691000.0
1981-05-01,22665000.0
1981-05-02,22658000.0
1981-05-03,22661000.0
1981-05-04,22642000.0
1981-05-05,22619000.0
1981-05-06,22615000.0
1981-05-07,22610000.0
1981-05-08,22606000.0
1981-05-09,22596000.0
1981-05-10,22585000.0
1981-05-11,22567000.0
1981-05-12,22543000.0
1981-05-13,22533000.0
1981-05-14,22520000.0
1981-05-15,22509000.0
1981-05-16,22513000.0
1981-05-17,22513000.0
1981-05-18,22487000.0
1981-05-19,22467000.0
1981-05-20,22454000.0
1981-05-21,22444000.0
1981-05-22,22446000.0
1981-05-23,22448000.0
1981-05-24,22446000.0
1981-05-25,22443000.0
1981-05-26,22424000.0
1981-05-27,22406000.0
1981-05-28,22391000.0
1981-05-29,22381000.0
1981-05-30,22387000.0
1981-05-31,22373000.0
1981-06-01,22358000.0
1981-06-02,22353000.0
1981-06-03,22350000.0
1981-06-04,22334000.0
1981-06-05,22329000.0
1981-06-06,22330000.0
1981-06-07,22338000.0
1981-06-08,22330000.0
1981-06-09,22319000.0
1981-06-10,22307000.0
1981-06-11,22299000.0
1981-06-12,22292000.0
1981-06-13,22292000.0
1981-06-14,22290000.0
1981-06-15,22272000.0
1981-06-16,22249000.0
1981-06-17,22222000.0
1981-06-18,22205000.0
1981-06-19,22181000.0
1981-06-20,22171000.0
1981-06-21,22174000.0
1981-06-22,22147000.0
1981-06-23,22123000.0
1981-06-24,22099000.0
1981-06-25,22080000.0
1981-06-26,22058000.0
1981-06-27,22058000.0
1981-06-28,22065000.0
1981-06-29,22045000.0
1981-06-30,22015000.0
1981-07-01,21991000.0
1981-07-02,21974000.0
1981-07-03,21960000.0
1981-07-04,21956000.0
1981-07-05,21952000.0
1981-07-06,21929000.0
1981-07-07,21910000.0
1981-07-08,21900000.0
1981-07-09,21895000.0
1981-07-10,21886000.0
1981-07-11,21891000.0
1981-07-12,21903000.0
1981-07-13,21888000.0
1981-07-14,21888000.0
1981-07-15,21894000.0
1981-07-16,21900000.0
1981-07-17,21891000.0
1981-07-18,21895000.0
1981-07-19,21905000.0
1981-07-20,21895000.0
1981-07-21,21895000.0
1981-07-22,21898000.0
1981-07-23,21898000.0
1981-07-24,21895000.0
1981-07-25,21903000.0
1981-07-26,21914000.0
1981-07-27,21917000.0
1981-07-28,21901000.0
1981-07-29,21891000.0
1981-07-30,21895000.0
1981-07-31,21900000.0
1981-08-01,21917000.0
1981-08-02,21935000.0
1981-08-03,21931000.0
1981-08-04,21929000.0
1981-08-05,21931000.0
1981-08-06,21924000.0
1981-08-07,21921000.0
1981-08-08,21929000.0
1981-08-09,21943000.0
1981-08-10,21933000.0
1981-08-11,21941000.0
1981-08-12,21941000.0
1981-08-13,21932000.0
1981-08-14,21922000.0
1981-08-15,21935000.0
1981-08-16,21932000.0
1981-08-17,21914000.0
1981-08-18,21910000.0
1981-08-19,21908000.0
1981-08-20,21903000.0
1981-08-21,21897000.0
1981-08-22,21898000.0
1981-08-23,21910000.0
1981-08-24,21904000.0
1981-08-25,21895000.0
1981-08-26,21890000.0
1981-08-27,21883000.0
1981-08-28,21879000.0
1981-08-29,21884000.0
1981-08-30,21890000.0
1981-08-31,21886000.0
1981-09-01,21872000.0
1981-09-02,21873000.0
1981-09-03,21867000.0
1981-09-04,21869000.0
1981-09-05,21890000.0
1981-09-06,21886000.0
1981-09-07,21886000.0
1981-09-08,21866000.0
1981-09-09,21856000.0
1981-09-10,21841000.0
1981-09-11,21839000.0
1981-09-12,21848000.0
1981-09-13,21870000.0
1981-09-14,21866000.0
1981-09-15,21859000.0
1981-09-16,21854000.0
1981-09-17,21849000.0
1981-09-18,21848000.0
1981-09-19,21855000.0
1981-09-20,21873000.0
1981-09-21,21877000.0
1981-09-22,21873000.0
1981-09-23,21874000.0
1981-09-24,21879000.0
1981-09-25,21884000.0
1981-09-26,21895000.0
1981-09-27,21900000.0
1981-09-28,21895000.0
1981-09-29,21887000.0
1981-09-30,21870000.0
1981-10-01,21873000.0
1981-10-02,21873000.0
1981-10-03,21884000.0
1981-10-04,21901000.0
1981-10-05,21897000.0
1981-10-06,21884000.0
1981-10-07,21866000.0
1981-10-08,21866000.0
1981-10-09,21874000.0
1981-10-10,21881000.0
1981-10-11,21890000.0
1981-10-12,21893000.0
1981-10-13,21898000.0
1981-10-14,21890000.0
1981-10-15,21886000.0
1981-10-16,21893000.0
1981-10-17,21904000.0
1981-10-18,21914000.0
1981-10-19,21908000.0
1981-10-20,21904000.0
1981-10-21,21925000.0
1981-10-22,21955000.0
1981-10-23,21984000.0
1981-10-24,22018000.0
1981-10-25,22036000.0
1981-10-26,22048000.0
1981-10-27,22048000.0
1981-10-28,22048000.0
1981-10-29,22055000.0
1981-10-30,22059000.0
1981-10-31,22073000.0
1981-11-01,22087000.0
1981-11-02,22093000.0
1981-11-03,22093000.0
1981-11-04,22094000.0
1981-11-05,22100000.0
1981-11-06,22109000.0
1981-11-07,22116000.0
1981-11-08,22130000.0
1981-11-09,22134000.0
1981-11-10,22137000.0
1981-11-11,22138000.0
1981-11-12,22145000.0
1981-11-13,22157000.0
1981-11-14,22181000.0
1981-11-15,22201000.0
1981-11-16,22202000.0
1981-11-17,22199000.0
1981-11-18,22196000.0
1981-11-19,22191000.0
1981-11-20,22185000.0
1981-11-21,22206000.0
1981-11-22,22230000.0
1981-11-23,22240000.0
1981-11-24,22229000.0
1981-11-25,22229000.0
1981-11-26,22222000.0
1981-11-27,22246000.0
1981-11-28,22255000.0
1981-11-29,22259000.0
1981-11-30,22259000.0
1981-12-01,22246000.0
1981-12-02,22256000.0
1981-12-03,22270000.0
1981-12-04,22282000.0
1981-12-05,22299000.0
1981-12-06,22323000.0
1981-12-07,22336000.0
1981-12-08,22338000.0
1981-12-09,22347000.0
1981-12-10,22351000.0
1981-12-11,22360000.0
1981-12-12,22368000.0
1981-12-13,22383000.0
1981-12-14,22393000.0
1981-12-15,22407000.0
1981-12-16,22430000.0
1981-12-17,22436000.0
1981-12-18,22443000.0
1981-12-19,22476000.0
1981-12-20,22507000.0
1981-12-21,22531000.0
1981-12-22,22550000.0
1981-12-23,22574000.0
1981-12-24,22597000.0
1981-12-25,22620000.0
1981-12-26,22630000.0
1981-12-27,22655000.0
1981-12-28,22658000.0
1981-12-29,22661000.0
1981-12-30,22665000.0
1981-12-31,22668000.0
1982-01-01,22681000.0
1982-01-02,22685000.0
1982-01-03,22691000.0
1982-01-04,22697000.0
1982-01-05,22694000.0
1982-01-06,22710000.0
1982-01-07,22711000.0
1982-01-08,22721000.0
1982-01-09,22736000.0
1982-01-10,22751000.0
1982-01-11,22760000.0
1982-01-12,22757000.0
1982-01-13,22763000.0
1982-01-14,22777000.0
1982-01-15,22805000.0
1982-01-16,22829000.0
1982-01-17,22850000.0
1982-01-18,22850000.0
1982-01-19,22847000.0
1982-01-20,22844000.0
1982-01-21,22868000.0
1982-01-22,22887000.0
1982-01-23,22918000.0
1982-01-24,22950000.0
1982-01-25,22973000.0
1982-01-26,22981000.0
1982-01-27,23002000.0
1982-01-28,23012000.0
1982-01-29,23025000.0
1982-01-30,23051000.0
1982-01-31,23083000.0
1982-02-01,23086000.0
1982-02-02,23093000.0
1982-02-03,23108000.0
1982-02-04,23117000.0
1982-02-05,23130000.0
1982-02-06,23150000.0
1982-02-07,23178000.0
1982-02-08,23187000.0
1982-02-09,23190000.0
1982-02-10,23200000.0
1982-02-11,23229000.0
1982-02-12,23247000.0
1982-02-13,23267000.0
1982-02-14,23289000.0
1982-02-15,23310000.0
1982-02-16,23314000.0
1982-02-17,23307000.0
1982-02-18,23297000.0
1982-02-19,23280000.0
1982-02-20,23280000.0
1982-02-21,23282000.0
1982-02-22,23276000.0
1982-02-23,23269000.0
1982-02-24,23253000.0
1982-02-25,23251000.0
1982-02-26,23250000.0
1982-02-27,23256000.0
1982-02-28,23264000.0
1982-03-01,23248000.0
1982-03-02,23231000.0
1982-03-03,23219000.0
1982-03-04,23213000.0
1982-03-05,23207000.0
1982-03-06,23212000.0
1982-03-07,23214000.0
1982-03-08,23203000.0
1982-03-09,23182000.0
1982-03-10,23163000.0
1982-03-11,23139000.0
1982-03-12,23127000.0
1982-03-13,23127000.0
1982-03-14,23136000.0
1982-03-15,23123000.0
1982-03-16,23108000.0
1982-03-17,23104000.0
1982-03-18,23131000.0
1982-03-19,23146000.0
1982-03-20,23162000.0
1982-03-21,23182000.0
1982-03-22,23190000.0
1982-03-23,23178000.0
1982-03-24,23156000.0
1982-03-25,23136000.0
1982-03-26,23124000.0
1982-03-27,23128000.0
1982-03-28,23128000.0
1982-03-29,23104000.0
1982-03-30,23086000.0
1982-03-31,23064000.0
1982-04-01,23038000.0
1982-04-02,23026000.0
1982-04-03,23022000.0
1982-04-04,23028000.0
1982-04-05,23012000.0
1982-04-06,22983000.0
1982-04-07,22974000.0
1982-04-08,22955000.0
1982-04-09,22958000.0
1982-04-10,22958000.0
1982-04-11,22950000.0
1982-04-12,22931000.0
1982-04-13,22907000.0
1982-04-14,22892000.0
1982-04-15,22877000.0
1982-04-16,22867000.0
1982-04-17,22871000.0
1982-04-18,22880000.0
1982-04-19,22868000.0
1982-04-20,22829000.0
1982-04-21,22802000.0
1982-04-22,22782000.0
1982-04-23,22763000.0
1982-04-24,22759000.0
1982-04-25,22761000.0
1982-04-26,22746000.0
1982-04-27,22720000.0
1982-04-28,22695000.0
1982-04-29,22678000.0
1982-04-30,22671000.0
1982-05-01,22681000.0
1982-05-02,22684000.0
1982-05-03,22682000.0
1982-05-04,22676000.0
1982-05-05,22668000.0
1982-05-06,22664000.0
1982-05-07,22666000.0
1982-05-08,22675000.0
1982-05-09,22691000.0
1982-05-10,22687000.0
1982-05-11,22674000.0
1982-05-12,22659000.0
1982-05-13,22628000.0
1982-05-14,22615000.0
1982-05-15,22600000.0
1982-05-16,22596000.0
1982-05-17,22582000.0
1982-05-18,22560000.0
1982-05-19,22544000.0
1982-05-20,22526000.0
1982-05-21,22514000.0
1982-05-22,22521000.0
1982-05-23,22524000.0
1982-05-24,22509000.0
1982-05-25,22496000.0
1982-05-26,22474000.0
1982-05-27,22474000.0
1982-05-28,22464000.0
1982-05-29,22468000.0
1982-05-30,22476000.0
1982-05-31,22474000.0
1982-06-01,22476000.0
1982-06-02,22480000.0
1982-06-03,22480000.0
1982-06-04,22470000.0
1982-06-05,22470000.0
1982-06-06,22468000.0
1982-06-07,22470000.0
1982-06-08,22474000.0
1982-06-09,22477000.0
1982-06-10,22476000.0
1982-06-11,22480000.0
1982-06-12,22488000.0
1982-06-13,22493000.0
1982-06-14,22486000.0
1982-06-15,22474000.0
1982-06-16,22460000.0
1982-06-17,22443000.0
1982-06-18,22437000.0
1982-06-19,22440000.0
1982-06-20,22444000.0
1982-06-21,22434000.0
1982-06-22,22413000.0
1982-06-23,22403000.0
1982-06-24,22401000.0
1982-06-25,22401000.0
1982-06-26,22408000.0
1982-06-27,22421000.0
1982-06-28,22411000.0
1982-06-29,22403000.0
1982-06-30,22401000.0
1982-07-01,22397000.0
1982-07-02,22394000.0
1982-07-03,22391000.0
1982-07-04,22400000.0
1982-07-05,22403000.0
1982-07-06,22396000.0
1982-07-07,22394000.0
1982-07-08,22388000.0
1982-07-09,22388000.0
1982-07-10,22407000.0
1982-07-11,22416000.0
1982-07-12,22413000.0
1982-07-13,22404000.0
1982-07-14,22400000.0
1982-07-15,22404000.0
1982-07-16,22404000.0
1982-07-17,22421000.0
1982-07-18,22431000.0
1982-07-19,22418000.0
1982-07-20,22406000.0
1982-07-21,22403000.0
1982-07-22,22401000.0
1982-07-23,22414000.0
1982-07-24,22423000.0
1982-07-25,22436000.0
1982-07-26,22436000.0
1982-07-27,22424000.0
1982-07-28,22416000.0
1982-07-29,22414000.0
1982-07-30,22413000.0
1982-07-31,22410000.0
1982-08-01,22420000.0
1982-08-02,22411000.0
1982-08-03,22394000.0
1982-08-04,22390000.0
1982-08-05,22377000.0
1982-08-06,22378000.0
1982-08-07,22388000.0
1982-08-08,22400000.0
1982-08-09,22394000.0
1982-08-10,22393000.0
1982-08-11,22393000.0
1982-08-12,22388000.0
1982-08-13,22401000.0
1982-08-14,22414000.0
1982-08-15,22427000.0
1982-08-16,22433000.0
1982-08-17,22437000.0
1982-08-18,22434000.0
1982-08-19,22437000.0
1982-08-20,22438000.0
1982-08-21,22440000.0
1982-08-22,22454000.0
1982-08-23,22464000.0
1982-08-24,22473000.0
1982-08-25,22478000.0
1982-08-26,22486000.0
1982-08-27,22497000.0
1982-08-28,22516000.0
1982-08-29,22537000.0
1982-08-30,22540000.0
1982-08-31,22540000.0
1982-09-01,22550000.0
1982-09-02,22557000.0
1982-09-03,22557000.0
1982-09-04,22574000.0
1982-09-05,22580000.0
1982-09-06,22592000.0
1982-09-07,22596000.0
1982-09-08,22590000.0
1982-09-09,22590000.0
1982-09-10,22603000.0
1982-09-11,22613000.0
1982-09-12,22622000.0
1982-09-13,22626000.0
1982-09-14,22623000.0
1982-09-15,22625000.0
1982-09-16,22630000.0
1982-09-17,22639000.0
1982-09-18,22649000.0
1982-09-19,22659000.0
1982-09-20,22662000.0
1982-09-21,22664000.0
1982-09-22,22656000.0
1982-09-23,22656000.0
1982-09-24,22676000.0
1982-09-25,22707000.0
1982-09-26,22724000.0
1982-09-27,22748000.0
1982-09-28,22754000.0
1982-09-29,22753000.0
1982-09-30,22766000.0
1982-10-01,22773000.0
1982-10-02,22780000.0
1982-10-03,22790000.0
1982-10-04,22789000.0
1982-10-05,22790000.0
1982-10-06,22790000.0
1982-10-07,22793000.0
1982-10-08,22796000.0
1982-10-09,22809000.0
1982-10-10,22824000.0
1982-10-11,22831000.0
1982-10-12,22839000.0
1982-10-13,22854000.0
1982-10-14,22861000.0
1982-10-15,22871000.0
1982-10-16,22884000.0
1982-10-17,22902000.0
1982-10-18,22919000.0
1982-10-19,22920000.0
1982-10-20,22932000.0
1982-10-21,22939000.0
1982-10-22,22957000.0
1982-10-23,22980000.0
1982-10-24,22996000.0
1982-10-25,23006000.0
1982-10-26,23000000.0
1982-10-27,23015000.0
1982-10-28,23015000.0
1982-10-29,23031000.0
1982-10-30,23047000.0
1982-10-31,23070000.0
1982-11-01,23085000.0
1982-11-02,23093000.0
1982-11-03,23105000.0
1982-11-04,23115000.0
1982-11-05,23128000.0
1982-11-06,23152000.0
1982-11-07,23175000.0
1982-11-08,23188000.0
1982-11-09,23200000.0
1982-11-10,23214000.0
1982-11-11,23242000.0
1982-11-12,23263000.0
1982-11-13,23295000.0
1982-11-14,23316000.0
1982-11-15,23332000.0
1982-11-16,23348000.0
1982-11-17,23365000.0
1982-11-18,23376000.0
1982-11-19,23401000.0
1982-11-20,23435000.0
1982-11-21,23455000.0
1982-11-22,23474000.0
1982-11-23,23486000.0
1982-11-24,23501000.0
1982-11-25,23518000.0
1982-11-26,23539000.0
1982-11-27,23557000.0
1982-11-28,23579000.0
1982-11-29,23597000.0
1982-11-30,23613000.0
1982-12-01,23667000.0
1982-12-02,23660000.0
1982-12-03,23678000.0
1982-12-04,23706000.0
1982-12-05,23726000.0
1982-12-06,23742000.0
1982-12-07,23755000.0
1982-12-08,23784000.0
1982-12-09,23803000.0
1982-12-10,23822000.0
1982-12-11,23851000.0
1982-12-12,23877000.0
1982-12-13,23889000.0
1982-12-14,23898000.0
1982-12-15,23916000.0
1982-12-16,23931000.0
1982-12-17,23949000.0
1982-12-18,23979000.0
1982-12-19,24009000.0
1982-12-20,24030000.0
1982-12-21,24036000.0
1982-12-22,24042000.0
1982-12-23,24046000.0
1982-12-24,24070000.0
1982-12-25,24099000.0
1982-12-26,24114000.0
1982-12-27,24127000.0
1982-12-28,24121000.0
1982-12-29,24126000.0
1982-12-30,24133000.0
1982-12-31,24151000.0
1983-01-01,24163000.0
1983-01-02,24156000.0
1983-01-03,24148000.0
1983-01-04,24141000.0
1983-01-05,24124000.0
1983-01-06,24105000.0
1983-01-07,24084000.0
1983-01-08,24082000.0
1983-01-09,24069000.0
1983-01-10,24057000.0
1983-01-11,24047000.0
1983-01-12,24033000.0
1983-01-13,24012000.0
1983-01-14,24007000.0
1983-01-15,24018000.0
1983-01-16,24027000.0
1983-01-17,24018000.0
1983-01-18,24006000.0
1983-01-19,23988000.0
1983-01-20,23973000.0
1983-01-21,23959000.0
1983-01-22,23949000.0
1983-01-23,23947000.0
1983-01-24,23953000.0
1983-01-25,23940000.0
1983-01-26,23956000.0
1983-01-27,23946000.0
1983-01-28,23950000.0
1983-01-29,23947000.0
1983-01-30,23937000.0
1983-01-31,23921000.0
1983-02-01,23922000.0
1983-02-02,23924000.0
1983-02-03,23941000.0
1983-02-04,23970000.0
1983-02-05,24000000.0
1983-02-06,24037000.0
1983-02-07,24061000.0
1983-02-08,24087000.0
1983-02-09,24109000.0
1983-02-10,24135000.0
1983-02-11,24156000.0
1983-02-12,24181000.0
1983-02-13,24208000.0
1983-02-14,24222000.0
1983-02-15,24225000.0
1983-02-16,24243000.0
1983-02-17,24261000.0
1983-02-18,24281000.0
1983-02-19,24303000.0
1983-02-20,24324000.0
1983-02-21,24333000.0
1983-02-22,24342000.0
1983-02-23,24358000.0
1983-02-24,24368000.0
1983-02-25,24385000.0
1983-02-26,24400000.0
1983-02-27,24427000.0
1983-02-28,24435000.0
1983-03-01,24427000.0
1983-03-02,24451000.0
1983-03-03,24456000.0
1983-03-04,24476000.0
1983-03-05,24513000.0
1983-03-06,24536000.0
1983-03-07,24556000.0
1983-03-08,24568000.0
1983-03-09,24592000.0
1983-03-10,24614000.0
1983-03-11,24629000.0
1983-03-12,24644000.0
1983-03-13,24656000.0
1983-03-14,24668000.0
1983-03-15,24665000.0
1983-03-16,24675000.0
1983-03-17,24684000.0
1983-03-18,24679000.0
1983-03-19,24691000.0
1983-03-20,24705000.0
1983-03-21,24706000.0
1983-03-22,24688000.0
1983-03-23,24682000.0
1983-03-24,24672000.0
1983-03-25,24662000.0
1983-03-26,24671000.0
1983-03-27,24679000.0
1983-03-28,24675000.0
1983-03-29,24665000.0
1983-03-30,24650000.0
1983-03-31,24638000.0
1983-04-01,24635000.0
1983-04-02,24638000.0
1983-04-03,24641000.0
1983-04-04,24620000.0
1983-04-05,24598000.0
1983-04-06,24576000.0
1983-04-07,24560000.0
1983-04-08,24541000.0
1983-04-09,24538000.0
1983-04-10,24535000.0
1983-04-11,24510000.0
1983-04-12,24495000.0
1983-04-13,24491000.0
1983-04-14,24501000.0
1983-04-15,24515000.0
1983-04-16,24539000.0
1983-04-17,24562000.0
1983-04-18,24551000.0
1983-04-19,24551000.0
1983-04-20,24559000.0
1983-04-21,24554000.0
1983-04-22,24553000.0
1983-04-23,24571000.0
1983-04-24,24589000.0
1983-04-25,24591000.0
1983-04-26,24577000.0
1983-04-27,24582000.0
1983-04-28,24579000.0
1983-04-29,24577000.0
1983-04-30,24588000.0
1983-05-01,24614000.0
1983-05-02,24630000.0
1983-05-03,24617000.0
1983-05-04,24608000.0
1983-05-05,24597000.0
1983-05-06,24586000.0
1983-05-07,24597000.0
1983-05-08,24611000.0
1983-05-09,24594000.0
1983-05-10,24574000.0
1983-05-11,24571000.0
1983-05-12,24563000.0
1983-05-13,24554000.0
1983-05-14,24568000.0
1983-05-15,24598000.0
1983-05-16,24600000.0
1983-05-17,24586000.0
1983-05-18,24589000.0
1983-05-19,24592000.0
1983-05-20,24595000.0
1983-05-21,24611000.0
1983-05-22,24643000.0
1983-05-23,24643000.0
1983-05-24,24640000.0
1983-05-25,24643000.0
1983-05-26,24647000.0
1983-05-27,24661000.0
1983-05-28,24681000.0
1983-05-29,24713000.0
1983-05-30,24742000.0
1983-05-31,24751000.0
1983-06-01,24743000.0
1983-06-02,24740000.0
1983-06-03,24734000.0
1983-06-04,24755000.0
1983-06-05,24790000.0
1983-06-06,24815000.0
1983-06-07,24842000.0
1983-06-08,24873000.0
1983-06-09,24904000.0
1983-06-10,24930000.0
1983-06-11,24985000.0
1983-06-12,25048000.0
1983-06-13,25085000.0
1983-06-14,25116000.0
1983-06-15,25146000.0
1983-06-16,25173000.0
1983-06-17,25214000.0
1983-06-18,25265000.0
1983-06-19,25343000.0
1983-06-20,25401000.0
1983-06-21,25450000.0
1983-06-22,25490000.0
1983-06-23,25532000.0
1983-06-24,25585000.0
1983-06-25,25636000.0
1983-06-26,25689000.0
1983-06-27,25746000.0
1983-06-28,25802000.0
1983-06-29,25885000.0
1983-06-30,25981000.0
1983-07-01,26067000.0
1983-07-02,26149000.0
1983-07-03,26235000.0
1983-07-04,26315000.0
1983-07-05,26387000.0
1983-07-06,26478000.0
1983-07-07,26528000.0
1983-07-08,26579000.0
1983-07-09,26615000.0
1983-07-10,26640000.0
1983-07-11,26658000.0
1983-07-12,26683000.0
1983-07-13,26714000.0
1983-07-14,26731000.0
1983-07-15,26759000.0
1983-07-16,26781000.0
1983-07-17,26808000.0
1983-07-18,26831000.0
1983-07-19,26850000.0
1983-07-20,26855000.0
1983-07-21,26850000.0
1983-07-22,26842000.0
1983-07-23,26855000.0
1983-07-24,26864000.0
1983-07-25,26848000.0
1983-07-26,26832000.0
1983-07-27,26821000.0
1983-07-28,26803000.0
1983-07-29,26781000.0
1983-07-30,26792000.0
1983-07-31,26802000.0
1983-08-01,26787000.0
1983-08-02,26787000.0
1983-08-03,26778000.0
1983-08-04,26763000.0
1983-08-05,26759000.0
1983-08-06,26749000.0
1983-08-07,26755000.0
1983-08-08,26743000.0
1983-08-09,26719000.0
1983-08-10,26706000.0
1983-08-11,26690000.0
1983-08-12,26669000.0
1983-08-13,26659000.0
1983-08-14,26650000.0
1983-08-15,26624000.0
1983-08-16,26619000.0
1983-08-17,26595000.0
1983-08-18,26576000.0
1983-08-19,26559000.0
1983-08-20,26549000.0
1983-08-21,26530000.0
1983-08-22,26501000.0
1983-08-23,26471000.0
1983-08-24,26441000.0
1983-08-25,26415000.0
1983-08-26,26393000.0
1983-08-27,26373000.0
1983-08-28,26352000.0
1983-08-29,26327000.0
1983-08-30,26306000.0
1983-08-31,26281000.0
1983-09-01,26262000.0
1983-09-02,26241000.0
1983-09-03,26217000.0
1983-09-04,26194000.0
1983-09-05,26167000.0
1983-09-06,26140000.0
1983-09-07,26115000.0
1983-09-08,26089000.0
1983-09-09,26067000.0
1983-09-10,26044000.0
1983-09-11,26019000.0
1983-09-12,25993000.0
1983-09-13,25971000.0
1983-09-14,25952000.0
1983-09-15,25932000.0
1983-09-16,25916000.0
1983-09-17,25893000.0
1983-09-18,25872000.0
1983-09-19,25858000.0
1983-09-20,25835000.0
1983-09-21,25811000.0
1983-09-22,25792000.0
1983-09-23,25771000.0
1983-09-24,25755000.0
1983-09-25,25741000.0
1983-09-26,25719000.0
1983-09-27,25705000.0
1983-09-28,25685000.0
1983-09-29,25671000.0
1983-09-30,25658000.0
1983-10-01,25653000.0
1983-10-02,25647000.0
1983-10-03,25641000.0
1983-10-04,25636000.0
1983-10-05,25633000.0
1983-10-06,25630000.0
1983-10-07,25624000.0
1983-10-08,25614000.0
1983-10-09,25607000.0
1983-10-10,25596000.0
1983-10-11,25586000.0
1983-10-12,25574000.0
1983-10-13,25557000.0
1983-10-14,25538000.0
1983-10-15,25524000.0
1983-10-16,25512000.0
1983-10-17,25484000.0
1983-10-18,25463000.0
1983-10-19,25437000.0
1983-10-20,25417000.0
1983-10-21,25392000.0
1983-10-22,25369000.0
1983-10-23,25349000.0
1983-10-24,25316000.0
1983-10-25,25301000.0
1983-10-26,25281000.0
1983-10-27,25262000.0
1983-10-28,25247000.0
1983-10-29,25234000.0
1983-10-30,25217000.0
1983-10-31,25210000.0
1983-11-01,25199000.0
1983-11-02,25191000.0
1983-11-03,25182000.0
1983-11-04,25169000.0
1983-11-05,25168000.0
1983-11-06,25171000.0
1983-11-07,25148000.0
1983-11-08,25136000.0
1983-11-09,25108000.0
1983-11-10,25094000.0
1983-11-11,25066000.0
1983-11-12,25074000.0
1983-11-13,25085000.0
1983-11-14,25074000.0
1983-11-15,25059000.0
1983-11-16,25048000.0
1983-11-17,25022000.0
1983-11-18,25008000.0
1983-11-19,25011000.0
1983-11-20,25003000.0
1983-11-21,24991000.0
1983-11-22,24979000.0
1983-11-23,24974000.0
1983-11-24,24962000.0
1983-11-25,24954000.0
1983-11-26,24947000.0
1983-11-27,24948000.0
1983-11-28,24931000.0
1983-11-29,24921000.0
1983-11-30,24911000.0
1983-12-01,24899000.0
1983-12-02,24894000.0
1983-12-03,24881000.0
1983-12-04,24899000.0
1983-12-05,24878000.0
1983-12-06,24868000.0
1983-12-07,24850000.0
1983-12-08,24841000.0
1983-12-09,24826000.0
1983-12-10,24830000.0
1983-12-11,24826000.0
1983-12-12,24815000.0
1983-12-13,24809000.0
1983-12-14,24803000.0
1983-12-15,24806000.0
1983-12-16,24790000.0
1983-12-17,24803000.0
1983-12-18,24810000.0
1983-12-19,24810000.0
1983-12-20,24812000.0
1983-12-21,24794000.0
1983-12-22,24780000.0
1983-12-23,24766000.0
1983-12-24,24769000.0
1983-12-25,24792000.0
1983-12-26,24790000.0
1983-12-27,24789000.0
1983-12-28,24766000.0
1983-12-29,24752000.0
1983-12-30,24739000.0
1983-12-31,24751000.0
1984-01-01,24761000.0
1984-01-02,24763000.0
1984-01-03,24754000.0
1984-01-04,24742000.0
1984-01-05,24722000.0
1984-01-06,24710000.0
1984-01-07,24713000.0
1984-01-08,24716000.0
1984-01-09,24696000.0
1984-01-10,24678000.0
1984-01-11,24665000.0
1984-01-12,24643000.0
1984-01-13,24629000.0
1984-01-14,24608000.0
1984-01-15,24600000.0
1984-01-16,24580000.0
1984-01-17,24557000.0
1984-01-18,24532000.0
1984-01-19,24521000.0
1984-01-20,24503000.0
1984-01-21,24510000.0
1984-01-22,24519000.0
1984-01-23,24504000.0
1984-01-24,24491000.0
1984-01-25,24474000.0
1984-01-26,24463000.0
1984-01-27,24439000.0
1984-01-28,24430000.0
1984-01-29,24413000.0
1984-01-30,24389000.0
1984-01-31,24370000.0
1984-02-01,24358000.0
1984-02-02,24338000.0
1984-02-03,24321000.0
1984-02-04,24315000.0
1984-02-05,24312000.0
1984-02-06,24305000.0
1984-02-07,24291000.0
1984-02-08,24278000.0
1984-02-09,24256000.0
1984-02-10,24241000.0
1984-02-11,24238000.0
1984-02-12,24238000.0
1984-02-13,24222000.0
1984-02-14,24214000.0
1984-02-15,24198000.0
1984-02-16,24165000.0
1984-02-17,24162000.0
1984-02-18,24162000.0
1984-02-19,24159000.0
1984-02-20,24139000.0
1984-02-21,24118000.0
1984-02-22,24106000.0
1984-02-23,24084000.0
1984-02-24,24067000.0
1984-02-25,24082000.0
1984-02-26,24079000.0
1984-02-27,24067000.0
1984-02-28,24058000.0
1984-02-29,24046000.0
1984-03-01,24036000.0
1984-03-02,24019000.0
1984-03-03,24021000.0
1984-03-04,24024000.0
1984-03-05,24006000.0
1984-03-06,23994000.0
1984-03-07,23983000.0
1984-03-08,23974000.0
1984-03-09,23962000.0
1984-03-10,23955000.0
1984-03-11,23959000.0
1984-03-12,23953000.0
1984-03-13,23931000.0
1984-03-14,23919000.0
1984-03-15,23903000.0
1984-03-16,23901000.0
1984-03-17,23904000.0
1984-03-18,23909000.0
1984-03-19,23891000.0
1984-03-20,23879000.0
1984-03-21,23877000.0
1984-03-22,23856000.0
1984-03-23,23848000.0
1984-03-24,23849000.0
1984-03-25,23855000.0
1984-03-26,23842000.0
1984-03-27,23836000.0
1984-03-28,23828000.0
1984-03-29,23813000.0
1984-03-30,23815000.0
1984-03-31,23804000.0
1984-04-01,23819000.0
1984-04-02,23816000.0
1984-04-03,23807000.0
1984-04-04,23803000.0
1984-04-05,23797000.0
1984-04-06,23792000.0
1984-04-07,23792000.0
1984-04-08,23784000.0
1984-04-09,23784000.0
1984-04-10,23772000.0
1984-04-11,23779000.0
1984-04-12,23779000.0
1984-04-13,23781000.0
1984-04-14,23786000.0
1984-04-15,23794000.0
1984-04-16,23788000.0
1984-04-17,23784000.0
1984-04-18,23773000.0
1984-04-19,23775000.0
1984-04-20,23772000.0
1984-04-21,23785000.0
1984-04-22,23803000.0
1984-04-23,23803000.0
1984-04-24,23800000.0
1984-04-25,23788000.0
1984-04-26,23781000.0
1984-04-27,23773000.0
1984-04-28,23779000.0
1984-04-29,23782000.0
1984-04-30,23784000.0
1984-05-01,23782000.0
1984-05-02,23773000.0
1984-05-03,23769000.0
1984-05-04,23757000.0
1984-05-05,23764000.0
1984-05-06,23789000.0
1984-05-07,23795000.0
1984-05-08,23803000.0
1984-05-09,23828000.0
1984-05-10,23855000.0
1984-05-11,23883000.0
1984-05-12,23913000.0
1984-05-13,23938000.0
1984-05-14,23956000.0
1984-05-15,23986000.0
1984-05-16,24013000.0
1984-05-17,24037000.0
1984-05-18,24066000.0
1984-05-19,24096000.0
1984-05-20,24130000.0
1984-05-21,24150000.0
1984-05-22,24172000.0
1984-05-23,24189000.0
1984-05-24,24210000.0
1984-05-25,24232000.0
1984-05-26,24259000.0
1984-05-27,24287000.0
1984-05-28,24302000.0
1984-05-29,24321000.0
1984-05-30,24339000.0
1984-05-31,24358000.0
1984-06-01,24382000.0
1984-06-02,24392000.0
1984-06-03,24412000.0
1984-06-04,24426000.0
1984-06-05,24441000.0
1984-06-06,24453000.0
1984-06-07,24473000.0
1984-06-08,24495000.0
1984-06-09,24510000.0
1984-06-10,24529000.0
1984-06-11,24546000.0
1984-06-12,24562000.0
1984-06-13,24579000.0
1984-06-14,24594000.0
1984-06-15,24606000.0
1984-06-16,24621000.0
1984-06-17,24630000.0
1984-06-18,24641000.0
1984-06-19,24650000.0
1984-06-20,24658000.0
1984-06-21,24665000.0
1984-06-22,24673000.0
1984-06-23,24678000.0
1984-06-24,24684000.0
1984-06-25,24688000.0
1984-06-26,24697000.0
1984-06-27,24708000.0
1984-06-28,24713000.0
1984-06-29,24725000.0
1984-06-30,24726000.0
1984-07-01,24752000.0
1984-07-02,24766000.0
1984-07-03,24777000.0
1984-07-04,24795000.0
1984-07-05,24807000.0
1984-07-06,24818000.0
1984-07-07,24827000.0
1984-07-08,24838000.0
1984-07-09,24847000.0
1984-07-10,24861000.0
1984-07-11,24865000.0
1984-07-12,24891000.0
1984-07-13,24891000.0
1984-07-14,24905000.0
1984-07-15,24916000.0
1984-07-16,24930000.0
1984-07-17,24939000.0
1984-07-18,24942000.0
1984-07-19,24942000.0
1984-07-20,24937000.0
1984-07-21,24931000.0
1984-07-22,24956000.0
1984-07-23,24962000.0
1984-07-24,24957000.0
1984-07-25,24950000.0
1984-07-26,24927000.0
1984-07-27,24914000.0
1984-07-28,24899000.0
1984-07-29,24879000.0
1984-07-30,24864000.0
1984-07-31,24841000.0
1984-08-01,24819000.0
1984-08-02,24797000.0
1984-08-03,24772000.0
1984-08-04,24751000.0
1984-08-05,24725000.0
1984-08-06,24705000.0
1984-08-07,24685000.0
1984-08-08,24664000.0
1984-08-09,24644000.0
1984-08-10,24621000.0
1984-08-11,24621000.0
1984-08-12,24623000.0
1984-08-13,24630000.0
1984-08-14,24671000.0
1984-08-15,24679000.0
1984-08-16,24690000.0
1984-08-17,24691000.0
1984-08-18,24693000.0
1984-08-19,24702000.0
1984-08-20,24700000.0
1984-08-21,24694000.0
1984-08-22,24691000.0
1984-08-23,24678000.0
1984-08-24,24668000.0
1984-08-25,24658000.0
1984-08-26,24667000.0
1984-08-27,24665000.0
1984-08-28,24659000.0
1984-08-29,24640000.0
1984-08-30,24621000.0
1984-08-31,24609000.0
1984-09-01,24620000.0
1984-09-02,24633000.0
1984-09-03,24638000.0
1984-09-04,24627000.0
1984-09-05,24609000.0
1984-09-06,24588000.0
1984-09-07,24570000.0
1984-09-08,24574000.0
1984-09-09,24586000.0
1984-09-10,24588000.0
1984-09-11,24571000.0
1984-09-12,24556000.0
1984-09-13,24539000.0
1984-09-14,24523000.0
1984-09-15,24527000.0
1984-09-16,24542000.0
1984-09-17,24530000.0
1984-09-18,24521000.0
1984-09-19,24506000.0
1984-09-20,24491000.0
1984-09-21,24480000.0
1984-09-22,24477000.0
1984-09-23,24483000.0
1984-09-24,24471000.0
1984-09-25,24451000.0
1984-09-26,24438000.0
1984-09-27,24430000.0
1984-09-28,24419000.0
1984-09-29,24415000.0
1984-09-30,24406000.0
1984-10-01,24412000.0
1984-10-02,24413000.0
1984-10-03,24412000.0
1984-10-04,24404000.0
1984-10-05,24398000.0
1984-10-06,24400000.0
1984-10-07,24400000.0
1984-10-08,24398000.0
1984-10-09,24389000.0
1984-10-10,24386000.0
1984-10-11,24376000.0
1984-10-12,24377000.0
1984-10-13,24380000.0
1984-10-14,24382000.0
1984-10-15,24377000.0
1984-10-16,24365000.0
1984-10-17,24365000.0
1984-10-18,24353000.0
1984-10-19,24351000.0
1984-10-20,24347000.0
1984-10-21,24326000.0
1984-10-22,24285000.0
1984-10-23,24237000.0
1984-10-24,24210000.0
1984-10-25,24204000.0
1984-10-26,24198000.0
1984-10-27,24193000.0
1984-10-28,24205000.0
1984-10-29,24198000.0
1984-10-30,24192000.0
1984-10-31,24191000.0
1984-11-01,24187000.0
1984-11-02,24189000.0
1984-11-03,24187000.0
1984-11-04,24189000.0
1984-11-05,24186000.0
1984-11-06,24175000.0
1984-11-07,24166000.0
1984-11-08,24154000.0
1984-11-09,24148000.0
1984-11-10,24151000.0
1984-11-11,24160000.0
1984-11-12,24163000.0
1984-11-13,24157000.0
1984-11-14,24159000.0
1984-11-15,24153000.0
1984-11-16,24150000.0
1984-11-17,24150000.0
1984-11-18,24156000.0
1984-11-19,24153000.0
1984-11-20,24145000.0
1984-11-21,24136000.0
1984-11-22,24156000.0
1984-11-23,24157000.0
1984-11-24,24163000.0
1984-11-25,24169000.0
1984-11-26,24160000.0
1984-11-27,24150000.0
1984-11-28,24141000.0
1984-11-29,24138000.0
1984-11-30,24139000.0
1984-12-01,24133000.0
1984-12-02,24133000.0
1984-12-03,24129000.0
1984-12-04,24118000.0
1984-12-05,24112000.0
1984-12-06,24099000.0
1984-12-07,24091000.0
1984-12-08,24100000.0
1984-12-09,24112000.0
1984-12-10,24114000.0
1984-12-11,24120000.0
1984-12-12,24109000.0
1984-12-13,24103000.0
1984-12-14,24102000.0
1984-12-15,24106000.0
1984-12-16,24124000.0
1984-12-17,24118000.0
1984-12-18,24111000.0
1984-12-19,24124000.0
1984-12-20,24118000.0
1984-12-21,24111000.0
1984-12-22,24111000.0
1984-12-23,24121000.0
1984-12-24,24124000.0
1984-12-25,24136000.0
1984-12-26,24139000.0
1984-12-27,24141000.0
1984-12-28,24132000.0
1984-12-29,24120000.0
1984-12-30,24102000.0
1984-12-31,24081000.0
1985-01-01,24070000.0
1985-01-02,24061000.0
1985-01-03,24048000.0
1985-01-04,24034000.0
1985-01-05,24033000.0
1985-01-06,24013000.0
1985-01-07,24001000.0
1985-01-08,23983000.0
1985-01-09,23974000.0
1985-01-10,23968000.0
1985-01-11,23956000.0
1985-01-12,23953000.0
1985-01-13,23961000.0
1985-01-14,23949000.0
1985-01-15,23937000.0
1985-01-16,23931000.0
1985-01-17,23924000.0
1985-01-18,23916000.0
1985-01-19,23924000.0
1985-01-20,23935000.0
1985-01-21,23932000.0
1985-01-22,23925000.0
1985-01-23,23918000.0
1985-01-24,23913000.0
1985-01-25,23913000.0
1985-01-26,23919000.0
1985-01-27,23932000.0
1985-01-28,23931000.0
1985-01-29,23935000.0
1985-01-30,23940000.0
1985-01-31,23938000.0
1985-02-01,23944000.0
1985-02-02,23950000.0
1985-02-03,23965000.0
1985-02-04,23968000.0
1985-02-05,23971000.0
1985-02-06,23964000.0
1985-02-07,23961000.0
1985-02-08,23952000.0
1985-02-09,23956000.0
1985-02-10,23965000.0
1985-02-11,23956000.0
1985-02-12,23949000.0
1985-02-13,23941000.0
1985-02-14,23935000.0
1985-02-15,23925000.0
1985-02-16,23931000.0
1985-02-17,23940000.0
1985-02-18,23935000.0
1985-02-19,23925000.0
1985-02-20,23919000.0
1985-02-21,23910000.0
1985-02-22,23909000.0
1985-02-23,23910000.0
1985-02-24,23921000.0
1985-02-25,23919000.0
1985-02-26,23913000.0
1985-02-27,23906000.0
1985-02-28,23898000.0
1985-03-01,23894000.0
1985-03-02,23903000.0
1985-03-03,23919000.0
1985-03-04,23918000.0
1985-03-05,23916000.0
1985-03-06,23921000.0
1985-03-07,23925000.0
1985-03-08,23925000.0
1985-03-09,23935000.0
1985-03-10,23944000.0
1985-03-11,23937000.0
1985-03-12,23928000.0
1985-03-13,23915000.0
1985-03-14,23907000.0
1985-03-15,23898000.0
1985-03-16,23904000.0
1985-03-17,23921000.0
1985-03-18,23922000.0
1985-03-19,23916000.0
1985-03-20,23918000.0
1985-03-21,23910000.0
1985-03-22,23901000.0
1985-03-23,23907000.0
1985-03-24,23903000.0
1985-03-25,23891000.0
1985-03-26,23865000.0
1985-03-27,23859000.0
1985-03-28,23862000.0
1985-03-29,23856000.0
1985-03-30,23855000.0
1985-03-31,23861000.0
1985-04-01,23852000.0
1985-04-02,23842000.0
1985-04-03,23828000.0
1985-04-04,23818000.0
1985-04-05,23812000.0
1985-04-06,23816000.0
1985-04-07,23821000.0
1985-04-08,23821000.0
1985-04-09,23819000.0
1985-04-10,23821000.0
1985-04-11,23821000.0
1985-04-12,23819000.0
1985-04-13,23821000.0
1985-04-14,23831000.0
1985-04-15,23827000.0
1985-04-16,23822000.0
1985-04-17,23813000.0
1985-04-18,23821000.0
1985-04-19,23809000.0
1985-04-20,23815000.0
1985-04-21,23819000.0
1985-04-22,23824000.0
1985-04-23,23822000.0
1985-04-24,23821000.0
1985-04-25,23816000.0
1985-04-26,23806000.0
1985-04-27,23806000.0
1985-04-28,23815000.0
1985-04-29,23816000.0
1985-04-30,23821000.0
1985-05-01,23816000.0
1985-05-02,23815000.0
1985-05-03,23812000.0
1985-05-04,23822000.0
1985-05-05,23839000.0
1985-05-06,23848000.0
1985-05-07,23855000.0
1985-05-08,23864000.0
1985-05-09,23861000.0
1985-05-10,23876000.0
1985-05-11,23894000.0
1985-05-12,23904000.0
1985-05-13,23918000.0
1985-05-14,23915000.0
1985-05-15,23910000.0
1985-05-16,23910000.0
1985-05-17,23910000.0
1985-05-18,23915000.0
1985-05-19,23961000.0
1985-05-20,23995000.0
1985-05-21,24034000.0
1985-05-22,24070000.0
1985-05-23,24102000.0
1985-05-24,24136000.0
1985-05-25,24168000.0
1985-05-26,24211000.0
1985-05-27,24252000.0
1985-05-28,24279000.0
1985-05-29,24308000.0
1985-05-30,24345000.0
1985-05-31,24371000.0
1985-06-01,24421000.0
1985-06-02,24459000.0
1985-06-03,24492000.0
1985-06-04,24526000.0
1985-06-05,24551000.0
1985-06-06,24579000.0
1985-06-07,24594000.0
1985-06-08,24608000.0
1985-06-09,24614000.0
1985-06-10,24615000.0
1985-06-11,24614000.0
1985-06-12,24609000.0
1985-06-13,24603000.0
1985-06-14,24609000.0
1985-06-15,24635000.0
1985-06-16,24673000.0
1985-06-17,24697000.0
1985-06-18,24726000.0
1985-06-19,24749000.0
1985-06-20,24775000.0
1985-06-21,24801000.0
1985-06-22,24842000.0
1985-06-23,24891000.0
1985-06-24,24919000.0
1985-06-25,24951000.0
1985-06-26,24979000.0
1985-06-27,24996000.0
1985-06-28,25005000.0
1985-06-29,25029000.0
1985-06-30,25045000.0
1985-07-01,25045000.0
1985-07-02,25043000.0
1985-07-03,25042000.0
1985-07-04,25042000.0
1985-07-05,25039000.0
1985-07-06,25041000.0
1985-07-07,25060000.0
1985-07-08,25057000.0
1985-07-09,25040000.0
1985-07-10,25040000.0
1985-07-11,25043000.0
1985-07-12,25040000.0
1985-07-13,25051000.0
1985-07-14,25056000.0
1985-07-15,25048000.0
1985-07-16,25036000.0
1985-07-17,25031000.0
1985-07-18,25048000.0
1985-07-19,25048000.0
1985-07-20,25043000.0
1985-07-21,25057000.0
1985-07-22,25053000.0
1985-07-23,25043000.0
1985-07-24,25036000.0
1985-07-25,25023000.0
1985-07-26,25008000.0
1985-07-27,25019000.0
1985-07-28,25022000.0
1985-07-29,25013000.0
1985-07-30,25006000.0
1985-07-31,24999000.0
1985-08-01,24991000.0
1985-08-02,24986000.0
1985-08-03,24996000.0
1985-08-04,25005000.0
1985-08-05,24999000.0
1985-08-06,24990000.0
1985-08-07,24980000.0
1985-08-08,24968000.0
1985-08-09,24965000.0
1985-08-10,24962000.0
1985-08-11,24960000.0
1985-08-12,24956000.0
1985-08-13,24947000.0
1985-08-14,24942000.0
1985-08-15,24936000.0
1985-08-16,24930000.0
1985-08-17,24928000.0
1985-08-18,24931000.0
1985-08-19,24924000.0
1985-08-20,24908000.0
1985-08-21,24904000.0
1985-08-22,24893000.0
1985-08-23,24885000.0
1985-08-24,24882000.0
1985-08-25,24881000.0
1985-08-26,24865000.0
1985-08-27,24852000.0
1985-08-28,24841000.0
1985-08-29,24827000.0
1985-08-30,24815000.0
1985-08-31,24821000.0
1985-09-01,24824000.0
1985-09-02,24839000.0
1985-09-03,24842000.0
1985-09-04,24838000.0
1985-09-05,24830000.0
1985-09-06,24836000.0
1985-09-07,24853000.0
1985-09-08,24865000.0
1985-09-09,24861000.0
1985-09-10,24853000.0
1985-09-11,24855000.0
1985-09-12,24858000.0
1985-09-13,24858000.0
1985-09-14,24871000.0
1985-09-15,24884000.0
1985-09-16,24885000.0
1985-09-17,24878000.0
1985-09-18,24879000.0
1985-09-19,24878000.0
1985-09-20,24865000.0
1985-09-21,24871000.0
1985-09-22,24879000.0
1985-09-23,24871000.0
1985-09-24,24871000.0
1985-09-25,24865000.0
1985-09-26,24858000.0
1985-09-27,24853000.0
1985-09-28,24867000.0
1985-09-29,24875000.0
1985-09-30,24875000.0
1985-10-01,24878000.0
1985-10-02,24884000.0
1985-10-03,24871000.0
1985-10-04,24861000.0
1985-10-05,24862000.0
1985-10-06,24853000.0
1985-10-07,24838000.0
1985-10-08,24816000.0
1985-10-09,24807000.0
1985-10-10,24794000.0
1985-10-11,24780000.0
1985-10-12,24775000.0
1985-10-13,24774000.0
1985-10-14,24757000.0
1985-10-15,24731000.0
1985-10-16,24713000.0
1985-10-17,24696000.0
1985-10-18,24687000.0
1985-10-19,24687000.0
1985-10-20,24688000.0
1985-10-21,24665000.0
1985-10-22,24655000.0
1985-10-23,24641000.0
1985-10-24,24627000.0
1985-10-25,24614000.0
1985-10-26,24614000.0
1985-10-27,24614000.0
1985-10-28,24597000.0
1985-10-29,24585000.0
1985-10-30,24577000.0
1985-10-31,24573000.0
1985-11-01,24560000.0
1985-11-02,24559000.0
1985-11-03,24559000.0
1985-11-04,24539000.0
1985-11-05,24521000.0
1985-11-06,24504000.0
1985-11-07,24486000.0
1985-11-08,24462000.0
1985-11-09,24454000.0
1985-11-10,24448000.0
1985-11-11,24454000.0
1985-11-12,24429000.0
1985-11-13,24410000.0
1985-11-14,24400000.0
1985-11-15,24380000.0
1985-11-16,24385000.0
1985-11-17,24391000.0
1985-11-18,24379000.0
1985-11-19,24353000.0
1985-11-20,24342000.0
1985-11-21,24330000.0
1985-11-22,24315000.0
1985-11-23,24312000.0
1985-11-24,24309000.0
1985-11-25,24291000.0
1985-11-26,24272000.0
1985-11-27,24249000.0
1985-11-28,24237000.0
1985-11-29,24234000.0
1985-11-30,24210000.0
1985-12-01,24202000.0
1985-12-02,24187000.0
1985-12-03,24168000.0
1985-12-04,24144000.0
1985-12-05,24132000.0
1985-12-06,24121000.0
1985-12-07,24121000.0
1985-12-08,24127000.0
1985-12-09,24109000.0
1985-12-10,24085000.0
1985-12-11,24069000.0
1985-12-12,24054000.0
1985-12-13,24042000.0
1985-12-14,24052000.0
1985-12-15,24057000.0
1985-12-16,24048000.0
1985-12-17,24030000.0
1985-12-18,24003000.0
1985-12-19,23989000.0
1985-12-20,23976000.0
1985-12-21,23970000.0
1985-12-22,23967000.0
1985-12-23,23950000.0
1985-12-24,23928000.0
1985-12-25,23904000.0
1985-12-26,23888000.0
1985-12-27,23849000.0
1985-12-28,23810000.0
1985-12-29,23794000.0
1985-12-30,23758000.0
1985-12-31,23721000.0
1986-01-01,23683000.0
1986-01-02,23644000.0
1986-01-03,23606000.0
1986-01-04,23576000.0
1986-01-05,23566000.0
1986-01-06,23535000.0
1986-01-07,23493000.0
1986-01-08,23452000.0
1986-01-09,23414000.0
1986-01-10,23377000.0
1986-01-11,23357000.0
1986-01-12,23338000.0
1986-01-13,23310000.0
1986-01-14,23276000.0
1986-01-15,23250000.0
1986-01-16,23225000.0
1986-01-17,23191000.0
1986-01-18,23177000.0
1986-01-19,23174000.0
1986-01-20,23163000.0
1986-01-21,23150000.0
1986-01-22,23136000.0
1986-01-23,23131000.0
1986-01-24,23123000.0
1986-01-25,23123000.0
1986-01-26,23134000.0
1986-01-27,23139000.0
1986-01-28,23143000.0
1986-01-29,23144000.0
1986-01-30,23146000.0
1986-01-31,23147000.0
1986-02-01,23153000.0
1986-02-02,23152000.0
1986-02-03,23162000.0
1986-02-04,23159000.0
1986-02-05,23166000.0
1986-02-06,23174000.0
1986-02-07,23184000.0
1986-02-08,23195000.0
1986-02-09,23213000.0
1986-02-10,23220000.0
1986-02-11,23225000.0
1986-02-12,23232000.0
1986-02-13,23236000.0
1986-02-14,23248000.0
1986-02-15,23258000.0
1986-02-16,23275000.0
1986-02-17,23269000.0
1986-02-18,23279000.0
1986-02-19,23270000.0
1986-02-20,23285000.0
1986-02-21,23291000.0
1986-02-22,23302000.0
1986-02-23,23319000.0
1986-02-24,23329000.0
1986-02-25,23329000.0
1986-02-26,23324000.0
1986-02-27,23321000.0
1986-02-28,23313000.0
1986-03-01,23316000.0
1986-03-02,23323000.0
1986-03-03,23318000.0
1986-03-04,23310000.0
1986-03-05,23314000.0
1986-03-06,23313000.0
1986-03-07,23311000.0
1986-03-08,23313000.0
1986-03-09,23316000.0
1986-03-10,23305000.0
1986-03-11,23304000.0
1986-03-12,23298000.0
1986-03-13,23304000.0
1986-03-14,23304000.0
1986-03-15,23302000.0
1986-03-16,23313000.0
1986-03-17,23289000.0
1986-03-18,23286000.0
1986-03-19,23279000.0
1986-03-20,23277000.0
1986-03-21,23273000.0
1986-03-22,23277000.0
1986-03-23,23280000.0
1986-03-24,23269000.0
1986-03-25,23266000.0
1986-03-26,23258000.0
1986-03-27,23258000.0
1986-03-28,23264000.0
1986-03-29,23267000.0
1986-03-30,23276000.0
1986-03-31,23273000.0
1986-04-01,23270000.0
1986-04-02,23280000.0
1986-04-03,23294000.0
1986-04-04,23302000.0
1986-04-05,23311000.0
1986-04-06,23317000.0
1986-04-07,23342000.0
1986-04-08,23346000.0
1986-04-09,23354000.0
1986-04-10,23358000.0
1986-04-11,23376000.0
1986-04-12,23390000.0
1986-04-13,23426000.0
1986-04-14,23442000.0
1986-04-15,23454000.0
1986-04-16,23470000.0
1986-04-17,23480000.0
1986-04-18,23486000.0
1986-04-19,23507000.0
1986-04-20,23524000.0
1986-04-21,23532000.0
1986-04-22,23536000.0
1986-04-23,23541000.0
1986-04-24,23551000.0
1986-04-25,23566000.0
1986-04-26,23576000.0
1986-04-27,23597000.0
1986-04-28,23604000.0
1986-04-29,23613000.0
1986-04-30,23616000.0
1986-05-01,23616000.0
1986-05-02,23620000.0
1986-05-03,23617000.0
1986-05-04,23628000.0
1986-05-05,23626000.0
1986-05-06,23616000.0
1986-05-07,23610000.0
1986-05-08,23604000.0
1986-05-09,23600000.0
1986-05-10,23591000.0
1986-05-11,23606000.0
1986-05-12,23626000.0
1986-05-13,23644000.0
1986-05-14,23666000.0
1986-05-15,23696000.0
1986-05-16,23720000.0
1986-05-17,23743000.0
1986-05-18,23772000.0
1986-05-19,23800000.0
1986-05-20,23822000.0
1986-05-21,23851000.0
1986-05-22,23876000.0
1986-05-23,23901000.0
1986-05-24,23931000.0
1986-05-25,23958000.0
1986-05-26,23986000.0
1986-05-27,24015000.0
1986-05-28,24046000.0
1986-05-29,24066000.0
1986-05-30,24100000.0
1986-05-31,24120000.0
1986-06-01,24168000.0
1986-06-02,24210000.0
1986-06-03,24250000.0
1986-06-04,24246000.0
1986-06-05,24250000.0
1986-06-06,24258000.0
1986-06-07,24268000.0
1986-06-08,24299000.0
1986-06-09,24323000.0
1986-06-10,24336000.0
1986-06-11,24341000.0
1986-06-12,24341000.0
1986-06-13,24342000.0
1986-06-14,24353000.0
1986-06-15,24364000.0
1986-06-16,24365000.0
1986-06-17,24362000.0
1986-06-18,24361000.0
1986-06-19,24367000.0
1986-06-20,24373000.0
1986-06-21,24386000.0
1986-06-22,24413000.0
1986-06-23,24413000.0
1986-06-24,24421000.0
1986-06-25,24410000.0
1986-06-26,24412000.0
1986-06-27,24406000.0
1986-06-28,24410000.0
1986-06-29,24413000.0
1986-06-30,24416000.0
1986-07-01,24415000.0
1986-07-02,24404000.0
1986-07-03,24392000.0
1986-07-04,24377000.0
1986-07-05,24370000.0
1986-07-06,24358000.0
1986-07-07,24330000.0
1986-07-08,24308000.0
1986-07-09,24287000.0
1986-07-10,24261000.0
1986-07-11,24237000.0
1986-07-12,24223000.0
1986-07-13,24219000.0
1986-07-14,24205000.0
1986-07-15,24153000.0
1986-07-16,24115000.0
1986-07-17,24088000.0
1986-07-18,24055000.0
1986-07-19,24046000.0
1986-07-20,24048000.0
1986-07-21,24015000.0
1986-07-22,23982000.0
1986-07-23,23964000.0
1986-07-24,23968000.0
1986-07-25,23967000.0
1986-07-26,23977000.0
1986-07-27,24000000.0
1986-07-28,24000000.0
1986-07-29,23979000.0
1986-07-30,23973000.0
1986-07-31,23967000.0
1986-08-01,23973000.0
1986-08-02,23979000.0
1986-08-03,24001000.0
1986-08-04,24007000.0
1986-08-05,24010000.0
1986-08-06,23980000.0
1986-08-07,23965000.0
1986-08-08,23946000.0
1986-08-09,23941000.0
1986-08-10,23931000.0
1986-08-11,23924000.0
1986-08-12,23927000.0
1986-08-13,23944000.0
1986-08-14,23934000.0
1986-08-15,23934000.0
1986-08-16,23946000.0
1986-08-17,23958000.0
1986-08-18,23964000.0
1986-08-19,23964000.0
1986-08-20,23968000.0
1986-08-21,23973000.0
1986-08-22,23976000.0
1986-08-23,23983000.0
1986-08-24,23998000.0
1986-08-25,24004000.0
1986-08-26,24007000.0
1986-08-27,24015000.0
1986-08-28,24007000.0
1986-08-29,23998000.0
1986-08-30,24009000.0
1986-08-31,24024000.0
1986-09-01,24028000.0
1986-09-02,24039000.0
1986-09-03,24042000.0
1986-09-04,24037000.0
1986-09-05,24033000.0
1986-09-06,24037000.0
1986-09-07,24052000.0
1986-09-08,24060000.0
1986-09-09,24069000.0
1986-09-10,24073000.0
1986-09-11,24072000.0
1986-09-12,24076000.0
1986-09-13,24091000.0
1986-09-14,24105000.0
1986-09-15,24108000.0
1986-09-16,24117000.0
1986-09-17,24109000.0
1986-09-18,24129000.0
1986-09-19,24138000.0
1986-09-20,24154000.0
1986-09-21,24156000.0
1986-09-22,24165000.0
1986-09-23,24180000.0
1986-09-24,24175000.0
1986-09-25,24177000.0
1986-09-26,24186000.0
1986-09-27,24202000.0
1986-09-28,24214000.0
1986-09-29,24214000.0
1986-09-30,24220000.0
1986-10-01,24225000.0
1986-10-02,24232000.0
1986-10-03,24226000.0
1986-10-04,24228000.0
1986-10-05,24225000.0
1986-10-06,24222000.0
1986-10-07,24225000.0
1986-10-08,24229000.0
1986-10-09,24229000.0
1986-10-10,24226000.0
1986-10-11,24228000.0
1986-10-12,24235000.0
1986-10-13,24235000.0
1986-10-14,24232000.0
1986-10-15,24229000.0
1986-10-16,24235000.0
1986-10-17,24228000.0
1986-10-18,24234000.0
1986-10-19,24243000.0
1986-10-20,24240000.0
1986-10-21,24234000.0
1986-10-22,24234000.0
1986-10-23,24234000.0
1986-10-24,24226000.0
1986-10-25,24229000.0
1986-10-26,24234000.0
1986-10-27,24229000.0
1986-10-28,24225000.0
1986-10-29,24216000.0
1986-10-30,24211000.0
1986-10-31,24201000.0
1986-11-01,24199000.0
1986-11-02,24199000.0
1986-11-03,24195000.0
1986-11-04,24184000.0
1986-11-05,24183000.0
1986-11-06,24174000.0
1986-11-07,24172000.0
1986-11-08,24180000.0
1986-11-09,24181000.0
1986-11-10,24181000.0
1986-11-11,24181000.0
1986-11-12,24187000.0
1986-11-13,24192000.0
1986-11-14,24195000.0
1986-11-15,24213000.0
1986-11-16,24228000.0
1986-11-17,24241000.0
1986-11-18,24255000.0
1986-11-19,24270000.0
1986-11-20,24276000.0
1986-11-21,24279000.0
1986-11-22,24290000.0
1986-11-23,24305000.0
1986-11-24,24309000.0
1986-11-25,24309000.0
1986-11-26,24317000.0
1986-11-27,24329000.0
1986-11-28,24344000.0
1986-11-29,24355000.0
1986-11-30,24362000.0
1986-12-01,24362000.0
1986-12-02,24370000.0
1986-12-03,24377000.0
1986-12-04,24391000.0
1986-12-05,24401000.0
1986-12-06,24421000.0
1986-12-07,24438000.0
1986-12-08,24451000.0
1986-12-09,24463000.0
1986-12-10,24465000.0
1986-12-11,24471000.0
1986-12-12,24474000.0
1986-12-13,24492000.0
1986-12-14,24504000.0
1986-12-15,24506000.0
1986-12-16,24503000.0
1986-12-17,24495000.0
1986-12-18,24489000.0
1986-12-19,24485000.0
1986-12-20,24497000.0
1986-12-21,24506000.0
1986-12-22,24506000.0
1986-12-23,24503000.0
1986-12-24,24501000.0
1986-12-25,24506000.0
1986-12-26,24494000.0
1986-12-27,24489000.0
1986-12-28,24488000.0
1986-12-29,24474000.0
1986-12-30,24463000.0
1986-12-31,24456000.0
1987-01-01,24462000.0
1987-01-02,24462000.0
1987-01-03,24465000.0
1987-01-04,24473000.0
1987-01-05,24471000.0
1987-01-06,24466000.0
1987-01-07,24457000.0
1987-01-08,24447000.0
1987-01-09,24438000.0
1987-01-10,24453000.0
1987-01-11,24465000.0
1987-01-12,24474000.0
1987-01-13,24465000.0
1987-01-14,24462000.0
1987-01-15,24448000.0
1987-01-16,24436000.0
1987-01-17,24447000.0
1987-01-18,24460000.0
1987-01-19,24454000.0
1987-01-20,24451000.0
1987-01-21,24418000.0
1987-01-22,24416000.0
1987-01-23,24410000.0
1987-01-24,24416000.0
1987-01-25,24427000.0
1987-01-26,24429000.0
1987-01-27,24424000.0
1987-01-28,24424000.0
1987-01-29,24426000.0
1987-01-30,24426000.0
1987-01-31,24432000.0
1987-02-01,24445000.0
1987-02-02,24457000.0
1987-02-03,24454000.0
1987-02-04,24466000.0
1987-02-05,24465000.0
1987-02-06,24476000.0
1987-02-07,24491000.0
1987-02-08,24507000.0
1987-02-09,24513000.0
1987-02-10,24515000.0
1987-02-11,24521000.0
1987-02-12,24523000.0
1987-02-13,24512000.0
1987-02-14,24512000.0
1987-02-15,24521000.0
1987-02-16,24516000.0
1987-02-17,24512000.0
1987-02-18,24503000.0
1987-02-19,24495000.0
1987-02-20,24486000.0
1987-02-21,24486000.0
1987-02-22,24495000.0
1987-02-23,24485000.0
1987-02-24,24486000.0
1987-02-25,24497000.0
1987-02-26,24492000.0
1987-02-27,24488000.0
1987-02-28,24485000.0
1987-03-01,24479000.0
1987-03-02,24469000.0
1987-03-03,24454000.0
1987-03-04,24447000.0
1987-03-05,24445000.0
1987-03-06,24438000.0
1987-03-07,24445000.0
1987-03-08,24448000.0
1987-03-09,24435000.0
1987-03-10,24429000.0
1987-03-11,24421000.0
1987-03-12,24407000.0
1987-03-13,24392000.0
1987-03-14,24391000.0
1987-03-15,24380000.0
1987-03-16,24371000.0
1987-03-17,24350000.0
1987-03-18,24335000.0
1987-03-19,24317000.0
1987-03-20,24305000.0
1987-03-21,24305000.0
1987-03-22,24287000.0
1987-03-23,24270000.0
1987-03-24,24255000.0
1987-03-25,24246000.0
1987-03-26,24234000.0
1987-03-27,24225000.0
1987-03-28,24219000.0
1987-03-29,24208000.0
1987-03-30,24193000.0
1987-03-31,24181000.0
1987-04-01,24180000.0
1987-04-02,24180000.0
1987-04-03,24171000.0
1987-04-04,24157000.0
1987-04-05,24154000.0
1987-04-06,24139000.0
1987-04-07,24124000.0
1987-04-08,24111000.0
1987-04-09,24102000.0
1987-04-10,24091000.0
1987-04-11,24084000.0
1987-04-12,24085000.0
1987-04-13,24076000.0
1987-04-14,24070000.0
1987-04-15,24070000.0
1987-04-16,24067000.0
1987-04-17,24055000.0
1987-04-18,24043000.0
1987-04-19,24057000.0
1987-04-20,24048000.0
1987-04-21,24037000.0
1987-04-22,24036000.0
1987-04-23,24031000.0
1987-04-24,24025000.0
1987-04-25,24036000.0
1987-04-26,24037000.0
1987-04-27,24042000.0
1987-04-28,24042000.0
1987-04-29,24043000.0
1987-04-30,24046000.0
1987-05-01,24042000.0
1987-05-02,24046000.0
1987-05-03,24042000.0
1987-05-04,24034000.0
1987-05-05,24025000.0
1987-05-06,24019000.0
1987-05-07,24016000.0
1987-05-08,23998000.0
1987-05-09,23995000.0
1987-05-10,24001000.0
1987-05-11,23983000.0
1987-05-12,23967000.0
1987-05-13,23961000.0
1987-05-14,23956000.0
1987-05-15,23955000.0
1987-05-16,23959000.0
1987-05-17,23950000.0
1987-05-18,23935000.0
1987-05-19,23919000.0
1987-05-20,23891000.0
1987-05-21,23880000.0
1987-05-22,23865000.0
1987-05-23,23856000.0
1987-05-24,23846000.0
1987-05-25,23818000.0
1987-05-26,23812000.0
1987-05-27,23800000.0
1987-05-28,23792000.0
1987-05-29,23798000.0
1987-05-30,23797000.0
1987-05-31,23795000.0
1987-06-01,23795000.0
1987-06-02,23798000.0
1987-06-03,23803000.0
1987-06-04,23792000.0
1987-06-05,23785000.0
1987-06-06,23770000.0
1987-06-07,23792000.0
1987-06-08,23781000.0
1987-06-09,23772000.0
1987-06-10,23764000.0
1987-06-11,23757000.0
1987-06-12,23751000.0
1987-06-13,23752000.0
1987-06-14,23754000.0
1987-06-15,23743000.0
1987-06-16,23740000.0
1987-06-17,23738000.0
1987-06-18,23742000.0
1987-06-19,23748000.0
1987-06-20,23761000.0
1987-06-21,23775000.0
1987-06-22,23785000.0
1987-06-23,23797000.0
1987-06-24,23810000.0
1987-06-25,23822000.0
1987-06-26,23837000.0
1987-06-27,23848000.0
1987-06-28,23864000.0
1987-06-29,23873000.0
1987-06-30,23886000.0
1987-07-01,23897000.0
1987-07-02,23907000.0
1987-07-03,23916000.0
1987-07-04,23925000.0
1987-07-05,23932000.0
1987-07-06,23932000.0
1987-07-07,23925000.0
1987-07-08,23927000.0
1987-07-09,23930000.0
1987-07-10,23930000.0
1987-07-11,23934000.0
1987-07-12,23938000.0
1987-07-13,23940000.0
1987-07-14,23938000.0
1987-07-15,23941000.0
1987-07-16,23946000.0
1987-07-17,23949000.0
1987-07-18,23959000.0
1987-07-19,23964000.0
1987-07-20,23964000.0
1987-07-21,23968000.0
1987-07-22,23974000.0
1987-07-23,23983000.0
1987-07-24,23992000.0
1987-07-25,24004000.0
1987-07-26,24015000.0
1987-07-27,24022000.0
1987-07-28,24027000.0
1987-07-29,24037000.0
1987-07-30,24054000.0
1987-07-31,24066000.0
1987-08-01,24078000.0
1987-08-02,24090000.0
1987-08-03,24087000.0
1987-08-04,24102000.0
1987-08-05,24106000.0
1987-08-06,24114000.0
1987-08-07,24112000.0
1987-08-08,24138000.0
1987-08-09,24145000.0
1987-08-10,24150000.0
1987-08-11,24150000.0
1987-08-12,24166000.0
1987-08-13,24153000.0
1987-08-14,24145000.0
1987-08-15,24145000.0
1987-08-16,24157000.0
1987-08-17,24162000.0
1987-08-18,24168000.0
1987-08-19,24177000.0
1987-08-20,24186000.0
1987-08-21,24196000.0
1987-08-22,24222000.0
1987-08-23,24244000.0
1987-08-24,24253000.0
1987-08-25,24259000.0
1987-08-26,24276000.0
1987-08-27,24281000.0
1987-08-28,24288000.0
1987-08-29,24306000.0
1987-08-30,24315000.0
1987-08-31,24330000.0
1987-09-01,24315000.0
1987-09-02,24317000.0
1987-09-03,24318000.0
1987-09-04,24327000.0
1987-09-05,24329000.0
1987-09-06,24332000.0
1987-09-07,24330000.0
1987-09-08,24323000.0
1987-09-09,24330000.0
1987-09-10,24336000.0
1987-09-11,24335000.0
1987-09-12,24333000.0
1987-09-13,24339000.0
1987-09-14,24329000.0
1987-09-15,24326000.0
1987-09-16,24333000.0
1987-09-17,24336000.0
1987-09-18,24347000.0
1987-09-19,24356000.0
1987-09-20,24368000.0
1987-09-21,24373000.0
1987-09-22,24370000.0
1987-09-23,24382000.0
1987-09-24,24374000.0
1987-09-25,24368000.0
1987-09-26,24373000.0
1987-09-27,24377000.0
1987-09-28,24376000.0
1987-09-29,24367000.0
1987-09-30,24365000.0
1987-10-01,24368000.0
1987-10-02,24374000.0
1987-10-03,24383000.0
1987-10-04,24385000.0
1987-10-05,24386000.0
1987-10-06,24377000.0
1987-10-07,24376000.0
1987-10-08,24377000.0
1987-10-09,24367000.0
1987-10-10,24365000.0
1987-10-11,24359000.0
1987-10-12,24348000.0
1987-10-13,24336000.0
1987-10-14,24335000.0
1987-10-15,24330000.0
1987-10-16,24327000.0
1987-10-17,24329000.0
1987-10-18,24333000.0
1987-10-19,24326000.0
1987-10-20,24311000.0
1987-10-21,24297000.0
1987-10-22,24293000.0
1987-10-23,24281000.0
1987-10-24,24276000.0
1987-10-25,24272000.0
1987-10-26,24255000.0
1987-10-27,24241000.0
1987-10-28,24222000.0
1987-10-29,24216000.0
1987-10-30,24204000.0
1987-10-31,24199000.0
1987-11-01,24205000.0
1987-11-02,24201000.0
1987-11-03,24202000.0
1987-11-04,24201000.0
1987-11-05,24205000.0
1987-11-06,24219000.0
1987-11-07,24228000.0
1987-11-08,24237000.0
1987-11-09,24234000.0
1987-11-10,24232000.0
1987-11-11,24238000.0
1987-11-12,24241000.0
1987-11-13,24250000.0
1987-11-14,24261000.0
1987-11-15,24270000.0
1987-11-16,24272000.0
1987-11-17,24276000.0
1987-11-18,24285000.0
1987-11-19,24293000.0
1987-11-20,24303000.0
1987-11-21,24309000.0
1987-11-22,24323000.0
1987-11-23,24327000.0
1987-11-24,24335000.0
1987-11-25,24348000.0
1987-11-26,24371000.0
1987-11-27,24383000.0
1987-11-28,24391000.0
1987-11-29,24403000.0
1987-11-30,24404000.0
1987-12-01,24411000.0
1987-12-02,24418000.0
1987-12-03,24424000.0
1987-12-04,24432000.0
1987-12-05,24451000.0
1987-12-06,24469000.0
1987-12-07,24477000.0
1987-12-08,24473000.0
1987-12-09,24483000.0
1987-12-10,24491000.0
1987-12-11,24495000.0
1987-12-12,24500000.0
1987-12-13,24498000.0
1987-12-14,24497000.0
1987-12-15,24501000.0
1987-12-16,24510000.0
1987-12-17,24516000.0
1987-12-18,24533000.0
1987-12-19,24548000.0
1987-12-20,24568000.0
1987-12-21,24559000.0
1987-12-22,24548000.0
1987-12-23,24554000.0
1987-12-24,24553000.0
1987-12-25,24553000.0
1987-12-26,24551000.0
1987-12-27,24556000.0
1987-12-28,24553000.0
1987-12-29,24548000.0
1987-12-30,24551000.0
1987-12-31,24553000.0
1988-01-01,24548000.0
1988-01-02,24544000.0
1988-01-03,24536000.0
1988-01-04,24521000.0
1988-01-05,24515000.0
1988-01-06,24521000.0
1988-01-07,24524000.0
1988-01-08,24519000.0
1988-01-09,24519000.0
1988-01-10,24516000.0
1988-01-11,24501000.0
1988-01-12,24494000.0
1988-01-13,24489000.0
1988-01-14,24491000.0
1988-01-15,24485000.0
1988-01-16,24494000.0
1988-01-17,24510000.0
1988-01-18,24504000.0
1988-01-19,24494000.0
1988-01-20,24497000.0
1988-01-21,24506000.0
1988-01-22,24506000.0
1988-01-23,24519000.0
1988-01-24,24535000.0
1988-01-25,24532000.0
1988-01-26,24536000.0
1988-01-27,24547000.0
1988-01-28,24550000.0
1988-01-29,24557000.0
1988-01-30,24567000.0
1988-01-31,24574000.0
1988-02-01,24573000.0
1988-02-02,24568000.0
1988-02-03,24570000.0
1988-02-04,24577000.0
1988-02-05,24589000.0
1988-02-06,24598000.0
1988-02-07,24614000.0
1988-02-08,24615000.0
1988-02-09,24618000.0
1988-02-10,24624000.0
1988-02-11,24626000.0
1988-02-12,24630000.0
1988-02-13,24640000.0
1988-02-14,24627000.0
1988-02-15,24632000.0
1988-02-16,24612000.0
1988-02-17,24612000.0
1988-02-18,24618000.0
1988-02-19,24623000.0
1988-02-20,24632000.0
1988-02-21,24640000.0
1988-02-22,24644000.0
1988-02-23,24650000.0
1988-02-24,24647000.0
1988-02-25,24650000.0
1988-02-26,24655000.0
1988-02-27,24664000.0
1988-02-28,24673000.0
1988-02-29,24655000.0
1988-03-01,24646000.0
1988-03-02,24638000.0
1988-03-03,24640000.0
1988-03-04,24632000.0
1988-03-05,24635000.0
1988-03-06,24643000.0
1988-03-07,24632000.0
1988-03-08,24623000.0
1988-03-09,24606000.0
1988-03-10,24609000.0
1988-03-11,24608000.0
1988-03-12,24606000.0
1988-03-13,24612000.0
1988-03-14,24606000.0
1988-03-15,24608000.0
1988-03-16,24600000.0
1988-03-17,24594000.0
1988-03-18,24588000.0
1988-03-19,24598000.0
1988-03-20,24602000.0
1988-03-21,24582000.0
1988-03-22,24563000.0
1988-03-23,24554000.0
1988-03-24,24545000.0
1988-03-25,24538000.0
1988-03-26,24538000.0
1988-03-27,24539000.0
1988-03-28,24524000.0
1988-03-29,24513000.0
1988-03-30,24509000.0
1988-03-31,24509000.0
1988-04-01,24500000.0
1988-04-02,24497000.0
1988-04-03,24489000.0
1988-04-04,24477000.0
1988-04-05,24459000.0
1988-04-06,24450000.0
1988-04-07,24432000.0
1988-04-08,24418000.0
1988-04-09,24401000.0
1988-04-10,24394000.0
1988-04-11,24379000.0
1988-04-12,24361000.0
1988-04-13,24339000.0
1988-04-14,24326000.0
1988-04-15,24318000.0
1988-04-16,24308000.0
1988-04-17,24308000.0
1988-04-18,24287000.0
1988-04-19,24268000.0
1988-04-20,24256000.0
1988-04-21,24255000.0
1988-04-22,24241000.0
1988-04-23,24238000.0
1988-04-24,24235000.0
1988-04-25,24219000.0
1988-04-26,24201000.0
1988-04-27,24180000.0
1988-04-28,24163000.0
1988-04-29,24153000.0
1988-04-30,24150000.0
1988-05-01,24144000.0
1988-05-02,24136000.0
1988-05-03,24124000.0
1988-05-04,24111000.0
1988-05-05,24094000.0
1988-05-06,24085000.0
1988-05-07,24081000.0
1988-05-08,24072000.0
1988-05-09,24057000.0
1988-05-10,24042000.0
1988-05-11,24028000.0
1988-05-12,24016000.0
1988-05-13,24007000.0
1988-05-14,24006000.0
1988-05-15,24003000.0
1988-05-16,23986000.0
1988-05-17,23982000.0
1988-05-18,23977000.0
1988-05-19,23964000.0
1988-05-20,23949000.0
1988-05-21,23940000.0
1988-05-22,23934000.0
1988-05-23,23918000.0
1988-05-24,23906000.0
1988-05-25,23892000.0
1988-05-26,23874000.0
1988-05-27,23868000.0
1988-05-28,23861000.0
1988-05-29,23859000.0
1988-05-30,23852000.0
1988-05-31,23831000.0
1988-06-01,23807000.0
1988-06-02,23786000.0
1988-06-03,23770000.0
1988-06-04,23757000.0
1988-06-05,23748000.0
1988-06-06,23727000.0
1988-06-07,23709000.0
1988-06-08,23689000.0
1988-06-09,23666000.0
1988-06-10,23651000.0
1988-06-11,23646000.0
1988-06-12,23641000.0
1988-06-13,23622000.0
1988-06-14,23600000.0
1988-06-15,23583000.0
1988-06-16,23564000.0
1988-06-17,23550000.0
1988-06-18,23538000.0
1988-06-19,23535000.0
1988-06-20,23524000.0
1988-06-21,23495000.0
1988-06-22,23480000.0
1988-06-23,23465000.0
1988-06-24,23454000.0
1988-06-25,23455000.0
1988-06-26,23452000.0
1988-06-27,23437000.0
1988-06-28,23411000.0
1988-06-29,23393000.0
1988-06-30,23380000.0
1988-07-01,23368000.0
1988-07-02,23362000.0
1988-07-03,23362000.0
1988-07-04,23361000.0
1988-07-05,23343000.0
1988-07-06,23321000.0
1988-07-07,23308000.0
1988-07-08,23299000.0
1988-07-09,23307000.0
1988-07-10,23301000.0
1988-07-11,23294000.0
1988-07-12,23273000.0
1988-07-13,23261000.0
1988-07-14,23248000.0
1988-07-15,23241000.0
1988-07-16,23235000.0
1988-07-17,23232000.0
1988-07-18,23217000.0
1988-07-19,23203000.0
1988-07-20,23182000.0
1988-07-21,23175000.0
1988-07-22,23156000.0
1988-07-23,23155000.0
1988-07-24,23153000.0
1988-07-25,23146000.0
1988-07-26,23130000.0
1988-07-27,23125000.0
1988-07-28,23115000.0
1988-07-29,23104000.0
1988-07-30,23098000.0
1988-07-31,23124000.0
1988-08-01,23121000.0
1988-08-02,23099000.0
1988-08-03,23092000.0
1988-08-04,23085000.0
1988-08-05,23077000.0
1988-08-06,23072000.0
1988-08-07,23067000.0
1988-08-08,23057000.0
1988-08-09,23042000.0
1988-08-10,23031000.0
1988-08-11,23018000.0
1988-08-12,23008000.0
1988-08-13,23003000.0
1988-08-14,23008000.0
1988-08-15,22997000.0
1988-08-16,22981000.0
1988-08-17,22973000.0
1988-08-18,22957000.0
1988-08-19,22951000.0
1988-08-20,22948000.0
1988-08-21,22950000.0
1988-08-22,22944000.0
1988-08-23,22929000.0
1988-08-24,22909000.0
1988-08-25,22890000.0
1988-08-26,22880000.0
1988-08-27,22894000.0
1988-08-28,22897000.0
1988-08-29,22886000.0
1988-08-30,22874000.0
1988-08-31,22854000.0
1988-09-01,22868000.0
1988-09-02,22867000.0
1988-09-03,22874000.0
1988-09-04,22880000.0
1988-09-05,22887000.0
1988-09-06,22883000.0
1988-09-07,22876000.0
1988-09-08,22876000.0
1988-09-09,22876000.0
1988-09-10,22871000.0
1988-09-11,22873000.0
1988-09-12,22865000.0
1988-09-13,22855000.0
1988-09-14,22839000.0
1988-09-15,22839000.0
1988-09-16,22834000.0
1988-09-17,22834000.0
1988-09-18,22837000.0
1988-09-19,22824000.0
1988-09-20,22813000.0
1988-09-21,22811000.0
1988-09-22,22813000.0
1988-09-23,22803000.0
1988-09-24,22809000.0
1988-09-25,22815000.0
1988-09-26,22806000.0
1988-09-27,22796000.0
1988-09-28,22795000.0
1988-09-29,22792000.0
1988-09-30,22795000.0
1988-10-01,22800000.0
1988-10-02,22809000.0
1988-10-03,22812000.0
1988-10-04,22808000.0
1988-10-05,22805000.0
1988-10-06,22809000.0
1988-10-07,22815000.0
1988-10-08,22816000.0
1988-10-09,22819000.0
1988-10-10,22815000.0
1988-10-11,22816000.0
1988-10-12,22805000.0
1988-10-13,22805000.0
1988-10-14,22811000.0
1988-10-15,22818000.0
1988-10-16,22821000.0
1988-10-17,22816000.0
1988-10-18,22811000.0
1988-10-19,22806000.0
1988-10-20,22808000.0
1988-10-21,22815000.0
1988-10-22,22822000.0
1988-10-23,22826000.0
1988-10-24,22829000.0
1988-10-25,22822000.0
1988-10-26,22821000.0
1988-10-27,22815000.0
1988-10-28,22812000.0
1988-10-29,22811000.0
1988-10-30,22803000.0
1988-10-31,22793000.0
1988-11-01,22783000.0
1988-11-02,22776000.0
1988-11-03,22772000.0
1988-11-04,22776000.0
1988-11-05,22777000.0
1988-11-06,22779000.0
1988-11-07,22770000.0
1988-11-08,22767000.0
1988-11-09,22763000.0
1988-11-10,22772000.0
1988-11-11,22777000.0
1988-11-12,22786000.0
1988-11-13,22786000.0
1988-11-14,22786000.0
1988-11-15,22780000.0
1988-11-16,22766000.0
1988-11-17,22766000.0
1988-11-18,22773000.0
1988-11-19,22780000.0
1988-11-20,22798000.0
1988-11-21,22809000.0
1988-11-22,22822000.0
1988-11-23,22822000.0
1988-11-24,22832000.0
1988-11-25,22839000.0
1988-11-26,22847000.0
1988-11-27,22839000.0
1988-11-28,22841000.0
1988-11-29,22837000.0
1988-11-30,22838000.0
1988-12-01,22841000.0
1988-12-02,22834000.0
1988-12-03,22832000.0
1988-12-04,22834000.0
1988-12-05,22837000.0
1988-12-06,22826000.0
1988-12-07,22821000.0
1988-12-08,22813000.0
1988-12-09,22806000.0
1988-12-10,22815000.0
1988-12-11,22822000.0
1988-12-12,22824000.0
1988-12-13,22819000.0
1988-12-14,22822000.0
1988-12-15,22822000.0
1988-12-16,22819000.0
1988-12-17,22831000.0
1988-12-18,22838000.0
1988-12-19,22842000.0
1988-12-20,22834000.0
1988-12-21,22828000.0
1988-12-22,22819000.0
1988-12-23,22838000.0
1988-12-24,22854000.0
1988-12-25,22858000.0
1988-12-26,22864000.0
1988-12-27,22865000.0
1988-12-28,22868000.0
1988-12-29,22877000.0
1988-12-30,22879000.0
1988-12-31,22880000.0
1989-01-01,22883000.0
1989-01-02,22903000.0
1989-01-03,22894000.0
1989-01-04,22897000.0
1989-01-05,22889000.0
1989-01-06,22889000.0
1989-01-07,22897000.0
1989-01-08,22909000.0
1989-01-09,22913000.0
1989-01-10,22919000.0
1989-01-11,22929000.0
1989-01-12,22939000.0
1989-01-13,22951000.0
1989-01-14,22968000.0
1989-01-15,22989000.0
1989-01-16,22999000.0
1989-01-17,23002000.0
1989-01-18,23002000.0
1989-01-19,23016000.0
1989-01-20,23022000.0
1989-01-21,23038000.0
1989-01-22,23056000.0
1989-01-23,23063000.0
1989-01-24,23066000.0
1989-01-25,23066000.0
1989-01-26,23060000.0
1989-01-27,23066000.0
1989-01-28,23077000.0
1989-01-29,23096000.0
1989-01-30,23112000.0
1989-01-31,23120000.0
1989-02-01,23128000.0
1989-02-02,23133000.0
1989-02-03,23131000.0
1989-02-04,23163000.0
1989-02-05,23184000.0
1989-02-06,23178000.0
1989-02-07,23181000.0
1989-02-08,23194000.0
1989-02-09,23212000.0
1989-02-10,23236000.0
1989-02-11,23255000.0
1989-02-12,23276000.0
1989-02-13,23277000.0
1989-02-14,23276000.0
1989-02-15,23267000.0
1989-02-16,23267000.0
1989-02-17,23260000.0
1989-02-18,23267000.0
1989-02-19,23276000.0
1989-02-20,23280000.0
1989-02-21,23273000.0
1989-02-22,23267000.0
1989-02-23,23263000.0
1989-02-24,23264000.0
1989-02-25,23279000.0
1989-02-26,23288000.0
1989-02-27,23285000.0
1989-02-28,23279000.0
1989-03-01,23257000.0
1989-03-02,23236000.0
1989-03-03,23238000.0
1989-03-04,23229000.0
1989-03-05,23235000.0
1989-03-06,23232000.0
1989-03-07,23220000.0
1989-03-08,23212000.0
1989-03-09,23197000.0
1989-03-10,23182000.0
1989-03-11,23172000.0
1989-03-12,23160000.0
1989-03-13,23144000.0
1989-03-14,23128000.0
1989-03-15,23105000.0
1989-03-16,23076000.0
1989-03-17,23072000.0
1989-03-18,23067000.0
1989-03-19,23069000.0
1989-03-20,23061000.0
1989-03-21,23051000.0
1989-03-22,23040000.0
1989-03-23,23037000.0
1989-03-24,23026000.0
1989-03-25,23021000.0
1989-03-26,23019000.0
1989-03-27,23009000.0
1989-03-28,22997000.0
1989-03-29,22979000.0
1989-03-30,22973000.0
1989-03-31,22957000.0
1989-04-01,22974000.0
1989-04-02,22970000.0
1989-04-03,22954000.0
1989-04-04,22935000.0
1989-04-05,22916000.0
1989-04-06,22907000.0
1989-04-07,22893000.0
1989-04-08,22889000.0
1989-04-09,22886000.0
1989-04-10,22870000.0
1989-04-11,22861000.0
1989-04-12,22844000.0
1989-04-13,22831000.0
1989-04-14,22811000.0
1989-04-15,22800000.0
1989-04-16,22790000.0
1989-04-17,22767000.0
1989-04-18,22741000.0
1989-04-19,22720000.0
1989-04-20,22704000.0
1989-04-21,22681000.0
1989-04-22,22672000.0
1989-04-23,22661000.0
1989-04-24,22638000.0
1989-04-25,22615000.0
1989-04-26,22592000.0
1989-04-27,22567000.0
1989-04-28,22556000.0
1989-04-29,22540000.0
1989-04-30,22534000.0
1989-05-01,22519000.0
1989-05-02,22493000.0
1989-05-03,22464000.0
1989-05-04,22443000.0
1989-05-05,22414000.0
1989-05-06,22393000.0
1989-05-07,22380000.0
1989-05-08,22356000.0
1989-05-09,22323000.0
1989-05-10,22304000.0
1989-05-11,22293000.0
1989-05-12,22272000.0
1989-05-13,22265000.0
1989-05-14,22240000.0
1989-05-15,22220000.0
1989-05-16,22202000.0
1989-05-17,22174000.0
1989-05-18,22148000.0
1989-05-19,22135000.0
1989-05-20,22103000.0
1989-05-21,22090000.0
1989-05-22,22067000.0
1989-05-23,22045000.0
1989-05-24,22011000.0
1989-05-25,21991000.0
1989-05-26,21973000.0
1989-05-27,21956000.0
1989-05-28,21939000.0
1989-05-29,21919000.0
1989-05-30,21888000.0
1989-05-31,21859000.0
1989-06-01,21845000.0
1989-06-02,21832000.0
1989-06-03,21831000.0
1989-06-04,21818000.0
1989-06-05,21807000.0
1989-06-06,21787000.0
1989-06-07,21768000.0
1989-06-08,21751000.0
1989-06-09,21733000.0
1989-06-10,21726000.0
1989-06-11,21713000.0
1989-06-12,21701000.0
1989-06-13,21688000.0
1989-06-14,21666000.0
1989-06-15,21652000.0
1989-06-16,21643000.0
1989-06-17,21643000.0
1989-06-18,21643000.0
1989-06-19,21635000.0
1989-06-20,21624000.0
1989-06-21,21603000.0
1989-06-22,21592000.0
1989-06-23,21581000.0
1989-06-24,21588000.0
1989-06-25,21592000.0
1989-06-26,21583000.0
1989-06-27,21567000.0
1989-06-28,21557000.0
1989-06-29,21556000.0
1989-06-30,21553000.0
1989-07-01,21558000.0
1989-07-02,21563000.0
1989-07-03,21557000.0
1989-07-04,21554000.0
1989-07-05,21542000.0
1989-07-06,21535000.0
1989-07-07,21518000.0
1989-07-08,21533000.0
1989-07-09,21535000.0
1989-07-10,21533000.0
1989-07-11,21539000.0
1989-07-12,21539000.0
1989-07-13,21536000.0
1989-07-14,21535000.0
1989-07-15,21531000.0
1989-07-16,21529000.0
1989-07-17,21519000.0
1989-07-18,21507000.0
1989-07-19,21482000.0
1989-07-20,21467000.0
1989-07-21,21456000.0
1989-07-22,21467000.0
1989-07-23,21483000.0
1989-07-24,21474000.0
1989-07-25,21472000.0
1989-07-26,21465000.0
1989-07-27,21458000.0
1989-07-28,21464000.0
1989-07-29,21465000.0
1989-07-30,21464000.0
1989-07-31,21458000.0
1989-08-01,21454000.0
1989-08-02,21442000.0
1989-08-03,21436000.0
1989-08-04,21429000.0
1989-08-05,21431000.0
1989-08-06,21439000.0
1989-08-07,21438000.0
1989-08-08,21432000.0
1989-08-09,21429000.0
1989-08-10,21431000.0
1989-08-11,21429000.0
1989-08-12,21439000.0
1989-08-13,21439000.0
1989-08-14,21425000.0
1989-08-15,21424000.0
1989-08-16,21417000.0
1989-08-17,21425000.0
1989-08-18,21420000.0
1989-08-19,21429000.0
1989-08-20,21439000.0
1989-08-21,21432000.0
1989-08-22,21421000.0
1989-08-23,21407000.0
1989-08-24,21409000.0
1989-08-25,21404000.0
1989-08-26,21408000.0
1989-08-27,21420000.0
1989-08-28,21421000.0
1989-08-29,21413000.0
1989-08-30,21411000.0
1989-08-31,21414000.0
1989-09-01,21413000.0
1989-09-02,21417000.0
1989-09-03,21432000.0
1989-09-04,21440000.0
1989-09-05,21429000.0
1989-09-06,21417000.0
1989-09-07,21417000.0
1989-09-08,21429000.0
1989-09-09,21440000.0
1989-09-10,21457000.0
1989-09-11,21457000.0
1989-09-12,21453000.0
1989-09-13,21435000.0
1989-09-14,21435000.0
1989-09-15,21436000.0
1989-09-16,21446000.0
1989-09-17,21451000.0
1989-09-18,21461000.0
1989-09-19,21475000.0
1989-09-20,21482000.0
1989-09-21,21486000.0
1989-09-22,21485000.0
1989-09-23,21499000.0
1989-09-24,21511000.0
1989-09-25,21514000.0
1989-09-26,21514000.0
1989-09-27,21518000.0
1989-09-28,21524000.0
1989-09-29,21528000.0
1989-09-30,21528000.0
1989-10-01,21543000.0
1989-10-02,21539000.0
1989-10-03,21538000.0
1989-10-04,21525000.0
1989-10-05,21517000.0
1989-10-06,21508000.0
1989-10-07,21506000.0
1989-10-08,21506000.0
1989-10-09,21492000.0
1989-10-10,21476000.0
1989-10-11,21468000.0
1989-10-12,21461000.0
1989-10-13,21460000.0
1989-10-14,21469000.0
1989-10-15,21474000.0
1989-10-16,21476000.0
1989-10-17,21464000.0
1989-10-18,21449000.0
1989-10-19,21450000.0
1989-10-20,21460000.0
1989-10-21,21464000.0
1989-10-22,21467000.0
1989-10-23,21463000.0
1989-10-24,21450000.0
1989-10-25,21449000.0
1989-10-26,21445000.0
1989-10-27,21442000.0
1989-10-28,21446000.0
1989-10-29,21440000.0
1989-10-30,21439000.0
1989-10-31,21435000.0
1989-11-01,21413000.0
1989-11-02,21400000.0
1989-11-03,21396000.0
1989-11-04,21403000.0
1989-11-05,21410000.0
1989-11-06,21404000.0
1989-11-07,21395000.0
1989-11-08,21385000.0
1989-11-09,21386000.0
1989-11-10,21393000.0
1989-11-11,21402000.0
1989-11-12,21407000.0
1989-11-13,21400000.0
1989-11-14,21390000.0
1989-11-15,21382000.0
1989-11-16,21386000.0
1989-11-17,21385000.0
1989-11-18,21396000.0
1989-11-19,21404000.0
1989-11-20,21403000.0
1989-11-21,21397000.0
1989-11-22,21395000.0
1989-11-23,21402000.0
1989-11-24,21410000.0
1989-11-25,21413000.0
1989-11-26,21407000.0
1989-11-27,21393000.0
1989-11-28,21375000.0
1989-11-29,21364000.0
1989-11-30,21361000.0
1989-12-01,21367000.0
1989-12-02,21379000.0
1989-12-03,21390000.0
1989-12-04,21392000.0
1989-12-05,21390000.0
1989-12-06,21382000.0
1989-12-07,21374000.0
1989-12-08,21370000.0
1989-12-09,21375000.0
1989-12-10,21382000.0
1989-12-11,21372000.0
1989-12-12,21367000.0
1989-12-13,21360000.0
1989-12-14,21370000.0
1989-12-15,21375000.0
1989-12-16,21395000.0
1989-12-17,21410000.0
1989-12-18,21417000.0
1989-12-19,21415000.0
1989-12-20,21413000.0
1989-12-21,21411000.0
1989-12-22,21415000.0
1989-12-23,21433000.0
1989-12-24,21450000.0
1989-12-25,21465000.0
1989-12-26,21464000.0
1989-12-27,21456000.0
1989-12-28,21454000.0
1989-12-29,21453000.0
1989-12-30,21461000.0
1989-12-31,21469000.0
1990-01-01,21475000.0
1990-01-02,21475000.0
1990-01-03,21469000.0
1990-01-04,21471000.0
1990-01-05,21485000.0
1990-01-06,21507000.0
1990-01-07,21518000.0
1990-01-08,21533000.0
1990-01-09,21543000.0
1990-01-10,21550000.0
1990-01-11,21563000.0
1990-01-12,21571000.0
1990-01-13,21582000.0
1990-01-14,21593000.0
1990-01-15,21609000.0
1990-01-16,21607000.0
1990-01-17,21607000.0
1990-01-18,21618000.0
1990-01-19,21625000.0
1990-01-20,21641000.0
1990-01-21,21653000.0
1990-01-22,21660000.0
1990-01-23,21663000.0
1990-01-24,21660000.0
1990-01-25,21663000.0
1990-01-26,21663000.0
1990-01-27,21663000.0
1990-01-28,21667000.0
1990-01-29,21663000.0
1990-01-30,21649000.0
1990-01-31,21636000.0
1990-02-01,21636000.0
1990-02-02,21641000.0
1990-02-03,21648000.0
1990-02-04,21653000.0
1990-02-05,21662000.0
1990-02-06,21663000.0
1990-02-07,21659000.0
1990-02-08,21659000.0
1990-02-09,21664000.0
1990-02-10,21675000.0
1990-02-11,21688000.0
1990-02-12,21692000.0
1990-02-13,21677000.0
1990-02-14,21664000.0
1990-02-15,21660000.0
1990-02-16,21657000.0
1990-02-17,21671000.0
1990-02-18,21687000.0
1990-02-19,21702000.0
1990-02-20,21709000.0
1990-02-21,21708000.0
1990-02-22,21716000.0
1990-02-23,21726000.0
1990-02-24,21736000.0
1990-02-25,21741000.0
1990-02-26,21745000.0
1990-02-27,21747000.0
1990-02-28,21741000.0
1990-03-01,21740000.0
1990-03-02,21738000.0
1990-03-03,21750000.0
1990-03-04,21752000.0
1990-03-05,21754000.0
1990-03-06,21740000.0
1990-03-07,21730000.0
1990-03-08,21729000.0
1990-03-09,21724000.0
1990-03-10,21712000.0
1990-03-11,21702000.0
1990-03-12,21692000.0
1990-03-13,21671000.0
1990-03-14,21649000.0
1990-03-15,21628000.0
1990-03-16,21618000.0
1990-03-17,21614000.0
1990-03-18,21609000.0
1990-03-19,21596000.0
1990-03-20,21578000.0
1990-03-21,21554000.0
1990-03-22,21539000.0
1990-03-23,21519000.0
1990-03-24,21512000.0
1990-03-25,21518000.0
1990-03-26,21512000.0
1990-03-27,21492000.0
1990-03-28,21468000.0
1990-03-29,21453000.0
1990-03-30,21436000.0
1990-03-31,21436000.0
1990-04-01,21440000.0
1990-04-02,21440000.0
1990-04-03,21428000.0
1990-04-04,21413000.0
1990-04-05,21400000.0
1990-04-06,21386000.0
1990-04-07,21377000.0
1990-04-08,21377000.0
1990-04-09,21357000.0
1990-04-10,21339000.0
1990-04-11,21315000.0
1990-04-12,21294000.0
1990-04-13,21288000.0
1990-04-14,21286000.0
1990-04-15,21280000.0
1990-04-16,21262000.0
1990-04-17,21243000.0
1990-04-18,21229000.0
1990-04-19,21218000.0
1990-04-20,21211000.0
1990-04-21,21207000.0
1990-04-22,21199000.0
1990-04-23,21189000.0
1990-04-24,21163000.0
1990-04-25,21138000.0
1990-04-26,21116000.0
1990-04-27,21094000.0
1990-04-28,21082000.0
1990-04-29,21082000.0
1990-04-30,21068000.0
1990-05-01,21052000.0
1990-05-02,21037000.0
1990-05-03,21022000.0
1990-05-04,21007000.0
1990-05-05,21002000.0
1990-05-06,20986000.0
1990-05-07,20971000.0
1990-05-08,20955000.0
1990-05-09,20944000.0
1990-05-10,20932000.0
1990-05-11,20918000.0
1990-05-12,20912000.0
1990-05-13,20907000.0
1990-05-14,20894000.0
1990-05-15,20882000.0
1990-05-16,20859000.0
1990-05-17,20841000.0
1990-05-18,20826000.0
1990-05-19,20825000.0
1990-05-20,20827000.0
1990-05-21,20815000.0
1990-05-22,20797000.0
1990-05-23,20757000.0
1990-05-24,20743000.0
1990-05-25,20728000.0
1990-05-26,20728000.0
1990-05-27,20731000.0
1990-05-28,20737000.0
1990-05-29,20716000.0
1990-05-30,20689000.0
1990-05-31,20666000.0
1990-06-01,20654000.0
1990-06-02,20647000.0
1990-06-03,20639000.0
1990-06-04,20615000.0
1990-06-05,20585000.0
1990-06-06,20561000.0
1990-06-07,20534000.0
1990-06-08,20520000.0
1990-06-09,20530000.0
1990-06-10,20540000.0
1990-06-11,20530000.0
1990-06-12,20516000.0
1990-06-13,20500000.0
1990-06-14,20497000.0
1990-06-15,20491000.0
1990-06-16,20494000.0
1990-06-17,20494000.0
1990-06-18,20482000.0
1990-06-19,20462000.0
1990-06-20,20454000.0
1990-06-21,20449000.0
1990-06-22,20441000.0
1990-06-23,20442000.0
1990-06-24,20445000.0
1990-06-25,20438000.0
1990-06-26,20430000.0
1990-06-27,20412000.0
1990-06-28,20414000.0
1990-06-29,20407000.0
1990-06-30,20415000.0
1990-07-01,20412000.0
1990-07-02,20382000.0
1990-07-03,20358000.0
1990-07-04,20344000.0
1990-07-05,20335000.0
1990-07-06,20319000.0
1990-07-07,20324000.0
1990-07-08,20350000.0
1990-07-09,20346000.0
1990-07-10,20339000.0
1990-07-11,20331000.0
1990-07-12,20315000.0
1990-07-13,20296000.0
1990-07-14,20306000.0
1990-07-15,20303000.0
1990-07-16,20279000.0
1990-07-17,20247000.0
1990-07-18,20223000.0
1990-07-19,20208000.0
1990-07-20,20201000.0
1990-07-21,20208000.0
1990-07-22,20206000.0
1990-07-23,20196000.0
1990-07-24,20182000.0
1990-07-25,20169000.0
1990-07-26,20157000.0
1990-07-27,20143000.0
1990-07-28,20136000.0
1990-07-29,20129000.0
1990-07-30,20102000.0
1990-07-31,20074000.0
1990-08-01,20051000.0
1990-08-02,20051000.0
1990-08-03,20044000.0
1990-08-04,20050000.0
1990-08-05,20050000.0
1990-08-06,20041000.0
1990-08-07,20028000.0
1990-08-08,20022000.0
1990-08-09,20019000.0
1990-08-10,20020000.0
1990-08-11,20021000.0
1990-08-12,20034000.0
1990-08-13,20029000.0
1990-08-14,20026000.0
1990-08-15,20038000.0
1990-08-16,20067000.0
1990-08-17,20061000.0
1990-08-18,20062000.0
1990-08-19,20074000.0
1990-08-20,20062000.0
1990-08-21,20046000.0
1990-08-22,20037000.0
1990-08-23,20034000.0
1990-08-24,20029000.0
1990-08-25,20032000.0
1990-08-26,20038000.0
1990-08-27,20028000.0
1990-08-28,20015000.0
1990-08-29,19996000.0
1990-08-30,19990000.0
1990-08-31,19986000.0
1990-09-01,19996000.0
1990-09-02,20007000.0
1990-09-03,20009000.0
1990-09-04,20011000.0
1990-09-05,19998000.0
1990-09-06,20000000.0
1990-09-07,20000000.0
1990-09-08,20013000.0
1990-09-09,20020000.0
1990-09-10,20024000.0
1990-09-11,20028000.0
1990-09-12,20026000.0
1990-09-13,20024000.0
1990-09-14,20019000.0
1990-09-15,20025000.0
1990-09-16,20037000.0
1990-09-17,20032000.0
1990-09-18,20024000.0
1990-09-19,20019000.0
1990-09-20,20028000.0
1990-09-21,20034000.0
1990-09-22,20061000.0
1990-09-23,20077000.0
1990-09-24,20083000.0
1990-09-25,20098000.0
1990-09-26,20110000.0
1990-09-27,20120000.0
1990-09-28,20125000.0
1990-09-29,20137000.0
1990-09-30,20144000.0
1990-10-01,20144000.0
1990-10-02,20137000.0
1990-10-03,20124000.0
1990-10-04,20116000.0
1990-10-05,20112000.0
1990-10-06,20112000.0
1990-10-07,20114000.0
1990-10-08,20106000.0
1990-10-09,20100000.0
1990-10-10,20096000.0
1990-10-11,20091000.0
1990-10-12,20081000.0
1990-10-13,20083000.0
1990-10-14,20083000.0
1990-10-15,20073000.0
1990-10-16,20057000.0
1990-10-17,20041000.0
1990-10-18,20037000.0
1990-10-19,20025000.0
1990-10-20,20028000.0
1990-10-21,20032000.0
1990-10-22,20030000.0
1990-10-23,20033000.0
1990-10-24,20030000.0
1990-10-25,20026000.0
1990-10-26,20025000.0
1990-10-27,20028000.0
1990-10-28,20037000.0
1990-10-29,20024000.0
1990-10-30,20012000.0
1990-10-31,19996000.0
1990-11-01,19994000.0
1990-11-02,19984000.0
1990-11-03,19980000.0
1990-11-04,19982000.0
1990-11-05,19976000.0
1990-11-06,19967000.0
1990-11-07,19954000.0
1990-11-08,19953000.0
1990-11-09,19953000.0
1990-11-10,19958000.0
1990-11-11,19965000.0
1990-11-12,19961000.0
1990-11-13,19954000.0
1990-11-14,19948000.0
1990-11-15,19945000.0
1990-11-16,19948000.0
1990-11-17,19953000.0
1990-11-18,19957000.0
1990-11-19,19953000.0
1990-11-20,19958000.0
1990-11-21,19948000.0
1990-11-22,19949000.0
1990-11-23,19953000.0
1990-11-24,19962000.0
1990-11-25,19965000.0
1990-11-26,19958000.0
1990-11-27,19957000.0
1990-11-28,19946000.0
1990-11-29,19949000.0
1990-11-30,19949000.0
1990-12-01,19955000.0
1990-12-02,19955000.0
1990-12-03,19945000.0
1990-12-04,19940000.0
1990-12-05,19929000.0
1990-12-06,19929000.0
1990-12-07,19927000.0
1990-12-08,19928000.0
1990-12-09,19932000.0
1990-12-10,19932000.0
1990-12-11,19925000.0
1990-12-12,19917000.0
1990-12-13,19920000.0
1990-12-14,19919000.0
1990-12-15,19924000.0
1990-12-16,19924000.0
1990-12-17,19912000.0
1990-12-18,19900000.0
1990-12-19,19874000.0
1990-12-20,19875000.0
1990-12-21,19864000.0
1990-12-22,19868000.0
1990-12-23,19864000.0
1990-12-24,19865000.0
1990-12-25,19873000.0
1990-12-26,19875000.0
1990-12-27,19870000.0
1990-12-28,19873000.0
1990-12-29,19877000.0
1990-12-30,19871000.0
1990-12-31,19864000.0
1991-01-01,19856000.0
1991-01-02,19851000.0
1991-01-03,19857000.0
1991-01-04,19878000.0
1991-01-05,19895000.0
1991-01-06,19913000.0
1991-01-07,19927000.0
1991-01-08,19945000.0
1991-01-09,19958000.0
1991-01-10,19975000.0
1991-01-11,19994000.0
1991-01-12,20012000.0
1991-01-13,20022000.0
1991-01-14,20020000.0
1991-01-15,20013000.0
1991-01-16,20008000.0
1991-01-17,20015000.0
1991-01-18,20017000.0
1991-01-19,20030000.0
1991-01-20,20042000.0
1991-01-21,20046000.0
1991-01-22,20054000.0
1991-01-23,20055000.0
1991-01-24,20062000.0
1991-01-25,20070000.0
1991-01-26,20083000.0
1991-01-27,20091000.0
1991-01-28,20084000.0
1991-01-29,20073000.0
1991-01-30,20061000.0
1991-01-31,20061000.0
1991-02-01,20065000.0
1991-02-02,20070000.0
1991-02-03,20083000.0
1991-02-04,20079000.0
1991-02-05,20082000.0
1991-02-06,20083000.0
1991-02-07,20082000.0
1991-02-08,20088000.0
1991-02-09,20092000.0
1991-02-10,20099000.0
1991-02-11,20090000.0
1991-02-12,20078000.0
1991-02-13,20066000.0
1991-02-14,20063000.0
1991-02-15,20071000.0
1991-02-16,20081000.0
1991-02-17,20094000.0
1991-02-18,20103000.0
1991-02-19,20108000.0
1991-02-20,20111000.0
1991-02-21,20127000.0
1991-02-22,20143000.0
1991-02-23,20149000.0
1991-02-24,20166000.0
1991-02-25,20164000.0
1991-02-26,20161000.0
1991-02-27,20152000.0
1991-02-28,20149000.0
1991-03-01,20145000.0
1991-03-02,20141000.0
1991-03-03,20135000.0
1991-03-04,20128000.0
1991-03-05,20123000.0
1991-03-06,20108000.0
1991-03-07,20102000.0
1991-03-08,20102000.0
1991-03-09,20106000.0
1991-03-10,20103000.0
1991-03-11,20096000.0
1991-03-12,20083000.0
1991-03-13,20067000.0
1991-03-14,20063000.0
1991-03-15,20069000.0
1991-03-16,20061000.0
1991-03-17,20055000.0
1991-03-18,20050000.0
1991-03-19,20044000.0
1991-03-20,20028000.0
1991-03-21,20020000.0
1991-03-22,20016000.0
1991-03-23,20020000.0
1991-03-24,20024000.0
1991-03-25,20020000.0
1991-03-26,20013000.0
1991-03-27,20004000.0
1991-03-28,20012000.0
1991-03-29,20028000.0
1991-03-30,20037000.0
1991-03-31,20050000.0
1991-04-01,20042000.0
1991-04-02,20038000.0
1991-04-03,20024000.0
1991-04-04,20029000.0
1991-04-05,20029000.0
1991-04-06,20022000.0
1991-04-07,20032000.0
1991-04-08,20025000.0
1991-04-09,20019000.0
1991-04-10,20011000.0
1991-04-11,19996000.0
1991-04-12,19988000.0
1991-04-13,19994000.0
1991-04-14,19997000.0
1991-04-15,19994000.0
1991-04-16,19983000.0
1991-04-17,19974000.0
1991-04-18,19965000.0
1991-04-19,19955000.0
1991-04-20,19953000.0
1991-04-21,19948000.0
1991-04-22,19945000.0
1991-04-23,19955000.0
1991-04-24,19929000.0
1991-04-25,19895000.0
1991-04-26,19887000.0
1991-04-27,19886000.0
1991-04-28,19881000.0
1991-04-29,19871000.0
1991-04-30,19852000.0
1991-05-01,19830000.0
1991-05-02,19825000.0
1991-05-03,19819000.0
1991-05-04,19815000.0
1991-05-05,19809000.0
1991-05-06,19792000.0
1991-05-07,19771000.0
1991-05-08,19751000.0
1991-05-09,19746000.0
1991-05-10,19743000.0
1991-05-11,19749000.0
1991-05-12,19758000.0
1991-05-13,19750000.0
1991-05-14,19749000.0
1991-05-15,19741000.0
1991-05-16,19730000.0
1991-05-17,19725000.0
1991-05-18,19723000.0
1991-05-19,19716000.0
1991-05-20,19695000.0
1991-05-21,19664000.0
1991-05-22,19643000.0
1991-05-23,19634000.0
1991-05-24,19624000.0
1991-05-25,19624000.0
1991-05-26,19624000.0
1991-05-27,19630000.0
1991-05-28,19624000.0
1991-05-29,19612000.0
1991-05-30,19597000.0
1991-05-31,19607000.0
1991-06-01,19620000.0
1991-06-02,19626000.0
1991-06-03,19603000.0
1991-06-04,19579000.0
1991-06-05,19557000.0
1991-06-06,19549000.0
1991-06-07,19535000.0
1991-06-08,19535000.0
1991-06-09,19539000.0
1991-06-10,19531000.0
1991-06-11,19523000.0
1991-06-12,19513000.0
1991-06-13,19506000.0
1991-06-14,19500000.0
1991-06-15,19500000.0
1991-06-16,19500000.0
1991-06-17,19488000.0
1991-06-18,19473000.0
1991-06-19,19473000.0
1991-06-20,19471000.0
1991-06-21,19469000.0
1991-06-22,19474000.0
1991-06-23,19479000.0
1991-06-24,19474000.0
1991-06-25,19460000.0
1991-06-26,19440000.0
1991-06-27,19439000.0
1991-06-28,19437000.0
1991-06-29,19442000.0
1991-06-30,19446000.0
1991-07-01,19425000.0
1991-07-02,19402000.0
1991-07-03,19385000.0
1991-07-04,19386000.0
1991-07-05,19384000.0
1991-07-06,19394000.0
1991-07-07,19410000.0
1991-07-08,19412000.0
1991-07-09,19417000.0
1991-07-10,19422000.0
1991-07-11,19421000.0
1991-07-12,19419000.0
1991-07-13,19421000.0
1991-07-14,19413000.0
1991-07-15,19388000.0
1991-07-16,19363000.0
1991-07-17,19344000.0
1991-07-18,19344000.0
1991-07-19,19340000.0
1991-07-20,19352000.0
1991-07-21,19357000.0
1991-07-22,19356000.0
1991-07-23,19350000.0
1991-07-24,19347000.0
1991-07-25,19345000.0
1991-07-26,19343000.0
1991-07-27,19349000.0
1991-07-28,19344000.0
1991-07-29,19330000.0
1991-07-30,19293000.0
1991-07-31,19269000.0
1991-08-01,19272000.0
1991-08-02,19278000.0
1991-08-03,19284000.0
1991-08-04,19288000.0
1991-08-05,19284000.0
1991-08-06,19279000.0
1991-08-07,19276000.0
1991-08-08,19270000.0
1991-08-09,19260000.0
1991-08-10,19266000.0
1991-08-11,19267000.0
1991-08-12,19257000.0
1991-08-13,19248000.0
1991-08-14,19240000.0
1991-08-15,19239000.0
1991-08-16,19237000.0
1991-08-17,19243000.0
1991-08-18,19246000.0
1991-08-19,19244000.0
1991-08-20,19238000.0
1991-08-21,19228000.0
1991-08-22,19226000.0
1991-08-23,19216000.0
1991-08-24,19226000.0
1991-08-25,19221000.0
1991-08-26,19229000.0
1991-08-27,19220000.0
1991-08-28,19215000.0
1991-08-29,19214000.0
1991-08-30,19212000.0
1991-08-31,19221000.0
1991-09-01,19226000.0
1991-09-02,19230000.0
1991-09-03,19220000.0
1991-09-04,19219000.0
1991-09-05,19212000.0
1991-09-06,19214000.0
1991-09-07,19226000.0
1991-09-08,19234000.0
1991-09-09,19231000.0
1991-09-10,19226000.0
1991-09-11,19221000.0
1991-09-12,19220000.0
1991-09-13,19216000.0
1991-09-14,19217000.0
1991-09-15,19226000.0
1991-09-16,19224000.0
1991-09-17,19217000.0
1991-09-18,19203000.0
1991-09-19,19201000.0
1991-09-20,19198000.0
1991-09-21,19205000.0
1991-09-22,19212000.0
1991-09-23,19205000.0
1991-09-24,19193000.0
1991-09-25,19193000.0
1991-09-26,19198000.0
1991-09-27,19201000.0
1991-09-28,19216000.0
1991-09-29,19234000.0
1991-09-30,19233000.0
1991-10-01,19226000.0
1991-10-02,19224000.0
1991-10-03,19228000.0
1991-10-04,19223000.0
1991-10-05,19225000.0
1991-10-06,19226000.0
1991-10-07,19220000.0
1991-10-08,19216000.0
1991-10-09,19206000.0
1991-10-10,19196000.0
1991-10-11,19189000.0
1991-10-12,19188000.0
1991-10-13,19192000.0
1991-10-14,19188000.0
1991-10-15,19182000.0
1991-10-16,19196000.0
1991-10-17,19168000.0
1991-10-18,19163000.0
1991-10-19,19159000.0
1991-10-20,19158000.0
1991-10-21,19145000.0
1991-10-22,19132000.0
1991-10-23,19125000.0
1991-10-24,19122000.0
1991-10-25,19114000.0
1991-10-26,19108000.0
1991-10-27,19110000.0
1991-10-28,19099000.0
1991-10-29,19086000.0
1991-10-30,19076000.0
1991-10-31,19070000.0
1991-11-01,19065000.0
1991-11-02,19070000.0
1991-11-03,19070000.0
1991-11-04,19067000.0
1991-11-05,19065000.0
1991-11-06,19060000.0
1991-11-07,19062000.0
1991-11-08,19067000.0
1991-11-09,19075000.0
1991-11-10,19080000.0
1991-11-11,19085000.0
1991-11-12,19085000.0
1991-11-13,19086000.0
1991-11-14,19083000.0
1991-11-15,19088000.0
1991-11-16,19097000.0
1991-11-17,19094000.0
1991-11-18,19086000.0
1991-11-19,19084000.0
1991-11-20,19072000.0
1991-11-21,19074000.0
1991-11-22,19072000.0
1991-11-23,19074000.0
1991-11-24,19081000.0
1991-11-25,19084000.0
1991-11-26,19088000.0
1991-11-27,19076000.0
1991-11-28,19081000.0
1991-11-29,19085000.0
1991-11-30,19081000.0
1991-12-01,19075000.0
1991-12-02,19072000.0
1991-12-03,19071000.0
1991-12-04,19071000.0
1991-12-05,19076000.0
1991-12-06,19084000.0
1991-12-07,19097000.0
1991-12-08,19109000.0
1991-12-09,19114000.0
1991-12-10,19122000.0
1991-12-11,19125000.0
1991-12-12,19132000.0
1991-12-13,19140000.0
1991-12-14,19145000.0
1991-12-15,19156000.0
1991-12-16,19159000.0
1991-12-17,19161000.0
1991-12-18,19164000.0
1991-12-19,19170000.0
1991-12-20,19177000.0
1991-12-21,19184000.0
1991-12-22,19195000.0
1991-12-23,19205000.0
1991-12-24,19217000.0
1991-12-25,19228000.0
1991-12-26,19239000.0
1991-12-27,19248000.0
1991-12-28,19254000.0
1991-12-29,19267000.0
1991-12-30,19279000.0
1991-12-31,19288000.0
1992-01-01,19301000.0
1992-01-02,19310000.0
1992-01-03,19315000.0
1992-01-04,19326000.0
1992-01-05,19329000.0
1992-01-06,19354000.0
1992-01-07,19372000.0
1992-01-08,19390000.0
1992-01-09,19407000.0
1992-01-10,19428000.0
1992-01-11,19442000.0
1992-01-12,19469000.0
1992-01-13,19491000.0
1992-01-14,19509000.0
1992-01-15,19526000.0
1992-01-16,19545000.0
1992-01-17,19567000.0
1992-01-18,19590000.0
1992-01-19,19607000.0
1992-01-20,19625000.0
1992-01-21,19637000.0
1992-01-22,19647000.0
1992-01-23,19662000.0
1992-01-24,19680000.0
1992-01-25,19701000.0
1992-01-26,19721000.0
1992-01-27,19737000.0
1992-01-28,19749000.0
1992-01-29,19760000.0
1992-01-30,19770000.0
1992-01-31,19780000.0
1992-02-01,19796000.0
1992-02-02,19813000.0
1992-02-03,19818000.0
1992-02-04,19822000.0
1992-02-05,19826000.0
1992-02-06,19824000.0
1992-02-07,19837000.0
1992-02-08,19854000.0
1992-02-09,19868000.0
1992-02-10,19881000.0
1992-02-11,19883000.0
1992-02-12,19888000.0
1992-02-13,19908000.0
1992-02-14,19919000.0
1992-02-15,19936000.0
1992-02-16,19952000.0
1992-02-17,19965000.0
1992-02-18,19975000.0
1992-02-19,19983000.0
1992-02-20,19991000.0
1992-02-21,20000000.0
1992-02-22,20015000.0
1992-02-23,20025000.0
1992-02-24,20032000.0
1992-02-25,20037000.0
1992-02-26,20038000.0
1992-02-27,20046000.0
1992-02-28,20057000.0
1992-02-29,20065000.0
1992-03-01,20075000.0
1992-03-02,20081000.0
1992-03-03,20081000.0
1992-03-04,20086000.0
1992-03-05,20095000.0
1992-03-06,20115000.0
1992-03-07,20115000.0
1992-03-08,20141000.0
1992-03-09,20148000.0
1992-03-10,20156000.0
1992-03-11,20158000.0
1992-03-12,20164000.0
1992-03-13,20168000.0
1992-03-14,20176000.0
1992-03-15,20188000.0
1992-03-16,20184000.0
1992-03-17,20185000.0
1992-03-18,20182000.0
1992-03-19,20182000.0
1992-03-20,20174000.0
1992-03-21,20196000.0
1992-03-22,20208000.0
1992-03-23,20213000.0
1992-03-24,20214000.0
1992-03-25,20202000.0
1992-03-26,20194000.0
1992-03-27,20198000.0
1992-03-28,20198000.0
1992-03-29,20192000.0
1992-03-30,20190000.0
1992-03-31,20182000.0
1992-04-01,20173000.0
1992-04-02,20166000.0
1992-04-03,20162000.0
1992-04-04,20169000.0
1992-04-05,20176000.0
1992-04-06,20173000.0
1992-04-07,20172000.0
1992-04-08,20168000.0
1992-04-09,20165000.0
1992-04-10,20168000.0
1992-04-11,20176000.0
1992-04-12,20182000.0
1992-04-13,20182000.0
1992-04-14,20184000.0
1992-04-15,20177000.0
1992-04-16,20174000.0
1992-04-17,20174000.0
1992-04-18,20178000.0
1992-04-19,20177000.0
1992-04-20,20170000.0
1992-04-21,20164000.0
1992-04-22,20154000.0
1992-04-23,20149000.0
1992-04-24,20140000.0
1992-04-25,20144000.0
1992-04-26,20143000.0
1992-04-27,20137000.0
1992-04-28,20133000.0
1992-04-29,20117000.0
1992-04-30,20112000.0
1992-05-01,20106000.0
1992-05-02,20111000.0
1992-05-03,20116000.0
1992-05-04,20108000.0
1992-05-05,20099000.0
1992-05-06,20082000.0
1992-05-07,20069000.0
1992-05-08,20063000.0
1992-05-09,20059000.0
1992-05-10,20058000.0
1992-05-11,20044000.0
1992-05-12,20029000.0
1992-05-13,20015000.0
1992-05-14,19999000.0
1992-05-15,19987000.0
1992-05-16,19979000.0
1992-05-17,19975000.0
1992-05-18,19958000.0
1992-05-19,19940000.0
1992-05-20,19924000.0
1992-05-21,19903000.0
1992-05-22,19890000.0
1992-05-23,19886000.0
1992-05-24,19879000.0
1992-05-25,19874000.0
1992-05-26,19874000.0
1992-05-27,19835000.0
1992-05-28,19823000.0
1992-05-29,19810000.0
1992-05-30,19790000.0
1992-05-31,19788000.0
1992-06-01,19776000.0
1992-06-02,19757000.0
1992-06-03,19737000.0
1992-06-04,19716000.0
1992-06-05,19703000.0
1992-06-06,19707000.0
1992-06-07,19706000.0
1992-06-08,19701000.0
1992-06-09,19688000.0
1992-06-10,19678000.0
1992-06-11,19668000.0
1992-06-12,19658000.0
1992-06-13,19656000.0
1992-06-14,19660000.0
1992-06-15,19655000.0
1992-06-16,19649000.0
1992-06-17,19634000.0
1992-06-18,19628000.0
1992-06-19,19615000.0
1992-06-20,19611000.0
1992-06-21,19604000.0
1992-06-22,19595000.0
1992-06-23,19579000.0
1992-06-24,19564000.0
1992-06-25,19553000.0
1992-06-26,19546000.0
1992-06-27,19540000.0
1992-06-28,19522000.0
1992-06-29,19513000.0
1992-06-30,19497000.0
1992-07-01,19486000.0
1992-07-02,19477000.0
1992-07-03,19467000.0
1992-07-04,19461000.0
1992-07-05,19460000.0
1992-07-06,19442000.0
1992-07-07,19425000.0
1992-07-08,19416000.0
1992-07-09,19412000.0
1992-07-10,19410000.0
1992-07-11,19419000.0
1992-07-12,19421000.0
1992-07-13,19426000.0
1992-07-14,19419000.0
1992-07-15,19412000.0
1992-07-16,19404000.0
1992-07-17,19393000.0
1992-07-18,19398000.0
1992-07-19,19403000.0
1992-07-20,19399000.0
1992-07-21,19389000.0
1992-07-22,19380000.0
1992-07-23,19377000.0
1992-07-24,19375000.0
1992-07-25,19381000.0
1992-07-26,19392000.0
1992-07-27,19388000.0
1992-07-28,19375000.0
1992-07-29,19363000.0
1992-07-30,19350000.0
1992-07-31,19349000.0
1992-08-01,19353000.0
1992-08-02,19357000.0
1992-08-03,19348000.0
1992-08-04,19344000.0
1992-08-05,19336000.0
1992-08-06,19335000.0
1992-08-07,19325000.0
1992-08-08,19335000.0
1992-08-09,19335000.0
1992-08-10,19329000.0
1992-08-11,19327000.0
1992-08-12,19310000.0
1992-08-13,19297000.0
1992-08-14,19292000.0
1992-08-15,19299000.0
1992-08-16,19310000.0
1992-08-17,19306000.0
1992-08-18,19299000.0
1992-08-19,19289000.0
1992-08-20,19283000.0
1992-08-21,19281000.0
1992-08-22,19286000.0
1992-08-23,19302000.0
1992-08-24,19303000.0
1992-08-25,19301000.0
1992-08-26,19294000.0
1992-08-27,19294000.0
1992-08-28,19294000.0
1992-08-29,19294000.0
1992-08-30,19310000.0
1992-08-31,19307000.0
1992-09-01,19312000.0
1992-09-02,19324000.0
1992-09-03,19322000.0
1992-09-04,19327000.0
1992-09-05,19336000.0
1992-09-06,19338000.0
1992-09-07,19347000.0
1992-09-08,19344000.0
1992-09-09,19345000.0
1992-09-10,19349000.0
1992-09-11,19349000.0
1992-09-12,19363000.0
1992-09-13,19377000.0
1992-09-14,19376000.0
1992-09-15,19377000.0
1992-09-16,19375000.0
1992-09-17,19375000.0
1992-09-18,19384000.0
1992-09-19,19399000.0
1992-09-20,19411000.0
1992-09-21,19416000.0
1992-09-22,19411000.0
1992-09-23,19407000.0
1992-09-24,19406000.0
1992-09-25,19408000.0
1992-09-26,19416000.0
1992-09-27,19425000.0
1992-09-28,19424000.0
1992-09-29,19417000.0
1992-09-30,19416000.0
1992-10-01,19419000.0
1992-10-02,19411000.0
1992-10-03,19425000.0
1992-10-04,19433000.0
1992-10-05,19433000.0
1992-10-06,19431000.0
1992-10-07,19424000.0
1992-10-08,19424000.0
1992-10-09,19420000.0
1992-10-10,19425000.0
1992-10-11,19430000.0
1992-10-12,19429000.0
1992-10-13,19419000.0
1992-10-14,19415000.0
1992-10-15,19406000.0
1992-10-16,19411000.0
1992-10-17,19416000.0
1992-10-18,19426000.0
1992-10-19,19425000.0
1992-10-20,19422000.0
1992-10-21,19416000.0
1992-10-22,19415000.0
1992-10-23,19407000.0
1992-10-24,19430000.0
1992-10-25,19437000.0
1992-10-26,19438000.0
1992-10-27,19440000.0
1992-10-28,19443000.0
1992-10-29,19442000.0
1992-10-30,19437000.0
1992-10-31,19447000.0
1992-11-01,19457000.0
1992-11-02,19460000.0
1992-11-03,19453000.0
1992-11-04,19451000.0
1992-11-05,19458000.0
1992-11-06,19460000.0
1992-11-07,19470000.0
1992-11-08,19478000.0
1992-11-09,19482000.0
1992-11-10,19479000.0
1992-11-11,19480000.0
1992-11-12,19479000.0
1992-11-13,19479000.0
1992-11-14,19493000.0
1992-11-15,19506000.0
1992-11-16,19506000.0
1992-11-17,19509000.0
1992-11-18,19510000.0
1992-11-19,19511000.0
1992-11-20,19504000.0
1992-11-21,19515000.0
1992-11-22,19522000.0
1992-11-23,19524000.0
1992-11-24,19519000.0
1992-11-25,19515000.0
1992-11-26,19522000.0
1992-11-27,19527000.0
1992-11-28,19536000.0
1992-11-29,19539000.0
1992-11-30,19546000.0
1992-12-01,19542000.0
1992-12-02,19537000.0
1992-12-03,19542000.0
1992-12-04,19539000.0
1992-12-05,19551000.0
1992-12-06,19563000.0
1992-12-07,19568000.0
1992-12-08,19568000.0
1992-12-09,19572000.0
1992-12-10,19579000.0
1992-12-11,19577000.0
1992-12-12,19593000.0
1992-12-13,19606000.0
1992-12-14,19614000.0
1992-12-15,19649000.0
1992-12-16,19645000.0
1992-12-17,19649000.0
1992-12-18,19651000.0
1992-12-19,19663000.0
1992-12-20,19665000.0
1992-12-21,19671000.0
1992-12-22,19676000.0
1992-12-23,19677000.0
1992-12-24,19677000.0
1992-12-25,19685000.0
1992-12-26,19693000.0
1992-12-27,19701000.0
1992-12-28,19712000.0
1992-12-29,19720000.0
1992-12-30,19724000.0
1992-12-31,19729000.0
1993-01-01,19734000.0
1993-01-02,19746000.0
1993-01-03,19750000.0
1993-01-04,19757000.0
1993-01-05,19770000.0
1993-01-06,19783000.0
1993-01-07,19807000.0
1993-01-08,19827000.0
1993-01-09,19852000.0
1993-01-10,19879000.0
1993-01-11,19898000.0
1993-01-12,19908000.0
1993-01-13,19944000.0
1993-01-14,19988000.0
1993-01-15,20042000.0
1993-01-16,20088000.0
1993-01-17,20125000.0
1993-01-18,20160000.0
1993-01-19,20200000.0
1993-01-20,20237000.0
1993-01-21,20272000.0
1993-01-22,20318000.0
1993-01-23,20366000.0
1993-01-24,20412000.0
1993-01-25,20449000.0
1993-01-26,20478000.0
1993-01-27,20508000.0
1993-01-28,20536000.0
1993-01-29,20565000.0
1993-01-30,20595000.0
1993-01-31,20627000.0
1993-02-01,20660000.0
1993-02-02,20685000.0
1993-02-03,20714000.0
1993-02-04,20735000.0
1993-02-05,20761000.0
1993-02-06,20783000.0
1993-02-07,20808000.0
1993-02-08,20846000.0
1993-02-09,20876000.0
1993-02-10,20913000.0
1993-02-11,20940000.0
1993-02-12,20970000.0
1993-02-13,20995000.0
1993-02-14,21021000.0
1993-02-15,21044000.0
1993-02-16,21070000.0
1993-02-17,21093000.0
1993-02-18,21116000.0
1993-02-19,21148000.0
1993-02-20,21180000.0
1993-02-21,21218000.0
1993-02-22,21261000.0
1993-02-23,21299000.0
1993-02-24,21338000.0
1993-02-25,21393000.0
1993-02-26,21440000.0
1993-02-27,21481000.0
1993-02-28,21515000.0
1993-03-01,21542000.0
1993-03-02,21568000.0
1993-03-03,21590000.0
1993-03-04,21614000.0
1993-03-05,21634000.0
1993-03-06,21656000.0
1993-03-07,21673000.0
1993-03-08,21695000.0
1993-03-09,21710000.0
1993-03-10,21723000.0
1993-03-11,21734000.0
1993-03-12,21743000.0
1993-03-13,21758000.0
1993-03-14,21775000.0
1993-03-15,21789000.0
1993-03-16,21801000.0
1993-03-17,21806000.0
1993-03-18,21820000.0
1993-03-19,21831000.0
1993-03-20,21845000.0
1993-03-21,21858000.0
1993-03-22,21872000.0
1993-03-23,21883000.0
1993-03-24,21894000.0
1993-03-25,21905000.0
1993-03-26,21915000.0
1993-03-27,21933000.0
1993-03-28,21949000.0
1993-03-29,21970000.0
1993-03-30,21973000.0
1993-03-31,21981000.0
1993-04-01,21980000.0
1993-04-02,21984000.0
1993-04-03,21991000.0
1993-04-04,21998000.0
1993-04-05,22005000.0
1993-04-06,22008000.0
1993-04-07,22005000.0
1993-04-08,22003000.0
1993-04-09,22005000.0
1993-04-10,22012000.0
1993-04-11,22017000.0
1993-04-12,22022000.0
1993-04-13,22010000.0
1993-04-14,22001000.0
1993-04-15,21995000.0
1993-04-16,21991000.0
1993-04-17,21984000.0
1993-04-18,21995000.0
1993-04-19,21983000.0
1993-04-20,21977000.0
1993-04-21,21967000.0
1993-04-22,21957000.0
1993-04-23,21953000.0
1993-04-24,21972000.0
1993-04-25,21977000.0
1993-04-26,21966000.0
1993-04-27,21956000.0
1993-04-28,21943000.0
1993-04-29,21932000.0
1993-04-30,21922000.0
1993-05-01,21914000.0
1993-05-02,21917000.0
1993-05-03,21898000.0
1993-05-04,21894000.0
1993-05-05,21880000.0
1993-05-06,21874000.0
1993-05-07,21859000.0
1993-05-08,21869000.0
1993-05-09,21872000.0
1993-05-10,21855000.0
1993-05-11,21835000.0
1993-05-12,21820000.0
1993-05-13,21808000.0
1993-05-14,21793000.0
1993-05-15,21800000.0
1993-05-16,21790000.0
1993-05-17,21772000.0
1993-05-18,21751000.0
1993-05-19,21733000.0
1993-05-20,21712000.0
1993-05-21,21703000.0
1993-05-22,21692000.0
1993-05-23,21677000.0
1993-05-24,21652000.0
1993-05-25,21628000.0
1993-05-26,21604000.0
1993-05-27,21578000.0
1993-05-28,21551000.0
1993-05-29,21529000.0
1993-05-30,21529000.0
1993-05-31,21521000.0
1993-06-01,21532000.0
1993-06-02,21510000.0
1993-06-03,21496000.0
1993-06-04,21485000.0
1993-06-05,21500000.0
1993-06-06,21490000.0
1993-06-07,21487000.0
1993-06-08,21474000.0
1993-06-09,21458000.0
1993-06-10,21447000.0
1993-06-11,21433000.0
1993-06-12,21428000.0
1993-06-13,21428000.0
1993-06-14,21414000.0
1993-06-15,21395000.0
1993-06-16,21377000.0
1993-06-17,21360000.0
1993-06-18,21341000.0
1993-06-19,21345000.0
1993-06-20,21354000.0
1993-06-21,21338000.0
1993-06-22,21324000.0
1993-06-23,21312000.0
1993-06-24,21297000.0
1993-06-25,21297000.0
1993-06-26,21284000.0
1993-06-27,21284000.0
1993-06-28,21277000.0
1993-06-29,21266000.0
1993-06-30,21258000.0
1993-07-01,21247212.0
1993-07-02,21237000.0
1993-07-03,21247000.0
1993-07-04,21254000.0
1993-07-05,21255000.0
1993-07-06,21247000.0
1993-07-07,21233000.0
1993-07-08,21223000.0
1993-07-09,21214000.0
1993-07-10,21218000.0
1993-07-11,21229000.0
1993-07-12,21229000.0
1993-07-13,21218000.0
1993-07-14,21211348.0
1993-07-15,21207204.0
1993-07-16,21200296.0
1993-07-17,21200296.0
1993-07-18,21209966.0
1993-07-19,21207204.0
1993-07-20,21193406.0
1993-07-21,21179594.0
1993-07-22,21169942.0
1993-07-23,21161652.0
1993-07-24,21165796.0
1993-07-25,21174084.0
1993-07-26,21164000.0
1993-07-27,21149238.0
1993-07-28,21134058.0
1993-07-29,21117500.0
1993-07-30,21106466.0
1993-07-31,21110594.0
1993-08-01,21116120.0
1993-08-02,21107848.0
1993-08-03,21106466.0
1993-08-04,21098178.0
1993-08-05,21094034.0
1993-08-06,21091290.0
1993-08-07,21114738.0
1993-08-08,21127152.0
1993-08-09,21128534.0
1993-08-10,21128534.0
1993-08-11,21127152.0
1993-08-12,21132678.0
1993-08-13,21132678.0
1993-08-14,21143712.0
1993-08-15,21160290.0
1993-08-16,21164416.0
1993-08-17,21165796.0
1993-08-18,21168558.0
1993-08-19,21172704.0
1993-08-20,21175000.0
1993-08-21,21194790.0
1993-08-22,21208584.0
1993-08-23,21203058.0
1993-08-24,21196152.0
1993-08-25,21194790.0
1993-08-26,21207204.0
1993-08-27,21219620.0
1993-08-28,21236178.0
1993-08-29,21254120.0
1993-08-30,21270678.0
1993-08-31,21277584.0
1993-09-01,21274822.0
1993-09-02,21281712.0
1993-09-03,21284474.0
1993-09-04,21294144.0
1993-09-05,21306558.0
1993-09-06,21313466.0
1993-09-07,21317594.0
1993-09-08,21320356.0
1993-09-09,21318974.0
1993-09-10,21324500.0
1993-09-11,21330026.0
1993-09-12,21345204.0
1993-09-13,21350712.0
1993-09-14,21349348.0
1993-09-15,21353474.0
1993-09-16,21353474.0
1993-09-17,21359000.0
1993-09-18,21375558.0
1993-09-19,21382466.0
1993-09-20,21382466.0
1993-09-21,21386594.0
1993-09-22,21386594.0
1993-09-23,21385212.0
1993-09-24,21386594.0
1993-09-25,21396264.0
1993-09-26,21403152.0
1993-09-27,21396264.0
1993-09-28,21387974.0
1993-09-29,21382466.0
1993-09-30,21379704.0
1993-10-01,21372000.0
1993-10-02,21381000.0
1993-10-03,21385000.0
1993-10-04,21377000.0
1993-10-05,21363000.0
1993-10-06,21357000.0
1993-10-07,21353000.0
1993-10-08,21353000.0
1993-10-09,21360000.0
1993-10-10,21366000.0
1993-10-11,21357000.0
1993-10-12,21357000.0
1993-10-13,21345000.0
1993-10-14,21341000.0
1993-10-15,21342000.0
1993-10-16,21348000.0
1993-10-17,21357000.0
1993-10-18,21345000.0
1993-10-19,21331000.0
1993-10-20,21317000.0
1993-10-21,21309000.0
1993-10-22,21302000.0
1993-10-23,21305000.0
1993-10-24,21303000.0
1993-10-25,21288000.0
1993-10-26,21273000.0
1993-10-27,21257000.0
1993-10-28,21254000.0
1993-10-29,21246000.0
1993-10-30,21232000.0
1993-10-31,21228000.0
1993-11-01,21218000.0
1993-11-02,21203000.0
1993-11-03,21199000.0
1993-11-04,21202000.0
1993-11-05,21202000.0
1993-11-06,21207000.0
1993-11-07,21214000.0
1993-11-08,21214000.0
1993-11-09,21215000.0
1993-11-10,21215000.0
1993-11-11,21226000.0
1993-11-12,21236000.0
1993-11-13,21241000.0
1993-11-14,21251000.0
1993-11-15,21248000.0
1993-11-16,21247000.0
1993-11-17,21254000.0
1993-11-18,21259000.0
1993-11-19,21263000.0
1993-11-20,21270000.0
1993-11-21,21277000.0
1993-11-22,21273000.0
1993-11-23,21276000.0
1993-11-24,21268000.0
1993-11-25,21275000.0
1993-11-26,21279000.0
1993-11-27,21287000.0
1993-11-28,21288000.0
1993-11-29,21284000.0
1993-11-30,21283000.0
1993-12-01,21279000.0
1993-12-02,21277000.0
1993-12-03,21273000.0
1993-12-04,21279000.0
1993-12-05,21287000.0
1993-12-06,21286000.0
1993-12-07,21283000.0
1993-12-08,21281000.0
1993-12-09,21284000.0
1993-12-10,21280000.0
1993-12-11,21280000.0
1993-12-12,21297000.0
1993-12-13,21292000.0
1993-12-14,21284000.0
1993-12-15,21286000.0
1993-12-16,21288000.0
1993-12-17,21288000.0
1993-12-18,21295000.0
1993-12-19,21308000.0
1993-12-20,21315000.0
1993-12-21,21317000.0
1993-12-22,21310000.0
1993-12-23,21312000.0
1993-12-24,21321000.0
1993-12-25,21334000.0
1993-12-26,21341000.0
1993-12-27,21339000.0
1993-12-28,21334000.0
1993-12-29,21327000.0
1993-12-30,21324000.0
1993-12-31,21324000.0
1994-01-01,21335000.0
1994-01-02,21345000.0
1994-01-03,21348000.0
1994-01-04,21352000.0
1994-01-05,21354000.0
1994-01-06,21360000.0
1994-01-07,21367000.0
1994-01-08,21378000.0
1994-01-09,21402000.0
1994-01-10,21400000.0
1994-01-11,21402000.0
1994-01-12,21404000.0
1994-01-13,21413000.0
1994-01-14,21428000.0
1994-01-15,21446000.0
1994-01-16,21465000.0
1994-01-17,21474000.0
1994-01-18,21485000.0
1994-01-19,21492000.0
1994-01-20,21497000.0
1994-01-21,21506000.0
1994-01-22,21517000.0
1994-01-23,21524000.0
1994-01-24,21518000.0
1994-01-25,21504000.0
1994-01-26,21506000.0
1994-01-27,21500000.0
1994-01-28,21501000.0
1994-01-29,21510000.0
1994-01-30,21517000.0
1994-01-31,21510000.0
1994-02-01,21499000.0
1994-02-02,21496000.0
1994-02-03,21496000.0
1994-02-04,21504000.0
1994-02-05,21510000.0
1994-02-06,21522000.0
1994-02-07,21510000.0
1994-02-08,21510000.0
1994-02-09,21508000.0
1994-02-10,21510000.0
1994-02-11,21515000.0
1994-02-12,21529000.0
1994-02-13,21542000.0
1994-02-14,21547000.0
1994-02-15,21549000.0
1994-02-16,21549000.0
1994-02-17,21545000.0
1994-02-18,21551000.0
1994-02-19,21571000.0
1994-02-20,21585000.0
1994-02-21,21597000.0
1994-02-22,21602000.0
1994-02-23,21603000.0
1994-02-24,21607000.0
1994-02-25,21614000.0
1994-02-26,21621000.0
1994-02-27,21634000.0
1994-02-28,21632000.0
1994-03-01,21633221.0
1994-03-02,21633221.0
1994-03-03,21627650.0
1994-03-04,21617930.0
1994-03-05,21613760.0
1994-03-06,21608211.0
1994-03-07,21590141.0
1994-03-08,21574850.0
1994-03-09,21562330.0
1994-03-10,21541471.0
1994-03-11,21520641.0
1994-03-12,21519240.0
1994-03-13,21513680.0
1994-03-14,21501170.0
1994-03-15,21485971.0
1994-03-16,21465260.0
1994-03-17,21452850.0
1994-03-18,21430760.0
1994-03-19,21416971.0
1994-03-20,21410061.0
1994-03-21,21382471.0
1994-03-22,21347971.0
1994-03-23,21334150.0
1994-03-24,21313471.0
1994-03-25,21313471.0
1994-03-26,21321740.0
1994-03-27,21325881.0
1994-03-28,21318971.0
1994-03-29,21313471.0
1994-03-30,21302420.0
1994-03-31,21291381.0
1994-04-01,21280350.0
1994-04-02,21270680.0
1994-04-03,21266529.0
1994-04-04,21241699.0
1994-04-05,21214090.0
1994-04-06,21185119.0
1994-04-07,21164420.0
1994-04-08,21142350.0
1994-04-09,21129920.0
1994-04-10,21113359.0
1994-04-11,21095420.0
1994-04-12,21080279.0
1994-04-13,21054449.0
1994-04-14,21042189.0
1994-04-15,21020449.0
1994-04-16,20998680.0
1994-04-17,20983721.0
1994-04-18,20964680.0
1994-04-19,20947000.0
1994-04-20,20929320.0
1994-04-21,20911641.0
1994-04-22,20898039.0
1994-04-23,20892600.0
1994-04-24,20893961.0
1994-04-25,20870830.0
1994-04-26,20855881.0
1994-04-27,20835490.0
1994-04-28,20822000.0
1994-04-29,20808000.0
1994-04-30,20803000.0
1994-05-01,20808000.0
1994-05-02,20789391.0
1994-05-03,20767811.0
1994-05-04,20747551.0
1994-05-05,20724600.0
1994-05-06,20703000.0
1994-05-07,20696250.0
1994-05-08,20692199.0
1994-05-09,20673301.0
1994-05-10,20640900.0
1994-05-11,20615260.0
1994-05-12,20597711.0
1994-05-13,20576100.0
1994-05-14,20561250.0
1994-05-15,20550439.0
1994-05-16,20530289.0
1994-05-17,20518211.0
1994-05-18,20498131.0
1994-05-19,20487400.0
1994-05-20,20476680.0
1994-05-21,20472660.0
1994-05-22,20468631.0
1994-05-23,20445869.0
1994-05-24,20408340.0
1994-05-25,20413711.0
1994-05-26,20399010.0
1994-05-27,20385711.0
1994-05-28,20384381.0
1994-05-29,20379080.0
1994-05-30,20375080.0
1994-05-31,20359119.0
1994-06-01,20340500.0
1994-06-02,20324539.0
1994-06-03,20324539.0
1994-06-04,20313910.0
1994-06-05,20312580.0
1994-06-06,20301930.0
1994-06-07,20292619.0
1994-06-08,20292619.0
1994-06-09,20267000.0
1994-06-10,20263369.0
1994-06-11,20263369.0
1994-06-12,20267340.0
1994-06-13,20259369.0
1994-06-14,20248740.0
1994-06-15,20231449.2
1994-06-16,20224789.1
1994-06-17,20214160.2
1994-06-18,20217000.0
1994-06-19,20218000.0
1994-06-20,20204839.8
1994-06-21,20186210.9
1994-06-22,20167589.8
1994-06-23,20146330.1
1994-06-24,20134300.8
1994-06-25,20126400.4
1994-06-26,20122500.0
1994-06-27,20104000.0
1994-06-28,20088199.2
1994-06-29,20078900.4
1994-06-30,20063099.6
1994-07-01,20052500.0
1994-07-02,20052500.0
1994-07-03,20060400.4
1994-07-04,20068300.8
1994-07-05,20059099.6
1994-07-06,20052500.0
1994-07-07,20040599.6
1994-07-08,20034000.0
1994-07-09,20032699.2
1994-07-10,20039300.8
1994-07-11,20028800.8
1994-07-12,20014199.2
1994-07-13,20009000.0
1994-07-14,20002400.4
1994-07-15,19998500.0
1994-07-16,20009000.0
1994-07-17,20015599.6
1994-07-18,20028800.8
1994-07-19,20014199.2
1994-07-20,20005000.0
1994-07-21,19999800.8
1994-07-22,19999800.8
1994-07-23,20009000.0
1994-07-24,20012900.4
1994-07-25,20009000.0
1994-07-26,20001130.9
1994-07-27,19991970.7
1994-07-28,19991970.7
1994-07-29,19984119.1
1994-07-30,19994589.8
1994-07-31,20002439.5
1994-08-01,20005070.3
1994-08-02,20002439.5
1994-08-03,19995900.4
1994-08-04,20009000.0
1994-08-05,19988039.1
1994-08-06,19991970.7
1994-08-07,20006380.9
1994-08-08,20001130.9
1994-08-09,19995900.4
1994-08-10,19986720.7
1994-08-11,19980179.7
1994-08-12,19974939.5
1994-08-13,19977560.5
1994-08-14,19988039.1
1994-08-15,19984119.1
1994-08-16,19976250.0
1994-08-17,19971010.0
1994-08-18,19969690.0
1994-08-19,19976250.0
1994-08-20,19986720.0
1994-08-21,19988039.1
1994-08-22,19988039.1
1994-08-23,19982810.5
1994-08-24,19976250.0
1994-08-25,19968380.9
1994-08-26,19957910.2
1994-08-27,19960529.3
1994-08-28,19955289.1
1994-08-29,19946119.1
1994-08-30,19929089.8
1994-08-31,19909439.5
1994-09-01,19904189.5
1994-09-02,19902880.9
1994-09-03,19908130.9
1994-09-04,19908130.9
1994-09-05,19910750.0
1994-09-06,19901589.8
1994-09-07,19883250.0
1994-09-08,19867529.3
1994-09-09,19862279.3
1994-09-10,19863589.8
1994-09-11,19871439.5
1994-09-12,19874070.3
1994-09-13,19880619.1
1994-09-14,19879310.5
1994-09-15,19879310.5
1994-09-16,19884560.5
1994-09-17,19888470.7
1994-09-18,19896339.8
1994-09-19,19902880.9
1994-09-20,19898960.9
1994-09-21,19893720.7
1994-09-22,19900279.3
1994-09-23,19905509.8
1994-09-24,19916000.0
1994-09-25,19926470.7
1994-09-26,19923849.6
1994-09-27,19916000.0
1994-09-28,19921220.7
1994-09-29,19931710.9
1994-09-30,19930400.4
1994-10-01,19938255.9
1994-10-02,19947433.6
1994-10-03,19946123.0
1994-10-04,19932000.0
1994-10-05,19930402.3
1994-10-06,19926468.8
1994-10-07,19922535.2
1994-10-08,19921224.6
1994-10-09,19919912.1
1994-10-10,19917306.6
1994-10-11,19910750.0
1994-10-12,19897652.3
1994-10-13,19893718.8
1994-10-14,19883246.1
1994-10-15,19891097.7
1994-10-16,19889785.2
1994-10-17,19885867.2
1994-10-18,19879310.5
1994-10-19,19870132.8
1994-10-20,19863591.8
1994-10-21,19866214.8
1994-10-22,19868837.9
1994-10-23,19875377.0
1994-10-24,19872755.9
1994-10-25,19866214.8
1994-10-26,19857035.2
1994-10-27,19858347.7
1994-10-28,19853117.2
1994-10-29,19858347.7
1994-10-30,19857035.2
1994-10-31,19850496.1
1994-11-01,19837382.8
1994-11-02,19825597.7
1994-11-03,19809877.0
1994-11-04,19794158.2
1994-11-05,19796781.3
1994-11-06,19796781.3
1994-11-07,19777127.0
1994-11-08,19758785.2
1994-11-09,19735304.7
1994-11-10,19717103.5
1994-11-11,19718404.3
1994-11-12,19714500.0
1994-11-13,19707994.1
1994-11-14,19698900.4
1994-11-15,19688505.9
1994-11-16,19666400.4
1994-11-17,19648199.2
1994-11-18,19639105.5
1994-11-19,19640406.3
1994-11-20,19642994.1
1994-11-21,19633900.4
1994-11-22,19622205.1
1994-11-23,19611835.9
1994-11-24,19613127.0
1994-11-25,19613127.0
1994-11-26,19614418.0
1994-11-27,19604103.5
1994-11-28,19596355.5
1994-11-29,19587332.0
1994-11-30,19577002.0
1994-12-01,19571853.5
1994-12-02,19577002.0
1994-12-03,19577002.0
1994-12-04,19586041.0
1994-12-05,19584750.0
1994-12-06,19588623.0
1994-12-07,19591207.0
1994-12-08,19592498.0
1994-12-09,19591207.0
1994-12-10,19595064.5
1994-12-11,19605394.5
1994-12-12,19609252.0
1994-12-13,19613127.0
1994-12-14,19605394.5
1994-12-15,19610543.0
1994-12-16,19617000.0
1994-12-17,19628695.3
1994-12-18,19644294.9
1994-12-19,19649500.0
1994-12-20,19650800.8
1994-12-21,19652103.5
1994-12-22,19660000.0
1994-12-23,19663798.8
1994-12-24,19675494.1
1994-12-25,19688505.9
1994-12-26,19697599.6
1994-12-27,19692394.5
1994-12-28,19687205.1
1994-12-29,19685904.3
1994-12-30,19683300.8
1994-12-31,19684603.5
1995-01-01,19692394.5
1995-01-02,19701503.9
1995-01-03,19697599.6
1995-01-04,19698900.4
1995-01-05,19706693.4
1995-01-06,19730099.6
1995-01-07,19754867.2
1995-01-08,19782373.0
1995-01-09,19802025.4
1995-01-10,19825597.7
1995-01-11,19845250.0
1995-01-12,19870132.8
1995-01-13,19892408.2
1995-01-14,19910750.0
1995-01-15,19935632.8
1995-01-16,19948746.1
1995-01-17,19961841.8
1995-01-18,19978000.0
1995-01-19,19991968.8
1995-01-20,20012964.8
1995-01-21,20032767.6
1995-01-22,20053875.0
1995-01-23,20068394.5
1995-01-24,20081607.4
1995-01-25,20094802.7
1995-01-26,20109322.3
1995-01-27,20129125.0
1995-01-28,20146326.2
1995-01-29,20171587.9
1995-01-30,20183552.7
1995-01-31,20190209.0
1995-02-01,20198197.3
1995-02-02,20203505.9
1995-02-03,20207500.0
1995-02-04,20220796.9
1995-02-05,20234093.8
1995-02-06,20239418.0
1995-02-07,20244744.1
1995-02-08,20239418.0
1995-02-09,20244744.1
1995-02-10,20250052.7
1995-02-11,20254046.9
1995-02-12,20263365.2
1995-02-13,20264697.3
1995-02-14,20276662.1
1995-02-15,20283302.7
1995-02-16,20304587.9
1995-02-17,20320546.9
1995-02-18,20336505.9
1995-02-19,20357791.0
1995-02-20,20375082.0
1995-02-21,20389709.0
1995-02-22,20403005.9
1995-02-23,20420396.5
1995-02-24,20421738.3
1995-02-25,20452554.7
1995-02-26,20468634.8
1995-02-27,20474000.0
1995-02-28,20484714.8
1995-03-01,20480707.0
1995-03-02,20476683.6
1995-03-03,20472658.2
1995-03-04,20486054.7
1995-03-05,20503476.6
1995-03-06,20511523.4
1995-03-07,20523580.1
1995-03-08,20519554.7
1995-03-09,20512865.2
1995-03-10,20511523.4
1995-03-11,20526261.7
1995-03-12,20538318.4
1995-03-13,20549107.4
1995-03-14,20545054.7
1995-03-15,20535634.8
1995-03-16,20530290.0
1995-03-17,20526261.7
1995-03-18,20535634.8
1995-03-19,20541000.0
1995-03-20,20530285.2
1995-03-21,20522238.3
1995-03-22,20519555.0
1995-03-23,20516873.0
1995-03-24,20510183.6
1995-03-25,20510183.6
1995-03-26,20516873.0
1995-03-27,20503476.6
1995-03-28,20483373.0
1995-03-29,20467293.0
1995-03-30,20451214.8
1995-03-31,20443183.6
1995-04-01,20445865.2
1995-04-02,20449873.0
1995-04-03,20431127.0
1995-04-04,20412365.2
1995-04-05,20389709.0
1995-04-06,20368425.8
1995-04-07,20356459.0
1995-04-08,20355128.9
1995-04-09,20352464.8
1995-04-10,20341832.0
1995-04-11,20325871.1
1995-04-12,20304587.9
1995-04-13,20287296.9
1995-04-14,20281988.3
1995-04-15,20293953.1
1995-04-16,20289959.0
1995-04-17,20276662.1
1995-04-18,20259371.1
1995-04-19,20235425.8
1995-04-20,20212826.2
1995-04-21,20190209.0
1995-04-22,20191541.0
1995-04-23,20187546.9
1995-04-24,20168925.8
1995-04-25,20146326.2
1995-04-26,20129130.9
1995-04-27,20109322.3
1995-04-28,20094802.7
1995-04-29,20092160.2
1995-04-30,20098769.5
1995-05-01,20081607.4
1995-05-02,20084232.4
1995-05-03,20080285.2
1995-05-04,20068394.5
1995-05-05,20068394.5
1995-05-06,20078964.8
1995-05-07,20090839.8
1995-05-08,20078964.8
1995-05-09,20067072.3
1995-05-10,20055197.3
1995-05-11,20035394.5
1995-05-12,20028802.7
1995-05-13,20028000.0
1995-05-14,20030000.0
1995-05-15,20022000.0
1995-05-16,20024000.0
1995-05-17,20005066.4
1995-05-18,19994591.8
1995-05-19,19986724.6
1995-05-20,19993281.3
1995-05-21,19998525.4
1995-05-22,19990658.2
1995-05-23,19981496.1
1995-05-24,19973627.0
1995-05-25,19963152.3
1995-05-26,19952662.1
1995-05-27,19952662.1
1995-05-28,19960531.3
1995-05-29,19961841.8
1995-05-30,19944810.5
1995-05-31,19921224.6
1995-06-01,19906816.4
1995-06-02,19908127.0
1995-06-03,19929091.8
1995-06-04,19946123.0
1995-06-05,19942189.5
1995-06-06,19940877.0
1995-06-07,19946123.0
1995-06-08,19947433.6
1995-06-09,19946123.0
1995-06-10,19952662.1
1995-06-11,19965775.4
1995-06-12,19959218.8
1995-06-13,19955285.2
1995-06-14,19951367.2
1995-06-15,19943500.0
1995-06-16,19943500.0
1995-06-17,19952662.1
1995-06-18,19960531.3
1995-06-19,19960531.3
1995-06-20,19961841.8
1995-06-21,19961841.8
1995-06-22,19964464.8
1995-06-23,19969693.4
1995-06-24,19982806.6
1995-06-25,19999837.9
1995-06-26,19999837.9
1995-06-27,20002443.4
1995-06-28,20006377.0
1995-06-29,20016927.7
1995-06-30,20012964.8
1995-07-01,20024839.8
1995-07-02,20035394.5
1995-07-03,20038037.1
1995-07-04,20052554.7
1995-07-05,20053875.0
1995-07-06,20057839.8
1995-07-07,20061802.7
1995-07-08,20072357.4
1995-07-09,20090839.8
1995-07-10,20092160.2
1995-07-11,20092160.2
1995-07-12,20097445.3
1995-07-13,20105357.4
1995-07-14,20109322.3
1995-07-15,20130445.3
1995-07-16,20148988.3
1995-07-17,20150302.7
1995-07-18,20147656.3
1995-07-19,20146326.2
1995-07-20,20150302.7
1995-07-21,20152964.8
1995-07-22,20170255.9
1995-07-23,20184884.8
1995-07-24,20188878.9
1995-07-25,20187546.9
1995-07-26,20191541.0
1995-07-27,20194203.1
1995-07-28,20198197.3
1995-07-29,20211494.1
1995-07-30,20232761.7
1995-07-31,20240750.0
1995-08-01,20239418.0
1995-08-02,20239418.0
1995-08-03,20234093.8
1995-08-04,20234093.8
1995-08-05,20252714.8
1995-08-06,20266011.7
1995-08-07,20267343.8
1995-08-08,20272668.0
1995-08-09,20277994.1
1995-08-10,20279326.2
1995-08-11,20281988.3
1995-08-12,20292621.1
1995-08-13,20307250.0
1995-08-14,20309912.1
1995-08-15,20311244.1
1995-08-16,20311244.1
1995-08-17,20307250.0
1995-08-18,20313906.3
1995-08-19,20329865.2
1995-08-20,20345826.2
1995-08-21,20351134.8
1995-08-22,20352464.8
1995-08-23,20349802.7
1995-08-24,20349802.7
1995-08-25,20357791.0
1995-08-26,20372418.0
1995-08-27,20388378.9
1995-08-28,20381738.3
1995-08-29,20374000.0
1995-08-30,20371087.9
1995-08-31,20367093.8
1995-09-01,20371087.9
1995-09-02,20383052.7
1995-09-03,20399011.7
1995-09-04,20409683.6
1995-09-05,20407000.0
1995-09-06,20409683.6
1995-09-07,20416373.0
1995-09-08,20429785.2
1995-09-09,20452554.7
1995-09-10,20474000.0
1995-09-11,20486054.7
1995-09-12,20496785.2
1995-09-13,20504818.4
1995-09-14,20512865.2
1995-09-15,20520896.5
1995-09-16,20535634.8
1995-09-17,20549107.4
1995-09-18,20563955.1
1995-09-19,20567994.1
1995-09-20,20576101.6
1995-09-21,20582857.4
1995-09-22,20595003.9
1995-09-23,20612554.7
1995-09-24,20635494.1
1995-09-25,20650357.4
1995-09-26,20663855.5
1995-09-27,20673296.9
1995-09-28,20680054.7
1995-09-29,20701642.6
1995-09-30,20713804.7
1995-10-01,20732705.1
1995-10-02,20743500.0
1995-10-03,20748906.3
1995-10-04,20761050.8
1995-10-05,20759699.2
1995-10-06,20770494.1
1995-10-07,20784005.9
1995-10-08,20797503.9
1995-10-09,20801556.6
1995-10-10,20798855.5
1995-10-11,20793449.2
1995-10-12,20804244.1
1995-10-13,20806945.3
1995-10-14,20821875.0
1995-10-15,20835488.3
1995-10-16,20847722.7
1995-10-17,20850445.3
1995-10-18,20853168.0
1995-10-19,20865404.3
1995-10-20,20876277.3
1995-10-21,20891236.3
1995-10-22,20910277.3
1995-10-23,20914361.3
1995-10-24,20918445.3
1995-10-25,20923875.0
1995-10-26,20929320.3
1995-10-27,20933404.3
1995-10-28,20947000.0
1995-10-29,20956513.7
1995-10-30,20955168.0
1995-10-31,20963320.3
1995-11-01,20964681.6
1995-11-02,20974193.4
1995-11-03,20981000.0
1995-11-04,20998681.6
1995-11-05,21020445.3
1995-11-06,21028597.7
1995-11-07,21035404.3
1995-11-08,21049000.0
1995-11-09,21058513.7
1995-11-10,21083000.0
1995-11-11,21105084.0
1995-11-12,21125000.0
1995-11-13,21142000.0
1995-11-14,21157525.4
1995-11-15,21179593.8
1995-11-16,21201677.7
1995-11-17,21219619.1
1995-11-18,21244466.8
1995-11-19,21267916.0
1995-11-20,21284474.6
1995-11-21,21301033.2
1995-11-22,21313466.8
1995-11-23,21336916.0
1995-11-24,21357619.1
1995-11-25,21376941.4
1995-11-26,21390000.0
1995-11-27,21400406.3
1995-11-28,21411441.4
1995-11-29,21426619.1
1995-11-30,21448703.1
1995-12-01,21461119.1
1995-12-02,21481822.3
1995-12-03,21503957.0
1995-12-04,21505347.7
1995-12-05,21509505.9
1995-12-06,21509505.9
1995-12-07,21513679.7
1995-12-08,21515070.3
1995-12-09,21523402.3
1995-12-10,21533140.6
1995-12-11,21528966.8
1995-12-12,21523402.3
1995-12-13,21522027.3
1995-12-14,21528966.8
1995-12-15,21537316.4
1995-12-16,21547037.1
1995-12-17,21552603.5
1995-12-18,21556777.3
1995-12-19,21553994.1
1995-12-20,21555386.7
1995-12-21,21555386.7
1995-12-22,21552603.5
1995-12-23,21565109.4
1995-12-24,21581787.1
1995-12-25,21588744.1
1995-12-26,21590136.7
1995-12-27,21591527.3
1995-12-28,21595685.5
1995-12-29,21601250.0
1995-12-30,21609597.7
1995-12-31,21624886.7
1996-01-01,21644408.2
1996-01-02,21643007.8
1996-01-03,21651398.4
1996-01-04,21657003.9
1996-01-05,21665394.5
1996-01-06,21682193.4
1996-01-07,21701796.9
1996-01-08,21708802.7
1996-01-09,21715793.0
1996-01-10,21719996.1
1996-01-11,21728404.3
1996-01-12,21742402.3
1996-01-13,21763404.3
1996-01-14,21784468.8
1996-01-15,21798564.5
1996-01-16,21799976.6
1996-01-17,21816896.5
1996-01-18,21822523.4
1996-01-19,21830992.2
1996-01-20,21856363.3
1996-01-21,21874693.4
1996-01-22,21881750.0
1996-01-23,21890218.8
1996-01-24,21900080.1
1996-01-25,21914177.7
1996-01-26,21926863.3
1996-01-27,21940976.6
1996-01-28,21964935.5
1996-01-29,21971992.2
1996-01-30,21976226.6
1996-01-31,21980443.4
1996-02-01,21983265.6
1996-02-02,21983265.6
1996-02-03,21994556.6
1996-02-04,22011476.6
1996-02-05,22012886.7
1996-02-06,22011476.6
1996-02-07,22003007.8
1996-02-08,22001595.7
1996-02-09,22005830.1
1996-02-10,22008654.3
1996-02-11,22012886.7
1996-02-12,22014281.3
1996-02-13,22015693.4
1996-02-14,22021337.9
1996-02-15,22022750.0
1996-02-16,22019927.7
1996-02-17,22025572.3
1996-02-18,22038257.8
1996-02-19,22032613.3
1996-02-20,22039669.9
1996-02-21,22039669.9
1996-02-22,22041080.1
1996-02-23,22041080.1
1996-02-24,22043904.3
1996-02-25,22041080.1
1996-02-26,22035435.5
1996-02-27,22028396.5
1996-02-28,22028396.5
1996-02-29,22031218.8
1996-03-01,22036845.7
1996-03-02,22053765.6
1996-03-03,22058000.0
1996-03-04,22043904.3
1996-03-05,22045314.5
1996-03-06,22029806.6
1996-03-07,22021337.9
1996-03-08,22010064.5
1996-03-09,22007242.2
1996-03-10,22004419.9
1996-03-11,21994556.6
1996-03-12,21987500.0
1996-03-13,21971992.2
1996-03-14,21957896.5
1996-03-15,21953662.1
1996-03-16,21946605.5
1996-03-17,21945193.4
1996-03-18,21929685.5
1996-03-19,21912765.6
1996-03-20,21898669.9
1996-03-21,21891613.3
1996-03-22,21881750.0
1996-03-23,21888806.6
1996-03-24,21881750.0
1996-03-25,21862007.8
1996-03-26,21838031.3
1996-03-27,21818306.6
1996-03-28,21843677.7
1996-03-29,21905726.6
1996-03-30,21963523.4
1996-03-31,22031218.8
1996-04-01,22069000.0
1996-04-02,22134146.5
1996-04-03,22183492.2
1996-04-04,22204685.5
1996-04-05,22194765.6
1996-04-06,22180669.9
1996-04-07,22155281.3
1996-04-08,22127087.9
1996-04-09,22097484.4
1996-04-10,22074919.9
1996-04-11,22069273.4
1996-04-12,22058000.0
1996-04-13,22060822.3
1996-04-14,22045314.5
1996-04-15,22039669.9
1996-04-16,22022750.0
1996-04-17,22010064.5
1996-04-18,22003007.8
1996-04-19,21990322.3
1996-04-20,21990322.3
1996-04-21,21987500.0
1996-04-22,21981855.5
1996-04-23,21967757.8
1996-04-24,21953662.1
1996-04-25,21939564.5
1996-04-26,21924056.6
1996-04-27,21924056.6
1996-04-28,21914177.7
1996-04-29,21900080.1
1996-04-30,21881750.0
1996-05-01,21873281.3
1996-05-02,21863419.9
1996-05-03,21857773.4
1996-05-04,21862007.8
1996-05-05,21866242.2
1996-05-06,21856363.3
1996-05-07,21842265.6
1996-05-08,21825345.7
1996-05-09,21815484.4
1996-05-10,21811250.0
1996-05-11,21808427.7
1996-05-12,21811250.0
1996-05-13,21794330.1
1996-05-14,21771796.9
1996-05-15,21760601.6
1996-05-16,21754996.1
1996-05-17,21750793.0
1996-05-18,21743802.7
1996-05-19,21753595.7
1996-05-20,21753595.7
1996-05-21,21738197.3
1996-05-22,21732591.8
1996-05-23,21732591.8
1996-05-24,21733994.1
1996-05-25,21738197.3
1996-05-26,21748007.8
1996-05-27,21742402.3
1996-05-28,21729806.6
1996-05-29,21704599.6
1996-05-30,21687798.8
1996-05-31,21672402.3
1996-06-01,21679408.2
1996-06-02,21680793.0
1996-06-03,21666796.9
1996-06-04,21655601.6
1996-06-05,21648595.7
1996-06-06,21649996.1
1996-06-07,21663994.1
1996-06-08,21672402.3
1996-06-09,21687798.8
1996-06-10,21680793.0
1996-06-11,21672402.3
1996-06-12,21666796.9
1996-06-13,21662591.8
1996-06-14,21662591.8
1996-06-15,21665394.5
1996-06-16,21676605.5
1996-06-17,21666796.9
1996-06-18,21648595.7
1996-06-19,21636000.0
1996-06-20,21627652.3
1996-06-21,21619320.3
1996-06-22,21623494.1
1996-06-23,21627652.3
1996-06-24,21613755.9
1996-06-25,21599859.4
1996-06-26,21585962.9
1996-06-27,21574847.7
1996-06-28,21567890.6
1996-06-29,21560935.5
1996-06-30,21556777.3
1996-07-01,21544255.9
1996-07-02,21533140.6
1996-07-03,21524793.0
1996-07-04,21537316.4
1996-07-05,21531750.0
1996-07-06,21538707.0
1996-07-07,21548429.7
1996-07-08,21547037.1
1996-07-09,21542863.3
1996-07-10,21560935.5
1996-07-11,21541472.7
1996-07-12,21547037.1
1996-07-13,21569283.2
1996-07-14,21580396.5
1996-07-15,21585962.9
1996-07-16,21580396.5
1996-07-17,21576222.7
1996-07-18,21580396.5
1996-07-19,21579005.9
1996-07-20,21590136.7
1996-07-21,21591527.3
1996-07-22,21584570.3
1996-07-23,21574847.7
1996-07-24,21566500.0
1996-07-25,21552603.5
1996-07-26,21542863.3
1996-07-27,21556777.3
1996-07-28,21562326.2
1996-07-29,21552603.5
1996-07-30,21542863.3
1996-07-31,21533140.6
1996-08-01,21519244.1
1996-08-02,21509505.9
1996-08-03,21515070.3
1996-08-04,21522027.3
1996-08-05,21513679.7
1996-08-06,21503957.0
1996-08-07,21495619.1
1996-08-08,21492855.5
1996-08-09,21484584.0
1996-08-10,21483203.1
1996-08-11,21480441.4
1996-08-12,21470789.1
1996-08-13,21458355.5
1996-08-14,21456974.6
1996-08-15,21459738.3
1996-08-16,21462500.0
1996-08-17,21466644.5
1996-08-18,21474916.0
1996-08-19,21474916.0
1996-08-20,21470789.1
1996-08-21,21470789.1
1996-08-22,21473533.2
1996-08-23,21470789.1
1996-08-24,21480441.4
1996-08-25,21490093.8
1996-08-26,21491474.6
1996-08-27,21485966.8
1996-08-28,21485966.8
1996-08-29,21491474.6
1996-08-30,21497000.0
1996-08-31,21499783.2
1996-09-01,21510896.5
1996-09-02,21517853.5
1996-09-03,21508113.3
1996-09-04,21491474.6
1996-09-05,21494238.3
1996-09-06,21497000.0
1996-09-07,21508000.0
1996-09-08,21508000.0
1996-09-09,21508000.0
1996-09-10,21517853.5
1996-09-11,21519244.1
1996-09-12,21524793.0
1996-09-13,21528966.8
1996-09-14,21542863.3
1996-09-15,21551212.9
1996-09-16,21556777.3
1996-09-17,21551212.9
1996-09-18,21538707.0
1996-09-19,21535923.8
1996-09-20,21540097.7
1996-09-21,21548429.7
1996-09-22,21559543.0
1996-09-23,21558152.3
1996-09-24,21553994.1
1996-09-25,21560935.5
1996-09-26,21579005.9
1996-09-27,21588744.1
1996-09-28,21599859.4
1996-09-29,21609597.7
1996-09-30,21613755.9
1996-10-01,21619320.3
1996-10-02,21627652.3
1996-10-03,21629043.0
1996-10-04,21636000.0
1996-10-05,21647193.4
1996-10-06,21658404.3
1996-10-07,21665394.5
1996-10-08,21666796.9
1996-10-09,21669599.6
1996-10-10,21676605.5
1996-10-11,21683595.7
1996-10-12,21698994.1
1996-10-13,21708802.7
1996-10-14,21711605.5
1996-10-15,21704599.6
1996-10-16,21706000.0
1996-10-17,21700394.5
1996-10-18,21700394.5
1996-10-19,21700394.5
1996-10-20,21711605.5
1996-10-21,21710205.1
1996-10-22,21704599.6
1996-10-23,21703197.3
1996-10-24,21698994.1
1996-10-25,21704599.6
1996-10-26,21708802.7
1996-10-27,21711605.5
1996-10-28,21713007.8
1996-10-29,21711605.5
1996-10-30,21718595.7
1996-10-31,21714408.2
1996-11-01,21722798.8
1996-11-02,21725601.6
1996-11-03,21739599.6
1996-11-04,21741000.0
1996-11-05,21743802.7
1996-11-06,21743802.7
1996-11-07,21753595.7
1996-11-08,21762003.9
1996-11-09,21770394.5
1996-11-10,21777412.1
1996-11-11,21780234.4
1996-11-12,21780234.4
1996-11-13,21777412.1
1996-11-14,21778822.3
1996-11-15,21785863.3
1996-11-16,21790095.7
1996-11-17,21797154.3
1996-11-18,21795742.2
1996-11-19,21794330.1
1996-11-20,21797154.3
1996-11-21,21801386.7
1996-11-22,21809837.9
1996-11-23,21819718.8
1996-11-24,21832404.3
1996-11-25,21842265.6
1996-11-26,21842265.6
1996-11-27,21843677.7
1996-11-28,21856363.3
1996-11-29,21863419.9
1996-11-30,21876105.5
1996-12-01,21881750.0
1996-12-02,21877515.6
1996-12-03,21874693.4
1996-12-04,21874693.4
1996-12-05,21887396.5
1996-12-06,21905726.6
1996-12-07,21924056.6
1996-12-08,21938154.3
1996-12-09,21950837.9
1996-12-10,21945193.4
1996-12-11,21956484.4
1996-12-12,21971992.2
1996-12-13,21986087.9
1996-12-14,21998773.4
1996-12-15,22010064.5
1996-12-16,22014281.3
1996-12-17,22015693.4
1996-12-18,22010064.5
1996-12-19,22017105.5
1996-12-20,22026984.4
1996-12-21,22038257.8
1996-12-22,22050943.4
1996-12-23,22059412.1
1996-12-24,22063646.5
1996-12-25,22070685.5
1996-12-26,22080564.5
1996-12-27,22084781.3
1996-12-28,22094662.1
1996-12-29,22104523.4
1996-12-30,22110169.9
1996-12-31,22111580.1
1997-01-01,22124265.6
1997-01-02,22127087.9
1997-01-03,22134146.5
1997-01-04,22148242.2
1997-01-05,22167984.4
1997-01-06,22180669.9
1997-01-07,22189136.7
1997-01-08,22199000.0
1997-01-09,22211775.4
1997-01-10,22224568.4
1997-01-11,22238763.7
1997-01-12,22261472.7
1997-01-13,22268578.1
1997-01-14,22277107.4
1997-01-15,22279931.6
1997-01-16,22288460.9
1997-01-17,22292724.6
1997-01-18,22301236.3
1997-01-19,22311185.5
1997-01-20,22306921.9
1997-01-21,22314029.3
1997-01-22,22299814.5
1997-01-23,22299814.5
1997-01-24,22298392.6
1997-01-25,22292724.6
1997-01-26,22302658.2
1997-01-27,22305500.0
1997-01-28,22306921.9
1997-01-29,22306921.9
1997-01-30,22296972.7
1997-01-31,22288460.9
1997-02-01,22295568.4
1997-02-02,22296972.7
1997-02-03,22288460.9
1997-02-04,22287039.1
1997-02-05,22278529.3
1997-02-06,22271421.9
1997-02-07,22268578.1
1997-02-08,22271421.9
1997-02-09,22278529.3
1997-02-10,22278529.3
1997-02-11,22282775.4
1997-02-12,22279931.6
1997-02-13,22275685.5
1997-02-14,22277107.4
1997-02-15,22282775.4
1997-02-16,22291302.7
1997-02-17,22287039.1
1997-02-18,22287039.1
1997-02-19,22282775.4
1997-02-20,22292724.6
1997-02-21,22296972.7
1997-02-22,22316853.5
1997-02-23,22336736.3
1997-02-24,22353865.2
1997-02-25,22369593.8
1997-02-26,22378181.6
1997-02-27,22398203.1
1997-02-28,22413931.6
1997-03-01,22429660.2
1997-03-02,22451113.3
1997-03-03,22463978.5
1997-03-04,22471134.8
1997-03-05,22488324.2
1997-03-06,22501279.3
1997-03-07,22515675.8
1997-03-08,22534396.5
1997-03-09,22550234.4
1997-03-10,22566072.3
1997-03-11,22579044.9
1997-03-12,22592000.0
1997-03-13,22597765.6
1997-03-14,22604955.1
1997-03-15,22615044.9
1997-03-16,22623675.8
1997-03-17,22633765.6
1997-03-18,22642396.5
1997-03-19,22651044.9
1997-03-20,22656793.0
1997-03-21,22662558.6
1997-03-22,22682720.7
1997-03-23,22701441.4
1997-03-24,22717279.3
1997-03-25,22720162.1
1997-03-26,22723044.9
1997-03-27,22737441.4
1997-03-28,22756162.1
1997-03-29,22761927.7
1997-03-30,22780648.4
1997-03-31,22786396.5
1997-04-01,22790720.7
1997-04-02,22797927.7
1997-04-03,22805117.2
1997-04-04,22815207.0
1997-04-05,22831044.9
1997-04-06,22848324.2
1997-04-07,22855513.7
1997-04-08,22854072.3
1997-04-09,22871351.6
1997-04-10,22875675.8
1997-04-11,22871351.6
1997-04-12,22878558.6
1997-04-13,22882882.8
1997-04-14,22884324.2
1997-04-15,22878558.6
1997-04-16,22878558.6
1997-04-17,22875675.8
1997-04-18,22872793.0
1997-04-19,22875675.8
1997-04-20,22878558.6
1997-04-21,22887207.0
1997-04-22,22892955.1
1997-04-23,22901603.5
1997-04-24,22907351.6
1997-04-25,22914558.6
1997-04-26,22918902.3
1997-04-27,22923257.8
1997-04-28,22921806.6
1997-04-29,22924709.0
1997-04-30,22917451.2
1997-05-01,22916000.0
1997-05-02,22911675.8
1997-05-03,22921806.6
1997-05-04,22930496.1
1997-05-05,22931947.3
1997-05-06,22933398.4
1997-05-07,22936302.7
1997-05-08,22931947.3
1997-05-09,22927593.8
1997-05-10,22940656.3
1997-05-11,22937753.9
1997-05-12,22936302.7
1997-05-13,22936302.7
1997-05-14,22933398.4
1997-05-15,22933398.4
1997-05-16,22931947.3
1997-05-17,22937753.9
1997-05-18,22942107.4
1997-05-19,22946445.3
1997-05-20,22940656.3
1997-05-21,22944992.2
1997-05-22,22942107.4
1997-05-23,22931947.3
1997-05-24,22936302.7
1997-05-25,22936302.7
1997-05-26,22933398.4
1997-05-27,22926142.6
1997-05-28,22921806.6
1997-05-29,22914558.6
1997-05-30,22904486.3
1997-05-31,22910234.4
1997-06-01,22921806.6
1997-06-02,22924709.0
1997-06-03,22920353.5
1997-06-04,22918902.3
1997-06-05,22927593.8
1997-06-06,22931947.3
1997-06-07,22950798.8
1997-06-08,22963843.8
1997-06-09,22968197.3
1997-06-10,22976906.3
1997-06-11,22975455.1
1997-06-12,22981242.2
1997-06-13,22987048.8
1997-06-14,23016041.0
1997-06-15,23040697.3
1997-06-16,23052291.0
1997-06-17,23056646.5
1997-06-18,23063923.8
1997-06-19,23075595.7
1997-06-20,23090193.4
1997-06-21,23109173.8
1997-06-22,23128154.3
1997-06-23,23139845.7
1997-06-24,23154441.4
1997-06-25,23167578.1
1997-06-26,23180712.9
1997-06-27,23192404.3
1997-06-28,23220224.6
1997-06-29,23240806.6
1997-06-30,23254031.3
1997-07-01,23264332.0
1997-07-02,23277556.6
1997-07-03,23292253.9
1997-07-04,23317250.0
1997-07-05,23331947.3
1997-07-06,23348115.2
1997-07-07,23351056.6
1997-07-08,23349585.9
1997-07-09,23352529.3
1997-07-10,23351000.0
1997-07-11,23354000.0
1997-07-12,23367224.6
1997-07-13,23386335.9
1997-07-14,23396636.7
1997-07-15,23405447.3
1997-07-16,23408388.7
1997-07-17,23405447.3
1997-07-18,23405447.3
1997-07-19,23415746.1
1997-07-20,23428970.7
1997-07-21,23426029.3
1997-07-22,23430443.4
1997-07-23,23421615.2
1997-07-24,23421615.2
1997-07-25,23415746.1
1997-07-26,23428970.7
1997-07-27,23439253.9
1997-07-28,23440724.6
1997-07-29,23433386.7
1997-07-30,23431914.1
1997-07-31,23426029.3
1997-08-01,23431914.1
1997-08-02,23445138.7
1997-08-03,23453968.8
1997-08-04,23458365.2
1997-08-05,23459835.9
1997-08-06,23461306.6
1997-08-07,23456892.6
1997-08-08,23458365.2
1997-08-09,23481888.7
1997-08-10,23503943.4
1997-08-11,23511281.3
1997-08-12,23515697.3
1997-08-13,23515697.3
1997-08-14,23511281.3
1997-08-15,23509828.1
1997-08-16,23517000.0
1997-08-17,23533335.9
1997-08-18,23533335.9
1997-08-19,23530392.6
1997-08-20,23525996.1
1997-08-21,23523052.7
1997-08-22,23525996.1
1997-08-23,23530392.6
1997-08-24,23546578.1
1997-08-25,23548031.3
1997-08-26,23553918.0
1997-08-27,23555388.7
1997-08-28,23550974.6
1997-08-29,23556861.3
1997-08-30,23570085.9
1997-08-31,23577443.4
1997-09-01,23571556.6
1997-09-02,23555388.7
1997-09-03,23536279.3
1997-09-04,23530392.6
1997-09-05,23542164.1
1997-09-06,23545107.4
1997-09-07,23542164.1
1997-09-08,23546578.1
1997-09-09,23543636.7
1997-09-10,23543636.7
1997-09-11,23542164.1
1997-09-12,23549503.9
1997-09-13,23555388.7
1997-09-14,23565671.9
1997-09-15,23570085.9
1997-09-16,23577443.4
1997-09-17,23600968.8
1997-09-18,23615664.1
1997-09-19,23625947.3
1997-09-20,23645056.6
1997-09-21,23665878.9
1997-09-22,23673335.9
1997-09-23,23679285.2
1997-09-24,23683757.8
1997-09-25,23698654.3
1997-09-26,23716535.2
1997-09-27,23735904.3
1997-09-28,23749328.1
1997-09-29,23759750.0
1997-09-30,23768699.2
1997-10-01,23779121.1
1997-10-02,23783595.7
1997-10-03,23799982.4
1997-10-04,23832757.8
1997-10-05,23864043.0
1997-10-06,23878957.0
1997-10-07,23893853.5
1997-10-08,23916207.0
1997-10-09,23929611.3
1997-10-10,23931103.5
1997-10-11,23957994.1
1997-10-12,23981998.0
1997-10-13,23995494.1
1997-10-14,24003000.0
1997-10-15,24011992.2
1997-10-16,24030009.8
1997-10-17,24048007.8
1997-10-18,24073496.1
1997-10-19,24099003.9
1997-10-20,24115500.0
1997-10-21,24138003.9
1997-10-22,24153000.0
1997-10-23,24172502.0
1997-10-24,24198007.8
1997-10-25,24221994.1
1997-10-26,24242998.0
1997-10-27,24259584.0
1997-10-28,24273187.5
1997-10-29,24294312.5
1997-10-30,24321500.0
1997-10-31,24342642.6
1997-11-01,24360761.7
1997-11-02,24381904.3
1997-11-03,24395488.3
1997-11-04,24401535.2
1997-11-05,24418142.6
1997-11-06,24455892.6
1997-11-07,24480056.6
1997-11-08,24507226.6
1997-11-09,24532904.3
1997-11-10,24543464.8
1997-11-11,24551043.0
1997-11-12,24561675.8
1997-11-13,24578392.6
1997-11-14,24587521.5
1997-11-15,24610326.2
1997-11-16,24625521.5
1997-11-17,24630085.9
1997-11-18,24636154.3
1997-11-19,24652871.1
1997-11-20,24666564.5
1997-11-21,24675675.8
1997-11-22,24695435.5
1997-11-23,24712232.4
1997-11-24,24724484.4
1997-11-25,24735187.5
1997-11-26,24738250.0
1997-11-27,24767310.5
1997-11-28,24790265.6
1997-11-29,24807091.8
1997-11-30,24822408.2
1997-12-01,24828515.6
1997-12-02,24834640.6
1997-12-03,24842298.8
1997-12-04,24853000.0
1997-12-05,24860658.2
1997-12-06,24869828.1
1997-12-07,24883591.8
1997-12-08,24895843.8
1997-12-09,24900439.5
1997-12-10,24909609.4
1997-12-11,24914203.1
1997-12-12,24920310.5
1997-12-13,24940201.2
1997-12-14,24966218.8
1997-12-15,24972343.8
1997-12-16,24978451.2
1997-12-17,24986109.4
1997-12-18,25001406.3
1997-12-19,25015250.0
1997-12-20,25022937.5
1997-12-21,25033728.5
1997-12-22,25042959.0
1997-12-23,25041418.0
1997-12-24,25046041.0
1997-12-25,25055271.5
1997-12-26,25064521.5
1997-12-27,25073752.0
1997-12-28,25084541.0
1997-12-29,25092250.0
1997-12-30,25093771.5
1997-12-31,25104562.5
1998-01-01,25121500.0
1998-01-02,25116875.0
1998-01-03,25124584.0
1998-01-04,25126125.0
1998-01-05,25121500.0
1998-01-06,25110728.5
1998-01-07,25103021.5
1998-01-08,25098396.5
1998-01-09,25086084.0
1998-01-10,25086084.0
1998-01-11,25092250.0
1998-01-12,25086084.0
1998-01-13,25087625.0
1998-01-14,25095312.5
1998-01-15,25093771.5
1998-01-16,25093771.5
1998-01-17,25112252.0
1998-01-18,25116875.0
1998-01-19,25115334.0
1998-01-20,25106103.5
1998-01-21,25109187.5
1998-01-22,25095000.0
1998-01-23,25089166.0
1998-01-24,25089000.0
1998-01-25,25086000.0
1998-01-26,25080000.0
1998-01-27,25069000.0
1998-01-28,25063000.0
1998-01-29,25058355.5
1998-01-30,25055271.5
1998-01-31,25067603.5
1998-02-01,25069144.5
1998-02-02,25062978.5
1998-02-03,25050666.0
1998-02-04,25049125.0
1998-02-05,25044500.0
1998-02-06,25032187.5
1998-02-07,25033728.5
1998-02-08,25031000.0
1998-02-09,25016771.5
1998-02-10,25006000.0
1998-02-11,25006000.0
1998-02-12,24999875.0
1998-02-13,25009084.0
1998-02-14,25015250.0
1998-02-15,25027562.5
1998-02-16,25022937.5
1998-02-17,25010625.0
1998-02-18,25012166.0
1998-02-19,25010625.0
1998-02-20,25015250.0
1998-02-21,25016771.5
1998-02-22,25026021.5
1998-02-23,25016771.5
1998-02-24,25022937.5
1998-02-25,25026021.5
1998-02-26,25021396.5
1998-02-27,25021396.5
1998-02-28,25013707.0
1998-03-01,25022937.5
1998-03-02,25026021.5
1998-03-03,25019855.5
1998-03-04,25019855.5
1998-03-05,25013707.0
1998-03-06,25021396.5
1998-03-07,25026021.5
1998-03-08,25022937.5
1998-03-09,25007541.0
1998-03-10,24995298.8
1998-03-11,24993767.6
1998-03-12,24993767.6
1998-03-13,24990703.1
1998-03-14,24995298.8
1998-03-15,25009084.0
1998-03-16,25001406.3
1998-03-17,25006000.0
1998-03-18,24996810.5
1998-03-19,24990703.1
1998-03-20,24989171.9
1998-03-21,25007541.0
1998-03-22,25029103.5
1998-03-23,25026021.5
1998-03-24,25019855.5
1998-03-25,25016771.5
1998-03-26,25026021.5
1998-03-27,25024478.5
1998-03-28,25042959.0
1998-03-29,25058355.5
1998-03-30,25047584.0
1998-03-31,25046041.0
1998-04-01,25042959.0
1998-04-02,25047584.0
1998-04-03,25036793.0
1998-04-04,25052207.0
1998-04-05,25064521.5
1998-04-06,25039875.0
1998-04-07,25021396.5
1998-04-08,24995298.8
1998-04-09,24986109.4
1998-04-10,24975408.2
1998-04-11,24978451.2
1998-04-12,24975408.2
1998-04-13,24950921.9
1998-04-14,24923375.0
1998-04-15,24905015.6
1998-04-16,24889718.8
1998-04-17,24877484.4
1998-04-18,24880548.8
1998-04-19,24889718.8
1998-04-20,24874421.9
1998-04-21,24849937.5
1998-04-22,24836171.9
1998-04-23,24828515.6
1998-04-24,24823939.5
1998-04-25,24845341.8
1998-04-26,24865232.4
1998-04-27,24849937.5
1998-04-28,24833109.4
1998-04-29,24817812.5
1998-04-30,24813218.8
1998-05-01,24810156.3
1998-05-02,24822408.2
1998-05-03,24840767.6
1998-05-04,24833109.4
1998-05-05,24808625.0
1998-05-06,24816281.3
1998-05-07,24817812.5
1998-05-08,24813218.8
1998-05-09,24822408.2
1998-05-10,24828515.6
1998-05-11,24804048.8
1998-05-12,24781093.8
1998-05-13,24768841.8
1998-05-14,24759671.9
1998-05-15,24750482.4
1998-05-16,24741312.5
1998-05-17,24744377.0
1998-05-18,24729060.5
1998-05-19,24698478.5
1998-05-20,24684804.7
1998-05-21,24671128.9
1998-05-22,24655914.1
1998-05-23,24655914.1
1998-05-24,24663521.5
1998-05-25,24672632.8
1998-05-26,24652871.1
1998-05-27,24636154.3
1998-05-28,24613369.1
1998-05-29,24608804.7
1998-05-30,24614871.1
1998-05-31,24637675.8
1998-06-01,24625521.5
1998-06-02,24620957.0
1998-06-03,24624000.0
1998-06-04,24637675.8
1998-06-05,24630085.9
1998-06-06,24640718.8
1998-06-07,24662000.0
1998-06-08,24668085.9
1998-06-09,24666564.5
1998-06-10,24662000.0
1998-06-11,24654392.6
1998-06-12,24645283.2
1998-06-13,24669607.4
1998-06-14,24675675.8
1998-06-15,24665043.0
1998-06-16,24652871.1
1998-06-17,24652871.1
1998-06-18,24654392.6
1998-06-19,24648326.2
1998-06-20,24663521.5
1998-06-21,24677197.3
1998-06-22,24678718.8
1998-06-23,24666564.5
1998-06-24,24665043.0
1998-06-25,24655914.1
1998-06-26,24651369.1
1998-06-27,24668085.9
1998-06-28,24683283.2
1998-06-29,24674154.3
1998-06-30,24672632.8
1998-07-01,24671128.9
1998-07-02,24668085.9
1998-07-03,24668085.9
1998-07-04,24669607.4
1998-07-05,24666564.5
1998-07-06,24651369.1
1998-07-07,24630085.9
1998-07-08,24625521.5
1998-07-09,24624000.0
1998-07-10,24625521.5
1998-07-11,24634632.8
1998-07-12,24646804.7
1998-07-13,24652871.1
1998-07-14,24649847.7
1998-07-15,24649847.7
1998-07-16,24636154.3
1998-07-17,24631607.4
1998-07-18,24628564.5
1998-07-19,24645279.3
1998-07-20,24640718.8
1998-07-21,24642240.2
1998-07-22,24660478.5
1998-07-23,24678718.8
1998-07-24,24698478.5
1998-07-25,24712232.4
1998-07-26,24722953.1
1998-07-27,24729060.5
1998-07-28,24738250.0
1998-07-29,24753546.9
1998-07-30,24750482.4
1998-07-31,24765798.8
1998-08-01,24778031.3
1998-08-02,24791796.9
1998-08-03,24790265.6
1998-08-04,24785689.5
1998-08-05,24785689.5
1998-08-06,24787201.2
1998-08-07,24805560.5
1998-08-08,24816281.3
1998-08-09,24833109.4
1998-08-10,24843810.5
1998-08-11,24837703.1
1998-08-12,24840767.6
1998-08-13,24837703.1
1998-08-14,24859127.0
1998-08-15,24869828.1
1998-08-16,24891250.0
1998-08-17,24908078.1
1998-08-18,24915734.4
1998-08-19,24927968.8
1998-08-20,24929500.0
1998-08-21,24934093.8
1998-08-22,24950921.9
1998-08-23,24964687.5
1998-08-24,24963156.3
1998-08-25,24964687.5
1998-08-26,24976939.5
1998-08-27,24993767.6
1998-08-28,25002937.5
1998-08-29,25026021.5
1998-08-30,25052207.0
1998-08-31,25052207.0
1998-09-01,25062978.5
1998-09-02,25066062.5
1998-09-03,25061437.5
1998-09-04,25104562.5
1998-09-05,25127666.0
1998-09-06,25156918.0
1998-09-07,25173945.3
1998-09-08,25169308.6
1998-09-09,25190992.2
1998-09-10,25204957.0
1998-09-11,25220453.1
1998-09-12,25257650.4
1998-09-13,25288642.6
1998-09-14,25297953.1
1998-09-15,25288642.6
1998-09-16,25271595.7
1998-09-17,25246808.6
1998-09-18,25222003.9
1998-09-19,25208058.6
1998-09-20,25194095.7
1998-09-21,25178599.6
1998-09-22,25163103.5
1998-09-23,25149228.5
1998-09-24,25135355.5
1998-09-25,25119959.0
1998-09-26,25123041.0
1998-09-27,25129207.0
1998-09-28,25112252.0
1998-09-29,25110728.5
1998-09-30,25126125.0
1998-10-01,25139978.0
1998-10-02,25149228.0
1998-10-03,25156918.0
1998-10-04,25175496.0
1998-10-05,25180150.0
1998-10-06,25172392.0
1998-10-07,25178600.0
1998-10-08,25180150.0
1998-10-09,25194096.0
1998-10-10,25211142.0
1998-10-11,25225108.0
1998-10-12,25228192.0
1998-10-13,25220454.0
1998-10-14,25211142.0
1998-10-15,25209592.0
1998-10-16,25200300.0
1998-10-17,25206508.0
1998-10-18,25212696.0
1998-10-19,25195646.0
1998-10-20,25184804.0
1998-10-21,25181704.0
1998-10-22,25180150.0
1998-10-23,25184804.0
1998-10-24,25203404.0
1998-10-25,25217350.0
1998-10-26,25222004.0
1998-10-27,25225108.0
1998-10-28,25240604.0
1998-10-29,25242154.0
1998-10-30,25256100.0
1998-10-31,25277800.0
1998-11-01,25290196.0
1998-11-02,25279354.0
1998-11-03,25268492.0
1998-11-04,25268492.0
1998-11-05,25263858.0
1998-11-06,25259204.0
1998-11-07,25260754.0
1998-11-08,25268492.0
1998-11-09,25259204.0
1998-11-10,25254546.0
1998-11-11,25243708.0
1998-11-12,25242154.0
1998-11-13,25240604.0
1998-11-14,25246808.0
1998-11-15,25259204.0
1998-11-16,25251446.0
1998-11-17,25237500.0
1998-11-18,25231294.0
1998-11-19,25225108.0
1998-11-20,25215796.0
1998-11-21,25217350.0
1998-11-22,25215796.0
1998-11-23,25192544.0
1998-11-24,25169308.0
1998-11-25,25153834.0
1998-11-26,25158458.0
1998-11-27,25155376.0
1998-11-28,25138438.0
1998-11-29,25138438.0
1998-11-30,25127666.0
1998-12-01,25112252.0
1998-12-02,25104562.0
1998-12-03,25104562.0
1998-12-04,25095312.0
1998-12-05,25084542.0
1998-12-06,25086084.0
1998-12-07,25059896.0
1998-12-08,25042958.0
1998-12-09,25021396.0
1998-12-10,25007542.0
1998-12-11,24996810.0
1998-12-12,24999876.0
1998-12-13,25006000.0
1998-12-14,24999876.0
1998-12-15,24976940.0
1998-12-16,24957048.0
1998-12-17,24937158.0
1998-12-18,24914204.0
1998-12-19,24905016.0
1998-12-20,24889718.0
1998-12-21,24865232.0
1998-12-22,24834640.0
1998-12-23,24797922.0
1998-12-24,24794860.0
1998-12-25,24813218.0
1998-12-26,24823940.0
1998-12-27,24830046.0
1998-12-28,24826982.0
1998-12-29,24816282.0
1998-12-30,24802518.0
1998-12-31,24781094.0
1999-01-01,24787202.0
1999-01-02,24787202.0
1999-01-03,24779562.0
1999-01-04,24764268.0
1999-01-05,24736718.0
1999-01-06,24716828.0
1999-01-07,24703062.0
1999-01-08,24686326.0
1999-01-09,24692392.0
1999-01-10,24696958.0
1999-01-11,24698000.0
1999-01-12,24702000.0
1999-01-13,24709190.0
1999-01-14,24718360.0
1999-01-15,24719890.0
1999-01-16,24738250.0
1999-01-17,24756610.0
1999-01-18,24762734.0
1999-01-19,24774968.0
1999-01-20,24770376.0
1999-01-21,24782626.0
1999-01-22,24797922.0
1999-01-23,24800984.0
1999-01-24,24822408.0
1999-01-25,24813218.0
1999-01-26,24816282.0
1999-01-27,24816282.0
1999-01-28,24814750.0
1999-01-29,24816282.0
1999-01-30,24830046.0
1999-01-31,24836172.0
1999-02-01,24831578.0
1999-02-02,24825452.0
1999-02-03,24820876.0
1999-02-04,24813218.0
1999-02-05,24817812.0
1999-02-06,24826982.0
1999-02-07,24834640.0
1999-02-08,24833110.0
1999-02-09,24820876.0
1999-02-10,24825452.0
1999-02-11,24819344.0
1999-02-12,24820876.0
1999-02-13,24831578.0
1999-02-14,24837704.0
1999-02-15,24849938.0
1999-02-16,24860658.0
1999-02-17,24860658.0
1999-02-18,24866766.0
1999-02-19,24863702.0
1999-02-20,24868296.0
1999-02-21,24871360.0
1999-02-22,24868296.0
1999-02-23,24871360.0
1999-02-24,24865232.0
1999-02-25,24860658.0
1999-02-26,24868296.0
1999-02-27,24879018.0
1999-02-28,24898908.0
1999-03-01,24886656.0
1999-03-02,24877484.0
1999-03-03,24857594.0
1999-03-04,24849938.0
1999-03-05,24845342.0
1999-03-06,24846876.0
1999-03-07,24846876.0
1999-03-08,24831578.0
1999-03-09,24810156.0
1999-03-10,24808624.0
1999-03-11,24796390.0
1999-03-12,24799454.0
1999-03-13,24797922.0
1999-03-14,24796390.0
1999-03-15,24782626.0
1999-03-16,24770376.0
1999-03-17,24759672.0
1999-03-18,24753546.0
1999-03-19,24747440.0
1999-03-20,24748952.0
1999-03-21,24756610.0
1999-03-22,24752016.0
1999-03-23,24747440.0
1999-03-24,24729060.0
1999-03-25,24712232.0
1999-03-26,24700000.0
1999-03-27,24706126.0
1999-03-28,24716828.0
1999-03-29,24700000.0
1999-03-30,24681762.0
1999-03-31,24662000.0
1999-04-01,24645284.0
1999-04-02,24633128.0
1999-04-03,24637676.0
1999-04-04,24634632.0
1999-04-05,24551042.0
1999-04-06,24535926.0
1999-04-07,24510250.0
1999-04-08,24487596.0
1999-04-09,24474012.0
1999-04-10,24477036.0
1999-04-11,24477036.0
1999-04-12,24449846.0
1999-04-13,24431726.0
1999-04-14,24406068.0
1999-04-15,24380392.0
1999-04-16,24363786.0
1999-04-17,24362274.0
1999-04-18,24360762.0
1999-04-19,24345666.0
1999-04-20,24327546.0
1999-04-21,24312432.0
1999-04-22,24292818.0
1999-04-23,24292818.0
1999-04-24,24294312.0
1999-04-25,24298846.0
1999-04-26,24276194.0
1999-04-27,24252046.0
1999-04-28,24236000.0
1999-04-29,24217510.0
1999-04-30,24216008.0
1999-05-01,24214506.0
1999-05-02,24210002.0
1999-05-03,24190500.0
1999-05-04,24164994.0
1999-05-05,24135002.0
1999-05-06,24115500.0
1999-05-07,24089994.0
1999-05-08,24082506.0
1999-05-09,24088492.0
1999-05-10,24073496.0
1999-05-11,24061504.0
1999-05-12,24048008.0
1999-05-13,24017998.0
1999-05-14,24024004.0
1999-05-15,24030010.0
1999-05-16,24042002.0
1999-05-17,24032994.0
1999-05-18,24017998.0
1999-05-19,24014994.0
1999-05-20,24007506.0
1999-05-21,23996994.0
1999-05-22,24007506.0
1999-05-23,24014994.0
1999-05-24,24006004.0
1999-05-25,24004502.0
1999-05-26,23991008.0
1999-05-27,23978996.0
1999-05-28,23971506.0
1999-05-29,23977494.0
1999-05-30,23989506.0
1999-05-31,24001500.0
1999-06-01,24001500.0
1999-06-02,24001000.0
1999-06-03,24000000.0
1999-06-04,24012000.0
1999-06-05,24022502.0
1999-06-06,24021000.0
1999-06-07,24007506.0
1999-06-08,23996994.0
1999-06-09,23991008.0
1999-06-10,23983500.0
1999-06-11,23974492.0
1999-06-12,23965500.0
1999-06-13,23957994.0
1999-06-14,23938542.0
1999-06-15,23925138.0
1999-06-16,23925138.0
1999-06-17,23916208.0
1999-06-18,23899800.0
1999-06-19,23901292.0
1999-06-20,23910242.0
1999-06-21,23908750.0
1999-06-22,23898328.0
1999-06-23,23881922.0
1999-06-24,23874482.0
1999-06-25,23864042.0
1999-06-26,23868518.0
1999-06-27,23878958.0
1999-06-28,23868518.0
1999-06-29,23858096.0
1999-06-30,23856604.0
1999-07-01,23859586.0
1999-07-02,23862550.0
1999-07-03,23870008.0
1999-07-04,23883414.0
1999-07-05,23883414.0
1999-07-06,23874482.0
1999-07-07,23872992.0
1999-07-08,23884904.0
1999-07-09,23877466.0
1999-07-10,23881922.0
1999-07-11,23884904.0
1999-07-12,23881922.0
1999-07-13,23874482.0
1999-07-14,23872992.0
1999-07-15,23870008.0
1999-07-16,23884904.0
1999-07-17,23898328.0
1999-07-18,23908750.0
1999-07-19,23919172.0
1999-07-20,23926628.0
1999-07-21,23931104.0
1999-07-22,23935578.0
1999-07-23,23931104.0
1999-07-24,23949004.0
1999-07-25,23965500.0
1999-07-26,23970006.0
1999-07-27,23978996.0
1999-07-28,23985002.0
1999-07-29,23986504.0
1999-07-30,23986504.0
1999-07-31,23988004.0
1999-08-01,24001500.0
1999-08-02,24007506.0
1999-08-03,24003000.0
1999-08-04,24009006.0
1999-08-05,24021000.0
1999-08-06,24030010.0
1999-08-07,24040000.0
1999-08-08,24055498.0
1999-08-09,24053996.0
1999-08-10,24058500.0
1999-08-11,24061504.0
1999-08-12,24056998.0
1999-08-13,24045006.0
1999-08-14,24046506.0
1999-08-15,24050992.0
1999-08-16,24050992.0
1999-08-17,24043504.0
1999-08-18,24050992.0
1999-08-19,24061504.0
1999-08-20,24071994.0
1999-08-21,24092998.0
1999-08-22,24105010.0
1999-08-23,24114000.0
1999-08-24,24117002.0
1999-08-25,24121506.0
1999-08-26,24124492.0
1999-08-27,24131998.0
1999-08-28,24156004.0
1999-08-29,24180010.0
1999-08-30,24190500.0
1999-08-31,24206998.0
1999-09-01,24224998.0
1999-09-02,24249024.0
1999-09-03,24273188.0
1999-09-04,24304892.0
1999-09-05,24324524.0
1999-09-06,24335084.0
1999-09-07,24333574.0
1999-09-08,24333574.0
1999-09-09,24350182.0
1999-09-10,24366806.0
1999-09-11,24390956.0
1999-09-12,24390956.0
1999-09-13,24415120.0
1999-09-14,24419654.0
1999-09-15,24434750.0
1999-09-16,24446824.0
1999-09-17,24469476.0
1999-09-18,24493642.0
1999-09-19,24519318.0
1999-09-20,24526858.0
1999-09-21,24523834.0
1999-09-22,24535926.0
1999-09-23,24546488.0
1999-09-24,24555608.0
1999-09-25,24575370.0
1999-09-26,24579914.0
1999-09-27,24589042.0
1999-09-28,24581436.0
1999-09-29,24587522.0
1999-09-30,24592086.0
1999-10-01,24601198.0
1999-10-02,24622478.0
1999-10-03,24637676.0
1999-10-04,24643762.0
1999-10-05,24639198.0
1999-10-06,24655914.0
1999-10-07,24662000.0
1999-10-08,24671128.0
1999-10-09,24686326.0
1999-10-10,24696958.0
1999-10-11,24700000.0
1999-10-12,24698478.0
1999-10-13,24704594.0
1999-10-14,24718360.0
1999-10-15,24735188.0
1999-10-16,24747440.0
1999-10-17,24753546.0
1999-10-18,24764268.0
1999-10-19,24759672.0
1999-10-20,24753546.0
1999-10-21,24753546.0
1999-10-22,24758140.0
1999-10-23,24764268.0
1999-10-24,24773438.0
1999-10-25,24762734.0
1999-10-26,24773438.0
1999-10-27,24770376.0
1999-10-28,24771906.0
1999-10-29,24752016.0
1999-10-30,24724484.0
1999-10-31,24716828.0
1999-11-01,24709190.0
1999-11-02,24704594.0
1999-11-03,24701532.0
1999-11-04,24696958.0
1999-11-05,24696958.0
1999-11-06,24715296.0
1999-11-07,24719890.0
1999-11-08,24729060.0
1999-11-09,24722954.0
1999-11-10,24738250.0
1999-11-11,24745908.0
1999-11-12,24756610.0
1999-11-13,24768842.0
1999-11-14,24774968.0
1999-11-15,24773438.0
1999-11-16,24773438.0
1999-11-17,24779562.0
1999-11-18,24784158.0
1999-11-19,24784158.0
1999-11-20,24782626.0
1999-11-21,24790266.0
1999-11-22,24781094.0
1999-11-23,24771906.0
1999-11-24,24774968.0
1999-11-25,24788732.0
1999-11-26,24794860.0
1999-11-27,24800984.0
1999-11-28,24804048.0
1999-11-29,24787202.0
1999-11-30,24788732.0
1999-12-01,24785690.0
1999-12-02,24800984.0
1999-12-03,24785690.0
1999-12-04,24790266.0
1999-12-05,24793328.0
1999-12-06,24790266.0
1999-12-07,24789000.0
1999-12-08,24794860.0
1999-12-09,24785690.0
1999-12-10,24790266.0
1999-12-11,24799454.0
1999-12-12,24814750.0
1999-12-13,24822408.0
1999-12-14,24822408.0
1999-12-15,24830046.0
1999-12-16,24843810.0
1999-12-17,24857594.0
1999-12-18,24874422.0
1999-12-19,24879018.0
1999-12-20,24885124.0
1999-12-21,24894312.0
1999-12-22,24901952.0
1999-12-23,24909610.0
1999-12-24,24926438.0
1999-12-25,24938690.0
1999-12-26,24952454.0
1999-12-27,24949390.0
1999-12-28,24960092.0
1999-12-29,24969282.0
1999-12-30,24984578.0
1999-12-31,24996810.0
2000-01-01,25012166.0
2000-01-02,25021396.0
2000-01-03,25010624.0
2000-01-04,25013708.0
2000-01-05,25007542.0
2000-01-06,25006000.0
2000-01-07,25002938.0
2000-01-08,25010624.0
2000-01-09,25026022.0
2000-01-10,25027562.0
2000-01-11,25024478.0
2000-01-12,25022938.0
2000-01-13,25030644.0
2000-01-14,25041418.0
2000-01-15,25035252.0
2000-01-16,25042958.0
2000-01-17,25041418.0
2000-01-18,25039876.0
2000-01-19,25035252.0
2000-01-20,25026022.0
2000-01-21,25026022.0
2000-01-22,25026022.0
2000-01-23,25029104.0
2000-01-24,25024478.0
2000-01-25,25033728.0
2000-01-26,25041418.0
2000-01-27,25035252.0
2000-01-28,25033728.0
2000-01-29,25036792.0
2000-01-30,25049124.0
2000-01-31,25046042.0
2000-02-01,25044500.0
2000-02-02,25049124.0
2000-02-03,25050666.0
2000-02-04,25052208.0
2000-02-05,25056812.0
2000-02-06,25069144.0
2000-02-07,25059896.0
2000-02-08,25044500.0
2000-02-09,25049124.0
2000-02-10,25036792.0
2000-02-11,25042958.0
2000-02-12,25038334.0
2000-02-13,25047584.0
2000-02-14,25035252.0
2000-02-15,25033728.0
2000-02-16,25033000.0
2000-02-17,25030644.0
2000-02-18,25022938.0
2000-02-19,25026022.0
2000-02-20,25022938.0
2000-02-21,25035252.0
2000-02-22,25030644.0
2000-02-23,25036792.0
2000-02-24,25024478.0
2000-02-25,25016772.0
2000-02-26,25010624.0
2000-02-27,24992234.0
2000-02-28,24976940.0
2000-02-29,24973876.0
2000-03-01,24966218.0
2000-03-02,24950922.0
2000-03-03,24934094.0
2000-03-04,24924906.0
2000-03-05,24908078.0
2000-03-06,24898908.0
2000-03-07,24875954.0
2000-03-08,24853000.0
2000-03-09,24849938.0
2000-03-10,24846876.0
2000-03-11,24853000.0
2000-03-12,24856062.0
2000-03-13,24845342.0
2000-03-14,24831578.0
2000-03-15,24833110.0
2000-03-16,24823940.0
2000-03-17,24799454.0
2000-03-18,24793328.0
2000-03-19,24784158.0
2000-03-20,24768842.0
2000-03-21,24767310.0
2000-03-22,24752016.0
2000-03-23,24745908.0
2000-03-24,24736718.0
2000-03-25,24732124.0
2000-03-26,24730592.0
2000-03-27,24706126.0
2000-03-28,24683284.0
2000-03-29,24658958.0
2000-03-30,24634632.0
2000-03-31,24598154.0
2000-04-01,24590564.0
2000-04-02,24569284.0
2000-04-03,24543464.0
2000-04-04,24514786.0
2000-04-05,24495154.0
2000-04-06,24474012.0
2000-04-07,24442306.0
2000-04-08,24433238.0
2000-04-09,24433238.0
2000-04-10,24427194.0
2000-04-11,24422676.0
2000-04-12,24418142.0
2000-04-13,24403046.0
2000-04-14,24397000.0
2000-04-15,24381904.0
2000-04-16,24375858.0
2000-04-17,24353206.0
2000-04-18,24351694.0
2000-04-19,24339620.0
2000-04-20,24327546.0
2000-04-21,24316964.0
2000-04-22,24313944.0
2000-04-23,24313944.0
2000-04-24,24298846.0
2000-04-25,24283750.0
2000-04-26,24265630.0
2000-04-27,24246000.0
2000-04-28,24229502.0
2000-04-29,24228000.0
2000-04-30,24213004.0
2000-05-01,24196506.0
2000-05-02,24180010.0
2000-05-03,24172502.0
2000-05-04,24167998.0
2000-05-05,24190500.0
2000-05-06,24210002.0
2000-05-07,24232506.0
2000-05-08,24247512.0
2000-05-09,24238492.0
2000-05-10,24211504.0
2000-05-11,24211504.0
2000-05-12,24200992.0
2000-05-13,24205498.0
2000-05-14,24211504.0
2000-05-15,24199492.0
2000-05-16,24189000.0
2000-05-17,24178508.0
2000-05-18,24166496.0
2000-05-19,24154502.0
2000-05-20,24143992.0
2000-05-21,24133500.0
2000-05-22,24118504.0
2000-05-23,24099004.0
2000-05-24,24099004.0
2000-05-25,24097502.0
2000-05-26,24088492.0
2000-05-27,24078000.0
2000-05-28,24071994.0
2000-05-29,24067510.0
2000-05-30,24061504.0
2000-05-31,24046506.0
2000-06-01,24025504.0
2000-06-02,24010508.0
2000-06-03,23996994.0
2000-06-04,23975992.0
2000-06-05,23952006.0
2000-06-06,23928122.0
2000-06-07,23902786.0
2000-06-08,23884904.0
2000-06-09,23881922.0
2000-06-10,23878958.0
2000-06-11,23871500.0
2000-06-12,23849146.0
2000-06-13,23826792.0
2000-06-14,23788050.0
2000-06-15,23756768.0
2000-06-16,23744854.0
2000-06-17,23735904.0
2000-06-18,23725482.0
2000-06-19,23709096.0
2000-06-20,23689724.0
2000-06-21,23664388.0
2000-06-22,23645056.0
2000-06-23,23636246.0
2000-06-24,23620078.0
2000-06-25,23615664.0
2000-06-26,23590668.0
2000-06-27,23558332.0
2000-06-28,23536280.0
2000-06-29,23536280.0
2000-06-30,23514224.0
2000-07-01,23503944.0
2000-07-02,23493642.0
2000-07-03,23489246.0
2000-07-04,23484832.0
2000-07-05,23459836.0
2000-07-06,23433386.0
2000-07-07,23393694.0
2000-07-08,23368698.0
2000-07-09,23351056.0
2000-07-10,23323136.0
2000-07-11,23299612.0
2000-07-12,23277556.0
2000-07-13,23255504.0
2000-07-14,23231996.0
2000-07-15,23224638.0
2000-07-16,23218754.0
2000-07-17,23198232.0
2000-07-18,23177806.0
2000-07-19,23147134.0
2000-07-20,23117942.0
2000-07-21,23090194.0
2000-07-22,23081442.0
2000-07-23,23063924.0
2000-07-24,23043602.0
2000-07-25,23016042.0
2000-07-26,22998642.0
2000-07-27,22975456.0
2000-07-28,22956604.0
2000-07-29,22950798.0
2000-07-30,22939206.0
2000-07-31,22911676.0
2000-08-01,22882882.0
2000-08-02,22858396.0
2000-08-03,22836792.0
2000-08-04,22808000.0
2000-08-05,22792162.0
2000-08-06,22780648.0
2000-08-07,22767676.0
2000-08-08,22747514.0
2000-08-09,22738882.0
2000-08-10,22705766.0
2000-08-11,22681280.0
2000-08-12,22674072.0
2000-08-13,22669766.0
2000-08-14,22646720.0
2000-08-15,22616486.0
2000-08-16,22600648.0
2000-08-17,22586234.0
2000-08-18,22573280.0
2000-08-19,22568956.0
2000-08-20,22566072.0
2000-08-21,22550234.0
2000-08-22,22531514.0
2000-08-23,22512792.0
2000-08-24,22489766.0
2000-08-25,22478276.0
2000-08-26,22465410.0
2000-08-27,22458252.0
2000-08-28,22461116.0
2000-08-29,22453976.0
2000-08-30,22451114.0
2000-08-31,22435384.0
2000-09-01,22423934.0
2000-09-02,22418226.0
2000-09-03,22418226.0
2000-09-04,22406776.0
2000-09-05,22393910.0
2000-09-06,22381044.0
2000-09-07,22411068.0
2000-09-08,22446818.0
2000-09-09,22494072.0
2000-09-10,22531514.0
2000-09-11,22531514.0
2000-09-12,22517118.0
2000-09-13,22504162.0
2000-09-14,22494072.0
2000-09-15,22486882.0
2000-09-16,22485442.0
2000-09-17,22482568.0
2000-09-18,22484000.0
2000-09-19,22484000.0
2000-09-20,22481136.0
2000-09-21,22481136.0
2000-09-22,22475412.0
2000-09-23,22492648.0
2000-09-24,22489766.0
2000-09-25,22484000.0
2000-09-26,22472566.0
2000-09-27,22463978.0
2000-09-28,22453976.0
2000-09-29,22451114.0
2000-09-30,22443956.0
2000-10-01,22446818.0
2000-10-02,22439662.0
2000-10-03,22436816.0
2000-10-04,22426796.0
2000-10-05,22429660.0
2000-10-06,22433954.0
2000-10-07,22441094.0
2000-10-08,22445386.0
2000-10-09,22432522.0
2000-10-10,22423934.0
2000-10-11,22435384.0
2000-10-12,22438248.0
2000-10-13,22442526.0
2000-10-14,22451114.0
2000-10-15,22452544.0
2000-10-16,22441094.0
2000-10-17,22431090.0
2000-10-18,22421000.0
2000-10-19,22419656.0
2000-10-20,22413932.0
2000-10-21,22421088.0
2000-10-22,22426796.0
2000-10-23,22421088.0
2000-10-24,22419656.0
2000-10-25,22418226.0
2000-10-26,22425366.0
2000-10-27,22425366.0
2000-10-28,22438248.0
2000-10-29,22436816.0
2000-10-30,22411068.0
2000-10-31,22435384.0
2000-11-01,22426796.0
2000-11-02,22420000.0
2000-11-03,22415364.0
2000-11-04,22416794.0
2000-11-05,22425366.0
2000-11-06,22420000.0
2000-11-07,22406776.0
2000-11-08,22393910.0
2000-11-09,22401066.0
2000-11-10,22405000.0
2000-11-11,22415364.0
2000-11-12,22423934.0
2000-11-13,22406776.0
2000-11-14,22398204.0
2000-11-15,22393910.0
2000-11-16,22391046.0
2000-11-17,22385338.0
2000-11-18,22388184.0
2000-11-19,22388184.0
2000-11-20,22386752.0
2000-11-21,22386752.0
2000-11-22,22389616.0
2000-11-23,22405344.0
2000-11-24,22416794.0
2000-11-25,22416794.0
2000-11-26,22422502.0
2000-11-27,22419656.0
2000-11-28,22409636.0
2000-11-29,22402498.0
2000-11-30,22405344.0
2000-12-01,22396772.0
2000-12-02,22392478.0
2000-12-03,22395340.0
2000-12-04,22381044.0
2000-12-05,22372456.0
2000-12-06,22363884.0
2000-12-07,22353866.0
2000-12-08,22336736.0
2000-12-09,22328224.0
2000-12-10,22322540.0
2000-12-11,22314030.0
2000-12-12,22304078.0
2000-12-13,22295568.0
2000-12-14,22299814.0
2000-12-15,22304078.0
2000-12-16,22314030.0
2000-12-17,22314030.0
2000-12-18,22319698.0
2000-12-19,22311186.0
2000-12-20,22315432.0
2000-12-21,22316854.0
2000-12-22,22325382.0
2000-12-23,22339578.0
2000-12-24,22348156.0
2000-12-25,22352434.0
2000-12-26,22351002.0
2000-12-27,22351002.0
2000-12-28,22352434.0
2000-12-29,22351002.0
2000-12-30,22353866.0
2000-12-31,22358160.0
2001-01-01,22368162.0
2001-01-02,22362454.0
2001-01-03,22361022.0
2001-01-04,22355296.0
2001-01-05,22352434.0
2001-01-06,22346726.0
2001-01-07,22346726.0
2001-01-08,22341000.0
2001-01-09,22336736.0
2001-01-10,22336736.0
2001-01-11,22331068.0
2001-01-12,22331068.0
2001-01-13,22343864.0
2001-01-14,22358160.0
2001-01-15,22358160.0
2001-01-16,22358160.0
2001-01-17,22362454.0
2001-01-18,22368162.0
2001-01-19,22378182.0
2001-01-20,22396772.0
2001-01-21,22413932.0
2001-01-22,22431090.0
2001-01-23,22439662.0
2001-01-24,22459684.0
2001-01-25,22472566.0
2001-01-26,22481136.0
2001-01-27,22492648.0
2001-01-28,22509928.0
2001-01-29,22512792.0
2001-01-30,22521442.0
2001-01-31,22522882.0
2001-02-01,22522882.0
2001-02-02,22526000.0
2001-02-03,22538720.0
2001-02-04,22544486.0
2001-02-05,22543044.0
2001-02-06,22532956.0
2001-02-07,22527208.0
2001-02-08,22524324.0
2001-02-09,22520000.0
2001-02-10,22524324.0
2001-02-11,22528648.0
2001-02-12,22525766.0
2001-02-13,22514234.0
2001-02-14,22502720.0
2001-02-15,22494072.0
2001-02-16,22488324.0
2001-02-17,22488324.0
2001-02-18,22489766.0
2001-02-19,22476844.0
2001-02-20,22479706.0
2001-02-21,22469704.0
2001-02-22,22453976.0
2001-02-23,22446818.0
2001-02-24,22448250.0
2001-02-25,22445386.0
2001-02-26,22447000.0
2001-02-27,22433954.0
2001-02-28,22429660.0
2001-03-01,22413932.0
2001-03-02,22392478.0
2001-03-03,22382476.0
2001-03-04,22375318.0
2001-03-05,22361022.0
2001-03-06,22345294.0
2001-03-07,22332472.0
2001-03-08,22331068.0
2001-03-09,22338158.0
2001-03-10,22348156.0
2001-03-11,22356728.0
2001-03-12,22353866.0
2001-03-13,22352434.0
2001-03-14,22345294.0
2001-03-15,22338158.0
2001-03-16,22332472.0
2001-03-17,22333892.0
2001-03-18,22339578.0
2001-03-19,22321118.0
2001-03-20,22304078.0
2001-03-21,22294146.0
2001-03-22,22294146.0
2001-03-23,22288460.0
2001-03-24,22285618.0
2001-03-25,22287040.0
2001-03-26,22272000.0
2001-03-27,22247276.0
2001-03-28,22220302.0
2001-03-29,22189136.0
2001-03-30,22167984.0
2001-03-31,22153886.0
2001-04-01,22136968.0
2001-04-02,22116000.0
2001-04-03,22097000.0
2001-04-04,22069274.0
2001-04-05,22052356.0
2001-04-06,22018000.0
2001-04-07,22014282.0
2001-04-08,22007242.0
2001-04-09,21984678.0
2001-04-10,21969170.0
2001-04-11,21943782.0
2001-04-12,21932508.0
2001-04-13,21918412.0
2001-04-14,21918412.0
2001-04-15,21909944.0
2001-04-16,21888806.0
2001-04-17,21859186.0
2001-04-18,21823936.0
2001-04-19,21798564.0
2001-04-20,21783056.0
2001-04-21,21783056.0
2001-04-22,21778822.0
2001-04-23,21757798.0
2001-04-24,21735394.0
2001-04-25,21711606.0
2001-04-26,21684996.0
2001-04-27,21661208.0
2001-04-28,21641606.0
2001-04-29,21626278.0
2001-04-30,21602640.0
2001-05-01,21587354.0
2001-05-02,21563716.0
2001-05-03,21548430.0
2001-05-04,21526186.0
2001-05-05,21519000.0
2001-05-06,21508000.0
2001-05-07,21485966.0
2001-05-08,21462500.0
2001-05-09,21440416.0
2001-05-10,21423856.0
2001-05-11,21408678.0
2001-05-12,21403152.0
2001-05-13,21400406.0
2001-05-14,21379704.0
2001-05-15,21367290.0
2001-05-16,21343822.0
2001-05-17,21325880.0
2001-05-18,21303796.0
2001-05-19,21305178.0
2001-05-20,21296906.0
2001-05-21,21283094.0
2001-05-22,21263790.0
2001-05-23,21233416.0
2001-05-24,21209966.0
2001-05-25,21190644.0
2001-05-26,21196152.0
2001-05-27,21192026.0
2001-05-28,21196152.0
2001-05-29,21172704.0
2001-05-30,21145094.0
2001-05-31,21127152.0
2001-06-01,21106466.0
2001-06-02,21111974.0
2001-06-03,21111974.0
2001-06-04,21105084.0
2001-06-05,21081638.0
2001-06-06,21062598.0
2001-06-07,21036766.0
2001-06-08,21009554.0
2001-06-09,20994598.0
2001-06-10,20978278.0
2001-06-11,20968766.0
2001-06-12,20952446.0
2001-06-13,20926598.0
2001-06-14,20907554.0
2001-06-15,20877638.0
2001-06-16,20861320.0
2001-06-17,20846362.0
2001-06-18,20819168.0
2001-06-19,20790746.0
2001-06-20,20765106.0
2001-06-21,20738096.0
2001-06-22,20712454.0
2001-06-23,20701642.0
2001-06-24,20685444.0
2001-06-25,20671946.0
2001-06-26,20654394.0
2001-06-27,20630106.0
2001-06-28,20604446.0
2001-06-29,20576102.0
2001-06-30,20557200.0
2001-07-01,20531626.0
2001-07-02,20500792.0
2001-07-03,20487396.0
2001-07-04,20468634.0
2001-07-05,20474000.0
2001-07-06,20472658.0
2001-07-07,20472658.0
2001-07-08,20471318.0
2001-07-09,20476684.0
2001-07-10,20469976.0
2001-07-11,20455238.0
2001-07-12,20436476.0
2001-07-13,20409684.0
2001-07-14,20399012.0
2001-07-15,20388378.0
2001-07-16,20376412.0
2001-07-17,20364448.0
2001-07-18,20340500.0
2001-07-19,20325872.0
2001-07-20,20316552.0
2001-07-21,20313906.0
2001-07-22,20305918.0
2001-07-23,20301926.0
2001-07-24,20291292.0
2001-07-25,20271338.0
2001-07-26,20264698.0
2001-07-27,20251384.0
2001-07-28,20258042.0
2001-07-29,20252714.0
2001-07-30,20256708.0
2001-07-31,20244744.0
2001-08-01,20230116.0
2001-08-02,20220796.0
2001-08-03,20206168.0
2001-08-04,20215488.0
2001-08-05,20216802.0
2001-08-06,20210162.0
2001-08-07,20206168.0
2001-08-08,20187546.0
2001-08-09,20188878.0
2001-08-10,20200844.0
2001-08-11,20198198.0
2001-08-12,20192872.0
2001-08-13,20191542.0
2001-08-14,20179576.0
2001-08-15,20172918.0
2001-08-16,20170256.0
2001-08-17,20162286.0
2001-08-18,20159622.0
2001-08-19,20159622.0
2001-08-20,20170256.0
2001-08-21,20168926.0
2001-08-22,20164948.0
2001-08-23,20162286.0
2001-08-24,20162286.0
2001-08-25,20167594.0
2001-08-26,20174250.0
2001-08-27,20171588.0
2001-08-28,20168926.0
2001-08-29,20155628.0
2001-08-30,20148988.0
2001-08-31,20137038.0
2001-09-01,20147000.0
2001-09-02,20147656.0
2001-09-03,20142332.0
2001-09-04,20134394.0
2001-09-05,20123840.0
2001-09-06,20114608.0
2001-09-07,20105358.0
2001-09-08,20104038.0
2001-09-09,20097446.0
2001-09-10,20092160.0
2001-09-11,20080286.0
2001-09-12,20057840.0
2001-09-13,20036714.0
2001-09-14,20012964.0
2001-09-15,19998526.0
2001-09-16,19990658.0
2001-09-17,19989348.0
2001-09-18,19980184.0
2001-09-19,19961842.0
2001-09-20,19953974.0
2001-09-21,19939566.0
2001-09-22,19935632.0
2001-09-23,19925158.0
2001-09-24,19913000.0
2001-09-25,19903000.0
2001-09-26,19889786.0
2001-09-27,19878000.0
2001-09-28,19872756.0
2001-09-29,19874066.0
2001-09-30,19872756.0
2001-10-01,19862000.0
2001-10-02,19857000.0
2001-10-03,19840006.0
2001-10-04,19837382.0
2001-10-05,19832152.0
2001-10-06,19837382.0
2001-10-07,19841316.0
2001-10-08,19842626.0
2001-10-09,19843940.0
2001-10-10,19838694.0
2001-10-11,19845250.0
2001-10-12,19837382.0
2001-10-13,19850496.0
2001-10-14,19857000.0
2001-10-15,19856000.0
2001-10-16,19858000.0
2001-10-17,19851806.0
2001-10-18,19851000.0
2001-10-19,19854412.0
2001-10-20,19866000.0
2001-10-21,19869000.0
2001-10-22,19872756.0
2001-10-23,19881934.0
2001-10-24,19876690.0
2001-10-25,19879310.0
2001-10-26,19879310.0
2001-10-27,19883246.0
2001-10-28,19888474.0
2001-10-29,19888474.0
2001-10-30,19891098.0
2001-10-31,19881934.0
2001-11-01,19880624.0
2001-11-02,19883246.0
2001-11-03,19889786.0
2001-11-04,19896342.0
2001-11-05,19895032.0
2001-11-06,19896342.0
2001-11-07,19896342.0
2001-11-08,19884556.0
2001-11-09,19892408.0
2001-11-10,19901588.0
2001-11-11,19912060.0
2001-11-12,19908126.0
2001-11-13,19922536.0
2001-11-14,19921224.0
2001-11-15,19905506.0
2001-11-16,19891098.0
2001-11-17,19881934.0
2001-11-18,19874066.0
2001-11-19,19860000.0
2001-11-20,19845000.0
2001-11-21,19839000.0
2001-11-22,19851000.0
2001-11-23,19847000.0
2001-11-24,19837000.0
2001-11-25,19832000.0
2001-11-26,19822000.0
2001-11-27,19802026.0
2001-11-28,19788912.0
2001-11-29,19778440.0
2001-11-30,19775816.0
2001-12-01,19777126.0
2001-12-02,19777126.0
2001-12-03,19777126.0
2001-12-04,19784996.0
2001-12-05,19783684.0
2001-12-06,19781060.0
2001-12-07,19777126.0
2001-12-08,19781060.0
2001-12-09,19795468.0
2001-12-10,19798092.0
2001-12-11,19792848.0
2001-12-12,19788912.0
2001-12-13,19787618.0
2001-12-14,19782374.0
2001-12-15,19784996.0
2001-12-16,19794158.0
2001-12-17,19786306.0
2001-12-18,19789000.0
2001-12-19,19781060.0
2001-12-20,19775816.0
2001-12-21,19784996.0
2001-12-22,19788912.0
2001-12-23,19791536.0
2001-12-24,19795468.0
2001-12-25,19795468.0
2001-12-26,19797000.0
2001-12-27,19791536.0
2001-12-28,19782374.0
2001-12-29,19784996.0
2001-12-30,19791536.0
2001-12-31,19795468.0
2002-01-01,19786306.0
2002-01-02,19791536.0
2002-01-03,19804632.0
2002-01-04,19804632.0
2002-01-05,19817746.0
2002-01-06,19825598.0
2002-01-07,19833464.0
2002-01-08,19834776.0
2002-01-09,19832152.0
2002-01-10,19841316.0
2002-01-11,19842626.0
2002-01-12,19843940.0
2002-01-13,19851806.0
2002-01-14,19857036.0
2002-01-15,19853118.0
2002-01-16,19853118.0
2002-01-17,19857036.0
2002-01-18,19857036.0
2002-01-19,19860000.0
2002-01-20,19864000.0
2002-01-21,19864000.0
2002-01-22,19865000.0
2002-01-23,19867526.0
2002-01-24,19868838.0
2002-01-25,19866214.0
2002-01-26,19875000.0
2002-01-27,19875000.0
2002-01-28,19877000.0
2002-01-29,19874066.0
2002-01-30,19868838.0
2002-01-31,19870132.0
2002-02-01,19872756.0
2002-02-02,19875376.0
2002-02-03,19879310.0
2002-02-04,19875376.0
2002-02-05,19860968.0
2002-02-06,19855724.0
2002-02-07,19850496.0
2002-02-08,19851806.0
2002-02-09,19847874.0
2002-02-10,19838694.0
2002-02-11,19833464.0
2002-02-12,19832152.0
2002-02-13,19821662.0
2002-02-14,19822974.0
2002-02-15,19819056.0
2002-02-16,19821662.0
2002-02-17,19816434.0
2002-02-18,19820368.0
2002-02-19,19812500.0
2002-02-20,19804632.0
2002-02-21,19786306.0
2002-02-22,19775816.0
2002-02-23,19775816.0
2002-02-24,19771882.0
2002-02-25,19750934.0
2002-02-26,19721006.0
2002-02-27,19694996.0
2002-02-28,19682000.0
2002-03-01,19670304.0
2002-03-02,19656006.0
2002-03-03,19646898.0
2002-03-04,19627394.0
2002-03-05,19609252.0
2002-03-06,19588624.0
2002-03-07,19557666.0
2002-03-08,19548626.0
2002-03-09,19546042.0
2002-03-10,19539604.0
2002-03-11,19511226.0
2002-03-12,19493166.0
2002-03-13,19467356.0
2002-03-14,19440272.0
2002-03-15,19419626.0
2002-03-16,19395124.0
2002-03-17,19380936.0
2002-03-18,19350046.0
2002-03-19,19334688.0
2002-03-20,19306516.0
2002-03-21,19283484.0
2002-03-22,19259156.0
2002-03-23,19248922.0
2002-03-24,19236124.0
2002-03-25,19215760.0
2002-03-26,19191624.0
2002-03-27,19172586.0
2002-03-28,19149718.0
2002-03-29,19128124.0
2002-03-30,19113000.0
2002-03-31,19112000.0
2002-04-01,19089000.0
2002-04-02,19066000.0
2002-04-03,19042000.0
2002-04-04,19027000.0
2002-04-05,19012000.0
2002-04-06,19005000.0
2002-04-07,18994000.0
2002-04-08,18981000.0
2002-04-09,18968188.0
2002-04-10,18944238.0
2002-04-11,18922812.0
2002-04-12,18900142.0
2002-04-13,18881238.0
2002-04-14,18867380.0
2002-04-15,18849748.0
2002-04-16,18827258.0
2002-04-17,18806002.0
2002-04-18,18794756.0
2002-04-19,18773500.0
2002-04-20,18768496.0
2002-04-21,18752246.0
2002-04-22,18729754.0
2002-04-23,18701208.0
2002-04-24,18677638.0
2002-04-25,18651604.0
2002-04-26,18623086.0
2002-04-27,18614396.0
2002-04-28,18593326.0
2002-04-29,18567278.0
2002-04-30,18538760.0
2002-05-01,18528844.0
2002-05-02,18512724.0
2002-05-03,18492000.0
2002-05-04,18478000.0
2002-05-05,18465604.0
2002-05-06,18449482.0
2002-05-07,18425914.0
2002-05-08,18406086.0
2002-05-09,18380036.0
2002-05-10,18356482.0
2002-05-11,18355242.0
2002-05-12,18340582.0
2002-05-13,18321058.0
2002-05-14,18295444.0
2002-05-15,18272254.0
2002-05-16,18247862.0
2002-05-17,18228336.0
2002-05-18,18213698.0
2002-05-19,18196616.0
2002-05-20,18180754.0
2002-05-21,18149034.0
2002-05-22,18118534.0
2002-05-23,18090636.0
2002-05-24,18067652.0
2002-05-25,18048290.0
2002-05-26,18034980.0
2002-05-27,18018040.0
2002-05-28,17987790.0
2002-05-29,17957540.0
2002-05-30,17934556.0
2002-05-31,17915192.0
2002-06-01,17909136.0
2002-06-02,17909136.0
2002-06-03,17897040.0
2002-06-04,17888576.0
2002-06-05,17868000.0
2002-06-06,17848796.0
2002-06-07,17830000.0
2002-06-08,17833196.0
2002-06-09,17836798.0
2002-06-10,17828406.0
2002-06-11,17816394.0
2002-06-12,17803196.0
2002-06-13,17788796.0
2002-06-14,17771000.0
2002-06-15,17771000.0
2002-06-16,17764802.0
2002-06-17,17744000.0
2002-06-18,17722000.0
2002-06-19,17708000.0
2002-06-20,17696000.0
2002-06-21,17689000.0
2002-06-22,17684000.0
2002-06-23,17677000.0
2002-06-24,17665000.0
2002-06-25,17640000.0
2002-06-26,17614000.0
2002-06-27,17582978.0
2002-06-28,17563000.0
2002-06-29,17547000.0
2002-06-30,17533000.0
2002-07-01,17511000.0
2002-07-02,17501564.0
2002-07-03,17495660.0
2002-07-04,17505094.0
2002-07-05,17512182.0
2002-07-06,17518088.0
2002-07-07,17516906.0
2002-07-08,17525160.0
2002-07-09,17514542.0
2002-07-10,17486224.0
2002-07-11,17483864.0
2002-07-12,17474414.0
2002-07-13,17474414.0
2002-07-14,17468522.0
2002-07-15,17464978.0
2002-07-16,17460254.0
2002-07-17,17452000.0
2002-07-18,17453182.0
2002-07-19,17451000.0
2002-07-20,17455542.0
2002-07-21,17461436.0
2002-07-22,17454364.0
2002-07-23,17443000.0
2002-07-24,17432000.0
2002-07-25,17408340.0
2002-07-26,17396542.0
2002-07-27,17398906.0
2002-07-28,17398906.0
2002-07-29,17384816.0
2002-07-30,17368436.0
2002-07-31,17342684.0
2002-08-01,17338014.0
2002-08-02,17338014.0
2002-08-03,17338014.0
2002-08-04,17343856.0
2002-08-05,17343856.0
2002-08-06,17336842.0
2002-08-07,17335000.0
2002-08-08,17328000.0
2002-08-09,17318120.0
2002-08-10,17320460.0
2002-08-11,17319290.0
2002-08-12,17313434.0
2002-08-13,17304078.0
2002-08-14,17294724.0
2002-08-15,17287698.0
2002-08-16,17283028.0
2002-08-17,17290040.0
2002-08-18,17285356.0
2002-08-19,17285356.0
2002-08-20,17280686.0
2002-08-21,17277172.0
2002-08-22,17265564.0
2002-08-23,17258598.0
2002-08-24,17259758.0
2002-08-25,17263242.0
2002-08-26,17245840.0
2002-08-27,17237724.0
2002-08-28,17222644.0
2002-08-29,17213000.0
2002-08-30,17203000.0
2002-08-31,17209000.0
2002-09-01,17200000.0
2002-09-02,17204000.0
2002-09-03,17195000.0
2002-09-04,17172000.0
2002-09-05,17175000.0
2002-09-06,17171000.0
2002-09-07,17166000.0
2002-09-08,17166000.0
2002-09-09,17164644.0
2002-09-10,17161162.0
2002-09-11,17149654.0
2002-09-12,17145048.0
2002-09-13,17147352.0
2002-09-14,17147352.0
2002-09-15,17138156.0
2002-09-16,17130100.0
2002-09-17,17133552.0
2002-09-18,17139292.0
2002-09-19,17134704.0
2002-09-20,17130100.0
2002-09-21,17133552.0
2002-09-22,17130100.0
2002-09-23,17125494.0
2002-09-24,17122054.0
2002-09-25,17108256.0
2002-09-26,17108256.0
2002-09-27,17103650.0
2002-09-28,17107106.0
2002-09-29,17100000.0
2002-09-30,17093000.0
2002-10-01,17099000.0
2002-10-02,17089000.0
2002-10-03,17091000.0
2002-10-04,17084096.0
2002-10-05,17085248.0
2002-10-06,17084096.0
2002-10-07,17080656.0
2002-10-08,17078356.0
2002-10-09,17076052.0
2002-10-10,17072600.0
2002-10-11,17071448.0
2002-10-12,17074900.0
2002-10-13,17070296.0
2002-10-14,17069146.0
2002-10-15,17065708.0
2002-10-16,17061102.0
2002-10-17,17061102.0
2002-10-18,17062252.0
2002-10-19,17061102.0
2002-10-20,17055346.0
2002-10-21,17049606.0
2002-10-22,17038094.0
2002-10-23,17027748.0
2002-10-24,17022006.0
2002-10-25,17027748.0
2002-10-26,17035804.0
2002-10-27,17039244.0
2002-10-28,17033502.0
2002-10-29,17033502.0
2002-10-30,17027748.0
2002-10-31,17032352.0
2002-11-01,17025446.0
2002-11-02,17025446.0
2002-11-03,17020856.0
2002-11-04,17009344.0
2002-11-05,17005904.0
2002-11-06,17002452.0
2002-11-07,17001298.0
2002-11-08,16989802.0
2002-11-09,16996696.0
2002-11-10,16995542.0
2002-11-11,16996696.0
2002-11-12,16989802.0
2002-11-13,16985000.0
2002-11-14,16978304.0
2002-11-15,16970248.0
2002-11-16,16971398.0
2002-11-17,16969096.0
2002-11-18,16963356.0
2002-11-19,16962204.0
2002-11-20,16950708.0
2002-11-21,16938042.0
2002-11-22,16924294.0
2002-11-23,16919744.0
2002-11-24,16910616.0
2002-11-25,16891244.0
2002-11-26,16873000.0
2002-11-27,16858000.0
2002-11-28,16853000.0
2002-11-29,16856000.0
2002-11-30,16850000.0
2002-12-01,16848000.0
2002-12-02,16838794.0
2002-12-03,16849064.0
2002-12-04,16837000.0
2002-12-05,16834000.0
2002-12-06,16832000.0
2002-12-07,16830000.0
2002-12-08,16829000.0
2002-12-09,16826000.0
2002-12-10,16824000.0
2002-12-11,16822000.0
2002-12-12,16812000.0
2002-12-13,16809000.0
2002-12-14,16814000.0
2002-12-15,16798000.0
2002-12-16,16795000.0
2002-12-17,16790012.0
2002-12-18,16795654.0
2002-12-19,16780962.0
2002-12-20,16768535.0
2002-12-21,16768535.0
2002-12-22,16762893.0
2002-12-23,16756107.0
2002-12-24,16752713.0
2002-12-25,16747072.0
2002-12-26,16741416.0
2002-12-27,16728988.0
2002-12-28,16733512.0
2002-12-29,16738037.0
2002-12-30,16735775.0
2002-12-31,16717691.0
2003-01-01,16723346.0
2003-01-02,16727857.0
2003-01-03,16732381.0
2003-01-04,16744809.0
2003-01-05,16753000.0
2003-01-06,16761000.0
2003-01-07,16761762.0
2003-01-08,16758369.0
2003-01-09,16758369.0
2003-01-10,16762893.0
2003-01-11,16766287.0
2003-01-12,16778714.0
2003-01-13,16786620.0
2003-01-14,16795654.0
2003-01-15,16802442.0
2003-01-16,16808096.0
2003-01-17,16806964.0
2003-01-18,16814870.0
2003-01-19,16820564.0
2003-01-20,16822848.0
2003-01-21,16833104.0
2003-01-22,16836526.0
2003-01-23,16842218.0
2003-01-24,16837654.0
2003-01-25,16843360.0
2003-01-26,16851348.0
2003-01-27,16851348.0
2003-01-28,16851348.0
2003-01-29,16851348.0
2003-01-30,16853616.0
2003-01-31,16853616.0
2003-02-01,16854756.0
2003-02-02,16855896.0
2003-02-03,16854756.0
2003-02-04,16852474.0
2003-02-05,16845640.0
2003-02-06,16839936.0
2003-02-07,16836526.0
2003-02-08,16841076.0
2003-02-09,16851348.0
2003-02-10,16851348.0
2003-02-11,16853616.0
2003-02-12,16857040.0
2003-02-13,16861604.0
2003-02-14,16874140.0
2003-02-15,16887820.0
2003-02-16,16892384.0
2003-02-17,16907206.0
2003-02-18,16911756.0
2003-02-19,16922026.0
2003-02-20,16923154.0
2003-02-21,16931150.0
2003-02-22,16943798.0
2003-02-23,16948404.0
2003-02-24,16944952.0
2003-02-25,16949554.0
2003-02-26,16951844.0
2003-02-27,16967946.0
2003-02-28,16978304.0
2003-03-01,16977154.0
2003-03-02,16985198.0
2003-03-03,16978304.0
2003-03-04,16977154.0
2003-03-05,16984046.0
2003-03-06,16990954.0
2003-03-07,16993256.0
2003-03-08,16995542.0
2003-03-09,16996696.0
2003-03-10,16990954.0
2003-03-11,16990954.0
2003-03-12,16986350.0
2003-03-13,16977154.0
2003-03-14,16972548.0
2003-03-15,16971398.0
2003-03-16,16985198.0
2003-03-17,16974852.0
2003-03-18,16974852.0
2003-03-19,16966792.0
2003-03-20,16959900.0
2003-03-21,16947252.0
2003-03-22,16942648.0
2003-03-23,16943798.0
2003-03-24,16940346.0
2003-03-25,16924294.0
2003-03-26,16912896.0
2003-03-27,16898076.0
2003-03-28,16873000.0
2003-03-29,16857040.0
2003-03-30,16844500.0
2003-03-31,16826256.0
2003-04-01,16811476.0
2003-04-02,16802442.0
2003-04-03,16796786.0
2003-04-04,16775322.0
2003-04-05,16774191.0
2003-04-06,16758369.0
2003-04-07,16741416.0
2003-04-08,16718822.0
2003-04-09,16690572.0
2003-04-10,16666846.0
2003-04-11,16645369.0
2003-04-12,16634072.0
2003-04-13,16626154.0
2003-04-14,16606953.0
2003-04-15,16597904.0
2003-04-16,16577682.0
2003-04-17,16565363.0
2003-04-18,16544076.0
2003-04-19,16520561.0
2003-04-20,16512727.0
2003-04-21,16491439.0
2003-04-22,16469125.0
2003-04-23,16431375.0
2003-04-24,16409180.0
2003-04-25,16380319.0
2003-04-26,16368111.0
2003-04-27,16350497.0
2003-04-28,16326301.0
2003-04-29,16303205.0
2003-04-30,16286702.0
2003-05-01,16274604.0
2003-05-02,16261404.0
2003-05-03,16263606.0
2003-05-04,16259202.0
2003-05-05,16257000.0
2003-05-06,16238295.0
2003-05-07,16214099.0
2003-05-08,16189901.0
2003-05-09,16175602.0
2003-05-10,16168995.0
2003-05-11,16156896.0
2003-05-12,16142596.0
2003-05-13,16122804.0
2003-05-14,16112894.0
2003-05-15,16096404.0
2003-05-16,16075497.0
2003-05-17,16070006.0
2003-05-18,16073295.0
2003-05-19,16057894.0
2003-05-20,16040304.0
2003-05-21,16009750.0
2003-05-22,15986864.0
2003-05-23,15971603.0
2003-05-24,15973785.0
2003-05-25,15981409.0
2003-05-26,15982500.0
2003-05-27,15963965.0
2003-05-28,15935624.0
2003-05-29,15913960.0
2003-05-30,15895595.0
2003-05-31,15893446.0
2003-06-01,15893446.0
2003-06-02,15888041.0
2003-06-03,15890203.0
2003-06-04,15885879.0
2003-06-05,15896676.0
2003-06-06,15876162.0
2003-06-07,15876162.0
2003-06-08,15871838.0
2003-06-09,15867514.0
2003-06-10,15863203.0
2003-06-11,15850243.0
2003-06-12,15839446.0
2003-06-13,15824324.0
2003-06-14,15812446.0
2003-06-15,15807041.0
2003-06-16,15790838.0
2003-06-17,15782203.0
2003-06-18,15776798.0
2003-06-19,15783284.0
2003-06-20,15787595.0
2003-06-21,15797324.0
2003-06-22,15796243.0
2003-06-23,15789757.0
2003-06-24,15770324.0
2003-06-25,15755203.0
2003-06-26,15745486.0
2003-06-27,15741162.0
2003-06-28,15739000.0
2003-06-29,15734676.0
2003-06-30,15732514.0
2003-07-01,15716324.0
2003-07-02,15708787.0
2003-07-03,15707716.0
2003-07-04,15709858.0
2003-07-05,15714162.0
2003-07-06,15710929.0
2003-07-07,15716324.0
2003-07-08,15726041.0
2003-07-09,15717405.0
2003-07-10,15704516.0
2003-07-11,15692734.0
2003-07-12,15690605.0
2003-07-13,15687393.0
2003-07-14,15678824.0
2003-07-15,15670269.0
2003-07-16,15656358.0
2003-07-17,15646731.0
2003-07-18,15647803.0
2003-07-19,15658500.0
2003-07-20,15652074.0
2003-07-21,15645660.0
2003-07-22,15641376.0
2003-07-23,15634963.0
2003-07-24,15633893.0
2003-07-25,15630679.0
2003-07-26,15640306.0
2003-07-27,15637105.0
2003-07-28,15626395.0
2003-07-29,15615697.0
2003-07-30,15606071.0
2003-07-31,15597586.0
2003-08-01,15607143.0
2003-08-02,15618910.0
2003-08-03,15631750.0
2003-08-04,15632821.0
2003-08-05,15633893.0
2003-08-06,15633893.0
2003-08-07,15640306.0
2003-08-08,15641376.0
2003-08-09,15633893.0
2003-08-10,15629608.0
2003-08-11,15640306.0
2003-08-12,15640306.0
2003-08-13,15637105.0
2003-08-14,15647803.0
2003-08-15,15671340.0
2003-08-16,15678824.0
2003-08-17,15687393.0
2003-08-18,15688463.0
2003-08-19,15685250.0
2003-08-20,15688463.0
2003-08-21,15697019.0
2003-08-22,15707716.0
2003-08-23,15708787.0
2003-08-24,15717405.0
2003-08-25,15712000.0
2003-08-26,15715243.0
2003-08-27,15723879.0
2003-08-28,15729284.0
2003-08-29,15730365.0
2003-08-30,15747000.0
2003-08-31,15741000.0
2003-09-01,15753041.0
2003-09-02,15755203.0
2003-09-03,15753041.0
2003-09-04,15735757.0
2003-09-05,15733595.0
2003-09-06,15739000.0
2003-09-07,15740081.0
2003-09-08,15739000.0
2003-09-09,15736838.0
2003-09-10,15735757.0
2003-09-11,15723879.0
2003-09-12,15726041.0
2003-09-13,15727122.0
2003-09-14,15722798.0
2003-09-15,15722798.0
2003-09-16,15716324.0
2003-09-17,15715243.0
2003-09-18,15698090.0
2003-09-19,15683108.0
2003-09-20,15675624.0
2003-09-21,15665984.0
2003-09-22,15655287.0
2003-09-23,15648874.0
2003-09-24,15649944.0
2003-09-25,15646731.0
2003-09-26,15642447.0
2003-09-27,15640306.0
2003-09-28,15639234.0
2003-09-29,15628537.0
2003-09-30,15617840.0
2003-10-01,15612484.0
2003-10-02,15621000.0
2003-10-03,15625000.0
2003-10-04,15627466.0
2003-10-05,15631750.0
2003-10-06,15638177.0
2003-10-07,15638177.0
2003-10-08,15637105.0
2003-10-09,15638177.0
2003-10-10,15645660.0
2003-10-11,15644590.0
2003-10-12,15646731.0
2003-10-13,15638177.0
2003-10-14,15639234.0
2003-10-15,15640306.0
2003-10-16,15625324.0
2003-10-17,15624266.0
2003-10-18,15624266.0
2003-10-19,15624266.0
2003-10-20,15616769.0
2003-10-21,15608213.0
2003-10-22,15600756.0
2003-10-23,15597586.0
2003-10-24,15590158.0
2003-10-25,15588036.0
2003-10-26,15589098.0
2003-10-27,15584866.0
2003-10-28,15565780.0
2003-10-29,15543524.0
2003-10-30,15528684.0
2003-10-31,15517024.0
2003-11-01,15513842.0
2003-11-02,15512780.0
2003-11-03,15500062.0
2003-11-04,15489374.0
2003-11-05,15478677.0
2003-11-06,15467966.0
2003-11-07,15465824.0
2003-11-08,15465824.0
2003-11-09,15459410.0
2003-11-10,15456197.0
2003-11-11,15455126.0
2003-11-12,15450855.0
2003-11-13,15438016.0
2003-11-14,15428376.0
2003-11-15,15429447.0
2003-11-16,15430519.0
2003-11-17,15429447.0
2003-11-18,15421963.0
2003-11-19,15411266.0
2003-11-20,15402697.0
2003-11-21,15381503.0
2003-11-22,15381503.0
2003-11-23,15367853.0
2003-11-24,15355253.0
2003-11-25,15351049.0
2003-11-26,15346845.0
2003-11-27,15337398.0
2003-11-28,15339500.0
2003-11-29,15337398.0
2003-11-30,15337398.0
2003-12-01,15334000.0
2003-12-02,15326000.0
2003-12-03,15323000.0
2003-12-04,15330000.0
2003-12-05,15330054.0
2003-12-06,15326900.0
2003-12-07,15334245.0
2003-12-08,15334245.0
2003-12-09,15325850.0
2003-12-10,15318505.0
2003-12-11,15315140.0
2003-12-12,15317270.0
2003-12-13,15314070.0
2003-12-14,15321000.0
2003-12-15,15321000.0
2003-12-16,15306944.0
2003-12-17,15305905.0
2003-12-18,15303804.0
2003-12-19,15301701.0
2003-12-20,15296446.0
2003-12-21,15307995.0
2003-12-22,15304854.0
2003-12-23,15302753.0
2003-12-24,15301701.0
2003-12-25,15298549.0
2003-12-26,15309046.0
2003-12-27,15305905.0
2003-12-28,15301701.0
2003-12-29,15299600.0
2003-12-30,15294345.0
2003-12-31,15299600.0
2004-01-01,15305905.0
2004-01-02,15305905.0
2004-01-03,15315353.0
2004-01-04,15318505.0
2004-01-05,15318505.0
2004-01-06,15314301.0
2004-01-07,15323747.0
2004-01-08,15322696.0
2004-01-09,15326900.0
2004-01-10,15340551.0
2004-01-11,15348946.0
2004-01-12,15357354.0
2004-01-13,15368903.0
2004-01-14,15378350.0
2004-01-15,15384655.0
2004-01-16,15398427.0
2004-01-17,15403769.0
2004-01-18,15412000.0
2004-01-19,15415000.0
2004-01-20,15421963.0
2004-01-21,15423034.0
2004-01-22,15428376.0
2004-01-23,15440145.0
2004-01-24,15441216.0
2004-01-25,15448713.0
2004-01-26,15443358.0
2004-01-27,15441216.0
2004-01-28,15438016.0
2004-01-29,15435874.0
2004-01-30,15435874.0
2004-01-31,15433731.0
2004-02-01,15436944.0
2004-02-02,15438016.0
2004-02-03,15433000.0
2004-02-04,15435270.0
2004-02-05,15436000.0
2004-02-06,15432000.0
2004-02-07,15436000.0
2004-02-08,15439490.0
2004-02-09,15444429.0
2004-02-10,15436944.0
2004-02-11,15420893.0
2004-02-12,15418750.0
2004-02-13,15410194.0
2004-02-14,15418750.0
2004-02-15,15429447.0
2004-02-16,15434803.0
2004-02-17,15433731.0
2004-02-18,15433731.0
2004-02-19,15443358.0
2004-02-20,15431590.0
2004-02-21,15435874.0
2004-02-22,15438016.0
2004-02-23,15440145.0
2004-02-24,15436944.0
2004-02-25,15417679.0
2004-02-26,15408053.0
2004-02-27,15394143.0
2004-02-28,15389898.0
2004-02-29,15403769.0
2004-03-01,15399484.0
2004-03-02,15389898.0
2004-03-03,15382554.0
2004-03-04,15386745.0
2004-03-05,15400556.0
2004-03-06,15401626.0
2004-03-07,15396284.0
2004-03-08,15385694.0
2004-03-09,15380451.0
2004-03-10,15368903.0
2004-03-11,15365750.0
2004-03-12,15363648.0
2004-03-13,15368903.0
2004-03-14,15374146.0
2004-03-15,15371005.0
2004-03-16,15359444.0
2004-03-17,15344755.0
2004-03-18,15341603.0
2004-03-19,15335296.0
2004-03-20,15330054.0
2004-03-21,15332155.0
2004-03-22,15322696.0
2004-03-23,15317454.0
2004-03-24,15304854.0
2004-03-25,15300650.0
2004-03-26,15294345.0
2004-03-27,15298549.0
2004-03-28,15293307.0
2004-03-29,15292255.0
2004-03-30,15283817.0
2004-03-31,15255195.0
2004-04-01,15252024.0
2004-04-02,15250964.0
2004-04-03,15237184.0
2004-04-04,15234000.0
2004-04-05,15221280.0
2004-04-06,15205378.0
2004-04-07,15191598.0
2004-04-08,15182062.0
2004-04-09,15174754.0
2004-04-10,15162274.0
2004-04-11,15155000.0
2004-04-12,15139397.0
2004-04-13,15124836.0
2004-04-14,15114438.0
2004-04-15,15093644.0
2004-04-16,15072796.0
2004-04-17,15065451.0
2004-04-18,15053903.0
2004-04-19,15048648.0
2004-04-20,15025551.0
2004-04-21,15002454.0
2004-04-22,14981446.0
2004-04-23,14958479.0
2004-04-24,15114438.0
2004-04-25,14933521.0
2004-04-26,14915836.0
2004-04-27,14902000.0
2004-04-28,14894000.0
2004-04-29,14883603.0
2004-04-30,14865938.0
2004-05-01,14850485.0
2004-05-02,14827828.0
2004-05-03,14810314.0
2004-05-04,14787657.0
2004-05-05,14774267.0
2004-05-06,14754603.0
2004-05-07,14729644.0
2004-05-08,14719246.0
2004-05-09,14706754.0
2004-05-10,14697397.0
2004-05-11,14831000.0
2004-05-12,14674000.0
2004-05-13,14657000.0
2004-05-14,14648000.0
2004-05-15,14632000.0
2004-05-16,14622000.0
2004-05-17,14610000.0
2004-05-18,14590000.0
2004-05-19,14569000.0
2004-05-20,14545000.0
2004-05-21,14532000.0
2004-05-22,14526000.0
2004-05-23,14523000.0
2004-05-24,14508000.0
2004-05-25,14480000.0
2004-05-26,14447000.0
2004-05-27,14422000.0
2004-05-28,14386000.0
2004-05-29,14364000.0
2004-05-30,14345000.0
2004-05-31,14324000.0
2004-06-01,14309000.0
2004-06-02,14284330.0
2004-06-03,14265000.0
2004-06-04,14273000.0
2004-06-05,14266000.0
2004-06-06,14272070.0
2004-06-07,14279000.0
2004-06-08,14270000.0
2004-06-09,14272000.0
2004-06-10,14256000.0
2004-06-11,14231000.0
2004-06-12,14215000.0
2004-06-13,14204000.0
2004-06-14,14185000.0
2004-06-15,14167000.0
2004-06-16,14150000.0
2004-06-17,14142000.0
2004-06-18,14127000.0
2004-06-19,14131000.0
2004-06-20,14127000.0
2004-06-21,14128000.0
2004-06-22,14108000.0
2004-06-23,14095000.0
2004-06-24,14082000.0
2004-06-25,14074000.0
2004-06-26,14068000.0
2004-06-27,14068000.0
2004-06-28,14066000.0
2004-06-29,14060000.0
2004-06-30,14044000.0
2004-07-01,14025000.0
2004-07-02,14023000.0
2004-07-03,14031000.0
2004-07-04,14036000.0
2004-07-05,14026000.0
2004-07-06,14012000.0
2004-07-07,14012000.0
2004-07-08,14009000.0
2004-07-09,14005000.0
2004-07-10,14005000.0
2004-07-11,14006000.0
2004-07-12,13993000.0
2004-07-13,13977000.0
2004-07-14,13967000.0
2004-07-15,13962000.0
2004-07-16,13949000.0
2004-07-17,13961000.0
2004-07-18,13951000.0
2004-07-19,13945000.0
2004-07-20,13952000.0
2004-07-21,13954000.0
2004-07-22,13952000.0
2004-07-23,13947000.0
2004-07-24,13945000.0
2004-07-25,13943000.0
2004-07-26,13940000.0
2004-07-27,13944000.0
2004-07-28,13941000.0
2004-07-29,13931000.0
2004-07-30,13924000.0
2004-07-31,13924000.0
2004-08-01,13935000.0
2004-08-02,13932000.0
2004-08-03,13931000.0
2004-08-04,13932000.0
2004-08-05,13936000.0
2004-08-06,13943000.0
2004-08-07,13956000.0
2004-08-08,13969000.0
2004-08-09,13972000.0
2004-08-10,13970000.0
2004-08-11,13966000.0
2004-08-12,13967000.0
2004-08-13,13981000.0
2004-08-14,13995000.0
2004-08-15,14005000.0
2004-08-16,14015000.0
2004-08-17,14013000.0
2004-08-18,14021000.0
2004-08-19,14017000.0
2004-08-20,14028000.0
2004-08-21,14034000.0
2004-08-22,14047000.0
2004-08-23,14054030.0
2004-08-24,14058070.0
2004-08-25,14046000.0
2004-08-26,14034000.0
2004-08-27,14023000.0
2004-08-28,14032000.0
2004-08-29,14031000.0
2004-08-30,14025000.0
2004-08-31,14018000.0
2004-09-01,14025000.0
2004-09-02,14032000.0
2004-09-03,14032000.0
2004-09-04,14035000.0
2004-09-05,14035000.0
2004-09-06,14037000.0
2004-09-07,14033000.0
2004-09-08,14022000.0
2004-09-09,14004000.0
2004-09-10,14001000.0
2004-09-11,13988000.0
2004-09-12,13983000.0
2004-09-13,13984000.0
2004-09-14,13987000.0
2004-09-15,13985000.0
2004-09-16,13980000.0
2004-09-17,13974000.0
2004-09-18,13971000.0
2004-09-19,13967000.0
2004-09-20,13976000.0
2004-09-21,13977000.0
2004-09-22,13970000.0
2004-09-23,13970000.0
2004-09-24,13965000.0
2004-09-25,13960000.0
2004-09-26,13962000.0
2004-09-27,13956000.0
2004-09-28,13950000.0
2004-09-29,13944000.0
2004-09-30,13937000.0
2004-10-01,13940000.0
2004-10-02,13944000.0
2004-10-03,13954000.0
2004-10-04,13963000.0
2004-10-05,13961000.0
2004-10-06,13964000.0
2004-10-07,13971000.0
2004-10-08,13973000.0
2004-10-09,13979000.0
2004-10-10,13989000.0
2004-10-11,13992000.0
2004-10-12,13991000.0
2004-10-13,13990000.0
2004-10-14,13991000.0
2004-10-15,13992000.0
2004-10-16,13998000.0
2004-10-17,13993000.0
2004-10-18,13993000.0
2004-10-19,13995000.0
2004-10-20,14007000.0
2004-10-21,14017000.0
2004-10-22,14024000.0
2004-10-23,14033000.0
2004-10-24,14044000.0
2004-10-25,14047000.0
2004-10-26,14051000.0
2004-10-27,14058070.0
2004-10-28,14063120.0
2004-10-29,14074230.0
2004-10-30,14089380.0
2004-10-31,14094430.0
2004-11-01,14090390.0
2004-11-02,14087360.0
2004-11-03,14092410.0
2004-11-04,14095440.0
2004-11-05,14097460.0
2004-11-06,14105540.0
2004-11-07,14115640.0
2004-11-08,14113620.0
2004-11-09,14113620.0
2004-11-10,14121700.0
2004-11-11,14126750.0
2004-11-12,14133820.0
2004-11-13,14139880.0
2004-11-14,14146950.0
2004-11-15,14150990.0
2004-11-16,14153010.0
2004-11-17,14156040.0
2004-11-18,14153010.0
2004-11-19,14154020.0
2004-11-20,14154020.0
2004-11-21,14159070.0
2004-11-22,14153010.0
2004-11-23,14187350.0
2004-11-24,14250980.0
2004-11-25,14318650.0
2004-11-26,14369300.0
2004-11-27,14387660.0
2004-11-28,14375420.0
2004-11-29,14373380.0
2004-11-30,14367260.0
2004-12-01,14366240.0
2004-12-02,14365220.0
2004-12-03,14362160.0
2004-12-04,14358080.0
2004-12-05,14357060.0
2004-12-06,14348950.0
2004-12-07,14343900.0
2004-12-08,14342890.0
2004-12-09,14347940.0
2004-12-10,14346930.0
2004-12-11,14357060.0
2004-12-12,14359100.0
2004-12-13,14358080.0
2004-12-14,14359100.0
2004-12-15,14358080.0
2004-12-16,14359100.0
2004-12-17,14360120.0
2004-12-18,14367260.0
2004-12-19,14370320.0
2004-12-20,14371340.0
2004-12-21,14373380.0
2004-12-22,14360120.0
2004-12-23,14358080.0
2004-12-24,14355020.0
2004-12-25,14359100.0
2004-12-26,14363180.0
2004-12-27,14359100.0
2004-12-28,14360120.0
2004-12-29,14368280.0
2004-12-30,14364200.0
2004-12-31,14355020.0
2005-01-01,14365220.0
2005-01-02,14371340.0
2005-01-03,14381540.0
2005-01-04,14372360.0
2005-01-05,14387660.0
2005-01-06,14400920.0
2005-01-07,14411120.0
2005-01-08,14431520.0
2005-01-09,14458060.0
2005-01-10,14494110.0
2005-01-11,14545610.0
2005-01-12,14645700.0
2005-01-13,14695320.0
2005-01-14,14729640.0
2005-01-15,14758760.0
2005-01-16,14789720.0
2005-01-17,14814440.0
2005-01-18,14829890.0
2005-01-19,14842250.0
2005-01-20,14868000.0
2005-01-21,14894000.0
2005-01-22,14918000.0
2005-01-23,14940000.0
2005-01-24,14963000.0
2005-01-25,14975150.0
2005-01-26,14989850.0
2005-01-27,15011900.0
2005-01-28,15037100.0
2005-01-29,15069650.0
2005-01-30,15095720.0
2005-01-31,15118600.0
2005-02-01,15128000.0
2005-02-02,15138360.0
2005-02-03,15153960.0
2005-02-04,15171640.0
2005-02-05,15191600.0
2005-02-06,15206440.0
2005-02-07,15224460.0
2005-02-08,15225520.0
2005-02-09,15230820.0
2005-02-10,15242480.0
2005-02-11,15260500.0
2005-02-12,15282760.0
2005-02-13,15302750.0
2005-02-14,15320600.0
2005-02-15,15338450.0
2005-02-16,15357350.0
2005-02-17,15378350.0
2005-02-18,15412000.0
2005-02-19,15452000.0
2005-02-20,15486000.0
2005-02-21,15524000.0
2005-02-22,15556240.0
2005-02-23,15582740.0
2005-02-24,15618910.0
2005-02-25,15655290.0
2005-02-26,15690600.0
2005-02-27,15717400.0
2005-02-28,15739000.0
2005-03-01,15758440.0
2005-03-02,15776800.0
2005-03-03,15802720.0
2005-03-04,15823240.0
2005-03-05,15852400.0
2005-03-06,15876160.0
2005-03-07,15901000.0
2005-03-08,15918280.0
2005-03-09,15935630.0
2005-03-10,15958520.0
2005-03-11,15980320.0
2005-03-12,16003210.0
2005-03-13,16028280.0
2005-03-14,16045800.0
2005-03-15,16062300.0
2005-03-16,16075500.0
2005-03-17,16099700.0
2005-03-18,16122800.0
2005-03-19,16145900.0
2005-03-20,16165700.0
2005-03-21,16187700.0
2005-03-22,16193200.0
2005-03-23,16188800.0
2005-03-24,16203100.0
2005-03-25,16208600.0
2005-03-26,16217400.0
2005-03-27,16229500.0
2005-03-28,16229500.0
2005-03-29,16222900.0
2005-03-30,16218500.0
2005-03-31,16219600.0
2005-04-01,16224000.0
2005-04-02,16227300.0
2005-04-03,16224000.0
2005-04-04,16220700.0
2005-04-05,16204200.0
2005-04-06,16183300.0
2005-04-07,16163500.0
2005-04-08,16155800.0
2005-04-09,16172300.0
2005-04-10,16181100.0
2005-04-11,16171200.0
2005-04-12,16150300.0
2005-04-13,16128300.0
2005-04-14,16111800.0
2005-04-15,16098600.0
2005-04-16,16095000.0
2005-04-17,16088700.0
2005-04-18,16077700.0
2005-04-19,16054600.0
2005-04-20,16025010.0
2005-04-21,15999940.0
2005-04-22,15986860.0
2005-04-23,15979230.0
2005-04-24,15963970.0
2005-04-25,15945440.0
2005-04-26,15924760.0
2005-04-27,15902080.0
2005-04-28,15886960.0
2005-04-29,15869680.0
2005-04-30,15868600.0
2005-05-01,15867520.0
2005-05-02,15848080.0
2005-05-03,15830800.0
2005-05-04,15817840.0
2005-05-05,15801640.0
2005-05-06,15812440.0
2005-05-07,15809200.0
2005-05-08,15810280.0
2005-05-09,15787600.0
2005-05-10,15787600.0
2005-05-11,15770320.0
2005-05-12,15748720.0
2005-05-13,15731440.0
2005-05-14,15717400.0
2005-05-15,15697020.0
2005-05-16,15699160.0
2005-05-17,15703440.0
2005-05-18,15697020.0
2005-05-19,15678830.0
2005-05-20,15665990.0
2005-05-21,15660640.0
2005-05-22,15671340.0
2005-05-23,15663850.0
2005-05-24,15651010.0
2005-05-25,15634960.0
2005-05-26,15630680.0
2005-05-27,15632820.0
2005-05-28,15622120.0
2005-05-29,15616770.0
2005-05-30,15614630.0
2005-05-31,15593340.0
2005-06-01,15577440.0
2005-06-02,15558360.0
2005-06-03,15538220.0
2005-06-04,15532920.0
2005-06-05,15533980.0
2005-06-06,15526560.0
2005-06-07,15514900.0
2005-06-08,15508540.0
2005-06-09,15500060.0
2005-06-10,15495790.0
2005-06-11,15505360.0
2005-06-12,15506420.0
2005-06-13,15499000.0
2005-06-14,15492580.0
2005-06-15,15490440.0
2005-06-16,15482950.0
2005-06-17,15480810.0
2005-06-18,15485090.0
2005-06-19,15485090.0
2005-06-20,15478670.0
2005-06-21,15470110.0
2005-06-22,15469040.0
2005-06-23,15477600.0
2005-06-24,15477600.0
2005-06-25,15487230.0
2005-06-26,15489370.0
2005-06-27,15485090.0
2005-06-28,15477600.0
2005-06-29,15456200.0
2005-06-30,15441220.0
2005-07-01,15434800.0
2005-07-02,15435870.0
2005-07-03,15438010.0
2005-07-04,15436940.0
2005-07-05,15430520.0
2005-07-06,15417680.0
2005-07-07,15406980.0
2005-07-08,15393070.0
2005-07-09,15394140.0
2005-07-10,15399490.0
2005-07-11,15392000.0
2005-07-12,15375200.0
2005-07-13,15359450.0
2005-07-14,15355250.0
2005-07-15,15346850.0
2005-07-16,15345800.0
2005-07-17,15342650.0
2005-07-18,15341600.0
2005-07-19,15323750.0
2005-07-20,15321650.0
2005-07-21,15314300.0
2005-07-22,15315350.0
2005-07-23,15315350.0
2005-07-24,15330050.0
2005-07-25,15321650.0
2005-07-26,15317450.0
2005-07-27,15308000.0
2005-07-28,15300650.0
2005-07-29,15294350.0
2005-07-30,15288050.0
2005-07-31,15288050.0
2005-08-01,15279580.0
2005-08-02,15282760.0
2005-08-03,15283820.0
2005-08-04,15290150.0
2005-08-05,15283820.0
2005-08-06,15288050.0
2005-08-07,15285940.0
2005-08-08,15293300.0
2005-08-09,15288050.0
2005-08-10,15285940.0
2005-08-11,15276400.0
2005-08-12,15273220.0
2005-08-13,15276400.0
2005-08-14,15291200.0
2005-08-15,15299600.0
2005-08-16,15301700.0
2005-08-17,15304850.0
2005-08-18,15305900.0
2005-08-19,15314300.0
2005-08-20,15321650.0
2005-08-21,15335300.0
2005-08-22,15339500.0
2005-08-23,15337400.0
2005-08-24,15336350.0
2005-08-25,15330050.0
2005-08-26,15326900.0
2005-08-27,15331100.0
2005-08-28,15337400.0
2005-08-29,15338450.0
2005-08-30,15347900.0
2005-08-31,15351050.0
2005-09-01,15360500.0
2005-09-02,15365750.0
2005-09-03,15372050.0
2005-09-04,15378350.0
2005-09-05,15382550.0
2005-09-06,15380450.0
2005-09-07,15367850.0
2005-09-08,15356300.0
2005-09-09,15348950.0
2005-09-10,15350000.0
2005-09-11,15345800.0
2005-09-12,15359450.0
2005-09-13,15354200.0
2005-09-14,15347900.0
2005-09-15,15338450.0
2005-09-16,15322700.0
2005-09-17,15314300.0
2005-09-18,15310100.0
2005-09-19,15293300.0
2005-09-20,15281700.0
2005-09-21,15271100.0
2005-09-22,15256260.0
2005-09-23,15258380.0
2005-09-24,15256260.0
2005-09-25,15256260.0
2005-09-26,15250960.0
2005-09-27,15240360.0
2005-09-28,15228700.0
2005-09-29,15228700.0
2005-09-30,15219160.0
2005-10-01,15220220.0
2005-10-02,15206440.0
2005-10-03,15200080.0
2005-10-04,15196000.0
2005-10-05,15193720.0
2005-10-06,15186300.0
2005-10-07,15181000.0
2005-10-08,15181000.0
2005-10-09,15183120.0
2005-10-10,15175800.0
2005-10-11,15167480.0
2005-10-12,15157080.0
2005-10-13,15145640.0
2005-10-14,15141480.0
2005-10-15,15137320.0
2005-10-16,15134200.0
2005-10-17,15124840.0
2005-10-18,15123800.0
2005-10-19,15111320.0
2005-10-20,15097800.0
2005-10-21,15092600.0
2005-10-22,15093640.0
2005-10-23,15089480.0
2005-10-24,15083240.0
2005-10-25,15084280.0
2005-10-26,15073850.0
2005-10-27,15071750.0
2005-10-28,15070700.0
2005-10-29,15073850.0
2005-10-30,15080120.0
2005-10-31,15078040.0
2005-11-01,15077000.0
2005-11-02,15072800.0
2005-11-03,15072000.0
2005-11-04,15069650.0
2005-11-05,15079080.0
2005-11-06,15081160.0
2005-11-07,15074900.0
2005-11-08,15067550.0
2005-11-09,15060200.0
2005-11-10,15057050.0
2005-11-11,15056000.0
2005-11-12,15059150.0
2005-11-13,15058100.0
2005-11-14,15060200.0
2005-11-15,15050750.0
2005-11-16,15037100.0
2005-11-17,15022400.0
2005-11-18,15004550.0
2005-11-19,15006650.0
2005-11-20,14998250.0
2005-11-21,14987750.0
2005-11-22,14969920.0
2005-11-23,14956400.0
2005-11-24,14951200.0
2005-11-25,14943920.0
2005-11-26,14936640.0
2005-11-27,14921040.0
2005-11-28,14903360.0
2005-11-29,14897120.0
2005-11-30,14896080.0
2005-12-01,14895040.0
2005-12-02,14891920.0
2005-12-03,14898160.0
2005-12-04,14908560.0
2005-12-05,14911680.0
2005-12-06,14917920.0
2005-12-07,14927280.0
2005-12-08,14938720.0
2005-12-09,14950160.0
2005-12-10,14966800.0
2005-12-11,14977250.0
2005-12-12,14986700.0
2005-12-13,14994050.0
2005-12-14,14998250.0
2005-12-15,15001400.0
2005-12-16,15005600.0
2005-12-17,15010850.0
2005-12-18,15022400.0
2005-12-19,15029750.0
2005-12-20,15040250.0
2005-12-21,15052850.0
2005-12-22,15061250.0
2005-12-23,15079080.0
2005-12-24,15092600.0
2005-12-25,15106120.0
2005-12-26,15119640.0
2005-12-27,15121720.0
2005-12-28,15119640.0
2005-12-29,15121720.0
2005-12-30,15120680.0
2005-12-31,15131080.0
2006-01-01,15148760.0
2006-01-02,15153960.0
2006-01-03,15155000.0
2006-01-04,15161240.0
2006-01-05,15170600.0
2006-01-06,15179960.0
2006-01-07,15191600.0
2006-01-08,15202200.0
2006-01-09,15210680.0
2006-01-10,15211740.0
2006-01-11,15223400.0
2006-01-12,15234000.0
2006-01-13,15245660.0
2006-01-14,15257320.0
2006-01-15,15273220.0
2006-01-16,15276400.0
2006-01-17,15279580.0
2006-01-18,15289100.0
2006-01-19,15298550.0
2006-01-20,15308000.0
2006-01-21,15319550.0
2006-01-22,15334250.0
2006-01-23,15333200.0
2006-01-24,15326900.0
2006-01-25,15324800.0
2006-01-26,15326900.0
2006-01-27,15336350.0
2006-01-28,15345800.0
2006-01-29,15351050.0
2006-01-30,15340550.0
2006-01-31,15335300.0
2006-02-01,15337400.0
2006-02-02,15343700.0
2006-02-03,15346850.0
2006-02-04,15362600.0
2006-02-05,15377300.0
2006-02-06,15382550.0
2006-02-07,15390950.0
2006-02-08,15403770.0
2006-02-09,15411260.0
2006-02-10,15410190.0
2006-02-11,15416610.0
2006-02-12,15427310.0
2006-02-13,15434800.0
2006-02-14,15431590.0
2006-02-15,15440150.0
2006-02-16,15439080.0
2006-02-17,15443360.0
2006-02-18,15452990.0
2006-02-19,15466900.0
2006-02-20,15471180.0
2006-02-21,15473320.0
2006-02-22,15485090.0
2006-02-23,15499000.0
2006-02-24,15513840.0
2006-02-25,15526560.0
2006-02-26,15531860.0
2006-02-27,15530800.0
2006-02-28,15520200.0
2006-03-01,15519140.0
2006-03-02,15517020.0
2006-03-03,15506420.0
2006-03-04,15507480.0
2006-03-05,15506420.0
2006-03-06,15497930.0
2006-03-07,15496860.0
2006-03-08,15486160.0
2006-03-09,15466900.0
2006-03-10,15450850.0
2006-03-11,15448710.0
2006-03-12,15446570.0
2006-03-13,15436940.0
2006-03-14,15420890.0
2006-03-15,15414470.0
2006-03-16,15403770.0
2006-03-17,15383600.0
2006-03-18,15379400.0
2006-03-19,15379400.0
2006-03-20,15376250.0
2006-03-21,15385700.0
2006-03-22,15375200.0
2006-03-23,15373100.0
2006-03-24,15373100.0
2006-03-25,15372050.0
2006-03-26,15376250.0
2006-03-27,15363650.0
2006-03-28,15356300.0
2006-03-29,15342650.0
2006-03-30,15338450.0
2006-03-31,15337400.0
2006-04-01,15329000.0
2006-04-02,15321650.0
2006-04-03,15302750.0
2006-04-04,15277460.0
2006-04-05,15258380.0
2006-04-06,15247780.0
2006-04-07,15242480.0
2006-04-08,15236120.0
2006-04-09,15225520.0
2006-04-10,15215980.0
2006-04-11,15199020.0
2006-04-12,15188420.0
2006-04-13,15184180.0
2006-04-14,15168520.0
2006-04-15,15176840.0
2006-04-16,15179960.0
2006-04-17,15165400.0
2006-04-18,15144600.0
2006-04-19,15120680.0
2006-04-20,15108200.0
2006-04-21,15096760.0
2006-04-22,15086360.0
2006-04-23,15085320.0
2006-04-24,15061250.0
2006-04-25,15044450.0
2006-04-26,15028700.0
2006-04-27,15005600.0
2006-04-28,14987750.0
2006-04-29,14975150.0
2006-04-30,14965760.0
2006-05-01,14957440.0
2006-05-02,14941840.0
2006-05-03,14926240.0
2006-05-04,14907520.0
2006-05-05,14892960.0
2006-05-06,14882560.0
2006-05-07,14874240.0
2006-05-08,14856670.0
2006-05-09,14838130.0
2006-05-10,14817530.0
2006-05-11,14798990.0
2006-05-12,14786630.0
2006-05-13,14783540.0
2006-05-14,14781480.0
2006-05-15,14766030.0
2006-05-16,14748360.0
2006-05-17,14731720.0
2006-05-18,14709880.0
2006-05-19,14683880.0
2006-05-20,14669320.0
2006-05-21,14659980.0
2006-05-22,14654880.0
2006-05-23,14638560.0
2006-05-24,14616120.0
2006-05-25,14586540.0
2006-05-26,14566140.0
2006-05-27,14560020.0
2006-05-28,14546640.0
2006-05-29,14529130.0
2006-05-30,14500290.0
2006-05-31,14470420.0
2006-06-01,14454980.0
2006-06-02,14440700.0
2006-06-03,14430500.0
2006-06-04,14427440.0
2006-06-05,14424380.0
2006-06-06,14426420.0
2006-06-07,14426420.0
2006-06-08,14430500.0
2006-06-09,14424380.0
2006-06-10,14420300.0
2006-06-11,14412140.0
2006-06-12,14401940.0
2006-06-13,14384600.0
2006-06-14,14372360.0
2006-06-15,14362160.0
2006-06-16,14343900.0
2006-06-17,14329760.0
2006-06-18,14321680.0
2006-06-19,14303500.0
2006-06-20,14284310.0
2006-06-21,14271180.0
2006-06-22,14264110.0
2006-06-23,14255020.0
2006-06-24,14255020.0
2006-06-25,14253000.0
2006-06-26,14229770.0
2006-06-27,14214620.0
2006-06-28,14191390.0
2006-06-29,14177250.0
2006-06-30,14178260.0
2006-07-01,14172200.0
2006-07-02,14171190.0
2006-07-03,14173210.0
2006-07-04,14178260.0
2006-07-05,14170180.0
2006-07-06,14175230.0
2006-07-07,14170180.0
2006-07-08,14165130.0
2006-07-09,14162100.0
2006-07-10,14159070.0
2006-07-11,14148970.0
2006-07-12,14142910.0
2006-07-13,14133820.0
2006-07-14,14122710.0
2006-07-15,14115640.0
2006-07-16,14104530.0
2006-07-17,14106550.0
2006-07-18,14083320.0
2006-07-19,14074230.0
2006-07-20,14066150.0
2006-07-21,14054030.0
2006-07-22,14040000.0
2006-07-23,14035000.0
2006-07-24,14023000.0
2006-07-25,14012000.0
2006-07-26,14002000.0
2006-07-27,14003000.0
2006-07-28,14006000.0
2006-07-29,14003000.0
2006-07-30,14001000.0
2006-07-31,13993000.0
2006-08-01,14004000.0
2006-08-02,14007000.0
2006-08-03,14013000.0
2006-08-04,14023000.0
2006-08-05,14030000.0
2006-08-06,14040000.0
2006-08-07,14036000.0
2006-08-08,14021000.0
2006-08-09,14014000.0
2006-08-10,14001000.0
2006-08-11,13992000.0
2006-08-12,13998000.0
2006-08-13,14011000.0
2006-08-14,14016000.0
2006-08-15,14021000.0
2006-08-16,14025000.0
2006-08-17,14027000.0
2006-08-18,14029000.0
2006-08-19,14033000.0
2006-08-20,14042000.0
2006-08-21,14042000.0
2006-08-22,14035000.0
2006-08-23,14031000.0
2006-08-24,14023000.0
2006-08-25,14022000.0
2006-08-26,14028000.0
2006-08-27,14034000.0
2006-08-28,14031000.0
2006-08-29,14020000.0
2006-08-30,14005000.0
2006-08-31,14005000.0
2006-09-01,14008000.0
2006-09-02,14010000.0
2006-09-03,14018000.0
2006-09-04,14010000.0
2006-09-05,14001000.0
2006-09-06,14004000.0
2006-09-07,13992000.0
2006-09-08,13995000.0
2006-09-09,13999000.0
2006-09-10,14000000.0
2006-09-11,13996000.0
2006-09-12,13990000.0
2006-09-13,13979000.0
2006-09-14,13970000.0
2006-09-15,13966000.0
2006-09-16,13959000.0
2006-09-17,13961000.0
2006-09-18,13944000.0
2006-09-19,13930000.0
2006-09-20,13927000.0
2006-09-21,13928000.0
2006-09-22,13927000.0
2006-09-23,13924000.0
2006-09-24,13920000.0
2006-09-25,13905000.0
2006-09-26,13890000.0
2006-09-27,13892000.0
2006-09-28,13890000.0
2006-09-29,13889000.0
2006-09-30,13887000.0
2006-10-01,13885000.0
2006-10-02,13872000.0
2006-10-03,13868000.0
2006-10-04,13873000.0
2006-10-05,13870000.0
2006-10-06,13876000.0
2006-10-07,13881000.0
2006-10-08,13898000.0
2006-10-09,13901000.0
2006-10-10,13900000.0
2006-10-11,13903000.0
2006-10-12,13909000.0
2006-10-13,13926000.0
2006-10-14,13935000.0
2006-10-15,13947000.0
2006-10-16,13951000.0
2006-10-17,13960000.0
2006-10-18,13955000.0
2006-10-19,13956000.0
2006-10-20,13952000.0
2006-10-21,13952000.0
2006-10-22,13949000.0
2006-10-23,13945000.0
2006-10-24,13943000.0
2006-10-25,13946000.0
2006-10-26,13948000.0
2006-10-27,13950000.0
2006-10-28,13957000.0
2006-10-29,13962000.0
2006-10-30,13962000.0
2006-10-31,13964000.0
2006-11-01,13955000.0
2006-11-02,13958000.0
2006-11-03,13957000.0
2006-11-04,13962000.0
2006-11-05,13972000.0
2006-11-06,13974000.0
2006-11-07,13973000.0
2006-11-08,13975000.0
2006-11-09,13982000.0
2006-11-10,13983000.0
2006-11-11,13991000.0
2006-11-12,13994000.0
2006-11-13,13998000.0
2006-11-14,14001000.0
2006-11-15,13999000.0
2006-11-16,13998000.0
2006-11-17,13994000.0
2006-11-18,13997000.0
2006-11-19,14000000.0
2006-11-20,14004000.0
2006-11-21,14009000.0
2006-11-22,14013000.0
2006-11-23,14018000.0
2006-11-24,14024000.0
2006-11-25,14033000.0
2006-11-26,14034000.0
2006-11-27,14025000.0
2006-11-28,14027000.0
2006-11-29,14018000.0
2006-11-30,14014000.0
2006-12-01,14016000.0
2006-12-02,14017000.0
2006-12-03,14020000.0
2006-12-04,14024000.0
2006-12-05,14034000.0
2006-12-06,14045000.0
2006-12-07,14052010.0
2006-12-08,14059080.0
2006-12-09,14066150.0
2006-12-10,14075240.0
2006-12-11,14086350.0
2006-12-12,14094430.0
2006-12-13,14105540.0
2006-12-14,14108570.0
2006-12-15,14116650.0
2006-12-16,14110590.0
2006-12-17,14119680.0
2006-12-18,14126750.0
2006-12-19,14117660.0
2006-12-20,14115640.0
2006-12-21,14112610.0
2006-12-22,14118670.0
2006-12-23,14125740.0
2006-12-24,14124730.0
2006-12-25,14130790.0
2006-12-26,14132810.0
2006-12-27,14137860.0
2006-12-28,14143920.0
2006-12-29,14149980.0
2006-12-30,14158060.0
2006-12-31,14164120.0
2007-01-01,14175230.0
2007-01-02,14179270.0
2007-01-03,14182300.0
2007-01-04,14180280.0
2007-01-05,14185330.0
2007-01-06,14183310.0
2007-01-07,14188360.0
2007-01-08,14192400.0
2007-01-09,14195430.0
2007-01-10,14205530.0
2007-01-11,14212600.0
2007-01-12,14222700.0
2007-01-13,14227750.0
2007-01-14,14230780.0
2007-01-15,14229770.0
2007-01-16,14232800.0
2007-01-17,14240880.0
2007-01-18,14249970.0
2007-01-19,14255020.0
2007-01-20,14270170.0
2007-01-21,14279260.0
2007-01-22,14280270.0
2007-01-23,14281280.0
2007-01-24,14287340.0
2007-01-25,14290370.0
2007-01-26,14294410.0
2007-01-27,14299460.0
2007-01-28,14306530.0
2007-01-29,14307540.0
2007-01-30,14306530.0
2007-01-31,14308550.0
2007-02-01,14313600.0
2007-02-02,14313600.0
2007-02-03,14321680.0
2007-02-04,14328750.0
2007-02-05,14335820.0
2007-02-06,14336830.0
2007-02-07,14331780.0
2007-02-08,14329760.0
2007-02-09,14330770.0
2007-02-10,14333800.0
2007-02-11,14338850.0
2007-02-12,14346930.0
2007-02-13,14349960.0
2007-02-14,14347940.0
2007-02-15,14347940.0
2007-02-16,14348950.0
2007-02-17,14347940.0
2007-02-18,14352990.0
2007-02-19,14347940.0
2007-02-20,14339860.0
2007-02-21,14329760.0
2007-02-22,14312590.0
2007-02-23,14310570.0
2007-02-24,14312590.0
2007-02-25,14311580.0
2007-02-26,14302490.0
2007-02-27,14290370.0
2007-02-28,14288350.0
2007-03-01,14274210.0
2007-03-02,14265120.0
2007-03-03,14258050.0
2007-03-04,14256030.0
2007-03-05,14244920.0
2007-03-06,14231790.0
2007-03-07,14220680.0
2007-03-08,14211590.0
2007-03-09,14199470.0
2007-03-10,14198460.0
2007-03-11,14197450.0
2007-03-12,14187350.0
2007-03-13,14179270.0
2007-03-14,14165130.0
2007-03-15,14147960.0
2007-03-16,14124730.0
2007-03-17,14111600.0
2007-03-18,14103520.0
2007-03-19,14084330.0
2007-03-20,14064130.0
2007-03-21,14062110.0
2007-03-22,14040000.0
2007-03-23,14036000.0
2007-03-24,14035000.0
2007-03-25,14037000.0
2007-03-26,14021000.0
2007-03-27,14002000.0
2007-03-28,13977000.0
2007-03-29,13951000.0
2007-03-30,13939000.0
2007-03-31,13930000.0
2007-04-01,13925000.0
2007-04-02,13909000.0
2007-04-03,13890000.0
2007-04-04,13876000.0
2007-04-05,13862000.0
2007-04-06,13847040.0
2007-04-07,13838130.0
2007-04-08,13830210.0
2007-04-09,13816350.0
2007-04-10,13793580.0
2007-04-11,13769820.0
2007-04-12,13759920.0
2007-04-13,13727250.0
2007-04-14,13705470.0
2007-04-15,13691610.0
2007-04-16,13666860.0
2007-04-17,13650030.0
2007-04-18,13632210.0
2007-04-19,13615380.0
2007-04-20,13597560.0
2007-04-21,13583700.0
2007-04-22,13573800.0
2007-04-23,13561920.0
2007-04-24,13546160.0
2007-04-25,13525580.0
2007-04-26,13505000.0
2007-04-27,13476580.0
2007-04-28,13460900.0
2007-04-29,13442420.0
2007-04-30,13425930.0
2007-05-01,13409440.0
2007-05-02,13377430.0
2007-05-03,13376460.0
2007-05-04,13362880.0
2007-05-05,13356090.0
2007-05-06,13342510.0
2007-05-07,13320200.0
2007-05-08,13298860.0
2007-05-09,13278490.0
2007-05-10,13267820.0
2007-05-11,13257150.0
2007-05-12,13254240.0
2007-05-13,13254240.0
2007-05-14,13238720.0
2007-05-15,13220290.0
2007-05-16,13203800.0
2007-05-17,13184400.0
2007-05-18,13170820.0
2007-05-19,13165000.0
2007-05-20,13158280.0
2007-05-21,13143880.0
2007-05-22,13127560.0
2007-05-23,13109320.0
2007-05-24,13090120.0
2007-05-25,13074760.0
2007-05-26,13062280.0
2007-05-27,13043080.0
2007-05-28,13022920.0
2007-05-29,13003720.0
2007-05-30,12988360.0
2007-05-31,12962550.0
2007-06-01,12945450.0
2007-06-02,12944500.0
2007-06-03,12943550.0
2007-06-04,12935950.0
2007-06-05,12919800.0
2007-06-06,12920750.0
2007-06-07,12922650.0
2007-06-08,12906500.0
2007-06-09,12902700.0
2007-06-10,12899850.0
2007-06-11,12886550.0
2007-06-12,12872240.0
2007-06-13,12858800.0
2007-06-14,12845360.0
2007-06-15,12830000.0
2007-06-16,12827120.0
2007-06-17,12832880.0
2007-06-18,12819440.0
2007-06-19,12803120.0
2007-06-20,12794480.0
2007-06-21,12789680.0
2007-06-22,12778240.0
2007-06-23,12768840.0
2007-06-24,12769780.0
2007-06-25,12759440.0
2007-06-26,12746280.0
2007-06-27,12733120.0
2007-06-28,12734060.0
2007-06-29,12729360.0
2007-06-30,12735000.0
2007-07-01,12716200.0
2007-07-02,12716000.0
2007-07-03,12710000.0
2007-07-04,12712440.0
2007-07-05,12709620.0
2007-07-06,12695520.0
2007-07-07,12690820.0
2007-07-08,12698340.0
2007-07-09,12688000.0
2007-07-10,12688000.0
2007-07-11,12679450.0
2007-07-12,12667100.0
2007-07-13,12654750.0
2007-07-14,12644300.0
2007-07-15,12633850.0
2007-07-16,12621500.0
2007-07-17,12606300.0
2007-07-18,12593000.0
2007-07-19,12579000.0
2007-07-20,12572000.0
2007-07-21,12573000.0
2007-07-22,12570440.0
2007-07-23,12561040.0
2007-07-24,12569500.0
2007-07-25,12562920.0
2007-07-26,12559160.0
2007-07-27,12553520.0
2007-07-28,12547880.0
2007-07-29,12555400.0
2007-07-30,12545060.0
2007-07-31,12553520.0
2007-08-01,12550700.0
2007-08-02,12552580.0
2007-08-03,12551640.0
2007-08-04,12548820.0
2007-08-05,12552580.0
2007-08-06,12556340.0
2007-08-07,12561040.0
2007-08-08,12559160.0
2007-08-09,12561040.0
2007-08-10,12565740.0
2007-08-11,12573260.0
2007-08-12,12581720.0
2007-08-13,12574200.0
2007-08-14,12573260.0
2007-08-15,12573260.0
2007-08-16,12571380.0
2007-08-17,12569500.0
2007-08-18,12570440.0
2007-08-19,12575140.0
2007-08-20,12573260.0
2007-08-21,12577960.0
2007-08-22,12577960.0
2007-08-23,12577960.0
2007-08-24,12577020.0
2007-08-25,12580780.0
2007-08-26,12591120.0
2007-08-27,12589240.0
2007-08-28,12588300.0
2007-08-29,12583600.0
2007-08-30,12581720.0
2007-08-31,12577960.0
2007-09-01,12577020.0
2007-09-02,12580780.0
2007-09-03,12576080.0
2007-09-04,12566680.0
2007-09-05,12555400.0
2007-09-06,12550700.0
2007-09-07,12548820.0
2007-09-08,12550700.0
2007-09-09,12554460.0
2007-09-10,12555400.0
2007-09-11,12553520.0
2007-09-12,12550700.0
2007-09-13,12543180.0
2007-09-14,12533780.0
2007-09-15,12533780.0
2007-09-16,12531900.0
2007-09-17,12527200.0
2007-09-18,12524380.0
2007-09-19,12523440.0
2007-09-20,12522500.0
2007-09-21,12518740.0
2007-09-22,12514980.0
2007-09-23,12529080.0
2007-09-24,12529080.0
2007-09-25,12515920.0
2007-09-26,12505580.0
2007-09-27,12503700.0
2007-09-28,12501820.0
2007-09-29,12507460.0
2007-09-30,12504640.0
2007-10-01,12500880.0
2007-10-02,12494350.0
2007-10-03,12486910.0
2007-10-04,12481330.0
2007-10-05,12490630.0
2007-10-06,12499940.0
2007-10-07,12505580.0
2007-10-08,12506520.0
2007-10-09,12507460.0
2007-10-10,12506520.0
2007-10-11,12506520.0
2007-10-12,12506520.0
2007-10-13,12515920.0
2007-10-14,12519680.0
2007-10-15,12521560.0
2007-10-16,12525320.0
2007-10-17,12529080.0
2007-10-18,12523440.0
2007-10-19,12518740.0
2007-10-20,12518740.0
2007-10-21,12509340.0
2007-10-22,12504640.0
2007-10-23,12504640.0
2007-10-24,12503700.0
2007-10-25,12502760.0
2007-10-26,12493420.0
2007-10-27,12499000.0
2007-10-28,12507460.0
2007-10-29,12503700.0
2007-10-30,12495280.0
2007-10-31,12494350.0
2007-11-01,12495280.0
2007-11-02,12494350.0
2007-11-03,12501820.0
2007-11-04,12507460.0
2007-11-05,12510280.0
2007-11-06,12505580.0
2007-11-07,12500880.0
2007-11-08,12498070.0
2007-11-09,12502760.0
2007-11-10,12508400.0
2007-11-11,12516860.0
2007-11-12,12516860.0
2007-11-13,12516860.0
2007-11-14,12510280.0
2007-11-15,12501820.0
2007-11-16,12505580.0
2007-11-17,12512160.0
2007-11-18,12517800.0
2007-11-19,12520620.0
2007-11-20,12523440.0
2007-11-21,12513100.0
2007-11-22,12513100.0
2007-11-23,12512160.0
2007-11-24,12499940.0
2007-11-25,12499940.0
2007-11-26,12494350.0
2007-11-27,12499940.0
2007-11-28,12501820.0
2007-11-29,12505580.0
2007-11-30,12519680.0
2007-12-01,12528140.0
2007-12-02,12539420.0
2007-12-03,12549760.0
2007-12-04,12562920.0
2007-12-05,12575140.0
2007-12-06,12584540.0
2007-12-07,12593000.0
2007-12-08,12609150.0
2007-12-09,12618650.0
2007-12-10,12625300.0
2007-12-11,12634800.0
2007-12-12,12648100.0
2007-12-13,12666150.0
2007-12-14,12685150.0
2007-12-15,12707740.0
2007-12-16,12725600.0
2007-12-17,12742520.0
2007-12-18,12753800.0
2007-12-19,12761320.0
2007-12-20,12777300.0
2007-12-21,12780120.0
2007-12-22,12789680.0
2007-12-23,12803120.0
2007-12-24,12814640.0
2007-12-25,12814640.0
2007-12-26,12817520.0
2007-12-27,12817520.0
2007-12-28,12817520.0
2007-12-29,12834800.0
2007-12-30,12848240.0
2007-12-31,12859760.0
2008-01-01,12867440.0
2008-01-02,12866480.0
2008-01-03,12868400.0
2008-01-04,12872240.0
2008-01-05,12878950.0
2008-01-06,12889400.0
2008-01-07,12897000.0
2008-01-08,12904600.0
2008-01-09,12917900.0
2008-01-10,12924550.0
2008-01-11,12928350.0
2008-01-12,12935950.0
2008-01-13,12943550.0
2008-01-14,12954000.0
2008-01-15,12958750.0
2008-01-16,12954000.0
2008-01-17,12950200.0
2008-01-18,12946400.0
2008-01-19,12959700.0
2008-01-20,12965400.0
2008-01-21,12973960.0
2008-01-22,12975880.0
2008-01-23,12972050.0
2008-01-24,12971100.0
2008-01-25,12973000.0
2008-01-26,12985480.0
2008-01-27,12989320.0
2008-01-28,12999880.0
2008-01-29,13004680.0
2008-01-30,13004680.0
2008-01-31,13017160.0
2008-02-01,13024840.0
2008-02-02,13040200.0
2008-02-03,13046920.0
2008-02-04,13053640.0
2008-02-05,13051720.0
2008-02-06,13049800.0
2008-02-07,13051720.0
2008-02-08,13052680.0
2008-02-09,13061320.0
2008-02-10,13071880.0
2008-02-11,13071880.0
2008-02-12,13075720.0
2008-02-13,13080520.0
2008-02-14,13081480.0
2008-02-15,13081480.0
2008-02-16,13092040.0
2008-02-17,13100680.0
2008-02-18,13099720.0
2008-02-19,13093000.0
2008-02-20,13087240.0
2008-02-21,13086280.0
2008-02-22,13080520.0
2008-02-23,13075720.0
2008-02-24,13080520.0
2008-02-25,13074760.0
2008-02-26,13069000.0
2008-02-27,13064200.0
2008-02-28,13058440.0
2008-02-29,13062280.0
2008-03-01,13060360.0
2008-03-02,13057480.0
2008-03-03,13042120.0
2008-03-04,13018120.0
2008-03-05,12997000.0
2008-03-06,12977800.0
2008-03-07,13003720.0
2008-03-08,13059400.0
2008-03-09,13116040.0
2008-03-10,13152520.0
2008-03-11,13153480.0
2008-03-12,13141000.0
2008-03-13,13122760.0
2008-03-14,13103560.0
2008-03-15,13105480.0
2008-03-16,13107400.0
2008-03-17,13093960.0
2008-03-18,13079560.0
2008-03-19,13063240.0
2008-03-20,13051720.0
2008-03-21,13034440.0
2008-03-22,13022920.0
2008-03-23,13021960.0
2008-03-24,13001800.0
2008-03-25,12982600.0
2008-03-26,12965400.0
2008-03-27,12955900.0
2008-03-28,12951150.0
2008-03-29,12951150.0
2008-03-30,12951150.0
2008-03-31,12939750.0
2008-04-01,12914100.0
2008-04-02,12894150.0
2008-04-03,12878950.0
2008-04-04,12856880.0
2008-04-05,12846320.0
2008-04-06,12841520.0
2008-04-07,12821360.0
2008-04-08,12797360.0
2008-04-09,12780120.0
2008-04-10,12757560.0
2008-04-11,12738760.0
2008-04-12,12718080.0
2008-04-13,12703040.0
2008-04-14,12679450.0
2008-04-15,12666150.0
2008-04-16,12655700.0
2008-04-17,12645250.0
2008-04-18,12632900.0
2008-04-19,12634800.0
2008-04-20,12631950.0
2008-04-21,12621500.0
2008-04-22,12601550.0
2008-04-23,12583600.0
2008-04-24,12566680.0
2008-04-25,12551640.0
2008-04-26,12533780.0
2008-04-27,12521560.0
2008-04-28,12503700.0
2008-04-29,12477610.0
2008-04-30,12462730.0
2008-05-01,12452500.0
2008-05-02,12440410.0
2008-05-03,12437620.0
2008-05-04,12439480.0
2008-05-05,12429250.0
2008-05-06,12417160.0
2008-05-07,12403180.0
2008-05-08,12385320.0
2008-05-09,12371220.0
2008-05-10,12372160.0
2008-05-11,12374980.0
2008-05-12,12365580.0
2008-05-13,12343020.0
2008-05-14,12329860.0
2008-05-15,12312000.0
2008-05-16,12290610.0
2008-05-17,12276660.0
2008-05-18,12262710.0
2008-05-19,12243180.0
2008-05-20,12225510.0
2008-05-21,12218080.0
2008-05-22,12215320.0
2008-05-23,12202440.0
2008-05-24,12193240.0
2008-05-25,12189560.0
2008-05-26,12180360.0
2008-05-27,12169320.0
2008-05-28,12161960.0
2008-05-29,12149080.0
2008-05-30,12138040.0
2008-05-31,12131600.0
2008-06-01,12124240.0
2008-06-02,12116880.0
2008-06-03,12104920.0
2008-06-04,12099400.0
2008-06-05,12093880.0
2008-06-06,12076400.0
2008-06-07,12060760.0
2008-06-08,12055240.0
2008-06-09,12038680.0
2008-06-10,12033160.0
2008-06-11,12027640.0
2008-06-12,12026720.0
2008-06-13,12022120.0
2008-06-14,12025800.0
2008-06-15,12031320.0
2008-06-16,12017520.0
2008-06-17,12005560.0
2008-06-18,11997280.0
2008-06-19,11983480.0
2008-06-20,11978880.0
2008-06-21,11966000.0
2008-06-22,11965080.0
2008-06-23,11961400.0
2008-06-24,11963240.0
2008-06-25,11966920.0
2008-06-26,11965080.0
2008-06-27,11952200.0
2008-06-28,11951280.0
2008-06-29,11948520.0
2008-06-30,11941180.0
2008-07-01,11934810.0
2008-07-02,11924800.0
2008-07-03,11916610.0
2008-07-04,11917520.0
2008-07-05,11912060.0
2008-07-06,11922980.0
2008-07-07,11916610.0
2008-07-08,11912060.0
2008-07-09,11911150.0
2008-07-10,11907510.0
2008-07-11,11916610.0
2008-07-12,11929350.0
2008-07-13,11930260.0
2008-07-14,11930260.0
2008-07-15,11928440.0
2008-07-16,11926620.0
2008-07-17,11928440.0
2008-07-18,11933900.0
2008-07-19,11935720.0
2008-07-20,11952200.0
2008-07-21,11954960.0
2008-07-22,11949440.0
2008-07-23,11939360.0
2008-07-24,11924800.0
2008-07-25,11912060.0
2008-07-26,11908420.0
2008-07-27,11911150.0
2008-07-28,11908420.0
2008-07-29,11902960.0
2008-07-30,11900230.0
2008-07-31,11890220.0
2008-08-01,11893860.0
2008-08-02,11897500.0
2008-08-03,11900230.0
2008-08-04,11899320.0
2008-08-05,11900230.0
2008-08-06,11907510.0
2008-08-07,11913880.0
2008-08-08,11915700.0
2008-08-09,11932080.0
2008-08-10,11949440.0
2008-08-11,11952200.0
2008-08-12,11955880.0
2008-08-13,11955880.0
2008-08-14,11957720.0
2008-08-15,11958640.0
2008-08-16,11967840.0
2008-08-17,11975200.0
2008-08-18,11987160.0
2008-08-19,11999120.0
2008-08-20,12004640.0
2008-08-21,11997280.0
2008-08-22,11981640.0
2008-08-23,11976120.0
2008-08-24,11968760.0
2008-08-25,11954040.0
2008-08-26,11961400.0
2008-08-27,11962320.0
2008-08-28,11969680.0
2008-08-29,11959560.0
2008-08-30,11962320.0
2008-08-31,11954960.0
2008-09-01,11953120.0
2008-09-02,11946680.0
2008-09-03,11944840.0
2008-09-04,11937540.0
2008-09-05,11932990.0
2008-09-06,11932080.0
2008-09-07,11933900.0
2008-09-08,11943920.0
2008-09-09,11943920.0
2008-09-10,11949440.0
2008-09-11,11951280.0
2008-09-12,11962320.0
2008-09-13,11975200.0
2008-09-14,11984400.0
2008-09-15,11977960.0
2008-09-16,11975200.0
2008-09-17,11966920.0
2008-09-18,11957720.0
2008-09-19,11956800.0
2008-09-20,11964160.0
2008-09-21,11973360.0
2008-09-22,11977960.0
2008-09-23,11977960.0
2008-09-24,11973360.0
2008-09-25,11974280.0
2008-09-26,11984400.0
2008-09-27,11994520.0
2008-09-28,12002800.0
2008-09-29,12010160.0
2008-09-30,12012920.0
2008-10-01,12018440.0
2008-10-02,12029480.0
2008-10-03,12041440.0
2008-10-04,12058920.0
2008-10-05,12064440.0
2008-10-06,12075480.0
2008-10-07,12084680.0
2008-10-08,12093880.0
2008-10-09,12104000.0
2008-10-10,12114120.0
2008-10-11,12133440.0
2008-10-12,12143560.0
2008-10-13,12153680.0
2008-10-14,12166560.0
2008-10-15,12174840.0
2008-10-16,12178520.0
2008-10-17,12180360.0
2008-10-18,12189560.0
2008-10-19,12197840.0
2008-10-20,12202440.0
2008-10-21,12204280.0
2008-10-22,12199680.0
2008-10-23,12201520.0
2008-10-24,12206120.0
2008-10-25,12210720.0
2008-10-26,12214400.0
2008-10-27,12209800.0
2008-10-28,12213480.0
2008-10-29,12213480.0
2008-10-30,12212560.0
2008-10-31,12213480.0
2008-11-01,12217160.0
2008-11-02,12226440.0
2008-11-03,12229230.0
2008-11-04,12222720.0
2008-11-05,12212560.0
2008-11-06,12199680.0
2008-11-07,12186800.0
2008-11-08,12188640.0
2008-11-09,12187720.0
2008-11-10,12185880.0
2008-11-11,12182200.0
2008-11-12,12180360.0
2008-11-13,12184960.0
2008-11-14,12178520.0
2008-11-15,12187720.0
2008-11-16,12195080.0
2008-11-17,12199680.0
2008-11-18,12190480.0
2008-11-19,12178520.0
2008-11-20,12170240.0
2008-11-21,12168400.0
2008-11-22,12170240.0
2008-11-23,12175760.0
2008-11-24,12166560.0
2008-11-25,12156440.0
2008-11-26,12158280.0
2008-11-27,12161040.0
2008-11-28,12162880.0
2008-11-29,12162880.0
2008-11-30,12157360.0
2008-12-01,12151840.0
2008-12-02,12154600.0
2008-12-03,12159200.0
2008-12-04,12166560.0
2008-12-05,12173920.0
2008-12-06,12191400.0
2008-12-07,12204280.0
2008-12-08,12211640.0
2008-12-09,12217160.0
2008-12-10,12231090.0
2008-12-11,12243180.0
2008-12-12,12257130.0
2008-12-13,12273870.0
2008-12-14,12286890.0
2008-12-15,12286890.0
2008-12-16,12300840.0
2008-12-17,12314820.0
2008-12-18,12328920.0
2008-12-19,12344900.0
2008-12-20,12361820.0
2008-12-21,12376860.0
2008-12-22,12388140.0
2008-12-23,12400360.0
2008-12-24,12413440.0
2008-12-25,12427390.0
2008-12-26,12442270.0
2008-12-27,12453430.0
2008-12-28,12463660.0
2008-12-29,12471100.0
2008-12-30,12479470.0
2008-12-31,12496210.0
2009-01-01,12512160.0
2009-01-02,12521560.0
2009-01-03,12532840.0
2009-01-04,12536600.0
2009-01-05,12535660.0
2009-01-06,12531900.0
2009-01-07,12539420.0
2009-01-08,12549760.0
2009-01-09,12554460.0
2009-01-10,12564800.0
2009-01-11,12573260.0
2009-01-12,12575140.0
2009-01-13,12581720.0
2009-01-14,12584540.0
2009-01-15,12587360.0
2009-01-16,12595850.0
2009-01-17,12610100.0
2009-01-18,12622450.0
2009-01-19,12627200.0
2009-01-20,12624350.0
2009-01-21,12631950.0
2009-01-22,12638600.0
2009-01-23,12636700.0
2009-01-24,12644300.0
2009-01-25,12652850.0
2009-01-26,12646200.0
2009-01-27,12631950.0
2009-01-28,12613900.0
2009-01-29,12596800.0
2009-01-30,12584540.0
2009-01-31,12572320.0
2009-02-01,12573260.0
2009-02-02,12573260.0
2009-02-03,12572320.0
2009-02-04,12566680.0
2009-02-05,12557280.0
2009-02-06,12557280.0
2009-02-07,12562920.0
2009-02-08,12565740.0
2009-02-09,12560100.0
2009-02-10,12556340.0
2009-02-11,12546000.0
2009-02-12,12546000.0
2009-02-13,12531900.0
2009-02-14,12538480.0
2009-02-15,12536600.0
2009-02-16,12529080.0
2009-02-17,12526260.0
2009-02-18,12527200.0
2009-02-19,12539420.0
2009-02-20,12546940.0
2009-02-21,12559160.0
2009-02-22,12567620.0
2009-02-23,12572320.0
2009-02-24,12564800.0
2009-02-25,12552580.0
2009-02-26,12544120.0
2009-02-27,12536600.0
2009-02-28,12539420.0
2009-03-01,12532840.0
2009-03-02,12523440.0
2009-03-03,12514040.0
2009-03-04,12505580.0
2009-03-05,12499000.0
2009-03-06,12496210.0
2009-03-07,12487840.0
2009-03-08,12475750.0
2009-03-09,12460870.0
2009-03-10,12448780.0
2009-03-11,12435760.0
2009-03-12,12431110.0
2009-03-13,12424600.0
2009-03-14,12429250.0
2009-03-15,12428320.0
2009-03-16,12422740.0
2009-03-17,12402240.0
2009-03-18,12388140.0
2009-03-19,12374040.0
2009-03-20,12356180.0
2009-03-21,12342080.0
2009-03-22,12327040.0
2009-03-23,12310140.0
2009-03-24,12289680.0
2009-03-25,12269220.0
2009-03-26,12249690.0
2009-03-27,12222720.0
2009-03-28,12204280.0
2009-03-29,12200600.0
2009-03-30,12179440.0
2009-03-31,12163800.0
2009-04-01,12145400.0
2009-04-02,12130680.0
2009-04-03,12116880.0
2009-04-04,12101240.0
2009-04-05,12085600.0
2009-04-06,12065360.0
2009-04-07,12046960.0
2009-04-08,12033160.0
2009-04-09,12022120.0
2009-04-10,12012000.0
2009-04-11,12003720.0
2009-04-12,11992680.0
2009-04-13,11974280.0
2009-04-14,11948520.0
2009-04-15,11925710.0
2009-04-16,11913880.0
2009-04-17,11885670.0
2009-04-18,11869290.0
2009-04-19,11853820.0
2009-04-20,11831070.0
2009-04-21,11812870.0
2009-04-22,11792850.0
2009-04-23,11776470.0
2009-04-24,11755600.0
2009-04-25,11741200.0
2009-04-26,11724100.0
2009-04-27,11697100.0
2009-04-28,11665600.0
2009-04-29,11634100.0
2009-04-30,11604400.0
2009-05-01,11578300.0
2009-05-02,11570200.0
2009-05-03,11556700.0
2009-05-04,11545000.0
2009-05-05,11528800.0
2009-05-06,11509000.0
2009-05-07,11491900.0
2009-05-08,11480320.0
2009-05-09,11475870.0
2009-05-10,11477650.0
2009-05-11,11460740.0
2009-05-12,11457180.0
2009-05-13,11448280.0
2009-05-14,11436710.0
2009-05-15,11429590.0
2009-05-16,11423360.0
2009-05-17,11418910.0
2009-05-18,11398440.0
2009-05-19,11382420.0
2009-05-20,11368180.0
2009-05-21,11362840.0
2009-05-22,11357500.0
2009-05-23,11352160.0
2009-05-24,11347710.0
2009-05-25,11342370.0
2009-05-26,11321900.0
2009-05-27,11304990.0
2009-05-28,11281850.0
2009-05-29,11247140.0
2009-05-30,11224890.0
2009-05-31,11216960.0
2009-06-01,11208160.0
2009-06-02,11195840.0
2009-06-03,11191440.0
2009-06-04,11185280.0
2009-06-05,11177360.0
2009-06-06,11175600.0
2009-06-07,11173840.0
2009-06-08,11168560.0
2009-06-09,11158880.0
2009-06-10,11145680.0
2009-06-11,11136880.0
2009-06-12,11126320.0
2009-06-13,11114880.0
2009-06-14,11112240.0
2009-06-15,11103440.0
2009-06-16,11089360.0
2009-06-17,11091120.0
2009-06-18,11090240.0
2009-06-19,11084080.0
2009-06-20,11092000.0
2009-06-21,11103440.0
2009-06-22,11101680.0
2009-06-23,11097280.0
2009-06-24,11091120.0
2009-06-25,11094640.0
2009-06-26,11084960.0
2009-06-27,11079680.0
2009-06-28,11081440.0
2009-06-29,11077920.0
2009-06-30,11070880.0
2009-07-01,11065600.0
2009-07-02,11064720.0
2009-07-03,11065600.0
2009-07-04,11070000.0
2009-07-05,11074400.0
2009-07-06,11070000.0
2009-07-07,11067360.0
2009-07-08,11072640.0
2009-07-09,11066480.0
2009-07-10,11059440.0
2009-07-11,11056800.0
2009-07-12,11048880.0
2009-07-13,11039300.0
2009-07-14,11021900.0
2009-07-15,11014940.0
2009-07-16,11011460.0
2009-07-17,11013200.0
2009-07-18,11019290.0
2009-07-19,11021900.0
2009-07-20,11030600.0
2009-07-21,11034950.0
2009-07-22,11025380.0
2009-07-23,11023640.0
2009-07-24,11016680.0
2009-07-25,11010590.0
2009-07-26,11010590.0
2009-07-27,11007980.0
2009-07-28,11003630.0
2009-07-29,10989710.0
2009-07-30,10976660.0
2009-07-31,10978400.0
2009-08-01,10985360.0
2009-08-02,10989710.0
2009-08-03,10995800.0
2009-08-04,10997540.0
2009-08-05,10999280.0
2009-08-06,11004500.0
2009-08-07,11001020.0
2009-08-08,10989710.0
2009-08-09,10976660.0
2009-08-10,10964480.0
2009-08-11,10968830.0
2009-08-12,10973180.0
2009-08-13,10976660.0
2009-08-14,10978400.0
2009-08-15,10977530.0
2009-08-16,10974050.0
2009-08-17,10969700.0
2009-08-18,10966220.0
2009-08-19,10958460.0
2009-08-20,10957190.0
2009-08-21,10950840.0
2009-08-22,10961000.0
2009-08-23,10962740.0
2009-08-24,10955920.0
2009-08-25,10948300.0
2009-08-26,10948820.0
2009-08-27,10941860.0
2009-08-28,10940990.0
2009-08-29,10940120.0
2009-08-30,10943600.0
2009-08-31,10937510.0
2009-09-01,10940990.0
2009-09-02,10944470.0
2009-09-03,10944470.0
2009-09-04,10944470.0
2009-09-05,10943600.0
2009-09-06,10944470.0
2009-09-07,10943600.0
2009-09-08,10940990.0
2009-09-09,10937510.0
2009-09-10,10927940.0
2009-09-11,10925330.0
2009-09-12,10928810.0
2009-09-13,10932290.0
2009-09-14,10932290.0
2009-09-15,10934900.0
2009-09-16,10936640.0
2009-09-17,10939250.0
2009-09-18,10940990.0
2009-09-19,10944470.0
2009-09-20,10943600.0
2009-09-21,10947950.0
2009-09-22,10947950.0
2009-09-23,10949690.0
2009-09-24,10948820.0
2009-09-25,10943600.0
2009-09-26,10937510.0
2009-09-27,10938380.0
2009-09-28,10937510.0
2009-09-29,10931420.0
2009-09-30,10933160.0
2009-10-01,10934900.0
2009-10-02,10936640.0
2009-10-03,10938380.0
2009-10-04,10943600.0
2009-10-05,10949690.0
2009-10-06,10949690.0
2009-10-07,10952300.0
2009-10-08,10955780.0
2009-10-09,10958390.0
2009-10-10,10963610.0
2009-10-11,10971440.0
2009-10-12,10972310.0
2009-10-13,10970570.0
2009-10-14,10968830.0
2009-10-15,10966220.0
2009-10-16,10960130.0
2009-10-17,10958390.0
2009-10-18,10957520.0
2009-10-19,10952300.0
2009-10-20,10953170.0
2009-10-21,10952300.0
2009-10-22,10947950.0
2009-10-23,10945340.0
2009-10-24,10942730.0
2009-10-25,10939250.0
2009-10-26,10935770.0
2009-10-27,10932290.0
2009-10-28,10924460.0
2009-10-29,10910540.0
2009-10-30,10898360.0
2009-10-31,10896620.0
2009-11-01,10899230.0
2009-11-02,10896620.0
2009-11-03,10892270.0
2009-11-04,10897490.0
2009-11-05,10895750.0
2009-11-06,10894880.0
2009-11-07,10897490.0
2009-11-08,10894880.0
2009-11-09,10892270.0
2009-11-10,10897490.0
2009-11-11,10907060.0
2009-11-12,10909670.0
2009-11-13,10919240.0
2009-11-14,10923590.0
2009-11-15,10922720.0
2009-11-16,10923590.0
2009-11-17,10922720.0
2009-11-18,10920110.0
2009-11-19,10920980.0
2009-11-20,10921850.0
2009-11-21,10927070.0
2009-11-22,10932290.0
2009-11-23,10934900.0
2009-11-24,10925330.0
2009-11-25,10920110.0
2009-11-26,10920110.0
2009-11-27,10923590.0
2009-11-28,10923590.0
2009-11-29,10925330.0
2009-11-30,10919240.0
2009-12-01,10914020.0
2009-12-02,10911410.0
2009-12-03,10914890.0
2009-12-04,10923590.0
2009-12-05,10934030.0
2009-12-06,10940120.0
2009-12-07,10939250.0
2009-12-08,10931420.0
2009-12-09,10939250.0
2009-12-10,10948820.0
2009-12-11,10957520.0
2009-12-12,10969700.0
2009-12-13,10991450.0
2009-12-14,11002760.0
2009-12-15,11012330.0
2009-12-16,11020160.0
2009-12-17,11028860.0
2009-12-18,11035820.0
2009-12-19,11050640.0
2009-12-20,11064720.0
2009-12-21,11076160.0
2009-12-22,11077920.0
2009-12-23,11086720.0
2009-12-24,11098160.0
2009-12-25,11110480.0
2009-12-26,11117520.0
2009-12-27,11128080.0
2009-12-28,11128960.0
2009-12-29,11135120.0
2009-12-30,11144800.0
2009-12-31,11162400.0
2010-01-01,11169440.0
2010-01-02,11173840.0
2010-01-03,11179120.0
2010-01-04,11184400.0
2010-01-05,11188800.0
2010-01-06,11195840.0
2010-01-07,11200240.0
2010-01-08,11204640.0
2010-01-09,11215200.0
2010-01-10,11226670.0
2010-01-11,11231120.0
2010-01-12,11237350.0
2010-01-13,11248920.0
2010-01-14,11258710.0
2010-01-15,11264050.0
2010-01-16,11271170.0
2010-01-17,11278290.0
2010-01-18,11274730.0
2010-01-19,11281850.0
2010-01-20,11293420.0
2010-01-21,11304100.0
2010-01-22,11327240.0
2010-01-23,11352160.0
2010-01-24,11376190.0
2010-01-25,11392210.0
2010-01-26,11406450.0
2010-01-27,11424250.0
2010-01-28,11442050.0
2010-01-29,11457180.0
2010-01-30,11474980.0
2010-01-31,11492800.0
2010-02-01,11499100.0
2010-02-02,11513500.0
2010-02-03,11533300.0
2010-02-04,11549500.0
2010-02-05,11553100.0
2010-02-06,11576500.0
2010-02-07,11587300.0
2010-02-08,11598100.0
2010-02-09,11609800.0
2010-02-10,11618800.0
2010-02-11,11635000.0
2010-02-12,11650300.0
2010-02-13,11669200.0
2010-02-14,11687200.0
2010-02-15,11702500.0
2010-02-16,11717800.0
2010-02-17,11729500.0
2010-02-18,11743000.0
2010-02-19,11753800.0
2010-02-20,11763730.0
2010-02-21,11776470.0
2010-02-22,11778290.0
2010-02-23,11781020.0
2010-02-24,11787390.0
2010-02-25,11789210.0
2010-02-26,11788300.0
2010-02-27,11779200.0
2010-02-28,11780110.0
2010-03-01,11773740.0
2010-03-02,11766460.0
2010-03-03,11752000.0
2010-03-04,11739400.0
2010-03-05,11727700.0
2010-03-06,11708800.0
2010-03-07,11703400.0
2010-03-08,11684500.0
2010-03-09,11671900.0
2010-03-10,11668300.0
2010-03-11,11677300.0
2010-03-12,11674600.0
2010-03-13,11671900.0
2010-03-14,11669200.0
2010-03-15,11663800.0
2010-03-16,11661100.0
2010-03-17,11657500.0
2010-03-18,11656600.0
2010-03-19,11653000.0
2010-03-20,11644900.0
2010-03-21,11644900.0
2010-03-22,11635000.0
2010-03-23,11615200.0
2010-03-24,11602600.0
2010-03-25,11596300.0
2010-03-26,11592700.0
2010-03-27,11589100.0
2010-03-28,11590000.0
2010-03-29,11581900.0
2010-03-30,11557600.0
2010-03-31,11550400.0
2010-04-01,11537800.0
2010-04-02,11523400.0
2010-04-03,11516200.0
2010-04-04,11517100.0
2010-04-05,11507200.0
2010-04-06,11494600.0
2010-04-07,11479430.0
2010-04-08,11467860.0
2010-04-09,11465190.0
2010-04-10,11466970.0
2010-04-11,11464300.0
2010-04-12,11454510.0
2010-04-13,11447390.0
2010-04-14,11436710.0
2010-04-15,11428700.0
2010-04-16,11420690.0
2010-04-17,11421580.0
2010-04-18,11418910.0
2010-04-19,11409120.0
2010-04-20,11392210.0
2010-04-21,11392210.0
2010-04-22,11385980.0
2010-04-23,11377080.0
2010-04-24,11378860.0
2010-04-25,11372630.0
2010-04-26,11353940.0
2010-04-27,11335250.0
2010-04-28,11327240.0
2010-04-29,11324570.0
2010-04-30,11313000.0
2010-05-01,11310330.0
2010-05-02,11313000.0
2010-05-03,11302320.0
2010-05-04,11287190.0
2010-05-05,11272060.0
2010-05-06,11267610.0
2010-05-07,11249810.0
2010-05-08,11239130.0
2010-05-09,11240910.0
2010-05-10,11228450.0
2010-05-11,11227560.0
2010-05-12,11210800.0
2010-05-13,11194080.0
2010-05-14,11174720.0
2010-05-15,11160640.0
2010-05-16,11151840.0
2010-05-17,11138640.0
2010-05-18,11123680.0
2010-05-19,11114000.0
2010-05-20,11099920.0
2010-05-21,11092000.0
2010-05-22,11091120.0
2010-05-23,11092000.0
2010-05-24,11087600.0
2010-05-25,11076160.0
2010-05-26,11062960.0
2010-05-27,11048880.0
2010-05-28,11035820.0
2010-05-29,11021900.0
2010-05-30,11006240.0
2010-05-31,10987100.0
2010-06-01,10978400.0
2010-06-02,10961870.0
2010-06-03,10948820.0
2010-06-04,10934900.0
2010-06-05,10924460.0
2010-06-06,10914890.0
2010-06-07,10907930.0
2010-06-08,10899230.0
2010-06-09,10887920.0
2010-06-10,10872280.0
2010-06-11,10861100.0
2010-06-12,10862820.0
2010-06-13,10853360.0
2010-06-14,10837020.0
2010-06-15,10822400.0
2010-06-16,10812940.0
2010-06-17,10797460.0
2010-06-18,10777560.0
2010-06-19,10754070.0
2010-06-20,10734930.0
2010-06-21,10719270.0
2010-06-22,10698450.0
2010-06-23,10675500.0
2010-06-24,10655100.0
2010-06-25,10632150.0
2010-06-26,10621100.0
2010-06-27,10609980.0
2010-06-28,10591060.0
2010-06-29,10574720.0
2010-06-30,10555800.0
2010-07-01,10546340.0
2010-07-02,10535160.0
2010-07-03,10533440.0
2010-07-04,10542900.0
2010-07-05,10544620.0
2010-07-06,10542900.0
2010-07-07,10542900.0
2010-07-08,10531720.0
2010-07-09,10521500.0
2010-07-10,10507900.0
2010-07-11,10506200.0
2010-07-12,10497700.0
2010-07-13,10492600.0
2010-07-14,10483250.0
2010-07-15,10472200.0
2010-07-16,10470500.0
2010-07-17,10469650.0
2010-07-18,10473900.0
2010-07-19,10467950.0
2010-07-20,10460300.0
2010-07-21,10450950.0
2010-07-22,10445000.0
2010-07-23,10439050.0
2010-07-24,10428000.0
2010-07-25,10421200.0
2010-07-26,10400800.0
2010-07-27,10390600.0
2010-07-28,10379550.0
2010-07-29,10371050.0
2010-07-30,10365950.0
2010-07-31,10357480.0
2010-08-01,10365950.0
2010-08-02,10366800.0
2010-08-03,10367650.0
2010-08-04,10364250.0
2010-08-05,10363400.0
2010-08-06,10371900.0
2010-08-07,10378700.0
2010-08-08,10395700.0
2010-08-09,10399100.0
2010-08-10,10399950.0
2010-08-11,10399950.0
2010-08-12,10401650.0
2010-08-13,10402500.0
2010-08-14,10405050.0
2010-08-15,10405900.0
2010-08-16,10409300.0
2010-08-17,10406750.0
2010-08-18,10403350.0
2010-08-19,10395700.0
2010-08-20,10386350.0
2010-08-21,10385500.0
2010-08-22,10385500.0
2010-08-23,10379550.0
2010-08-24,10376150.0
2010-08-25,10368500.0
2010-08-26,10367650.0
2010-08-27,10356640.0
2010-08-28,10355800.0
2010-08-29,10357480.0
2010-08-30,10351600.0
2010-08-31,10352440.0
2010-09-01,10344880.0
2010-09-02,10339840.0
2010-09-03,10336480.0
2010-09-04,10323040.0
2010-09-05,10317160.0
2010-09-06,10306240.0
2010-09-07,10299520.0
2010-09-08,10281880.0
2010-09-09,10276000.0
2010-09-10,10269280.0
2010-09-11,10263400.0
2010-09-12,10260040.0
2010-09-13,10251640.0
2010-09-14,10248280.0
2010-09-15,10239880.0
2010-09-16,10235680.0
2010-09-17,10224760.0
2010-09-18,10220560.0
2010-09-19,10208800.0
2010-09-20,10200400.0
2010-09-21,10197040.0
2010-09-22,10190320.0
2010-09-23,10182760.0
2010-09-24,10171000.0
2010-09-25,10160920.0
2010-09-26,10149160.0
2010-09-27,10137400.0
2010-09-28,10125640.0
2010-09-29,10107160.0
2010-09-30,10092040.0
2010-10-01,10087000.0
2010-10-02,10081120.0
2010-10-03,10083640.0
2010-10-04,10081120.0
2010-10-05,10074400.0
2010-10-06,10074400.0
2010-10-07,10078600.0
2010-10-08,10080280.0
2010-10-09,10084480.0
2010-10-10,10077760.0
2010-10-11,10078600.0
2010-10-12,10070200.0
2010-10-13,10068520.0
2010-10-14,10062640.0
2010-10-15,10051720.0
2010-10-16,10044160.0
2010-10-17,10033240.0
2010-10-18,10019850.0
2010-10-19,10009060.0
2010-10-20,10010720.0
2010-10-21,10001590.0
2010-10-22,9998270.0
2010-10-23,9999100.0
2010-10-24,9998270.0
2010-10-25,9995780.0
2010-10-26,9989140.0
2010-10-27,9982500.0
2010-10-28,9971710.0
2010-10-29,9965900.0
2010-10-30,9964240.0
2010-10-31,9970880.0
2010-11-01,9961750.0
2010-11-02,9955110.0
2010-11-03,9949300.0
2010-11-04,9946810.0
2010-11-05,9947640.0
2010-11-06,9949300.0
2010-11-07,9956770.0
2010-11-08,9955110.0
2010-11-09,9957600.0
2010-11-10,9954280.0
2010-11-11,9956770.0
2010-11-12,9957600.0
2010-11-13,9957600.0
2010-11-14,9957600.0
2010-11-15,9957600.0
2010-11-16,9955110.0
2010-11-17,9953450.0
2010-11-18,9954280.0
2010-11-19,9947640.0
2010-11-20,9949300.0
2010-11-21,9952620.0
2010-11-22,9947640.0
2010-11-23,9936900.0
2010-11-24,9936080.0
2010-11-25,9936900.0
2010-11-26,9933620.0
2010-11-27,9931980.0
2010-11-28,9933620.0
2010-11-29,9932800.0
2010-11-30,9936080.0
2010-12-01,9944320.0
2010-12-02,9957600.0
2010-12-03,9961750.0
2010-12-04,9966730.0
2010-12-05,9966730.0
2010-12-06,9985820.0
2010-12-07,9989970.0
2010-12-08,10000760.0
2010-12-09,10007400.0
2010-12-10,10034920.0
2010-12-11,10051720.0
2010-12-12,10066840.0
2010-12-13,10063480.0
2010-12-14,10075240.0
2010-12-15,10082800.0
2010-12-16,10086160.0
2010-12-17,10090360.0
2010-12-18,10087840.0
2010-12-19,10103800.0
2010-12-20,10106320.0
2010-12-21,10124800.0
2010-12-22,10192000.0
2010-12-23,10230640.0
2010-12-24,10252480.0
2010-12-25,10269280.0
2010-12-26,10281040.0
2010-12-27,10285240.0
2010-12-28,10286080.0
2010-12-29,10290280.0
2010-12-30,10295320.0
2010-12-31,10301200.0
2011-01-01,10302040.0
2011-01-02,10299520.0
2011-01-03,10305400.0
2011-01-04,10312120.0
2011-01-05,10317160.0
2011-01-06,10327240.0
2011-01-07,10329760.0
2011-01-08,10338160.0
2011-01-09,10352440.0
2011-01-10,10365950.0
2011-01-11,10381250.0
2011-01-12,10400800.0
2011-01-13,10422050.0
2011-01-14,10439900.0
2011-01-15,10465400.0
2011-01-16,10491750.0
2011-01-17,10518100.0
2011-01-18,10541180.0
2011-01-19,10564400.0
2011-01-20,10581600.0
2011-01-21,10603960.0
2011-01-22,10634700.0
2011-01-23,10655100.0
2011-01-24,10667850.0
2011-01-25,10677200.0
2011-01-26,10691650.0
2011-01-27,10707960.0
2011-01-28,10721880.0
2011-01-29,10745370.0
2011-01-30,10758420.0
2011-01-31,10764510.0
2011-02-01,10773210.0
2011-02-02,10779300.0
2011-02-03,10786260.0
2011-02-04,10803480.0
2011-02-05,10825840.0
2011-02-06,10848200.0
2011-02-07,10864540.0
2011-02-08,10880960.0
2011-02-09,10894880.0
2011-02-10,10907930.0
2011-02-11,10917500.0
2011-02-12,10932290.0
2011-02-13,10950560.0
2011-02-14,10962740.0
2011-02-15,10976660.0
2011-02-16,10982750.0
2011-02-17,10991450.0
2011-02-18,11002760.0
2011-02-19,11023640.0
2011-02-20,11045390.0
2011-02-21,11054160.0
2011-02-22,11069120.0
2011-02-23,11077920.0
2011-02-24,11084960.0
2011-02-25,11079680.0
2011-02-26,11092000.0
2011-02-27,11104320.0
2011-02-28,11116640.0
2011-03-01,11121040.0
2011-03-02,11125440.0
2011-03-03,11132480.0
2011-03-04,11128960.0
2011-03-05,11132480.0
2011-03-06,11139520.0
2011-03-07,11136000.0
2011-03-08,11137760.0
2011-03-09,11140400.0
2011-03-10,11141280.0
2011-03-11,11141280.0
2011-03-12,11144800.0
2011-03-13,11140400.0
2011-03-14,11142160.0
2011-03-15,11128080.0
2011-03-16,11125440.0
2011-03-17,11118400.0
2011-03-18,11116640.0
2011-03-19,11117520.0
2011-03-20,11115760.0
2011-03-21,11121920.0
2011-03-22,11133360.0
2011-03-23,11130720.0
2011-03-24,11139520.0
2011-03-25,11147440.0
2011-03-26,11153600.0
2011-03-27,11168560.0
2011-03-28,11173840.0
2011-03-29,11168560.0
2011-03-30,11172960.0
2011-03-31,11170320.0
2011-04-01,11169440.0
2011-04-02,11178240.0
2011-04-03,11193200.0
2011-04-04,11194960.0
2011-04-05,11201120.0
2011-04-06,11205520.0
2011-04-07,11190560.0
2011-04-08,11185280.0
2011-04-09,11186160.0
2011-04-10,11189680.0
2011-04-11,11183520.0
2011-04-12,11177360.0
2011-04-13,11169440.0
2011-04-14,11158880.0
2011-04-15,11143040.0
2011-04-16,11143040.0
2011-04-17,11150080.0
2011-04-18,11138640.0
2011-04-19,11137760.0
2011-04-20,11135120.0
2011-04-21,11128080.0
2011-04-22,11126320.0
2011-04-23,11123680.0
2011-04-24,11136880.0
2011-04-25,11128960.0
2011-04-26,11132480.0
2011-04-27,11128080.0
2011-04-28,11122800.0
2011-04-29,11121920.0
2011-04-30,11114880.0
2011-05-01,11121040.0
2011-05-02,11110480.0
2011-05-03,11101680.0
2011-05-04,11100800.0
2011-05-05,11098160.0
2011-05-06,11093760.0
2011-05-07,11099040.0
2011-05-08,11103440.0
2011-05-09,11105200.0
2011-05-10,11099920.0
2011-05-11,11093760.0
2011-05-12,11088480.0
2011-05-13,11083200.0
2011-05-14,11080560.0
2011-05-15,11087600.0
2011-05-16,11098160.0
2011-05-17,11103440.0
2011-05-18,11114000.0
2011-05-19,11123680.0
2011-05-20,11128960.0
2011-05-21,11142160.0
2011-05-22,11163280.0
2011-05-23,11177360.0
2011-05-24,11189680.0
2011-05-25,11201120.0
2011-05-26,11212560.0
2011-05-27,11225780.0
2011-05-28,11236460.0
2011-05-29,11263160.0
2011-05-30,11288970.0
2011-05-31,11304100.0
2011-06-01,11316560.0
2011-06-02,11331690.0
2011-06-03,11342370.0
2011-06-04,11364620.0
2011-06-05,11382420.0
2011-06-06,11390430.0
2011-06-07,11403780.0
2011-06-08,11418020.0
2011-06-09,11426030.0
2011-06-10,11434930.0
2011-06-11,11453620.0
2011-06-12,11474980.0
2011-06-13,11476760.0
2011-06-14,11491000.0
2011-06-15,11500900.0
2011-06-16,11509000.0
2011-06-17,11516200.0
2011-06-18,11532400.0
2011-06-19,11554900.0
2011-06-20,11565700.0
2011-06-21,11577400.0
2011-06-22,11593600.0
2011-06-23,11609800.0
2011-06-24,11623300.0
2011-06-25,11637700.0
2011-06-26,11655700.0
2011-06-27,11662900.0
2011-06-28,11667400.0
2011-06-29,11679100.0
2011-06-30,11705200.0
2011-07-01,11718700.0
2011-07-02,11739400.0
2011-07-03,11752900.0
2011-07-04,11781020.0
2011-07-05,11796490.0
2011-07-06,11797400.0
2011-07-07,11802860.0
2011-07-08,11812870.0
2011-07-09,11829250.0
2011-07-10,11850180.0
2011-07-11,11858370.0
2011-07-12,11872930.0
2011-07-13,11882030.0
2011-07-14,11894770.0
2011-07-15,11904780.0
2011-07-16,11924800.0
2011-07-17,11944840.0
2011-07-18,11953120.0
2011-07-19,11958640.0
2011-07-20,11961400.0
2011-07-21,11977960.0
2011-07-22,11991760.0
2011-07-23,12011080.0
2011-07-24,12035920.0
2011-07-25,12046960.0
2011-07-26,12060760.0
2011-07-27,12069040.0
2011-07-28,12083760.0
2011-07-29,12094800.0
2011-07-30,12112280.0
2011-07-31,12133440.0
2011-08-01,12152760.0
2011-08-02,12165640.0
2011-08-03,12185880.0
2011-08-04,12204280.0
2011-08-05,12220860.0
2011-08-06,12246900.0
2011-08-07,12268290.0
2011-08-08,12281310.0
2011-08-09,12301770.0
2011-08-10,12320460.0
2011-08-11,12339260.0
2011-08-12,12362760.0
2011-08-13,12388140.0
2011-08-14,12409720.0
2011-08-15,12431110.0
2011-08-16,12447850.0
2011-08-17,12462730.0
2011-08-18,12484120.0
2011-08-19,12505580.0
2011-08-20,12528140.0
2011-08-21,12549760.0
2011-08-22,12562920.0
2011-08-23,12581720.0
2011-08-24,12601550.0
2011-08-25,12616750.0
2011-08-26,12633850.0
2011-08-27,12649050.0
2011-08-28,12666150.0
2011-08-29,12688000.0
2011-08-30,12715260.0
2011-08-31,12730300.0
2011-09-01,12740640.0
2011-09-02,12751920.0
2011-09-03,12758500.0
2011-09-04,12767900.0
2011-09-05,12779180.0
2011-09-06,12778240.0
2011-09-07,12776360.0
2011-09-08,12780120.0
2011-09-09,12784880.0
2011-09-10,12790640.0
2011-09-11,12801200.0
2011-09-12,12802160.0
2011-09-13,12814640.0
2011-09-14,12825200.0
2011-09-15,12826160.0
2011-09-16,12835760.0
2011-09-17,12851120.0
2011-09-18,12865520.0
2011-09-19,12875120.0
2011-09-20,12887500.0
2011-09-21,12894150.0
2011-09-22,12900800.0
2011-09-23,12911250.0
2011-09-24,12923600.0
2011-09-25,12936900.0
2011-09-26,12943550.0
2011-09-27,12946400.0
2011-09-28,12953050.0
2011-09-29,12965400.0
2011-09-30,12976840.0
2011-10-01,12987000.0
2011-10-02,13010000.0
2011-10-03,13022920.0
2011-10-04,13055560.0
2011-10-05,13069960.0
2011-10-06,13093960.0
2011-10-07,13109320.0
2011-10-08,13127560.0
2011-10-09,13152520.0
2011-10-10,13173730.0
2011-10-11,13193130.0
2011-10-12,13207680.0
2011-10-13,13220290.0
2011-10-14,13229990.0
2011-10-15,13247450.0
2011-10-16,13261030.0
2011-10-17,13275580.0
2011-10-18,13289160.0
2011-10-19,13304680.0
2011-10-20,13317290.0
2011-10-21,13329900.0
2011-10-22,13347360.0
2011-10-23,13367730.0
2011-10-24,13379370.0
2011-10-25,13391010.0
2011-10-26,13395860.0
2011-10-27,13403620.0
2011-10-28,13413320.0
2011-10-29,13429810.0
2011-10-30,13445330.0
2011-10-31,13456000.0
2011-11-01,13466780.0
2011-11-02,13474620.0
2011-11-03,13485400.0
2011-11-04,13490300.0
2011-11-05,13503040.0
2011-11-06,13508920.0
2011-11-07,13518720.0
2011-11-08,13525580.0
2011-11-09,13534400.0
2011-11-10,13541260.0
2011-11-11,13551060.0
2011-11-12,13567860.0
2011-11-13,13587660.0
2011-11-14,13604490.0
2011-11-15,13621320.0
2011-11-16,13638150.0
2011-11-17,13660920.0
2011-11-18,13678740.0
2011-11-19,13703490.0
2011-11-20,13724280.0
2011-11-21,13743090.0
2011-11-22,13764870.0
2011-11-23,13788630.0
2011-11-24,13810410.0
2011-11-25,13831200.0
2011-11-26,13854000.0
2011-11-27,13878000.0
2011-11-28,13898000.0
2011-11-29,13920000.0
2011-11-30,13933000.0
2011-12-01,13957000.0
2011-12-02,13982000.0
2011-12-03,14008000.0
2011-12-04,14033000.0
2011-12-05,14052010.0
2011-12-06,14076250.0
2011-12-07,14095440.0
2011-12-08,14118670.0
2011-12-09,14139880.0
2011-12-10,14166140.0
2011-12-11,14193410.0
2011-12-12,14214620.0
2011-12-13,14237850.0
2011-12-14,14266130.0
2011-12-15,14288350.0
2011-12-16,14310570.0
2011-12-17,14331780.0
2011-12-18,14365220.0
2011-12-19,14387660.0
2011-12-20,14410100.0
2011-12-21,14429480.0
2011-12-22,14451920.0
2011-12-23,14467330.0
2011-12-24,14493080.0
2011-12-25,14515740.0
2011-12-26,14535310.0
2011-12-27,14557970.0
2011-12-28,14580420.0
2011-12-29,14607960.0
2011-12-30,14627340.0
2011-12-31,14643660.0
2012-01-01,14896605.2
2012-01-02,14905855.4
2012-01-03,14910999.8
2012-01-04,14914086.4
2012-01-05,14927461.9
2012-01-06,14932606.3
2012-01-07,14948039.5
2012-01-08,14964523.2
2012-01-09,14971737.9
2012-01-10,14981014.0
2012-01-11,14990290.2
2012-01-12,14997504.9
2012-01-13,15001627.6
2012-01-14,15014021.4
2012-01-15,15025387.0
2012-01-16,15030553.2
2012-01-17,15038819.2
2012-01-18,15043985.4
2012-01-19,15045018.6
2012-01-20,15046051.8
2012-01-21,15052251.3
2012-01-22,15057421.7
2012-01-23,15053284.5
2012-01-24,15046051.8
2012-01-25,15042952.1
2012-01-26,15040885.6
2012-01-27,15038819.2
2012-01-28,15035719.4
2012-01-29,15035719.4
2012-01-30,15027453.5
2012-01-31,15022287.3
2012-02-01,15026420.3
2012-02-02,15028486.8
2012-02-03,15029520.0
2012-02-04,15029520.0
2012-02-05,15028486.8
2012-02-06,15023320.6
2012-02-07,15018154.4
2012-02-08,15008855.2
2012-02-09,15000597.0
2012-02-10,14990290.2
2012-02-11,14989259.5
2012-02-12,14994412.9
2012-02-13,14988228.8
2012-02-14,14981014.0
2012-02-15,14973799.3
2012-02-16,14967615.2
2012-02-17,14961431.1
2012-02-18,14963492.5
2012-02-19,14965553.8
2012-02-20,14962461.8
2012-02-21,14956277.7
2012-02-22,14954216.4
2012-02-23,14953185.7
2012-02-24,14942895.1
2012-02-25,14944952.8
2012-02-26,14938779.6
2012-02-27,14925404.1
2012-02-28,14917173.1
2012-02-29,14906884.3
2012-03-01,14904826.5
2012-03-02,14893525.8
2012-03-03,14893525.8
2012-03-04,14890446.4
2012-03-05,14877102.4
2012-03-06,14875049.5
2012-03-07,14850414.5
2012-03-08,14832996.0
2012-03-09,14819677.5
2012-03-10,14816604.0
2012-03-11,14808408.0
2012-03-12,14795096.4
2012-03-13,14782830.0
2012-03-14,14763408.2
2012-03-15,14754208.4
2012-03-16,14740931.4
2012-03-17,14738890.9
2012-03-18,14729708.6
2012-03-19,14713384.4
2012-03-20,14701141.3
2012-03-21,14686877.5
2012-03-22,14674660.7
2012-03-23,14660407.9
2012-03-24,14649209.2
2012-03-25,14631933.4
2012-03-26,14628886.4
2012-03-27,14612635.9
2012-03-28,14590299.8
2012-03-29,14569015.0
2012-03-30,14548743.8
2012-03-31,14534571.4
2012-04-01,14538617.9
2012-04-02,14522432.0
2012-04-03,14506246.1
2012-04-04,14477953.7
2012-04-05,14453727.6
2012-04-06,14435573.2
2012-04-07,14423486.1
2012-04-08,14416435.2
2012-04-09,14400319.1
2012-04-10,14375177.0
2012-04-11,14349048.6
2012-04-12,14322961.6
2012-04-13,14296889.8
2012-04-14,14280868.3
2012-04-15,14274864.1
2012-04-16,14257852.2
2012-04-17,14235850.6
2012-04-18,14213885.8
2012-04-19,14190925.0
2012-04-20,14164033.6
2012-04-21,14144114.0
2012-04-22,14130195.7
2012-04-23,14097398.3
2012-04-24,14073590.1
2012-04-25,14054751.2
2012-04-26,14031974.2
2012-04-27,14015161.6
2012-04-28,14007249.7
2012-04-29,14004282.8
2012-04-30,13986495.8
2012-05-01,13983535.2
2012-05-02,13966758.2
2012-05-03,13954915.7
2012-05-04,13942090.1
2012-05-05,13933225.7
2012-05-06,13926331.1
2012-05-07,13911557.0
2012-05-08,13898752.8
2012-05-09,13879089.2
2012-05-10,13865330.8
2012-05-11,13849607.0
2012-05-12,13843714.4
2012-05-13,13846658.7
2012-05-14,13831944.8
2012-05-15,13821156.0
2012-05-16,13804482.4
2012-05-17,13775103.7
2012-05-18,13755528.9
2012-05-19,13743791.2
2012-05-20,13727183.3
2012-05-21,13704713.6
2012-05-22,13684228.8
2012-05-23,13665706.1
2012-05-24,13642320.3
2012-05-25,13625771.5
2012-05-26,13617983.8
2012-05-27,13611169.6
2012-05-28,13598520.0
2012-05-29,13580058.5
2012-05-30,13563540.3
2012-05-31,13541210.8
2012-06-01,13520838.7
2012-06-02,13517928.4
2012-06-03,13517928.4
2012-06-04,13508227.4
2012-06-05,13497568.9
2012-06-06,13488854.2
2012-06-07,13470456.5
2012-06-08,13452065.0
2012-06-09,13454965.2
2012-06-10,13453031.7
2012-06-11,13439497.1
2012-06-12,13422095.4
2012-06-13,13407594.0
2012-06-14,13395052.1
2012-06-15,13383475.0
2012-06-16,13374792.2
2012-06-17,13373827.4
2012-06-18,13369003.6
2012-06-19,13351649.0
2012-06-20,13334308.1
2012-06-21,13319857.4
2012-06-22,13301572.4
2012-06-23,13295803.6
2012-06-24,13289073.4
2012-06-25,13271767.1
2012-06-26,13257356.5
2012-06-27,13237205.3
2012-06-28,13212262.8
2012-06-29,13201731.4
2012-06-30,13199816.6
2012-07-01,13202688.8
2012-07-02,13189285.2
2012-07-03,13181626.0
2012-07-04,13192157.4
2012-07-05,13187370.4
2012-07-06,13174924.2
2012-07-07,13172052.0
2012-07-08,13169179.8
2012-07-09,13161531.8
2012-07-10,13157709.6
2012-07-11,13148154.2
2012-07-12,13150065.3
2012-07-13,13150065.3
2012-07-14,13151020.8
2012-07-15,13157709.6
2012-07-16,13153887.4
2012-07-17,13145287.6
2012-07-18,13144332.0
2012-07-19,13145287.6
2012-07-20,13142421.0
2012-07-21,13144332.0
2012-07-22,13151020.8
2012-07-23,13151976.4
2012-07-24,13154843.0
2012-07-25,13155798.5
2012-07-26,13158665.1
2012-07-27,13167265.0
2012-07-28,13180668.6
2012-07-29,13195029.6
2012-07-30,13205561.0
2012-07-31,13207475.8
2012-08-01,13213220.2
2012-08-02,13213220.2
2012-08-03,13209390.6
2012-08-04,13217054.2
2012-08-05,13224730.8
2012-08-06,13223771.2
2012-08-07,13223771.2
2012-08-08,13229528.7
2012-08-09,13231447.9
2012-08-10,13234326.6
2012-08-11,13242003.2
2012-08-12,13241043.7
2012-08-13,13241043.7
2012-08-14,13233367.0
2012-08-15,13232407.4
2012-08-16,13234326.6
2012-08-17,13230488.3
2012-08-18,13242962.8
2012-08-19,13260235.3
2012-08-20,13250639.5
2012-08-21,13244882.0
2012-08-22,13253518.2
2012-08-23,13258316.1
2012-08-24,13256396.9
2012-08-25,13264075.5
2012-08-26,13273690.1
2012-08-27,13268882.8
2012-08-28,13265036.9
2012-08-29,13267921.3
2012-08-30,13270805.7
2012-08-31,13268882.8
2012-09-01,13270805.7
2012-09-02,13269844.2
2012-09-03,13262154.4
2012-09-04,13254477.8
2012-09-05,13244882.0
2012-09-06,13224730.8
2012-09-07,13208433.2
2012-09-08,13202688.8
2012-09-09,13195987.0
2012-09-10,13187370.4
2012-09-11,13189285.2
2012-09-12,13181626.0
2012-09-13,13174924.2
2012-09-14,13173009.4
2012-09-15,13176839.0
2012-09-16,13177796.4
2012-09-17,13176839.0
2012-09-18,13172052.0
2012-09-19,13168222.4
2012-09-20,13162487.3
2012-09-21,13156754.1
2012-09-22,13152931.9
2012-09-23,13151020.8
2012-09-24,13149109.7
2012-09-25,13143376.5
2012-09-26,13138598.8
2012-09-27,13131910.0
2012-09-28,13129998.9
2012-09-29,13132865.6
2012-09-30,13134776.6
2012-10-01,13129043.4
2012-10-02,13126176.8
2012-10-03,13118534.6
2012-10-04,13120443.5
2012-10-05,13124265.7
2012-10-06,13129043.4
2012-10-07,13129043.4
2012-10-08,13130954.5
2012-10-09,13135732.2
2012-10-10,13141465.4
2012-10-11,13153887.4
2012-10-12,13167265.0
2012-10-13,13179711.2
2012-10-14,13187370.4
2012-10-15,13191200.0
2012-10-16,13199816.6
2012-10-17,13199816.6
2012-10-18,13200774.0
2012-10-19,13205561.0
2012-10-20,13211305.4
2012-10-21,13216094.6
2012-10-22,13215135.0
2012-10-23,13211305.4
2012-10-24,13214177.6
2012-10-25,13220892.5
2012-10-26,13218973.3
2012-10-27,13223771.2
2012-10-28,13234326.6
2012-10-29,13243922.4
2012-10-30,13253518.2
2012-10-31,13263114.0
2012-11-01,13257356.5
2012-11-02,13252558.6
2012-11-03,13256396.9
2012-11-04,13250639.5
2012-11-05,13236245.8
2012-11-06,13230491.6
2012-11-07,13218013.7
2012-11-08,13202688.8
2012-11-09,13185455.6
2012-11-10,13177796.4
2012-11-11,13174924.2
2012-11-12,13169179.8
2012-11-13,13156754.1
2012-11-14,13144332.0
2012-11-15,13139554.3
2012-11-16,13131910.0
2012-11-17,13128087.9
2012-11-18,13129043.4
2012-11-19,13125221.2
2012-11-20,13117581.3
2012-11-21,13150065.3
2012-11-22,13216094.6
2012-11-23,13266959.8
2012-11-24,13315040.5
2012-11-25,13341051.8
2012-11-26,13341051.8
2012-11-27,13340088.4
2012-11-28,13335271.5
2012-11-29,13331418.0
2012-11-30,13334308.1
2012-12-01,13342978.5
2012-12-02,13351649.0
2012-12-03,13356465.9
2012-12-04,13369968.4
2012-12-05,13378651.2
2012-12-06,13391193.1
2012-12-07,13401805.4
2012-12-08,13410494.3
2012-12-09,13424028.9
2012-12-10,13435630.0
2012-12-11,13446264.4
2012-12-12,13452065.0
2012-12-13,13467551.6
2012-12-14,13472393.1
2012-12-15,13486917.6
2012-12-16,13507257.3
2012-12-17,13516958.3
2012-12-18,13521808.8
2012-12-19,13526659.3
2012-12-20,13523749.0
2012-12-21,13526659.3
2012-12-22,13536360.3
2012-12-23,13555767.0
2012-12-24,13571313.5
2012-12-25,13577143.5
2012-12-26,13587831.8
2012-12-27,13596576.7
2012-12-28,13602408.5
2012-12-29,13614090.0
2012-12-30,13627718.4
2012-12-31,13636479.6
2013-01-01,13647187.6
2013-01-02,13646214.2
2013-01-03,13643293.8
2013-01-04,13644267.2
2013-01-05,13653032.6
2013-01-06,13665706.1
2013-01-07,13677404.6
2013-01-08,13690078.1
2013-01-09,13696902.2
2013-01-10,13704713.6
2013-01-11,13708621.4
2013-01-12,13720344.7
2013-01-13,13734021.8
2013-01-14,13737929.6
2013-01-15,13740860.4
2013-01-16,13746722.1
2013-01-17,13758465.1
2013-01-18,13770210.0
2013-01-19,13786848.6
2013-01-20,13800559.2
2013-01-21,13812328.8
2013-01-22,13820175.2
2013-01-23,13827040.8
2013-01-24,13829983.2
2013-01-25,13834887.2
2013-01-26,13844695.2
2013-01-27,13854520.7
2013-01-28,13844695.2
2013-01-29,13839791.2
2013-01-30,13832925.6
2013-01-31,13828021.6
2013-02-01,13836848.8
2013-02-02,13846658.7
2013-02-03,13860417.1
2013-02-04,13863365.3
2013-02-05,13860417.1
2013-02-06,13855503.4
2013-02-07,13852555.2
2013-02-08,13847641.5
2013-02-09,13845676.0
2013-02-10,13846658.7
2013-02-11,13839791.2
2013-02-12,13839791.2
2013-02-13,13836848.8
2013-02-14,13834887.2
2013-02-15,13829002.4
2013-02-16,13833906.4
2013-02-17,13841752.8
2013-02-18,13836848.8
2013-02-19,13826060.0
2013-02-20,13828021.6
2013-02-21,13827040.8
2013-02-22,13821156.0
2013-02-23,13817232.8
2013-02-24,13822136.8
2013-02-25,13826060.0
2013-02-26,13821156.0
2013-02-27,13813309.6
2013-02-28,13810367.2
2013-03-01,13803501.6
2013-03-02,13800559.2
2013-03-03,13801540.0
2013-03-04,13800559.2
2013-03-05,13789784.8
2013-03-06,13772167.5
2013-03-07,13756507.7
2013-03-08,13744768.2
2013-03-09,13734998.8
2013-03-10,13730114.1
2013-03-11,13719367.7
2013-03-12,13706667.5
2013-03-13,13691053.0
2013-03-14,13685203.7
2013-03-15,13676429.8
2013-03-16,13666681.0
2013-03-17,13656932.2
2013-03-18,13645240.7
2013-03-19,13621877.7
2013-03-20,13600463.3
2013-03-21,13589775.1
2013-03-22,13571313.5
2013-03-23,13560625.3
2013-03-24,13548971.6
2013-03-25,13527629.4
2013-03-26,13505317.1
2013-03-27,13493695.7
2013-03-28,13479171.2
2013-03-29,13472393.1
2013-03-30,13466583.3
2013-03-31,13464646.7
2013-04-01,13462710.1
2013-04-02,13441430.6
2013-04-03,13409527.5
2013-04-04,13390228.3
2013-04-05,13374792.2
2013-04-06,13364179.8
2013-04-07,13354539.1
2013-04-08,13335271.5
2013-04-09,13310225.5
2013-04-10,13286189.0
2013-04-11,13272728.6
2013-04-12,13250639.5
2013-04-13,13238164.9
2013-04-14,13226650.0
2013-04-15,13209390.6
2013-04-16,13190242.6
2013-04-17,13164398.4
2013-04-18,13143376.5
2013-04-19,13127132.3
2013-04-20,13110907.8
2013-04-21,13102327.5
2013-04-22,13093747.3
2013-04-23,13059453.1
2013-04-24,13045183.6
2013-04-25,13023305.6
2013-04-26,13010014.6
2013-04-27,12996723.6
2013-04-28,12980584.4
2013-04-29,12949303.1
2013-04-30,12920890.8
2013-05-01,12901979.2
2013-05-02,12886849.9
2013-05-03,12871740.4
2013-05-04,12869852.9
2013-05-05,12867021.5
2013-05-06,12850033.5
2013-05-07,12837764.3
2013-05-08,12821751.4
2013-05-09,12803862.2
2013-05-10,12796329.9
2013-05-11,12782218.4
2013-05-12,12781278.8
2013-05-13,12764366.0
2013-05-14,12752151.2
2013-05-15,12735252.1
2013-05-16,12719317.6
2013-05-17,12708069.8
2013-05-18,12705257.8
2013-05-19,12702445.9
2013-05-20,12687463.2
2013-05-21,12668758.0
2013-05-22,12643516.4
2013-05-23,12626728.5
2013-05-24,12605277.3
2013-05-25,12595029.9
2013-05-26,12583861.8
2013-05-27,12569901.6
2013-05-28,12537373.8
2013-05-29,12517883.3
2013-05-30,12501195.9
2013-05-31,12494717.8
2013-06-01,12491016.1
2013-06-02,12487314.3
2013-06-03,12474358.2
2013-06-04,12466029.2
2013-06-05,12466954.6
2013-06-06,12473432.7
2013-06-07,12467880.1
2013-06-08,12470656.4
2013-06-09,12478985.4
2013-06-10,12465103.8
2013-06-11,12448478.3
2013-06-12,12439247.1
2013-06-13,12429092.8
2013-06-14,12411561.7
2013-06-15,12409719.5
2013-06-16,12403272.0
2013-06-17,12392219.0
2013-06-18,12381166.0
2013-06-19,12374718.5
2013-06-20,12362759.8
2013-06-21,12345301.1
2013-06-22,12335193.4
2013-06-23,12333355.7
2013-06-24,12329680.2
2013-06-25,12316830.7
2013-06-26,12303996.0
2013-06-27,12293911.7
2013-06-28,12284744.1
2013-06-29,12281077.0
2013-06-30,12275581.2
2013-07-01,12264608.7
2013-07-02,12255464.9
2013-07-03,12248149.8
2013-07-04,12251807.4
2013-07-05,12252721.7
2013-07-06,12257293.6
2013-07-07,12247235.5
2013-07-08,12234434.1
2013-07-09,12216179.5
2013-07-10,12202492.9
2013-07-11,12203405.4
2013-07-12,12197930.7
2013-07-13,12202492.9
2013-07-14,12207055.1
2013-07-15,12207055.1
2013-07-16,12207967.6
2013-07-17,12203405.4
2013-07-18,12209792.4
2013-07-19,12198843.2
2013-07-20,12204317.8
2013-07-21,12226216.4
2013-07-22,12227128.8
2013-07-23,12225303.9
2013-07-24,12223479.0
2013-07-25,12218004.4
2013-07-26,12231691.0
2013-07-27,12229866.1
2013-07-28,12241749.2
2013-07-29,12252721.7
2013-07-30,12261865.5
2013-07-31,12270095.0
2013-08-01,12278326.8
2013-08-02,12277410.0
2013-08-03,12285660.8
2013-08-04,12293911.7
2013-08-05,12288411.1
2013-08-06,12286577.6
2013-08-07,12287494.4
2013-08-08,12284744.1
2013-08-09,12288411.1
2013-08-10,12296662.0
2013-08-11,12295745.2
2013-08-12,12287494.4
2013-08-13,12280160.3
2013-08-14,12275581.2
2013-08-15,12275581.2
2013-08-16,12271923.7
2013-08-17,12276495.6
2013-08-18,12271009.3
2013-08-19,12271009.3
2013-08-20,12268266.2
2013-08-21,12252721.7
2013-08-22,12237177.3
2013-08-23,12239920.4
2013-08-24,12242663.6
2013-08-25,12248149.8
2013-08-26,12246321.1
2013-08-27,12245406.7
2013-08-28,12244492.3
2013-08-29,12257293.6
2013-08-30,12276495.6
2013-08-31,12289327.9
2013-09-01,12301245.8
2013-09-02,12305829.6
2013-09-03,12301245.8
2013-09-04,12301245.8
2013-09-05,12296662.0
2013-09-06,12297578.7
2013-09-07,12304912.8
2013-09-08,12312246.9
2013-09-09,12317747.4
2013-09-10,12316830.7
2013-09-11,12322331.2
2013-09-12,12326004.6
2013-09-13,12332436.8
2013-09-14,12345301.1
2013-09-15,12353571.0
2013-09-16,12359084.3
2013-09-17,12357246.6
2013-09-18,12358165.4
2013-09-19,12358165.4
2013-09-20,12358165.4
2013-09-21,12360003.2
2013-09-22,12364597.6
2013-09-23,12362759.8
2013-09-24,12358165.4
2013-09-25,12350814.4
2013-09-26,12357246.6
2013-09-27,12357246.6
2013-09-28,12361841.0
2013-09-29,12364597.6
2013-09-30,12361841.0
2013-10-01,12349895.5
2013-10-02,12339787.8
2013-10-03,12329680.2
2013-10-04,12303996.0
2013-10-05,12283827.3
2013-10-06,12263694.3
2013-10-07,12246321.1
2013-10-08,12235348.5
2013-10-09,12222566.6
2013-10-10,12219829.3
2013-10-11,12205230.2
2013-10-12,12198843.2
2013-10-13,12185158.8
2013-10-14,12166045.0
2013-10-15,12154212.7
2013-10-16,12144200.7
2013-10-17,12136926.4
2013-10-18,12128750.8
2013-10-19,12126025.6
2013-10-20,12126934.0
2013-10-21,12125117.2
2013-10-22,12128750.8
2013-10-23,12127842.4
2013-10-24,12131476.0
2013-10-25,12135109.6
2013-10-26,12136018.0
2013-10-27,12144200.7
2013-10-28,12136018.0
2013-10-29,12120575.2
2013-10-30,12106949.2
2013-10-31,12098773.6
2013-11-01,12094233.7
2013-11-02,12098773.6
2013-11-03,12104224.0
2013-11-04,12102407.2
2013-11-05,12099682.0
2013-11-06,12097865.2
2013-11-07,12090608.7
2013-11-08,12087889.9
2013-11-09,12090608.7
2013-11-10,12093327.5
2013-11-11,12080639.8
2013-11-12,12076108.5
2013-11-13,12092421.2
2013-11-14,12153302.5
2013-11-15,12217092.0
2013-11-16,12278326.8
2013-11-17,12333355.7
2013-11-18,12352652.2
2013-11-19,12353571.0
2013-11-20,12350814.4
2013-11-21,12337031.2
2013-11-22,12319581.0
2013-11-23,12322331.2
2013-11-24,12326923.5
2013-11-25,12314080.4
2013-11-26,12306746.3
2013-11-27,12302162.5
2013-11-28,12302162.5
2013-11-29,12304912.8
2013-11-30,12310413.4
2013-12-01,12314080.4
2013-12-02,12309496.6
2013-12-03,12303996.0
2013-12-04,12299412.2
2013-12-05,12293911.7
2013-12-06,12286577.6
2013-12-07,12280160.3
2013-12-08,12280160.3
2013-12-09,12280160.3
2013-12-10,12274666.9
2013-12-11,12271923.7
2013-12-12,12275581.2
2013-12-13,12281077.0
2013-12-14,12289327.9
2013-12-15,12303079.3
2013-12-16,12308579.8
2013-12-17,12314997.2
2013-12-18,12314997.2
2013-12-19,12310413.4
2013-12-20,12307663.1
2013-12-21,12313163.6
2013-12-22,12314997.2
2013-12-23,12314080.4
2013-12-24,12316830.7
2013-12-25,12318664.2
2013-12-26,12318664.2
2013-12-27,12320497.7
2013-12-28,12327842.4
2013-12-29,12336112.3
2013-12-30,12340706.7
2013-12-31,12344382.2
2014-01-01,12348976.6
2014-01-02,12341625.6
2014-01-03,12335193.4
2014-01-04,12334274.6
2014-01-05,12336112.3
2014-01-06,12344382.2
2014-01-07,12348057.8
2014-01-08,12356327.7
2014-01-09,12366435.4
2014-01-10,12372876.3
2014-01-11,12386692.5
2014-01-12,12399587.6
2014-01-13,12408798.4
2014-01-14,12417092.2
2014-01-15,12427246.6
2014-01-16,12436477.8
2014-01-17,12444785.8
2014-01-18,12462327.4
2014-01-19,12478059.9
2014-01-20,12484538.0
2014-01-21,12486388.9
2014-01-22,12489165.2
2014-01-23,12491016.1
2014-01-24,12493792.4
2014-01-25,12504897.7
2014-01-26,12522523.9
2014-01-27,12523452.0
2014-01-28,12519739.6
2014-01-29,12519739.6
2014-01-30,12523452.0
2014-01-31,12530877.0
2014-02-01,12542942.6
2014-02-02,12550367.5
2014-02-03,12537373.8
2014-02-04,12525308.3
2014-02-05,12503046.8
2014-02-06,12481761.7
2014-02-07,12473432.7
2014-02-08,12478059.9
2014-02-09,12485463.4
2014-02-10,12487314.3
2014-02-11,12478985.4
2014-02-12,12477134.5
2014-02-13,12483612.6
2014-02-14,12487314.3
2014-02-15,12501195.9
2014-02-16,12513242.7
2014-02-17,12515099.0
2014-02-18,12511386.5
2014-02-19,12511386.5
2014-02-20,12506748.6
2014-02-21,12502121.4
2014-02-22,12491016.1
2014-02-23,12484538.0
2014-02-24,12474358.2
2014-02-25,12466029.2
2014-02-26,12464178.3
2014-02-27,12461402.0
2014-02-28,12455863.3
2014-03-01,12437400.9
2014-03-02,12439247.1
2014-03-03,12429092.8
2014-03-04,12405114.1
2014-03-05,12388534.7
2014-03-06,12370113.1
2014-03-07,12357246.6
2014-03-08,12348976.6
2014-03-09,12333355.7
2014-03-10,12314080.4
2014-03-11,12293911.7
2014-03-12,12279243.5
2014-03-13,12266437.4
2014-03-14,12250893.0
2014-03-15,12239006.0
2014-03-16,12226216.4
2014-03-17,12214354.6
2014-03-18,12196105.8
2014-03-19,12170595.9
2014-03-20,12145110.9
2014-03-21,12115124.8
2014-03-22,12101498.8
2014-03-23,12080639.8
2014-03-24,12054358.3
2014-03-25,12029023.5
2014-03-26,12005506.5
2014-03-27,11982040.5
2014-03-28,11951371.8
2014-03-29,11929752.6
2014-03-30,11913540.3
2014-03-31,11888375.5
2014-04-01,11868604.7
2014-04-02,11852453.3
2014-04-03,11830020.8
2014-04-04,11800461.2
2014-04-05,11787925.6
2014-04-06,11769141.2
2014-04-07,11747689.5
2014-04-08,11722688.3
2014-04-09,11692361.0
2014-04-10,11667431.8
2014-04-11,11639852.0
2014-04-12,11629197.7
2014-04-13,11625646.2
2014-04-14,11595468.2
2014-04-15,11571531.6
2014-04-16,11544959.8
2014-04-17,11508690.9
2014-04-18,11482194.3
2014-04-19,11464538.6
2014-04-20,11443383.1
2014-04-21,11417832.2
2014-04-22,11404632.5
2014-04-23,11382633.0
2014-04-24,11370332.7
2014-04-25,11351008.8
2014-04-26,11342225.2
2014-04-27,11329941.1
2014-04-28,11313283.0
2014-04-29,11279038.0
2014-04-30,11253518.0
2014-05-01,11240336.0
2014-05-02,11220137.4
2014-05-03,11197318.6
2014-05-04,11185046.2
2014-05-05,11164884.4
2014-05-06,11145631.6
2014-05-07,11136008.8
2014-05-08,11115892.0
2014-05-09,11108908.0
2014-05-10,11097559.0
2014-05-11,11086210.0
2014-05-12,11071373.8
2014-05-13,11046974.6
2014-05-14,11021722.0
2014-05-15,10991286.0
2014-05-16,10961771.8
2014-05-17,10944415.8
2014-05-18,10928822.6
2014-05-19,10913231.0
2014-05-20,10894185.8
2014-05-21,10867383.2
2014-05-22,10831130.0
2014-05-23,10807851.0
2014-05-24,10795797.0
2014-05-25,10774272.0
2014-05-26,10755362.4
2014-05-27,10740756.0
2014-05-28,10716721.8
2014-05-29,10687570.2
2014-05-30,10655052.0
2014-05-31,10638802.0
2014-06-01,10626846.0
2014-06-02,10610620.0
2014-06-03,10589291.6
2014-06-04,10571395.4
2014-06-05,10559464.6
2014-06-06,10547553.6
2014-06-07,10543301.6
2014-06-08,10543301.6
2014-06-09,10533096.8
2014-06-10,10520340.8
2014-06-11,10499109.6
2014-06-12,10477040.8
2014-06-13,10455858.8
2014-06-14,10449931.2
2014-06-15,10434688.8
2014-06-16,10417775.2
2014-06-17,10410168.4
2014-06-18,10398335.6
2014-06-19,10389883.6
2014-06-20,10380600.8
2014-06-21,10372166.8
2014-06-22,10369636.6
2014-06-23,10357829.0
2014-06-24,10340970.0
2014-06-25,10313197.2
2014-06-26,10285458.0
2014-06-27,10266138.0
2014-06-28,10255232.0
2014-06-29,10244338.0
2014-06-30,10232606.0
2014-07-01,10220874.0
2014-07-02,10205815.6
2014-07-03,10184069.2
2014-07-04,10186578.4
2014-07-05,10188251.2
2014-07-06,10187414.8
2014-07-07,10168197.4
2014-07-08,10169032.0
2014-07-09,10164859.0
2014-07-10,10166528.2
2014-07-11,10158182.2
2014-07-12,10163189.8
2014-07-13,10169032.0
2014-07-14,10152340.0
2014-07-15,10143994.0
2014-07-16,10138986.4
2014-07-17,10133149.0
2014-07-18,10128151.0
2014-07-19,10123986.0
2014-07-20,10125652.0
2014-07-21,10118155.0
2014-07-22,10108159.0
2014-07-23,10100662.0
2014-07-24,10096497.0
2014-07-25,10092336.0
2014-07-26,10084857.0
2014-07-27,10088181.0
2014-07-28,10081533.0
2014-07-29,10075716.0
2014-07-30,10068237.0
2014-07-31,10060758.0
2014-08-01,10045812.8
2014-08-02,10050789.2
2014-08-03,10053279.0
2014-08-04,10058265.0
2014-08-05,10058265.0
2014-08-06,10054941.0
2014-08-07,10051618.6
2014-08-08,10044154.0
2014-08-09,10038348.2
2014-08-10,10034201.2
2014-08-11,10035860.0
2014-08-12,10026736.6
2014-08-13,10035030.6
2014-08-14,10037518.8
2014-08-15,10035860.0
2014-08-16,10040007.0
2014-08-17,10043324.6
2014-08-18,10042495.2
2014-08-19,10054110.0
2014-08-20,10064913.0
2014-08-21,10061589.0
2014-08-22,10067406.0
2014-08-23,10077378.0
2014-08-24,10084857.0
2014-08-25,10089843.0
2014-08-26,10093167.0
2014-08-27,10097330.0
2014-08-28,10105660.0
2014-08-29,10114823.0
2014-08-30,10128984.0
2014-08-31,10139821.0
2014-09-01,10149001.6
2014-09-02,10151505.4
2014-09-03,10149836.2
2014-09-04,10146497.8
2014-09-05,10132316.0
2014-09-06,10126485.0
2014-09-07,10118988.0
2014-09-08,10123153.0
2014-09-09,10128984.0
2014-09-10,10131483.0
2014-09-11,10123986.0
2014-09-12,10129817.0
2014-09-13,10134815.0
2014-09-14,10137317.2
2014-09-15,10134815.0
2014-09-16,10123153.0
2014-09-17,10106493.0
2014-09-18,10096497.0
2014-09-19,10096497.0
2014-09-20,10091505.0
2014-09-21,10098163.0
2014-09-22,10096497.0
2014-09-23,10098163.0
2014-09-24,10088181.0
2014-09-25,10086519.0
2014-09-26,10090674.0
2014-09-27,10108992.0
2014-09-28,10124819.0
2014-09-29,10126485.0
2014-09-30,10121487.0
2014-10-01,10126485.0
2014-10-02,10129817.0
2014-10-03,10135648.0
2014-10-04,10140655.6
2014-10-05,10149001.6
2014-10-06,10149001.6
2014-10-07,10140655.6
2014-10-08,10129817.0
2014-10-09,10135648.0
2014-10-10,10140655.6
2014-10-11,10151505.4
2014-10-12,10163189.8
2014-10-13,10160686.0
2014-10-14,10158182.2
2014-10-15,10157347.6
2014-10-16,10163189.8
2014-10-17,10174039.6
2014-10-18,10184905.6
2014-10-19,10199124.4
2014-10-20,10205815.6
2014-10-21,10209161.2
2014-10-22,10217525.2
2014-10-23,10220874.0
2014-10-24,10222550.0
2014-10-25,10224226.0
2014-10-26,10230930.0
2014-10-27,10231768.0
2014-10-28,10230930.0
2014-10-29,10230930.0
2014-10-30,10236796.0
2014-10-31,10243500.0
2014-11-01,10245176.0
2014-11-02,10246014.0
2014-11-03,10244338.0
2014-11-04,10237634.0
2014-11-05,10225902.0
2014-11-06,10203306.4
2014-11-07,10194106.0
2014-11-08,10193269.6
2014-11-09,10198288.0
2014-11-10,10195778.8
2014-11-11,10191596.8
2014-11-12,10200797.2
2014-11-13,10246014.0
2014-11-14,10309830.8
2014-11-15,10363732.8
2014-11-16,10399180.8
2014-11-17,10405097.2
2014-11-18,10398335.6
2014-11-19,10369636.6
2014-11-20,10362046.0
2014-11-21,10364576.2
2014-11-22,10362889.4
2014-11-23,10363732.8
2014-11-24,10377227.2
2014-11-25,10344336.4
2014-11-26,10336762.0
2014-11-27,10339286.8
2014-11-28,10334237.2
2014-11-29,10323296.4
2014-11-30,10308989.2
2014-12-01,10315722.0
2014-12-02,10318246.8
2014-12-03,10325821.2
2014-12-04,10341811.6
2014-12-05,10352768.6
2014-12-06,10368793.2
2014-12-07,10378070.6
2014-12-08,10389038.4
2014-12-09,10400871.2
2014-12-10,10415239.6
2014-12-11,10429608.0
2014-12-12,10444850.4
2014-12-13,10456705.6
2014-12-14,10470254.4
2014-12-15,10481284.8
2014-12-16,10498260.8
2014-12-17,10514388.0
2014-12-18,10534797.6
2014-12-19,10550955.2
2014-12-20,10565430.0
2014-12-21,10578213.0
2014-12-22,10592700.4
2014-12-23,10597813.6
2014-12-24,10605496.0
2014-12-25,10619160.0
2014-12-26,10625138.0
2014-12-27,10632824.0
2014-12-28,10643073.6
2014-12-29,10652485.2
2014-12-30,10666174.8
2014-12-31,10667030.4
2015-01-01,10676442.0
2015-01-02,10676442.0
2015-01-03,10681575.6
2015-01-04,10686712.8
2015-01-05,10691857.2
2015-01-06,10699573.8
2015-01-07,10704718.2
2015-01-08,10709862.6
2015-01-09,10715007.0
2015-01-10,10726153.2
2015-01-11,10740756.0
2015-01-12,10745052.0
2015-01-13,10745052.0
2015-01-14,10742474.4
2015-01-15,10744192.8
2015-01-16,10753644.0
2015-01-17,10764813.6
2015-01-18,10780299.0
2015-01-19,10786326.0
2015-01-20,10785465.0
2015-01-21,10794075.0
2015-01-22,10786326.0
2015-01-23,10783743.0
2015-01-24,10784604.0
2015-01-25,10782882.0
2015-01-26,10769968.8
2015-01-27,10760517.6
2015-01-28,10745911.2
2015-01-29,10735600.8
2015-01-30,10727868.0
2015-01-31,10728727.2
2015-02-01,10739037.6
2015-02-02,10743333.6
2015-02-03,10749348.0
2015-02-04,10747629.6
2015-02-05,10747629.6
2015-02-06,10750207.2
2015-02-07,10752784.8
2015-02-08,10757940.0
2015-02-09,10760517.6
2015-02-10,10759658.4
2015-02-11,10757080.8
2015-02-12,10751925.6
2015-02-13,10754503.2
2015-02-14,10762236.0
2015-02-15,10770828.0
2015-02-16,10775994.0
2015-02-17,10773411.0
2015-02-18,10769109.6
2015-02-19,10769109.6
2015-02-20,10765672.8
2015-02-21,10765672.8
2015-02-22,10763954.4
2015-02-23,10765672.8
2015-02-24,10768250.4
2015-02-25,10767391.2
2015-02-26,10767391.2
2015-02-27,10764813.6
2015-02-28,10769109.6
2015-03-01,10768250.4
2015-03-02,10763095.2
2015-03-03,10757940.0
2015-03-04,10741615.2
2015-03-05,10723581.0
2015-03-06,10700431.2
2015-03-07,10685855.4
2015-03-08,10683286.8
2015-03-09,10678153.2
2015-03-10,10673019.6
2015-03-11,10661041.2
2015-03-12,10651629.6
2015-03-13,10643073.6
2015-03-14,10634532.0
2015-03-15,10624284.0
2015-03-16,10614036.0
2015-03-17,10602934.0
2015-03-18,10588439.4
2015-03-19,10569691.0
2015-03-20,10542451.2
2015-03-21,10530545.6
2015-03-22,10521191.2
2015-03-23,10509295.2
2015-03-24,10494865.6
2015-03-25,10477040.8
2015-03-26,10463480.0
2015-03-27,10448237.6
2015-03-28,10441463.2
2015-03-29,10438922.8
2015-03-30,10429608.0
2015-03-31,10418620.4
2015-04-01,10411858.8
2015-04-02,10403406.8
2015-04-03,10376383.8
2015-04-04,10359515.8
2015-04-05,10350238.4
2015-04-06,10339286.8
2015-04-07,10315722.0
2015-04-08,10300578.0
2015-04-09,10282098.0
2015-04-10,10259422.0
2015-04-11,10248528.0
2015-04-12,10230092.0
2015-04-13,10209161.2
2015-04-14,10196615.2
2015-04-15,10169866.6
2015-04-16,10148167.0
2015-04-17,10134815.0
2015-04-18,10127318.0
2015-04-19,10118155.0
2015-04-20,10102328.0
2015-04-21,10086519.0
2015-04-22,10069899.0
2015-04-23,10053279.0
2015-04-24,10034201.2
2015-04-25,10032542.4
2015-04-26,10021760.2
2015-04-27,10000219.2
2015-04-28,9982012.0
2015-04-29,9962164.0
2015-04-30,9930776.0
2015-05-01,9916759.2
2015-05-02,9916759.2
2015-05-03,9924177.0
2015-05-04,9914286.6
2015-05-05,9910989.8
2015-05-06,9891209.0
2015-05-07,9872281.2
2015-05-08,9854184.0
2015-05-09,9846780.6
2015-05-10,9841854.0
2015-05-11,9829542.0
2015-05-12,9813946.8
2015-05-13,9789353.2
2015-05-14,9768054.0
2015-05-15,9756601.4
2015-05-16,9760688.4
2015-05-17,9762323.2
2015-05-18,9756601.4
2015-05-19,9758236.2
2015-05-20,9749244.8
2015-05-21,9745975.2
2015-05-22,9739436.0
2015-05-23,9743523.0
2015-05-24,9748018.7
2015-05-25,9751697.0
2015-05-26,9745157.8
2015-05-27,9738618.6
2015-05-28,9731262.0
2015-05-29,9727175.0
2015-05-30,9725540.2
2015-05-31,9728809.8
2015-06-01,9718193.2
2015-06-02,9711666.8
2015-06-03,9714114.2
2015-06-04,9700245.6
2015-06-05,9684745.4
2015-06-06,9683929.6
2015-06-07,9679042.0
2015-06-08,9670088.0
2015-06-09,9664390.0
2015-06-10,9661948.0
2015-06-11,9654622.0
2015-06-12,9641598.0
2015-06-13,9638349.2
2015-06-14,9639973.6
2015-06-15,9634288.2
2015-06-16,9625354.0
2015-06-17,9611546.6
2015-06-18,9607485.6
2015-06-19,9606673.4
2015-06-20,9608297.8
2015-06-21,9611546.6
2015-06-22,9606673.4
2015-06-23,9600177.2
2015-06-24,9593690.8
2015-06-25,9585582.8
2015-06-26,9577474.8
2015-06-27,9588015.2
2015-06-28,9596123.2
2015-06-29,9607485.6
2015-06-30,9607485.6
2015-07-01,9595312.4
2015-07-02,9585582.8
2015-07-03,9586393.6
2015-07-04,9611546.6
2015-07-05,9627790.6
2015-07-06,9632663.8
2015-07-07,9640785.8
2015-07-08,9650552.0
2015-07-09,9652994.0
2015-07-10,9654622.0
2015-07-11,9661134.0
2015-07-12,9665204.0
2015-07-13,9674158.0
2015-07-14,9679042.0
2015-07-15,9688008.6
2015-07-16,9684745.4
2015-07-17,9677414.0
2015-07-18,9683113.8
2015-07-19,9683113.8
2015-07-20,9693719.2
2015-07-21,9703508.8
2015-07-22,9715745.8
2015-07-23,9722272.2
2015-07-24,9737801.2
2015-07-25,9758236.2
2015-07-26,9779522.8
2015-07-27,9797545.2
2015-07-28,9814767.6
2015-07-29,9823796.4
2015-07-30,9832004.4
2015-07-31,9858297.0
2015-08-01,9872281.2
2015-08-02,9891209.0
2015-08-03,9892857.4
2015-08-04,9890384.8
2015-08-05,9880507.2
2015-08-06,9873103.8
2015-08-07,9858297.0
2015-08-08,9861587.4
2015-08-09,9869813.4
2015-08-10,9868990.8
2015-08-11,9867345.6
2015-08-12,9862410.0
2015-08-13,9859942.2
2015-08-14,9859119.6
2015-08-15,9863232.6
2015-08-16,9865700.4
2015-08-17,9866523.0
2015-08-18,9865700.4
2015-08-19,9868168.2
2015-08-20,9868168.2
2015-08-21,9859942.2
2015-08-22,9859119.6
2015-08-23,9853361.4
2015-08-24,9851716.2
2015-08-25,9853361.4
2015-08-26,9852538.8
2015-08-27,9850071.0
2015-08-28,9850071.0
2015-08-29,9856651.8
2015-08-30,9865700.4
2015-08-31,9871458.6
2015-09-01,9860764.8
2015-09-02,9858297.0
2015-09-03,9853361.4
2015-09-04,9851716.2
2015-09-05,9855829.2
2015-09-06,9864877.8
2015-09-07,9864877.8
2015-09-08,9855006.6
2015-09-09,9843495.6
2015-09-10,9836108.4
2015-09-11,9831183.6
2015-09-12,9835287.6
2015-09-13,9843495.6
2015-09-14,9840212.4
2015-09-15,9839391.6
2015-09-16,9844316.4
2015-09-17,9850893.6
2015-09-18,9853361.4
2015-09-19,9857474.4
2015-09-20,9856651.8
2015-09-21,9853361.4
2015-09-22,9855829.2
2015-09-23,9851716.2
2015-09-24,9844316.4
2015-09-25,9833646.0
2015-09-26,9844316.4
2015-09-27,9850893.6
2015-09-28,9855006.6
2015-09-29,9857474.4
2015-09-30,9854184.0
2015-10-01,9856651.8
2015-10-02,9868990.8
2015-10-03,9872281.2
2015-10-04,9877216.8
2015-10-05,9887912.2
2015-10-06,9886265.4
2015-10-07,9882975.0
2015-10-08,9875571.6
2015-10-09,9873103.8
2015-10-10,9876394.2
2015-10-11,9882975.0
2015-10-12,9879684.6
2015-10-13,9869813.4
2015-10-14,9865700.4
2015-10-15,9864877.8
2015-10-16,9878862.0
2015-10-17,9887912.2
2015-10-18,9901099.4
2015-10-19,9908517.2
2015-10-20,9919231.8
2015-10-21,9914286.6
2015-10-22,9916759.2
2015-10-23,9918407.6
2015-10-24,9920056.0
2015-10-25,9921704.4
2015-10-26,9931602.0
2015-10-27,9933254.0
2015-10-28,9929950.0
2015-10-29,9934906.0
2015-10-30,9925001.2
2015-10-31,9927473.8
2015-11-01,9931602.0
2015-11-02,9931602.0
2015-11-03,9934080.0
2015-11-04,9938210.0
2015-11-05,9938210.0
2015-11-06,9939862.0
2015-11-07,9936558.0
2015-11-08,9939862.0
2015-11-09,9932428.0
2015-11-10,9934080.0
2015-11-11,9934080.0
2015-11-12,9929124.0
2015-11-13,9924177.0
2015-11-14,9923352.8
2015-11-15,9919231.8
2015-11-16,9919231.8
2015-11-17,9912638.2
2015-11-18,9908517.2
2015-11-19,9903572.0
2015-11-20,9895330.0
2015-11-21,9899451.0
2015-11-22,9903572.0
2015-11-23,9904396.2
2015-11-24,9900357.62
2015-11-25,9895330.0
2015-11-26,9895330.0
2015-11-27,9887088.0
2015-11-28,9878039.4
2015-11-29,9870636.0
2015-11-30,9864877.8
2015-12-01,9864877.8
2015-12-02,9857474.4
2015-12-03,9865700.4
2015-12-04,9878862.0
2015-12-05,9896978.4
2015-12-06,9917583.4
2015-12-07,9932428.0
2015-12-08,9949774.0
2015-12-09,9956382.0
2015-12-10,9966294.0
2015-12-11,9976218.8
2015-12-12,9980356.8
2015-12-13,9976218.8
2015-12-14,9992770.8
2015-12-15,10001874.4
2015-12-16,10002702.0
2015-12-17,10005184.8
2015-12-18,10011807.4
2015-12-19,10020930.8
2015-12-20,10035860.0
2015-12-21,10044983.4
2015-12-22,10049130.4
2015-12-23,10051618.6
2015-12-24,10056603.0
2015-12-25,10058265.0
2015-12-26,10060758.0
2015-12-27,10062420.0
2015-12-28,10063251.0
2015-12-29,10072392.0
2015-12-30,10080702.0
2015-12-31,10086519.0
2016-01-01,10094831.0
2016-01-02,10104827.0
2016-01-03,10113157.0
2016-01-04,10115656.0
2016-01-05,10128151.0
2016-01-06,10137317.2
2016-01-07,10139821.0
2016-01-08,10140655.6
2016-01-09,10143994.0
2016-01-10,10148167.0
2016-01-11,10157347.6
2016-01-12,10168197.4
2016-01-13,10173205.0
2016-01-14,10182396.4
2016-01-15,10185742.0
2016-01-16,10196615.2
2016-01-17,10209997.6
2016-01-18,10220874.0
2016-01-19,10231768.0
2016-01-20,10240986.0
2016-01-21,10248528.0
2016-01-22,10259422.0
2016-01-23,10272858.0
2016-01-24,10282938.0
2016-01-25,10289658.0
2016-01-26,10298898.0
2016-01-27,10299738.0
2016-01-28,10298898.0
2016-01-29,10302258.0
2016-01-30,10312355.6
2016-01-31,10318246.8
2016-02-01,10332554.0
2016-02-02,10338445.2
2016-02-03,10342653.2
2016-02-04,10339286.8
2016-02-05,10341811.6
2016-02-06,10344336.4
2016-02-07,10347708.2
2016-02-08,10351081.8
2016-02-09,10354455.4
2016-02-10,10355298.8
2016-02-11,10351925.2
2016-02-12,10356985.6
2016-02-13,10362046.0
2016-02-14,10364576.2
2016-02-15,10371323.4
2016-02-16,10375540.4
2016-02-17,10376383.8
2016-02-18,10368793.2
2016-02-19,10368793.2
2016-02-20,10373010.2
2016-02-21,10374697.0
2016-02-22,10370480.0
2016-02-23,10367106.4
2016-02-24,10361202.6
2016-02-25,10359515.8
2016-02-26,10359515.8
2016-02-27,10361202.6
2016-02-28,10362889.4
2016-02-29,10359515.8
2016-03-01,10355298.8
2016-03-02,10347708.2
2016-03-03,10337603.6
2016-03-04,10318246.8
2016-03-05,10306464.4
2016-03-06,10309830.8
2016-03-07,10293018.0
2016-03-08,10288818.0
2016-03-09,10275378.0
2016-03-10,10261098.0
2016-03-11,10246852.0
2016-03-12,10246014.0
2016-03-13,10247690.0
2016-03-14,10243500.0
2016-03-15,10230092.0
2016-03-16,10212506.8
2016-03-17,10194106.0
2016-03-18,10184069.2
2016-03-19,10183232.8
2016-03-20,10174874.2
2016-03-21,10169032.0
2016-03-22,10164024.4
2016-03-23,10150670.8
2016-03-24,10143994.0
2016-03-25,10131483.0
2016-03-26,10125652.0
2016-03-27,10120654.0
2016-03-28,10107326.0
2016-03-29,10089843.0
2016-03-30,10061589.0
2016-03-31,10048301.0
2016-04-01,10034201.2
2016-04-02,10027566.0
2016-04-03,10024248.4
2016-04-04,10006012.4
2016-04-05,9991115.6
2016-04-06,9970425.6
2016-04-07,9959686.0
2016-04-08,9947296.0
2016-04-09,9939862.0
2016-04-10,9934906.0
2016-04-11,9922528.6
2016-04-12,9913462.4
2016-04-13,9898626.8
2016-04-14,9885442.8
2016-04-15,9876394.2
2016-04-16,9870636.0
2016-04-17,9864055.2
2016-04-18,9851716.2
2016-04-19,9832004.4
2016-04-20,9813126.0
2016-04-21,9795087.6
2016-04-22,9777884.4
2016-04-23,9780342.0
2016-04-24,9770511.6
2016-04-25,9762323.2
2016-04-26,9750062.2
2016-04-27,9732896.8
2016-04-28,9715745.8
2016-04-29,9702693.0
2016-04-30,9692903.4
2016-05-01,9690456.0
2016-05-02,9674158.0
2016-05-03,9664390.0
2016-05-04,9656250.0
2016-05-05,9647296.0
2016-05-06,9636724.8
2016-05-07,9641598.0
2016-05-08,9645668.0
2016-05-09,9639973.6
2016-05-10,9628602.8
2016-05-11,9616419.8
2016-05-12,9612358.8
2016-05-13,9607485.6
2016-05-14,9601800.2
2016-05-15,9597744.8
2016-05-16,9596934.0
2016-05-17,9586393.6
2016-05-18,9575042.4
2016-05-19,9562069.6
2016-05-20,9548316.0
2016-05-21,9545889.6
2016-05-22,9549933.6
2016-05-23,9542654.4
2016-05-24,9533757.6
2016-05-25,9522434.4
2016-05-26,9523243.2
2016-05-27,9519200.8
2016-05-28,9518393.6
2016-05-29,9518393.6
2016-05-30,9515164.8
2016-05-31,9503864.0
2016-06-01,9490141.6
2016-06-02,9469175.2
2016-06-03,9462730.4
2016-06-04,9455480.0
2016-06-05,9459508.0
2016-06-06,9455480.0
2016-06-07,9451452.0
2016-06-08,9445007.2
2016-06-09,9434545.2
2016-06-10,9427311.0
2016-06-11,9422488.2
2016-06-12,9418469.2
2016-06-13,9415254.0
2016-06-14,9415254.0
2016-06-15,9411235.0
2016-06-16,9407216.0
2016-06-17,9399981.8
2016-06-18,9398375.8
2016-06-19,9398375.8
2016-06-20,9387145.0
2016-06-21,9378320.8
2016-06-22,9372705.4
2016-06-23,9367090.0
2016-06-24,9361474.6
2016-06-25,9360672.4
2016-06-26,9359870.2
2016-06-27,9350263.6
2016-06-28,9345461.2
2016-06-29,9341459.2
2016-06-30,9330253.6
2016-07-01,9327852.4
2016-07-02,9343060.0
2016-07-03,9351864.4
2016-07-04,9363881.2
2016-07-05,9367892.2
2016-07-06,9365485.6
2016-07-07,9360672.4
2016-07-08,9350263.6
2016-07-09,9342259.6
2016-07-10,9342259.6
2016-07-11,9349463.2
2016-07-12,9353465.2
2016-07-13,9356666.8
2016-07-14,9355866.4
2016-07-15,9358267.6
2016-07-16,9366287.8
2016-07-17,9375112.0
2016-07-18,9376716.4
2016-07-19,9378320.8
2016-07-20,9378320.8
2016-07-21,9367090.0
2016-07-22,9366287.8
2016-07-23,9367090.0
2016-07-24,9375112.0
2016-07-25,9372705.4
2016-07-26,9370298.8
2016-07-27,9370298.8
2016-07-28,9372705.4
2016-07-29,9381529.6
2016-07-30,9400785.6
2016-07-31,9419273.0
2016-08-01,9421684.4
2016-08-02,9425703.4
2016-08-03,9430526.2
2016-08-04,9441784.8
2016-08-05,9456285.6
2016-08-06,9462730.4
2016-08-07,9469980.8
2016-08-08,9482876.8
2016-08-09,9487720.0
2016-08-10,9490141.6
2016-08-11,9498213.6
2016-08-12,9503056.8
2016-08-13,9513550.4
2016-08-14,9516779.2
2016-08-15,9516779.2
2016-08-16,9528096.0
2016-08-17,9526478.4
2016-08-18,9527287.2
2016-08-19,9532140.0
2016-08-20,9540228.0
2016-08-21,9555595.2
2016-08-22,9570177.6
2016-08-23,9569366.8
2016-08-24,9566934.4
2016-08-25,9566123.6
2016-08-26,9575042.4
2016-08-27,9586393.6
2016-08-28,9600988.0
2016-08-29,9607485.6
2016-08-30,9605861.2
2016-08-31,9614795.4
2016-09-01,9616419.8
2016-09-02,9617232.0
2016-09-03,9622105.2
2016-09-04,9623729.6
2016-09-05,9625354.0
2016-09-06,9615607.6
2016-09-07,9609922.2
2016-09-08,9604236.8
2016-09-09,9592880.0
2016-09-10,9589636.8
2016-09-11,9594501.6
2016-09-12,9594501.6
2016-09-13,9595312.4
2016-09-14,9590447.6
2016-09-15,9586393.6
2016-09-16,9580718.0
2016-09-17,9584772.0
2016-09-18,9587204.4
2016-09-19,9583150.4
2016-09-20,9577474.8
2016-09-21,9561258.8
2016-09-22,9564502.0
2016-09-23,9572610.0
2016-09-24,9577474.8
2016-09-25,9583961.2
2016-09-26,9592069.2
2016-09-27,9598555.6
2016-09-28,9604236.8
2016-09-29,9613983.2
2016-09-30,9619668.6
2016-10-01,9622105.2
2016-10-02,9630227.2
2016-10-03,9639161.4
2016-10-04,9645668.0
2016-10-05,9648110.0
2016-10-06,9645668.0
2016-10-07,9647296.0
2016-10-08,9647296.0
2016-10-09,9648924.0
2016-10-10,9645668.0
2016-10-11,9648924.0
2016-10-12,9652994.0
2016-10-13,9656250.0
2016-10-14,9657064.0
2016-10-15,9660320.0
2016-10-16,9668460.0
2016-10-17,9674158.0
2016-10-18,9677414.0
2016-10-19,9672530.0
2016-10-20,9666018.0
2016-10-21,9664390.0
2016-10-22,9671716.0
2016-10-23,9679042.0
2016-10-24,9683929.6
2016-10-25,9683929.6
2016-10-26,9683113.8
2016-10-27,9683113.8
2016-10-28,9687192.8
2016-10-29,9694535.0
2016-10-30,9701061.4
2016-10-31,9710035.2
2016-11-01,9709219.4
2016-11-02,9707587.8
2016-11-03,9705956.2
2016-11-04,9705140.4
2016-11-05,9700245.6
2016-11-06,9699429.8
2016-11-07,9696166.6
2016-11-08,9686377.0
2016-11-09,9706772.0
2016-11-10,9751697.0
2016-11-11,9795087.6
2016-11-12,9845958.0
2016-11-13,9887088.0
2016-11-14,9896978.4
2016-11-15,9896978.4
2016-11-16,9888736.4
2016-11-17,9875571.6
2016-11-18,9864877.8
2016-11-19,9853361.4
2016-11-20,9839391.6
2016-11-21,9832004.4
2016-11-22,9823796.4
2016-11-23,9818871.6
2016-11-24,9807380.4
2016-11-25,9800002.8
2016-11-26,9782799.6
2016-11-27,9776246.0
2016-11-28,9766415.6
2016-11-29,9745157.8
2016-11-30,9727175.0
2016-12-01,9723905.4
2016-12-02,9720640.6
2016-12-03,9719009.0
2016-12-04,9723905.4
2016-12-05,9729627.2
2016-12-06,9736166.4
2016-12-07,9744340.4
2016-12-08,9750879.6
2016-12-09,9763958.0
2016-12-10,9780342.0
2016-12-11,9797545.2
2016-12-12,9813126.0
2016-12-13,9827900.4
2016-12-14,9840212.4
2016-12-15,9847603.2
2016-12-16,9863232.6
2016-12-17,9873103.8
2016-12-18,9882152.4
2016-12-19,9896978.4
2016-12-20,9908517.2
2016-12-21,9912638.2
2016-12-22,9929950.0
2016-12-23,9940688.0
2016-12-24,9955556.0
2016-12-25,9965468.0
2016-12-26,9982839.6
2016-12-27,9997736.4
2016-12-28,10015954.4
2016-12-29,10036689.4
2016-12-30,10056603.0
2016-12-31,10079040.0
2017-01-01,10093167.0
2017-01-02,10100662.0
2017-01-03,10098163.0
2017-01-04,10100662.0
2017-01-05,10112324.0
2017-01-06,10123986.0
2017-01-07,10140655.6
2017-01-08,10157347.6
2017-01-09,10165693.6
2017-01-10,10174039.6
2017-01-11,10179050.8
2017-01-12,10187414.8
2017-01-13,10205815.6
2017-01-14,10222550.0
2017-01-15,10240986.0
2017-01-16,10256070.0
2017-01-17,10268658.0
2017-01-18,10282098.0
2017-01-19,10298898.0
2017-01-20,10311514.0
2017-01-21,10333395.6
2017-01-22,10349395.0
2017-01-23,10370480.0
2017-01-24,10389883.6
2017-01-25,10406787.6
2017-01-26,10422001.2
2017-01-27,10440616.4
2017-01-28,10463480.0
2017-01-29,10485528.8
2017-01-30,10503353.6
2017-01-31,10521191.2
2017-02-01,10531396.0
2017-02-02,10538199.2
2017-02-03,10546703.2
2017-02-04,10562021.2
2017-02-05,10573952.0
2017-02-06,10579065.2
2017-02-07,10584178.4
2017-02-08,10590996.0
2017-02-09,10599518.0
2017-02-10,10603788.0
2017-02-11,10620014.0
2017-02-12,10638802.0
2017-02-13,10651629.6
2017-02-14,10667030.4
2017-02-15,10680720.0
2017-02-16,10695286.8
2017-02-17,10713292.2
2017-02-18,10725295.8
2017-02-19,10738178.4
2017-02-20,10747629.6
2017-02-21,10763954.4
2017-02-22,10780299.0
2017-02-23,10785465.0
2017-02-24,10795797.0
2017-02-25,10801824.0
2017-02-26,10810434.0
2017-02-27,10825091.8
2017-02-28,10838030.8
2017-03-01,10825954.4
2017-03-02,10819053.6
2017-03-03,10811295.0
2017-03-04,10810434.0
2017-03-05,10810434.0
2017-03-06,10807851.0
2017-03-07,10794936.0
2017-03-08,10788909.0
2017-03-09,10784604.0
2017-03-10,10779438.0
2017-03-11,10783743.0
2017-03-12,10791492.0
2017-03-13,10784604.0
2017-03-14,10769968.8
2017-03-15,10756221.6
2017-03-16,10752784.8
2017-03-17,10749348.0
2017-03-18,10746770.4
2017-03-19,10745052.0
2017-03-20,10738178.4
2017-03-21,10733023.2
2017-03-22,10726153.2
2017-03-23,10732164.0
2017-03-24,10727010.6
2017-03-25,10733882.4
2017-03-26,10739037.6
2017-03-27,10733882.4
2017-03-28,10728727.2
2017-03-29,10722723.6
2017-03-30,10709005.2
2017-03-31,10707290.4
2017-04-01,10707290.4
2017-04-02,10710720.0
2017-04-03,10700431.2
2017-04-04,10686712.8
2017-04-05,10667030.4
2017-04-06,10649918.4
2017-04-07,10629408.0
2017-04-08,10619160.0
2017-04-09,10615744.0
2017-04-10,10606350.0
2017-04-11,10590143.8
2017-04-12,10579065.2
2017-04-13,10568838.8
2017-04-14,10562873.4
2017-04-15,10556908.0
2017-04-16,10552656.0
2017-04-17,10537348.8
2017-04-18,10527994.4
2017-04-19,10513539.2
2017-04-20,10510144.0
2017-04-21,10502504.8
2017-04-22,10496563.2
2017-04-23,10494016.8
2017-04-24,10488075.2
2017-04-25,10477040.8
2017-04-26,10456705.6
2017-04-27,10438922.8
2017-04-28,10423691.6
2017-04-29,10417775.2
2017-04-30,10420310.8
2017-05-01,10404252.0
2017-05-02,10397490.4
2017-05-03,10385661.2
2017-05-04,10379757.4
2017-05-05,10375540.4
2017-05-06,10373853.6
2017-05-07,10374697.0
2017-05-08,10364576.2
2017-05-09,10346864.8
2017-05-10,10336762.0
2017-05-11,10319930.0
2017-05-12,10309830.8
2017-05-13,10305622.8
2017-05-14,10305622.8
2017-05-15,10300578.0
2017-05-16,10293018.0
2017-05-17,10286298.0
2017-05-18,10267818.0
2017-05-19,10254394.0
2017-05-20,10246852.0
2017-05-21,10251042.0
2017-05-22,10239310.0
2017-05-23,10226740.0
2017-05-24,10211670.4
2017-05-25,10205815.6
2017-05-26,10195778.8
2017-05-27,10194942.4
2017-05-28,10191596.8
2017-05-29,10186578.4
2017-05-30,10165693.6
2017-05-31,10140655.6
2017-06-01,10127318.0
2017-06-02,10118988.0
2017-06-03,10114823.0
2017-06-04,10118988.0
2017-06-05,10115656.0
2017-06-06,10108992.0
2017-06-07,10100662.0
2017-06-08,10096497.0
2017-06-09,10092336.0
2017-06-10,10094831.0
2017-06-11,10093998.0
2017-06-12,10096497.0
2017-06-13,10094831.0
2017-06-14,10089012.0
2017-06-15,10083195.0
2017-06-16,10075716.0
2017-06-17,10073223.0
2017-06-18,10074054.0
2017-06-19,10061589.0
2017-06-20,10046642.2
2017-06-21,10034201.2
2017-06-22,10025077.8
2017-06-23,10020930.8
2017-06-24,10015954.4
2017-06-25,10013466.2
2017-06-26,10005184.8
2017-06-27,9996081.2
2017-06-28,9986150.0
2017-06-29,9978701.6
2017-06-30,9971253.2
2017-07-01,9973736.0
2017-07-02,9977046.4
2017-07-03,9976218.8
2017-07-04,9977046.4
2017-07-05,9967120.0
2017-07-06,9962164.0
2017-07-07,9960512.0
2017-07-08,9958860.0
2017-07-09,9962990.0
2017-07-10,9958860.0
2017-07-11,9962990.0
2017-07-12,9959686.0
2017-07-13,9952252.0
2017-07-14,9952252.0
2017-07-15,9949774.0
2017-07-16,9955556.0
2017-07-17,9942340.0
2017-07-18,9943992.0
2017-07-19,9942340.0
2017-07-20,9943992.0
2017-07-21,9942340.0
2017-07-22,9942340.0
2017-07-23,9939036.0
2017-07-24,9929124.0
2017-07-25,9937384.0
2017-07-26,9935732.0
2017-07-27,9938210.0
2017-07-28,9938210.0
2017-07-29,9943166.0
2017-07-30,9943166.0
2017-07-31,9930776.0
2017-08-01,9924177.0
2017-08-02,9921704.4
2017-08-03,9924177.0
2017-08-04,9939862.0
2017-08-05,9961338.0
2017-08-06,9974563.6
2017-08-07,9982012.0
2017-08-08,9982839.6
2017-08-09,9983667.2
2017-08-10,9984494.8
2017-08-11,9993598.4
2017-08-12,10006012.4
2017-08-13,10017613.2
2017-08-14,10026736.6
2017-08-15,10032542.4
2017-08-16,10035030.6
2017-08-17,10039177.6
2017-08-18,10043324.6
2017-08-19,10056603.0
2017-08-20,10067406.0
2017-08-21,10075716.0
2017-08-22,10080702.0
2017-08-23,10079871.0
2017-08-24,10092336.0
2017-08-25,10093998.0
2017-08-26,10104827.0
2017-08-27,10118155.0
2017-08-28,10119821.0
2017-08-29,10121487.0
2017-08-30,10119821.0
2017-08-31,10130650.0
2017-09-01,10138986.4
2017-09-02,10143159.4
2017-09-03,10143994.0
2017-09-04,10146497.8
2017-09-05,10140655.6
2017-09-06,10135648.0
2017-09-07,10128151.0
2017-09-08,10133149.0
2017-09-09,10138986.4
2017-09-10,10133149.0
2017-09-11,10128151.0
2017-09-12,10125652.0
2017-09-13,10123153.0
2017-09-14,10119821.0
2017-09-15,10123986.0
2017-09-16,10130650.0
2017-09-17,10133982.0
2017-09-18,10138986.4
2017-09-19,10138151.8
2017-09-20,10138151.8
2017-09-21,10140655.6
2017-09-22,10147332.4
2017-09-23,10153174.6
2017-09-24,10160686.0
2017-09-25,10164859.0
2017-09-26,10165693.6
2017-09-27,10166528.2
2017-09-28,10169032.0
2017-09-29,10172370.4
2017-09-30,10181560.0
2017-10-01,10189924.0
2017-10-02,10190760.4
2017-10-03,10184905.6
2017-10-04,10182396.4
2017-10-05,10181560.0
2017-10-06,10184905.6
2017-10-07,10195778.8
2017-10-08,10209997.6
2017-10-09,10209997.6
2017-10-10,10205815.6
2017-10-11,10202470.0
2017-10-12,10200797.2
2017-10-13,10199124.4
2017-10-14,10201633.6
2017-10-15,10203306.4
2017-10-16,10200797.2
2017-10-17,10195778.8
2017-10-18,10190760.4
2017-10-19,10191596.8
2017-10-20,10194942.4
2017-10-21,10196615.2
2017-10-22,10202470.0
2017-10-23,10199960.8
2017-10-24,10195778.8
2017-10-25,10194106.0
2017-10-26,10194106.0
2017-10-27,10194106.0
2017-10-28,10197451.6
2017-10-29,10205815.6
2017-10-30,10204979.2
2017-10-31,10202470.0
2017-11-01,10199960.8
2017-11-02,10194106.0
2017-11-03,10181560.0
2017-11-04,10177378.0
2017-11-05,10174874.2
2017-11-06,10171535.8
2017-11-07,10165693.6
2017-11-08,10154843.8
2017-11-09,10149836.2
2017-11-10,10147332.4
2017-11-11,10146497.8
2017-11-12,10145663.2
2017-11-13,10143159.4
2017-11-14,10133982.0
2017-11-15,10127318.0
2017-11-16,10117322.0
2017-11-17,10117322.0
2017-11-18,10114823.0
2017-11-19,10115656.0
2017-11-20,10112324.0
2017-11-21,10108992.0
2017-11-22,10101495.0
2017-11-23,10104827.0
2017-11-24,10105660.0
2017-11-25,10104827.0
2017-11-26,10103161.0
2017-11-27,10101495.0
2017-11-28,10096497.0
2017-11-29,10091505.0
2017-11-30,10089843.0
2017-12-01,10090674.0
2017-12-02,10099829.0
2017-12-03,10108159.0
2017-12-04,10108992.0
2017-12-05,10109825.0
2017-12-06,10113157.0
2017-12-07,10109825.0
2017-12-08,10113157.0
2017-12-09,10119821.0
2017-12-10,10128984.0
2017-12-11,10134815.0
2017-12-12,10137317.2
2017-12-13,10141490.2
2017-12-14,10143994.0
2017-12-15,10151505.4
2017-12-16,10159016.8
2017-12-17,10165693.6
2017-12-18,10166528.2
2017-12-19,10170701.2
2017-12-20,10168197.4
2017-12-21,10169032.0
2017-12-22,10169866.6
2017-12-23,10178214.4
2017-12-24,10189087.6
2017-12-25,10199124.4
2017-12-26,10204142.8
2017-12-27,10205815.6
2017-12-28,10208324.8
2017-12-29,10209161.2
2017-12-30,10214179.6
2017-12-31,10220874.0
2018-01-01,10225902.0
2018-01-02,10229254.0
2018-01-03,10229254.0
2018-01-04,10237634.0
2018-01-05,10247690.0
2018-01-06,10262778.0
2018-01-07,10277058.0
2018-01-08,10287978.0
2018-01-09,10311514.0
2018-01-10,10327504.4
2018-01-11,10346864.8
2018-01-12,10362889.4
2018-01-13,10383131.0
2018-01-14,10400026.0
2018-01-15,10416084.8
2018-01-16,10424536.8
2018-01-17,10438076.0
2018-01-18,10453318.4
2018-01-19,10468560.8
2018-01-20,10486377.6
2018-01-21,10505051.2
2018-01-22,10517789.6
2018-01-23,10532246.4
2018-01-24,10545002.4
2018-01-25,10555207.2
2018-01-26,10573952.0
2018-01-27,10592700.4
2018-01-28,10610620.0
2018-01-29,10621722.0
2018-01-30,10632824.0
2018-01-31,10642218.0
2018-02-01,10647351.6
2018-02-02,10649918.4
2018-02-03,10655052.0
2018-02-04,10655052.0
2018-02-05,10657618.8
2018-02-06,10658474.4
2018-02-07,10658474.4
2018-02-08,10655907.6
2018-02-09,10654196.4
2018-02-10,10664463.6
2018-02-11,10664463.6
2018-02-12,10672164.0
2018-02-13,10667886.0
2018-02-14,10671308.4
2018-02-15,10673019.6
2018-02-16,10673875.2
2018-02-17,10679008.8
2018-02-18,10678153.2
2018-02-19,10683286.8
2018-02-20,10688427.6
2018-02-21,10685855.4
2018-02-22,10684998.0
2018-02-23,10687570.2
2018-02-24,10691857.2
2018-02-25,10701288.6
2018-02-26,10703860.8
2018-02-27,10708147.8
2018-02-28,10703003.4
2018-03-01,10697001.6
2018-03-02,10697001.6
2018-03-03,10695286.8
2018-03-04,10700431.2
2018-03-05,10697001.6
2018-03-06,10696144.2
2018-03-07,10694429.4
2018-03-08,10693572.0
2018-03-09,10697859.0
2018-03-10,10704718.2
2018-03-11,10712434.8
2018-03-12,10709862.6
2018-03-13,10706433.0
2018-03-14,10699573.8
2018-03-15,10697859.0
2018-03-16,10688427.6
2018-03-17,10695286.8
2018-03-18,10692714.6
2018-03-19,10691857.2
2018-03-20,10686712.8
2018-03-21,10687570.2
2018-03-22,10684998.0
2018-03-23,10686712.8
2018-03-24,10687570.2
2018-03-25,10698716.4
2018-03-26,10699573.8
2018-03-27,10696144.2
2018-03-28,10693572.0
2018-03-29,10691857.2
2018-03-30,10691857.2
2018-03-31,10694429.4
2018-04-01,10695286.8
2018-04-02,10689285.0
2018-04-03,10678153.2
2018-04-04,10660185.6
2018-04-05,10645640.4
2018-04-06,10631970.0
2018-04-07,10623430.0
2018-04-08,10622576.0
2018-04-09,10611474.0
2018-04-10,10601226.0
2018-04-11,10585030.6
2018-04-12,10573099.8
2018-04-13,10560316.8
2018-04-14,10552656.0
2018-04-15,10551805.6
2018-04-16,10533096.8
2018-04-17,10525443.2
2018-04-18,10513539.2
2018-04-19,10500807.2
2018-04-20,10488924.0
2018-04-21,10483831.2
2018-04-22,10480436.0
2018-04-23,10469407.6
2018-04-24,10456705.6
2018-04-25,10438922.8
2018-04-26,10426227.2
2018-04-27,10414394.4
2018-04-28,10405942.4
2018-04-29,10400026.0
2018-04-30,10386504.6
2018-05-01,10375540.4
2018-05-02,10360359.2
2018-05-03,10348551.6
2018-05-04,10340970.0
2018-05-05,10335078.8
2018-05-06,10333395.6
2018-05-07,10319930.0
2018-05-08,10301418.0
2018-05-09,10280418.0
2018-05-10,10267818.0
2018-05-11,10261098.0
2018-05-12,10257746.0
2018-05-13,10258584.0
2018-05-14,10246852.0
2018-05-15,10229254.0
2018-05-16,10207488.4
2018-05-17,10195778.8
2018-05-18,10184905.6
2018-05-19,10178214.4
2018-05-20,10170701.2
2018-05-21,10156513.0
2018-05-22,10140655.6
2018-05-23,10118988.0
2018-05-24,10101495.0
2018-05-25,10085688.0
2018-05-26,10079040.0
2018-05-27,10074054.0
2018-05-28,10073223.0
2018-05-29,10053279.0
2018-05-30,10031713.0
2018-05-31,10010978.0
2018-06-01,10002702.0
2018-06-02,10001046.8
2018-06-03,10001874.4
2018-06-04,9988632.8
2018-06-05,9974563.6
2018-06-06,9958034.0
2018-06-07,9946470.0
2018-06-08,9939036.0
2018-06-09,9936558.0
2018-06-10,9938210.0
2018-06-11,9930776.0
2018-06-12,9910165.6
2018-06-13,9887088.0
2018-06-14,9877216.8
2018-06-15,9871458.6
2018-06-16,9871458.6
2018-06-17,9872281.2
2018-06-18,9865700.4
2018-06-19,9850071.0
2018-06-20,9833646.0
2018-06-21,9818871.6
2018-06-22,9809022.0
2018-06-23,9804918.0
2018-06-24,9807380.4
2018-06-25,9800002.8
2018-06-26,9779522.8
2018-06-27,9761505.8
2018-06-28,9753331.8
2018-06-29,9750062.2
2018-06-30,9748427.4
2018-07-01,9754149.2
2018-07-02,9750879.6
2018-07-03,9738618.6
2018-07-04,9733714.2
2018-07-05,9729627.2
2018-07-06,9723905.4
2018-07-07,9720640.6
2018-07-08,9731262.0
2018-07-09,9735349.0
2018-07-10,9724722.8
2018-07-11,9713298.4
2018-07-12,9727992.4
2018-07-13,9736983.8
2018-07-14,9739436.0
2018-07-15,9759871.0
2018-07-16,9761505.8
2018-07-17,9754966.6
2018-07-18,9750879.6
2018-07-19,9757418.8
2018-07-20,9769692.4
2018-07-21,9785257.2
2018-07-22,9795906.8
2018-07-23,9798364.4
2018-07-24,9790991.6
2018-07-25,9784438.0
2018-07-26,9792630.0
2018-07-27,9788534.0
2018-07-28,9795087.6
2018-07-29,9802460.4
2018-07-30,9800822.0
2018-07-31,9799183.6
2018-08-01,9795087.6
2018-08-02,9801641.2
2018-08-03,9805738.8
2018-08-04,9816409.2
2018-08-05,9827900.4
2018-08-06,9829542.0
2018-08-07,9825438.0
2018-08-08,9822975.6
2018-08-09,9826258.8
2018-08-10,9834466.8
2018-08-11,9845958.0
2018-08-12,9860764.8
2018-08-13,9859119.6
2018-08-14,9859942.2
2018-08-15,9860764.8
2018-08-16,9860764.8
2018-08-17,9865700.4
2018-08-18,9873926.4
2018-08-19,9882975.0
2018-08-20,9884620.2
2018-08-21,9879684.6
2018-08-22,9882975.0
2018-08-23,9893681.6
2018-08-24,9902747.8
2018-08-25,9914286.6
2018-08-26,9920056.0
2018-08-27,9925001.2
2018-08-28,9918407.6
2018-08-29,9915935.0
2018-08-30,9918407.6
2018-08-31,9918407.6
2018-09-01,9927473.8
2018-09-02,9942340.0
2018-09-03,9951426.0
2018-09-04,9944818.0
2018-09-05,9934080.0
2018-09-06,9924177.0
2018-09-07,9922528.6
2018-09-08,9920880.2
2018-09-09,9922528.6
2018-09-10,9916759.2
2018-09-11,9910989.8
2018-09-12,9902747.8
2018-09-13,9900275.2
2018-09-14,9899451.0
2018-09-15,9898626.8
2018-09-16,9900275.2
2018-09-17,9898626.8
2018-09-18,9893681.6
2018-09-19,9885442.8
2018-09-20,9883797.6
2018-09-21,9882975.0
2018-09-22,9887088.0
2018-09-23,9891209.0
2018-09-24,9887912.2
2018-09-25,9885442.8
2018-09-26,9878039.4
2018-09-27,9872281.2
2018-09-28,9865700.4
2018-09-29,9868168.2
2018-09-30,9869813.4
2018-10-01,9879684.6
2018-10-02,9887912.2
2018-10-03,9895330.0
2018-10-04,9909341.4
2018-10-05,9921704.4
2018-10-06,9940688.0
2018-10-07,9954730.0
2018-10-08,9954730.0
2018-10-09,9948122.0
2018-10-10,9945644.0
2018-10-11,9943166.0
2018-10-12,9943166.0
2018-10-13,9942340.0
2018-10-14,9942340.0
2018-10-15,9933254.0
2018-10-16,9925001.2
2018-10-17,9920056.0
2018-10-18,9913462.4
2018-10-19,9910165.6
2018-10-20,9909341.4
2018-10-21,9916759.2
2018-10-22,9917583.4
2018-10-23,9918407.6
2018-10-24,9914286.6
2018-10-25,9912638.2
2018-10-26,9909341.4
2018-10-27,9910165.6
2018-10-28,9912638.2
2018-10-29,9908517.2
2018-10-30,9902747.8
2018-10-31,9888736.4
2018-11-01,9886265.4
2018-11-02,9882152.4
2018-11-03,9879684.6
2018-11-04,9874749.0
2018-11-05,9864877.8
2018-11-06,9853361.4
2018-11-07,9864877.8
2018-11-08,9911814.0
2018-11-09,9957208.0
2018-11-10,9978701.6
2018-11-11,9977874.0
2018-11-12,9969598.0
2018-11-13,9960512.0
2018-11-14,9954730.0
2018-11-15,9947296.0
2018-11-16,9943992.0
2018-11-17,9941514.0
2018-11-18,9941514.0
2018-11-19,9934906.0
2018-11-20,9924177.0
2018-11-21,9913462.4
2018-11-22,9908517.2
2018-11-23,9906044.6
2018-11-24,9908517.2
2018-11-25,9900275.2
2018-11-26,9893681.6
2018-11-27,9887088.0
2018-11-28,9881329.8
2018-11-29,9874749.0
2018-11-30,9872281.2
2018-12-01,9876394.2
2018-12-02,9882152.4
2018-12-03,9877216.8
2018-12-04,9882975.0
2018-12-05,9884620.2
2018-12-06,9888736.4
2018-12-07,9897802.6
2018-12-08,9910989.8
2018-12-09,9924177.0
2018-12-10,9925825.4
2018-12-11,9934080.0
2018-12-12,9943166.0
2018-12-13,9952252.0
2018-12-14,9962990.0
2018-12-15,9976218.8
2018-12-16,9990288.0
2018-12-17,10001046.8
2018-12-18,10009322.8
2018-12-19,10017613.2
2018-12-20,10026736.6
2018-12-21,10038348.2
2018-12-22,10049959.8
2018-12-23,10062420.0
2018-12-24,10074054.0
2018-12-25,10084026.0
2018-12-26,10092336.0
2018-12-27,10102328.0
2018-12-28,10106493.0
2018-12-29,10113990.0
2018-12-30,10122320.0
2018-12-31,10132316.0
2019-01-01,10140655.6
2019-01-02,10142324.8
2019-01-03,10149001.6
2019-01-04,10160686.0
2019-01-05,10179887.2
2019-01-06,10194942.4
2019-01-07,10210834.0
2019-01-08,10220874.0
2019-01-09,10232606.0
2019-01-10,10248528.0
2019-01-11,10261938.0
2019-01-12,10278738.0
2019-01-13,10290498.0
2019-01-14,10303939.6
2019-01-15,10308989.2
2019-01-16,10316563.6
2019-01-17,10329187.6
2019-01-18,10343494.8
2019-01-19,10360359.2
2019-01-20,10373853.6
2019-01-21,10389038.4
2019-01-22,10397490.4
2019-01-23,10411858.8
2019-01-24,10423691.6
2019-01-25,10436382.4
2019-01-26,10447390.8
2019-01-27,10458399.2
2019-01-28,10466867.2
2019-01-29,10475343.2
2019-01-30,10480436.0
2019-01-31,10493168.0
2019-02-01,10494865.6
2019-02-02,10493168.0
2019-02-03,10498260.8
2019-02-04,10501656.0
2019-02-05,10494865.6
2019-02-06,10493168.0
2019-02-07,10491470.4
2019-02-08,10492319.2
2019-02-09,10494865.6
2019-02-10,10497412.0
2019-02-11,10495714.4
2019-02-12,10498260.8
2019-02-13,10492319.2
2019-02-14,10500807.2
2019-02-15,10506748.8
2019-02-16,10524592.8
2019-02-17,10529695.2
2019-02-18,10543301.6
2019-02-19,10550955.2
2019-02-20,10559464.6
2019-02-21,10575656.4
2019-02-22,10588439.4
2019-02-23,10602934.0
2019-02-24,10618306.0
2019-02-25,10637948.0
2019-02-26,10652485.2
2019-02-27,10667030.4
2019-02-28,10682431.2
2019-03-01,10685855.4
2019-03-02,10689285.0
2019-03-03,10702146.0
2019-03-04,10715007.0
2019-03-05,10721866.2
2019-03-06,10732164.0
2019-03-07,10745911.2
2019-03-08,10761376.8
2019-03-09,10775994.0
2019-03-10,10788048.0
2019-03-11,10794075.0
2019-03-12,10790631.0
2019-03-13,10794936.0
2019-03-14,10797519.0
2019-03-15,10800102.0
2019-03-16,10806129.0
2019-03-17,10813878.0
2019-03-18,10817328.4
2019-03-19,10819053.6
2019-03-20,10824229.2
2019-03-21,10825954.4
2019-03-22,10827679.6
2019-03-23,10831130.0
2019-03-24,10841481.2
2019-03-25,10849244.6
2019-03-26,10852695.0
2019-03-27,10856145.4
2019-03-28,10859601.8
2019-03-29,10866518.6
2019-03-30,10869977.0
2019-03-31,10877758.4
2019-04-01,10876893.8
2019-04-02,10866518.6
2019-04-03,10858737.2
2019-04-04,10848382.0
2019-04-05,10843206.4
2019-04-06,10843206.4
2019-04-07,10844069.0
2019-04-08,10841481.2
2019-04-09,10834580.4
2019-04-10,10824229.2
2019-04-11,10818191.0
2019-04-12,10811295.0
2019-04-13,10812156.0
2019-04-14,10812156.0
2019-04-15,10808712.0
2019-04-16,10803546.0
2019-04-17,10799241.0
2019-04-18,10791492.0
2019-04-19,10788048.0
2019-04-20,10787187.0
2019-04-21,10792353.0
2019-04-22,10791492.0
2019-04-23,10787187.0
2019-04-24,10780299.0
2019-04-25,10775994.0
2019-04-26,10771689.0
2019-04-27,10772550.0
2019-04-28,10771689.0
2019-04-29,10771689.0
2019-04-30,10766532.0
2019-05-01,10761376.8
2019-05-02,10758799.2
2019-05-03,10752784.8
2019-05-04,10745052.0
2019-05-05,10742474.4
2019-05-06,10735600.8
2019-05-07,10729586.4
2019-05-08,10715864.4
2019-05-09,10697859.0
2019-05-10,10702146.0
2019-05-11,10702146.0
2019-05-12,10704718.2
2019-05-13,10701288.6
2019-05-14,10693572.0
2019-05-15,10683286.8
2019-05-16,10677297.6
2019-05-17,10673019.6
2019-05-18,10667030.4
2019-05-19,10664463.6
2019-05-20,10660185.6
2019-05-21,10654196.4
2019-05-22,10644784.8
2019-05-23,10625992.0
2019-05-24,10612328.0
2019-05-25,10607204.0
2019-05-26,10600372.0
2019-05-27,10596961.4
2019-05-28,10585882.8
2019-05-29,10573952.0
2019-05-30,10562021.2
2019-05-31,10555207.2
2019-06-01,10548404.0
2019-06-02,10550104.8
2019-06-03,10536498.4
2019-06-04,10520340.8
2019-06-05,10509295.2
2019-06-06,10496563.2
2019-06-07,10488075.2
2019-06-08,10491470.4
2019-06-09,10489772.8
2019-06-10,10488075.2
2019-06-11,10477040.8
2019-06-12,10468560.8
2019-06-13,10462633.2
2019-06-14,10465173.6
2019-06-15,10467714.0
2019-06-16,10472796.8
2019-06-17,10467714.0
2019-06-18,10453318.4
2019-06-19,10439769.6
2019-06-20,10433842.0
2019-06-21,10432148.4
2019-06-22,10433842.0
2019-06-23,10438076.0
2019-06-24,10432995.2
2019-06-25,10421156.0
2019-06-26,10410168.4
2019-06-27,10405942.4
2019-06-28,10400026.0
2019-06-29,10398335.6
2019-06-30,10405097.2
2019-07-01,10400026.0
2019-07-02,10389883.6
2019-07-03,10379757.4
2019-07-04,10378070.6
2019-07-05,10374697.0
2019-07-06,10378070.6
2019-07-07,10378914.0
2019-07-08,10376383.8
2019-07-09,10372166.8
2019-07-10,10368793.2
2019-07-11,10366263.0
2019-07-12,10362889.4
2019-07-13,10364576.2
2019-07-14,10367949.8
2019-07-15,10362046.0
2019-07-16,10346021.4
2019-07-17,10331712.4
2019-07-18,10326662.8
2019-07-19,10321613.2
2019-07-20,10322454.8
2019-07-21,10324979.6
2019-07-22,10319930.0
2019-07-23,10306464.4
2019-07-24,10298898.0
2019-07-25,10287978.0
2019-07-26,10282098.0
2019-07-27,10283778.0
2019-07-28,10286298.0
2019-07-29,10275378.0
2019-07-30,10258584.0
2019-07-31,10246014.0
2019-08-01,10245176.0
2019-08-02,10243500.0
2019-08-03,10250204.0
2019-08-04,10260260.0
2019-08-05,10262778.0
2019-08-06,10258584.0
2019-08-07,10256908.0
2019-08-08,10259422.0
2019-08-09,10261938.0
2019-08-10,10268658.0
2019-08-11,10275378.0
2019-08-12,10274538.0
2019-08-13,10269498.0
2019-08-14,10266138.0
2019-08-15,10266978.0
2019-08-16,10270338.0
2019-08-17,10278738.0
2019-08-18,10287138.0
2019-08-19,10289658.0
2019-08-20,10282938.0
2019-08-21,10278738.0
2019-08-22,10280418.0
2019-08-23,10282938.0
2019-08-24,10290498.0
2019-08-25,10297218.0
2019-08-26,10298058.0
2019-08-27,10291338.0
2019-08-28,10285458.0
2019-08-29,10287138.0
2019-08-30,10292178.0
2019-08-31,10298898.0
2019-09-01,10303939.6
2019-09-02,10308989.2
2019-09-03,10303939.6
2019-09-04,10293018.0
2019-09-05,10287978.0
2019-09-06,10291338.0
2019-09-07,10298058.0
2019-09-08,10300578.0
2019-09-09,10301418.0
2019-09-10,10297218.0
2019-09-11,10292178.0
2019-09-12,10287978.0
2019-09-13,10283778.0
2019-09-14,10284618.0
2019-09-15,10282938.0
2019-09-16,10279578.0
2019-09-17,10277898.0
2019-09-18,10273698.0
2019-09-19,10269498.0
2019-09-20,10266978.0
2019-09-21,10269498.0
2019-09-22,10267818.0
2019-09-23,10263618.0
2019-09-24,10263618.0
2019-09-25,10254394.0
2019-09-26,10254394.0
2019-09-27,10255232.0
2019-09-28,10254394.0
2019-09-29,10258584.0
2019-09-30,10261098.0
2019-10-01,10265298.0
2019-10-02,10266978.0
2019-10-03,10275378.0
2019-10-04,10286298.0
2019-10-05,10295538.0
2019-10-06,10303939.6
2019-10-07,10303939.6
2019-10-08,10297218.0
2019-10-09,10293858.0
2019-10-10,10283778.0
2019-10-11,10281258.0
2019-10-12,10279578.0
2019-10-13,10280418.0
2019-10-14,10279578.0
2019-10-15,10277898.0
2019-10-16,10272858.0
2019-10-17,10266138.0
2019-10-18,10264458.0
2019-10-19,10266138.0
2019-10-20,10266138.0
2019-10-21,10266138.0
2019-10-22,10263618.0
2019-10-23,10259422.0
2019-10-24,10250204.0
2019-10-25,10251880.0
2019-10-26,10249366.0
2019-10-27,10254394.0
2019-10-28,10246014.0
2019-10-29,10247690.0
2019-10-30,10235120.0
2019-10-31,10228416.0
2019-11-01,10230092.0
2019-11-02,10231768.0
2019-11-03,10239310.0
2019-11-04,10238472.0
2019-11-05,10239310.0
2019-11-06,10236796.0
2019-11-07,10238472.0
2019-11-08,10240986.0
2019-11-09,10246852.0
2019-11-10,10251880.0
2019-11-11,10256908.0
2019-11-12,10260260.0
2019-11-13,10257746.0
2019-11-14,10258584.0
2019-11-15,10261938.0
2019-11-16,10266978.0
2019-11-17,10271178.0
2019-11-18,10275378.0
2019-11-19,10281258.0
2019-11-20,10290498.0
2019-11-21,10297218.0
2019-11-22,10302258.0
2019-11-23,10308147.6
2019-11-24,10313197.2
2019-11-25,10316563.6
2019-11-26,10317405.2
2019-11-27,10313197.2
2019-11-28,10322454.8
2019-11-29,10324138.0
2019-11-30,10332554.0
2019-12-01,10335920.4
2019-12-02,10348551.6
2019-12-03,10356985.6
2019-12-04,10375540.4
2019-12-05,10391574.0
2019-12-06,10414394.4
2019-12-07,10428762.8
2019-12-08,10449084.4
2019-12-09,10468560.8
2019-12-10,10488075.2
2019-12-11,10499958.4
2019-12-12,10520340.8
2019-12-13,10540750.4
2019-12-14,10561169.0
2019-12-15,10585882.8
2019-12-16,10604642.0
2019-12-17,10624284.0
2019-12-18,10640510.0
2019-12-19,10661896.8
2019-12-20,10683286.8
2019-12-21,10704718.2
2019-12-22,10724438.4
2019-12-23,10745911.2
2019-12-24,10765672.8
2019-12-25,10785465.0
2019-12-26,10800963.0
2019-12-27,10823366.6
2019-12-28,10840618.6
2019-12-29,10858737.2
2019-12-30,10881216.8
2019-12-31,10899373.4
2020-01-01,10912364.8
2020-01-02,10921026.8
2020-01-03,10929688.8
2020-01-04,10938350.8
2020-01-05,10948754.8
2020-01-06,10960036.2
2020-01-07,10975656.6
2020-01-08,10984334.6
2020-01-09,10998242.8
2020-01-10,11010417.2
2020-01-11,11028678.8
2020-01-12,11040874.8
2020-01-13,11056560.0
2020-01-14,11070502.4
2020-01-15,11079226.0
2020-01-16,11090575.0
2020-01-17,11104543.0
2020-01-18,11121137.2
2020-01-19,11138633.2
2020-01-20,11150005.6
2020-01-21,11157004.0
2020-01-22,11168390.8
2020-01-23,11180663.2
2020-01-24,11190305.8
2020-01-25,11201701.6
2020-01-26,11210477.2
2020-01-27,11225406.6
2020-01-28,11235945.0
2020-01-29,11243848.8
2020-01-30,11252638.0
2020-01-31,11264958.0
2020-02-01,11273758.0
2020-02-02,11275518.0
2020-02-03,11279918.0
2020-02-04,11277278.0
2020-02-05,11278158.0
2020-02-06,11279918.0
2020-02-07,11288718.0
2020-02-08,11296625.0
2020-02-09,11301008.7
2020-02-10,11309776.1
2020-02-11,11311529.5
2020-02-12,11309776.1
2020-02-13,11311529.5
2020-02-14,11317666.7
2020-02-15,11326434.1
2020-02-16,11335201.5
2020-02-17,11342225.2
2020-02-18,11343981.9
2020-02-19,11351008.8
2020-02-20,11353643.8
2020-02-21,11357157.3
2020-02-22,11369454.3
2020-02-23,11378237.9
2020-02-24,11382633.0
2020-02-25,11382633.0
2020-02-26,11383512.9
2020-02-27,11387032.9
2020-02-28,11394072.7
2020-02-29,11404632.5
2020-03-01,11414312.2
2020-03-02,11406392.4
2020-03-03,11400232.6
2020-03-04,11393192.7
2020-03-05,11387032.9
2020-03-06,11380873.0
2020-03-07,11377359.6
2020-03-08,11371211.0
2020-03-09,11361549.1
2020-03-10,11358914.0
2020-03-11,11361549.1
2020-03-12,11361549.1
2020-03-13,11379994.6
2020-03-14,11401992.5
2020-03-15,11416952.2
2020-03-16,11427516.4
2020-03-17,11438975.7
2020-03-18,11457486.8
2020-03-19,11479544.6
2020-03-20,11505158.0
2020-03-21,11529033.4
2020-03-22,11552038.2
2020-03-23,11565325.9
2020-03-24,11574191.3
2020-03-25,11578624.0
2020-03-26,11590149.0
2020-03-27,11598127.8
2020-03-28,11607001.2
2020-03-29,11612328.3
2020-03-30,11614991.9
2020-03-31,11609664.7
2020-04-01,11601674.0
2020-04-02,11593695.1
2020-04-03,11582170.1
2020-04-04,11574191.3
2020-04-05,11567098.9
2020-04-06,11554692.6
2020-04-07,11540535.8
2020-04-08,11521070.2
2020-04-09,11510457.3
2020-04-10,11506041.2
2020-04-11,11505158.0
2020-04-12,11508690.9
2020-04-13,11510457.3
2020-04-14,11506041.2
2020-04-15,11503391.6
2020-04-16,11506041.2
2020-04-17,11506041.2
2020-04-18,11512223.8
2020-04-19,11519300.6
2020-04-20,11521070.2
2020-04-21,11513107.0
2020-04-22,11498975.5
2020-04-23,11487493.6
2020-04-24,11476895.0
2020-04-25,11475128.5
2020-04-26,11470712.4
2020-04-27,11465420.1
2020-04-28,11457486.8
2020-04-29,11434568.3
2020-04-30,11415192.2
2020-05-01,11400232.6
2020-05-02,11394072.7
2020-05-03,11387912.8
2020-05-04,11372089.4
2020-05-05,11354522.2
2020-05-06,11338711.7
2020-05-07,11318543.5
2020-05-08,11298378.4
2020-05-09,11286078.0
2020-05-10,11277278.0
2020-05-11,11259678.0
2020-05-12,11248239.8
2020-05-13,11237701.4
2020-05-14,11223650.2
2020-05-15,11213111.8
2020-05-16,11205208.0
2020-05-17,11196442.0
2020-05-18,11182416.4
2020-05-19,11170144.0
2020-05-20,11157004.0
2020-05-21,11143007.2
2020-05-22,11129010.4
2020-05-23,11118512.8
2020-05-24,11106289.0
2020-05-25,11089702.0
2020-05-26,11069631.0
2020-05-27,11041746.2
2020-05-28,11019982.8
2020-05-29,10998242.8
2020-05-30,10984334.6
2020-05-31,10971317.6
2020-06-01,10958300.6
2020-06-02,10944415.8
2020-06-03,10927090.2
2020-06-04,10912364.8
2020-06-05,10896779.6
2020-06-06,10888998.2
2020-06-07,10888998.2
2020-06-08,10877758.4
2020-06-09,10862195.6
2020-06-10,10845794.2
2020-06-11,10825091.8
2020-06-12,10809573.0
2020-06-13,10806990.0
2020-06-14,10803546.0
2020-06-15,10791492.0
2020-06-16,10771689.0
2020-06-17,10754503.2
2020-06-18,10744192.8
2020-06-19,10732164.0
2020-06-20,10723581.0
2020-06-21,10715007.0
2020-06-22,10700431.2
2020-06-23,10682431.2
2020-06-24,10663608.0
2020-06-25,10648207.2
2020-06-26,10640510.0
2020-06-27,10635386.0
2020-06-28,10625138.0
2020-06-29,10618306.0
2020-06-30,10605496.0
2020-07-01,10589291.6
2020-07-02,10575656.4
2020-07-03,10567986.6
2020-07-04,10567134.4
2020-07-05,10567986.6
2020-07-06,10560913.3
2020-07-07,10545002.4
2020-07-08,10532246.4
2020-07-09,10524592.8
2020-07-10,10519490.4
2020-07-11,10516088.8
2020-07-12,10516088.8
2020-07-13,10510144.0
2020-07-14,10497412.0
2020-07-15,10486377.6
2020-07-16,10478738.4
2020-07-17,10475343.2
2020-07-18,10475343.2
2020-07-19,10476192.0
2020-07-20,10477040.8
2020-07-21,10464326.8
2020-07-22,10449931.2
2020-07-23,10443156.8
2020-07-24,10439769.6
2020-07-25,10438076.0
2020-07-26,10438922.8
2020-07-27,10432995.2
2020-07-28,10422001.2
2020-07-29,10406787.6
2020-07-30,10401716.4
2020-07-31,10398335.6
2020-08-01,10392419.2
2020-08-02,10393264.4
2020-08-03,10385661.2
2020-08-04,10373853.6
2020-08-05,10364576.2
2020-08-06,10362889.4
2020-08-07,10361202.6
2020-08-08,10364576.2
2020-08-09,10372166.8
2020-08-10,10367106.4
2020-08-11,10356985.6
2020-08-12,10346864.8
2020-08-13,10340970.0
2020-08-14,10337603.6
2020-08-15,10340128.4
2020-08-16,10343494.8
2020-08-17,10340970.0
2020-08-18,10326662.8
2020-08-19,10319088.4
2020-08-20,10319088.4
2020-08-21,10320771.6
2020-08-22,10327504.4
2020-08-23,10335078.8
2020-08-24,10333395.6
2020-08-25,10333395.6
2020-08-26,10328346.0
2020-08-27,10326662.8
2020-08-28,10329187.6
2020-08-29,10336762.0
2020-08-30,10346864.8
2020-08-31,10348551.6
2020-09-01,10349395.0
2020-09-02,10351081.8
2020-09-03,10362889.4
2020-09-04,10366263.0
2020-09-05,10367949.8
2020-09-06,10362046.0
2020-09-07,10351925.2
2020-09-08,10347708.2
2020-09-09,10342653.2
2020-09-10,10336762.0
2020-09-11,10333395.6
2020-09-12,10335078.8
2020-09-13,10335078.8
2020-09-14,10331712.4
2020-09-15,10330029.2
2020-09-16,10322454.8
2020-09-17,10316563.6
2020-09-18,10311514.0
2020-09-19,10314880.4
2020-09-20,10314880.4
2020-09-21,10309830.8
2020-09-22,10307306.0
2020-09-23,10303939.6
2020-09-24,10298058.0
2020-09-25,10293858.0
2020-09-26,10295538.0
2020-09-27,10298058.0
2020-09-28,10291338.0
2020-09-29,10282938.0
2020-09-30,10278738.0
2020-10-01,10271178.0
2020-10-02,10269498.0
2020-10-03,10274538.0
2020-10-04,10279578.0
2020-10-05,10276218.0
2020-10-06,10273698.0
2020-10-07,10271178.0
2020-10-08,10268658.0
2020-10-09,10269498.0
2020-10-10,10272018.0
2020-10-11,10282938.0
2020-10-12,10274538.0
2020-10-13,10266978.0
2020-10-14,10258584.0
2020-10-15,10251042.0
2020-10-16,10242662.0
2020-10-17,10242662.0
2020-10-18,10240986.0
2020-10-19,10234282.0
2020-10-20,10225064.0
2020-10-21,10215852.4
2020-10-22,10209161.2
2020-10-23,10203306.4
2020-10-24,10200797.2
2020-10-25,10205815.6
2020-10-26,10194942.4
2020-10-27,10184905.6
2020-10-28,10175708.8
2020-10-29,10172370.4
2020-10-30,10167362.8
2020-10-31,10167362.8
2020-11-01,10164024.4
2020-11-02,10159016.8
2020-11-03,10151505.4
2020-11-04,10143159.4
2020-11-05,10139821.0
2020-11-06,10138986.4
2020-11-07,10140655.6
2020-11-08,10141490.2
2020-11-09,10139821.0
2020-11-10,10134815.0
2020-11-11,10128151.0
2020-11-12,10121487.0
2020-11-13,10116489.0
2020-11-14,10115656.0
2020-11-15,10120654.0
2020-11-16,10118155.0
2020-11-17,10115656.0
2020-11-18,10108992.0
2020-11-19,10107326.0
2020-11-20,10105660.0
2020-11-21,10109825.0
2020-11-22,10112324.0
2020-11-23,10109825.0
2020-11-24,10104827.0
2020-11-25,10100662.0
2020-11-26,10097330.0
2020-11-27,10098996.0
2020-11-28,10098996.0
2020-11-29,10097330.0
2020-11-30,10099829.0
2020-12-01,10109825.0
2020-12-02,10108159.0
2020-12-03,10115656.0
2020-12-04,10125652.0
2020-12-05,10138986.4
2020-12-06,10151505.4
2020-12-07,10160686.0
2020-12-08,10165693.6
2020-12-09,10172370.4
2020-12-10,10178214.4
2020-12-11,10187414.8
2020-12-12,10199124.4
2020-12-13,10202470.0
2020-12-14,10216688.8
2020-12-15,10223388.0
2020-12-16,10228416.0
2020-12-17,10236796.0
2020-12-18,10245176.0
2020-12-19,10257746.0
2020-12-20,10268658.0
2020-12-21,10277058.0
2020-12-22,10281258.0
2020-12-23,10286298.0
2020-12-24,10290498.0
2020-12-25,10296378.0
2020-12-26,10304781.2
2020-12-27,10308147.6
2020-12-28,10308989.2
2020-12-29,10313197.2
2020-12-30,10314880.4
2020-12-31,10321613.2
2021-01-01,10327504.4
2021-01-02,10334237.2
2021-01-03,10335920.4
2021-01-04,10341811.6
2021-01-05,10346021.4
2021-01-06,10351925.2
2021-01-07,10358672.4
2021-01-08,10369636.6
2021-01-09,10379757.4
2021-01-10,10389883.6
2021-01-11,10396645.2
2021-01-12,10397490.4
2021-01-13,10403406.8
2021-01-14,10411858.8
2021-01-15,10422001.2
2021-01-16,10432995.2
2021-01-17,10436382.4
2021-01-18,10445697.2
2021-01-19,10444850.4
2021-01-20,10444003.6
2021-01-21,10452471.6
2021-01-22,10457552.4
2021-01-23,10466020.4
2021-01-24,10470254.4
2021-01-25,10475343.2
2021-01-26,10473645.6
2021-01-27,10476192.0
2021-01-28,10486377.6
2021-01-29,10493168.0
2021-01-30,10501656.0
2021-01-31,10510144.0
2021-02-01,10523742.4
2021-02-02,10536498.4
2021-02-03,10546703.2
2021-02-04,10559464.6
2021-02-05,10574804.2
2021-02-06,10588439.4
2021-02-07,10600372.0
2021-02-08,10606350.0
2021-02-09,10605496.0
2021-02-10,10606350.0
2021-02-11,10608912.0
2021-02-12,10617452.0
2021-02-13,10625992.0
2021-02-14,10629408.0
2021-02-15,10614036.0
2021-02-16,10605496.0
2021-02-17,10595257.0
2021-02-18,10596961.4
2021-02-19,10600372.0
2021-02-20,10602080.0
2021-02-21,10608912.0
2021-02-22,10608912.0
2021-02-23,10609766.0
2021-02-24,10612328.0
2021-02-25,10614036.0
2021-02-26,10614890.0
2021-02-27,10616598.0
2021-02-28,10621722.0
2021-03-01,10616598.0
2021-03-02,10613182.0
2021-03-03,10611474.0
2021-03-04,10605496.0
2021-03-05,10600372.0
2021-03-06,10602080.0
2021-03-07,10605496.0
2021-03-08,10589291.6
2021-03-09,10581621.8
2021-03-10,10569691.0
2021-03-11,10557760.2
2021-03-12,10545002.4
2021-03-13,10536498.4
2021-03-14,10529695.2
2021-03-15,10518640.0
2021-03-16,10508446.4
2021-03-17,10497412.0
2021-03-18,10481284.8
2021-03-19,10454165.2
2021-03-20,10439769.6
2021-03-21,10427072.4
2021-03-22,10401716.4
2021-03-23,10378070.6
2021-03-24,10373010.2
2021-03-25,10376383.8
2021-03-26,10384817.8
2021-03-27,10394109.6
2021-03-28,10400026.0
2021-03-29,10399180.8
2021-03-30,10388193.2
2021-03-31,10378070.6
2021-04-01,10373010.2
2021-04-02,10364576.2
2021-04-03,10355298.8
2021-04-04,10346021.4
2021-04-05,10330870.8
2021-04-06,10321613.2
2021-04-07,10308147.6
2021-04-08,10294698.0
2021-04-09,10280418.0
2021-04-10,10268658.0
2021-04-11,10264458.0
2021-04-12,10249366.0
2021-04-13,10239310.0
2021-04-14,10217525.2
2021-04-15,10204979.2
2021-04-16,10195778.8
2021-04-17,10184069.2
2021-04-18,10175708.8
2021-04-19,10164859.0
2021-04-20,10141490.2
2021-04-21,10122320.0
2021-04-22,10102328.0
2021-04-23,10084026.0
2021-04-24,10061589.0
2021-04-25,10046642.2
2021-04-26,10029224.8
2021-04-27,10013466.2
2021-04-28,9995253.6
2021-04-29,9974563.6
2021-04-30,9953078.0
2021-05-01,9934080.0
2021-05-02,9921704.4
2021-05-03,9906044.6
2021-05-04,9883797.6
2021-05-05,9863232.6
2021-05-06,9844316.4
2021-05-07,9821334.0
2021-05-08,9809842.8
2021-05-09,9804098.8
2021-05-10,9790172.4
2021-05-11,9776246.0
2021-05-12,9759871.0
2021-05-13,9747610.0
2021-05-14,9731262.0
2021-05-15,9719824.8
2021-05-16,9715745.8
2021-05-17,9708403.6
2021-05-18,9692903.4
2021-05-19,9670902.0
2021-05-20,9653808.0
2021-05-21,9639973.6
2021-05-22,9629415.0
2021-05-23,9623729.6
2021-05-24,9602612.4
2021-05-25,9579907.2
2021-05-26,9558830.4
2021-05-27,9536992.8
2021-05-28,9520008.0
2021-05-29,9505478.4
2021-05-30,9493370.4
2021-05-31,9479648.0
2021-06-01,9454674.4
2021-06-02,9428918.6
2021-06-03,9401589.4
2021-06-04,9386342.8
2021-06-05,9374309.8
2021-06-06,9368694.4
2021-06-07,9352664.8
2021-06-08,9340658.8
2021-06-09,9324650.8
2021-06-10,9314256.4
2021-06-11,9303874.6
2021-06-12,9297485.8
2021-06-13,9287902.6
2021-06-14,9278321.0
2021-06-15,9263975.0
2021-06-16,9247238.0
2021-06-17,9235292.0
2021-06-18,9221773.6
2021-06-19,9217797.6
2021-06-20,9217797.6
2021-06-21,9203484.0
2021-06-22,9187604.0
2021-06-23,9172525.6
2021-06-24,9168557.6
2021-06-25,9157452.6
2021-06-26,9155077.2
2021-06-27,9151910.0
2021-06-28,9133698.6
2021-06-29,9123405.2
2021-06-30,9102068.0
2021-07-01,9093378.0
2021-07-02,9083898.0
2021-07-03,9082318.0
2021-07-04,9083898.0
2021-07-05,9084688.0
2021-07-06,9078373.4
2021-07-07,9066550.4
2021-07-08,9053939.2
2021-07-09,9047633.6
2021-07-10,9047633.6
2021-07-11,9047633.6
2021-07-12,9036609.6
2021-07-13,9030318.4
2021-07-14,9029532.0
2021-07-15,9015376.8
2021-07-16,9021668.0
2021-07-17,9027172.8
2021-07-18,9032677.6
2021-07-19,9033464.0
2021-07-20,9024813.6
2021-07-21,9015376.8
2021-07-22,9009872.0
2021-07-23,9009085.6
2021-07-24,9010658.4
2021-07-25,9027172.8
2021-07-26,9024813.6
2021-07-27,9018522.4
2021-07-28,9013017.6
2021-07-29,9002794.4
2021-07-30,9007512.8
2021-07-31,9013804.0
2021-08-01,9027959.2
2021-08-02,9029532.0
2021-08-03,9032677.6
2021-08-04,9026386.4
2021-08-05,9017736.0
2021-08-06,9014590.4
2021-08-07,9020095.2
2021-08-08,9026386.4
2021-08-09,9031104.8
2021-08-10,9029532.0
2021-08-11,9024027.2
2021-08-12,9025600.0
2021-08-13,9015376.8
2021-08-14,9014590.4
2021-08-15,9016163.2
2021-08-16,9015376.8
2021-08-17,9009872.0
2021-08-18,9004367.2
2021-08-19,9005940.0
2021-08-20,9011444.8
2021-08-21,9020095.2
2021-08-22,9029532.0
2021-08-23,9040698.88
2021-08-24,9045269.0
2021-08-25,9045269.0
2021-08-26,9041328.0
2021-08-27,9034250.4
2021-08-28,9034250.4
2021-08-29,9042116.2
2021-08-30,9041328.0
2021-08-31,9038182.4
2021-09-01,9035036.8
2021-09-02,9037396.0
2021-09-03,9036609.6
2021-09-04,9038182.4
2021-09-05,9035823.2
2021-09-06,9030318.4
2021-09-07,9025600.0
2021-09-08,9019308.8
2021-09-09,9013017.6
2021-09-10,9009872.0
2021-09-11,9014590.4
2021-09-12,9019308.8
2021-09-13,9009872.0
2021-09-14,9009085.6
2021-09-15,9007512.8
2021-09-16,9006726.4
2021-09-17,9006726.4
2021-09-18,9010658.4
2021-09-19,9012231.2
2021-09-20,9013017.6
2021-09-21,9010658.4
2021-09-22,9001223.4
2021-09-23,9000438.8
2021-09-24,9002008.0
2021-09-25,9003580.8
2021-09-26,9004367.2
2021-09-27,9006726.4
2021-09-28,9013804.0
2021-09-29,9014590.4
2021-09-30,9016163.2
2021-10-01,9016163.2
2021-10-02,9016163.2
2021-10-03,9018522.4
2021-10-04,9009872.0
2021-10-05,9005940.0
2021-10-06,8997300.4
2021-10-07,8990239.0
2021-10-08,8987885.2
2021-10-09,8991023.6
2021-10-10,8991808.2
2021-10-11,8994946.6
2021-10-12,9003580.8
2021-10-13,9010658.4
2021-10-14,9018522.4
2021-10-15,9025600.0
2021-10-16,9031891.2
2021-10-17,9041328.0
2021-10-18,9035036.8
2021-10-19,9028745.6
2021-10-20,9021668.0
2021-10-21,9012231.2
2021-10-22,9001223.4
2021-10-23,8994162.0
2021-10-24,8991808.2
2021-10-25,8980823.8
2021-10-26,8979254.6
2021-10-27,8970624.0
2021-10-28,8961212.4
2021-10-29,8951818.8
2021-10-30,8947122.0
2021-10-31,8944773.6
2021-11-01,8934597.2
2021-11-02,8924420.8
2021-11-03,8912706.8
2021-11-04,8902556.4
2021-11-05,8895529.2
2021-11-06,8892406.0
2021-11-07,8887721.2
2021-11-08,8883818.8
2021-11-09,8879922.8
2021-11-10,8878364.4
2021-11-11,8873689.2
2021-11-12,8873689.2
2021-11-13,8878364.4
2021-11-14,8877585.2
2021-11-15,8876806.0
2021-11-16,8874468.4
2021-11-17,8869793.2
2021-11-18,8865118.0
2021-11-19,8855767.6
2021-11-20,8853430.0
2021-11-21,8851092.4
2021-11-22,8844860.6
2021-11-23,8838641.4
2021-11-24,8830867.4
2021-11-25,8828535.2
2021-11-26,8825425.6
2021-11-27,8823870.8
2021-11-28,8819983.8
2021-11-29,8813764.6
2021-11-30,8804441.8
2021-12-01,8802115.6
2021-12-02,8799789.4
2021-12-03,8799789.4
2021-12-04,8806768.0
2021-12-05,8812987.2
2021-12-06,8814542.0
2021-12-07,8817651.6
2021-12-08,8816096.8
2021-12-09,8822316.0
2021-12-10,8826203.0
2021-12-11,8831644.8
2021-12-12,8837864.0
2021-12-13,8840973.6
2021-12-14,8850313.2
2021-12-15,8842528.4
2021-12-16,8841751.0
2021-12-17,8846417.2
2021-12-18,8857326.0
2021-12-19,8860442.8
2021-12-20,8864338.8
2021-12-21,8867455.6
2021-12-22,8865118.0
2021-12-23,8869014.0
2021-12-24,8878364.4
2021-12-25,8882260.4
2021-12-26,8892406.0
2021-12-27,8893967.6
2021-12-28,8896310.0
2021-12-29,8897871.6
2021-12-30,8899433.2
2021-12-31,8915049.2
2022-01-01,8918172.4
2022-01-02,8915830.0
2022-01-03,8918953.2
2022-01-04,8917391.6
2022-01-05,8915830.0
2022-01-06,8918953.2
2022-01-07,8920514.8
2022-01-08,8929117.6
2022-01-09,8938511.2
2022-01-10,8942425.2
2022-01-11,8946339.2
2022-01-12,8951036.0
2022-01-13,8954950.0
2022-01-14,8965131.8
2022-01-15,8967485.6
2022-01-16,8974547.0
2022-01-17,8975331.6
2022-01-18,8976900.8
2022-01-19,8972977.8
2022-01-20,8969054.8
2022-01-21,8971408.6
2022-01-22,8970624.0
2022-01-23,8976900.8
2022-01-24,8979254.6
2022-01-25,8983177.6
2022-01-26,8982393.0
2022-01-27,8981608.4
2022-01-28,8974547.0
2022-01-29,8972977.8
2022-01-30,8973762.4
2022-01-31,8969839.4
2022-02-01,8968270.2
2022-02-02,8965916.4
2022-02-03,8964347.2
2022-02-04,8960429.6
2022-02-05,8961995.2
2022-02-06,8962778.0
2022-02-07,8965916.4
2022-02-08,8969054.8
2022-02-09,8969839.4
2022-02-10,8967485.6
2022-02-11,8967485.6
2022-02-12,8972193.2
2022-02-13,8976900.8
2022-02-14,8975331.6
2022-02-15,8977685.4
2022-02-16,8976900.8
2022-02-17,8974547.0
2022-02-18,8970624.0
2022-02-19,8969054.8
2022-02-20,8966701.0
2022-02-21,8965916.4
2022-02-22,8961995.2
2022-02-23,8955732.8
2022-02-24,8948687.6
2022-02-25,8940859.6
2022-02-26,8941642.4
2022-02-27,8947904.8
2022-02-28,8945556.4
2022-03-01,8937728.4
2022-03-02,8928334.8
2022-03-03,8917391.6
2022-03-04,8905679.6
2022-03-05,8892406.0
2022-03-06,8886940.4
2022-03-07,8872910.0
2022-03-08,8862001.2
2022-03-09,8845638.0
2022-03-10,8828535.2
2022-03-11,8812987.2
2022-03-12,8802115.6
2022-03-13,8795137.0
2022-03-14,8780404.4
2022-03-15,8763355.2
2022-03-16,8752522.0
2022-03-17,8733177.0
2022-03-18,8719274.6
2022-03-19,8706925.8
2022-03-20,8702295.0
2022-03-21,8686098.0
2022-03-22,8671468.0
2022-03-23,8654528.0
2022-03-24,8633776.4
2022-03-25,8614566.4
2022-03-26,8603068.4
2022-03-27,8589273.2
2022-03-28,8576244.4
2022-03-29,8564009.0
2022-03-30,8550246.2
2022-03-31,8536485.0
2022-04-01,8521225.0
2022-04-02,8512069.0
2022-04-03,8502150.0
2022-04-04,8486922.0
2022-04-05,8471702.0
2022-04-06,8450419.2
2022-04-07,8430680.0
2022-04-08,8410212.2
2022-04-09,8396579.0
2022-04-10,8386732.8
2022-04-11,8362550.0
2022-04-12,8348949.2
2022-04-13,8329346.8
2022-04-14,8307492.0
2022-04-15,8293956.0
2022-04-16,8281172.0
2022-04-17,8270647.6
2022-04-18,8254893.4
2022-04-19,8231644.4
2022-04-20,8212934.4
2022-04-21,8191993.2
2022-04-22,8173333.2
2022-04-23,8164376.4
2022-04-24,8150215.6
2022-04-25,8133830.0
2022-04-26,8110027.0
2022-04-27,8101854.0
2022-04-28,8081803.0
2022-04-29,8052163.0
2022-04-30,8025536.6
2022-05-01,8015185.0
2022-05-02,7990097.6
2022-05-03,7973136.8
2022-05-04,7956953.6
2022-05-05,7940034.8
2022-05-06,7922414.0
2022-05-07,7909202.0
2022-05-08,7896736.0
2022-05-09,7885024.0
2022-05-10,7856495.8
2022-05-11,7836050.2
2022-05-12,7822917.8
2022-05-13,7798145.4
2022-05-14,7777782.6
2022-05-15,7758891.0
2022-05-16,7737862.8
2022-05-17,7714681.2
2022-05-18,7702393.6
2022-05-19,7683600.8
2022-05-20,7674223.6
2022-05-21,7666290.4
2022-05-22,7657636.0
2022-05-23,7648260.4
2022-05-24,7628108.4
2022-05-25,7607966.0
2022-05-26,7586426.0
2022-05-27,7568494.0
2022-05-28,7554890.0
2022-05-29,7551310.0
2022-05-30,7539138.0
2022-05-31,7516985.4
2022-06-01,7499844.0
2022-06-02,7481168.64
2022-06-03,7466345.8
2022-06-04,7460657.0
2022-06-05,7452834.9
2022-06-06,7447146.1
2022-06-07,7434346.3
2022-06-08,7419443.44
2022-06-09,7407383.3
2022-06-10,7391080.08
2022-06-11,7378340.76
2022-06-12,7366309.18
2022-06-13,7353588.34
2022-06-14,7341585.32
2022-06-15,7327464.12
2022-06-16,7309147.36
2022-06-17,7295060.16
2022-06-18,7286617.92
2022-06-19,7282401.84
2022-06-20,7273267.0
2022-06-21,7259916.08
2022-06-22,7243082.36
2022-06-23,7233268.64
2022-06-24,7222052.96
2022-06-25,7215056.44
2022-06-26,7214357.12
2022-06-27,7210161.2
2022-06-28,7201070.04
2022-06-29,7194776.16
2022-06-30,7187083.64
2022-07-01,7179406.42
2022-07-02,7173825.46
2022-07-03,7168942.12
2022-07-04,7171034.98
2022-07-05,7160570.68
2022-07-06,7154989.72
2022-07-07,7140365.2
2022-07-08,7127838.64
2022-07-09,7119487.6
2022-07-10,7115313.76
2022-07-11,7109759.84
2022-07-12,7099346.24
2022-07-13,7085461.44
2022-07-14,7078525.76
2022-07-15,7073677.84
2022-07-16,7070907.6
2022-07-17,7067444.8
2022-07-18,7058441.52
2022-07-19,7049438.24
2022-07-20,7040450.08
2022-07-21,7030086.88
2022-07-22,7027323.36
2022-07-23,7027323.36
2022-07-24,7025250.72
2022-07-25,7028014.24
2022-07-26,7023178.08
2022-07-27,7021105.44
2022-07-28,7017651.04
2022-07-29,7025941.6
2022-07-30,7034232.16
2022-07-31,7041140.96
2022-08-01,7040450.08
2022-08-02,7032850.4
2022-08-03,7030777.76
2022-08-04,7041831.84
2022-08-05,7056363.84
2022-08-06,7069522.48
2022-08-07,7078525.76
2022-08-08,7083378.72
2022-08-09,7081296.0
2022-08-10,7081990.24
2022-08-11,7085461.44
2022-08-12,7097957.76
2022-08-13,7116008.0
2022-08-14,7130622.32
2022-08-15,7138277.44
2022-08-16,7141061.12
2022-08-17,7149412.16
2022-08-18,7158477.82
2022-08-19,7174523.08
2022-08-20,7190580.24
2022-08-21,7205965.28
2022-08-22,7215056.44
2022-08-23,7215755.76
2022-08-24,7219252.36
2022-08-25,7219252.36
2022-08-26,7228361.78
2022-08-27,7243783.34
2022-08-28,7258510.72
2022-08-29,7269753.6
2022-08-30,7276077.72
2022-08-31,7275375.04
2022-09-01,7277483.08
2022-09-02,7282401.84
2022-09-03,7281699.16
2022-09-04,7273969.68
2022-09-05,7271861.64
2022-09-06,7262726.8
2022-09-07,7258510.72
2022-09-08,7251494.12
2022-09-09,7240278.44
2022-09-10,7240979.42
2022-09-11,7245185.3
2022-09-12,7245886.28
2022-09-13,7252896.08
2022-09-14,7256402.68
2022-09-15,7264132.16
2022-09-16,7273969.68
2022-09-17,7278888.44
2022-09-18,7284509.88
2022-09-19,7285915.24
2022-09-20,7287320.6
2022-09-21,7292242.72
2022-09-22,7298581.96
2022-09-23,7301399.4
2022-09-24,7310556.08
2022-09-25,7316895.32
2022-09-26,7321825.84
2022-09-27,7324643.28
2022-09-28,7324643.28
2022-09-29,7326052.0
2022-09-30,7328170.18
2022-10-01,7328876.24
2022-10-02,7336642.9
2022-10-03,7340879.26
2022-10-04,7343703.5
2022-10-05,7348645.92
2022-10-06,7352882.28
2022-10-07,7355706.52
2022-10-08,7360648.94
2022-10-09,7367724.66
2022-10-10,7368432.4
2022-10-11,7368432.4
2022-10-12,7364893.7
2022-10-13,7362062.74
2022-10-14,7358530.76
2022-10-15,7358530.76
2022-10-16,7355706.52
2022-10-17,7362770.48
2022-10-18,7369847.88
2022-10-19,7379756.24
2022-10-20,7389664.6
2022-10-21,7398870.26
2022-10-22,7413058.66
2022-10-23,7422281.12
2022-10-24,7423699.96
2022-10-25,7422281.12
2022-10-26,7421571.7
2022-10-27,7420152.86
2022-10-28,7417315.18
2022-10-29,7417315.18
2022-10-30,7416605.76
2022-10-31,7416605.76
2022-11-01,7402417.36
2022-11-02,7384710.42
2022-11-03,7376217.54
2022-11-04,7364893.7
2022-11-05,7355000.46
2022-11-06,7346527.74
2022-11-07,7333818.66
2022-11-08,7318304.04
2022-11-09,7308443.0
2022-11-10,7301399.4
2022-11-11,7290834.0
2022-11-12,7284509.88
2022-11-13,7280996.48
2022-11-14,7280996.48
2022-11-15,7274672.36
2022-11-16,7268348.24
2022-11-17,7259916.08
2022-11-18,7252195.1
2022-11-19,7245185.3
2022-11-20,7242381.38
2022-11-21,7236773.54
2022-11-22,7230464.72
2022-11-23,7226258.84
2022-11-24,7217853.72
2022-11-25,7212958.48
2022-11-26,7210860.52
2022-11-27,7205965.28
2022-11-28,7198972.08
2022-11-29,7192678.2
2022-11-30,7187083.64
2022-12-01,7178011.18
2022-12-02,7181499.28
2022-12-03,7187083.64
2022-12-04,7194076.84
2022-12-05,7198972.08
2022-12-06,7203867.32
2022-12-07,7205265.96
2022-12-08,7207363.92
2022-12-09,7210860.52
2022-12-10,7216455.08
2022-12-11,7224856.88
2022-12-12,7217154.4
2022-12-13,7218553.04
2022-12-14,7218553.04
2022-12-15,7223454.92
2022-12-16,7232567.66
2022-12-17,7242381.38
2022-12-18,7248690.2
2022-12-19,7251494.12
2022-12-20,7254999.02
2022-12-21,7258510.72
2022-12-22,7257808.04
2022-12-23,7264834.84
2022-12-24,7269753.6
2022-12-25,7278185.76
2022-12-26,7283104.52
2022-12-27,7290834.0
2022-12-28,7296468.88
2022-12-29,7304216.84
2022-12-30,7309147.36
2022-12-31,7313373.52
2023-01-01,7319712.76
2023-01-02,7322530.2
2023-01-03,7325347.64
2023-01-04,7323938.92
2023-01-05,7323234.56
2023-01-06,7328170.18
2023-01-07,7332406.54
2023-01-08,7333818.66
2023-01-09,7333818.66
2023-01-10,7328876.24
2023-01-11,7342291.38
2023-01-12,7349351.98
2023-01-13,7351470.16
2023-01-14,7352882.28
2023-01-15,7366309.18
2023-01-16,7369847.88
2023-01-17,7374094.32
2023-01-18,7379048.5
2023-01-19,7381879.46
2023-01-20,7384710.42
2023-01-21,7390372.34
2023-01-22,7391787.82
2023-01-23,7394618.78
2023-01-24,7399579.68
2023-01-25,7408092.72
2023-01-26,7418024.6
2023-01-27,7431503.58
2023-01-28,7441457.3
2023-01-29,7449279.4
2023-01-30,7459234.8
2023-01-31,7465634.7
2023-02-01,7464212.5
2023-02-02,7463501.4
2023-02-03,7463501.4
2023-02-04,7466345.8
2023-02-05,7461368.1
2023-02-06,7465634.7
2023-02-07,7473470.4
2023-02-08,7479172.8
2023-02-09,7482024.0
2023-02-10,7487013.6
2023-02-11,7497705.6
2023-02-12,7502695.2
2023-02-13,7501269.6
2023-02-14,7504837.2
2023-02-15,7507695.6
2023-02-16,7506266.4
2023-02-17,7504837.2
2023-02-18,7509124.8
2023-02-19,7511983.2
2023-02-20,7513412.4
2023-02-21,7498418.4
2023-02-22,7496992.8
2023-02-23,7490577.6
2023-02-24,7485588.0
2023-02-25,7484875.2
2023-02-26,7483449.6
2023-02-27,7477034.4
2023-02-28,7469193.6
2023-03-01,7466345.8
2023-03-02,7460657.0
2023-03-03,7458523.7
2023-03-04,7459945.9
2023-03-05,7458523.7
2023-03-06,7445723.9
2023-03-07,7439324.0
2023-03-08,7432213.0
2023-03-09,7421571.7
2023-03-10,7407383.3
2023-03-11,7401707.94
2023-03-12,7400998.52
2023-03-13,7398160.84
2023-03-14,7388249.12
2023-03-15,7384710.42
2023-03-16,7389664.6
2023-03-17,7400998.52
2023-03-18,7399579.68
2023-03-19,7397451.42
2023-03-20,7393203.3
2023-03-21,7389664.6
2023-03-22,7390372.34
2023-03-23,7398160.84
2023-03-24,7404545.62
2023-03-25,7411639.82
2023-03-26,7419443.44
2023-03-27,7416605.76
2023-03-28,7405964.46
2023-03-29,7401707.94
2023-03-30,7398870.26
2023-03-31,7398870.26
2023-04-01,7401707.94
2023-04-02,7399579.68
2023-04-03,7393911.04
2023-04-04,7387541.38
2023-04-05,7384710.42
2023-04-06,7379048.5
2023-04-07,7383294.94
2023-04-08,7391787.82
2023-04-09,7407383.3
2023-04-10,7415186.92
2023-04-11,7417315.18
2023-04-12,7424409.38
2023-04-13,7428665.9
2023-04-14,7435057.4
2023-04-15,7448568.3
2023-04-16,7460657.0
2023-04-17,7464212.5
2023-04-18,7461368.1
2023-04-19,7468480.8
2023-04-20,7472757.6
2023-04-21,7472757.6
2023-04-22,7469193.6
2023-04-23,7474183.2
2023-04-24,7477747.2
2023-04-25,7477747.2
2023-04-26,7506981.0
2023-04-27,7559902.0
2023-04-28,7613716.4
2023-04-29,7651866.4
2023-04-30,7660520.8
2023-05-01,7663405.6
2023-05-02,7661818.96
2023-05-03,7667732.8
2023-05-04,7679993.2
2023-05-05,7693720.0
2023-05-06,7705284.8
2023-05-07,7722642.0
2023-05-08,7733514.0
2023-05-09,7744386.0
2023-05-10,7757437.8
2023-05-11,7771243.2
2023-05-12,7776329.4
2023-05-13,7787955.0
2023-05-14,7798874.0
2023-05-15,7802517.0
2023-05-16,7809074.4
2023-05-17,7814903.2
2023-05-18,7823646.4
2023-05-19,7833129.4
2023-05-20,7853575.0
2023-05-21,7872580.0
2023-05-22,7885024.0
2023-05-23,7894540.0
2023-05-24,7902596.0
2023-05-25,7914340.0
2023-05-26,7928286.0
2023-05-27,7942977.2
2023-05-28,7960631.6
2023-05-29,7972401.2
2023-05-30,7984196.8
2023-05-31,7995260.8
2023-06-01,7998948.8
2023-06-02,8003374.4
2023-06-03,8009275.2
2023-06-04,8010012.8
2023-06-05,8006324.8
2023-06-06,8009275.2
2023-06-07,8010012.8
2023-06-08,8013706.2
2023-06-09,8015924.4
2023-06-10,8022579.0
2023-06-11,8030712.4
2023-06-12,8039585.2
2023-06-13,8044761.0
2023-06-14,8052904.0
2023-06-15,8058091.0
2023-06-16,8058832.0
2023-06-17,8067724.0
2023-06-18,8073652.0
2023-06-19,8081062.0
2023-06-20,8088480.0
2023-06-21,8093681.0
2023-06-22,8092195.0
2023-06-23,8099625.0
2023-06-24,8110027.0
2023-06-25,8120429.0
2023-06-26,8127126.8
2023-06-27,8136809.2
2023-06-28,8143512.4
2023-06-29,8147981.2
2023-06-30,8151705.2
2023-07-01,8164376.4
2023-07-02,8174826.0
2023-07-03,8181543.6
2023-07-04,8188261.2
2023-07-05,8193486.0
2023-07-06,8200960.0
2023-07-07,8209940.8
2023-07-08,8221166.8
2023-07-09,8238389.0
2023-07-10,8252642.8
2023-07-11,8267646.8
2023-07-12,8281924.0
2023-07-13,8295460.0
2023-07-14,8310501.8
2023-07-15,8326331.6
2023-07-16,8342915.2
2023-07-17,8352727.2
2023-07-18,8361794.4
2023-07-19,8374639.6
2023-07-20,8386732.8
2023-07-21,8397336.4
2023-07-22,8407940.0
2023-07-23,8420058.4
2023-07-24,8426884.0
2023-07-25,8439790.4
2023-07-26,8448900.8
2023-07-27,8454974.4
2023-07-28,8461809.0
2023-07-29,8476268.0
2023-07-30,8486161.0
2023-07-31,8500624.0
2023-08-01,8494532.0
2023-08-02,8508254.0
2023-08-03,8518173.0
2023-08-04,8531144.0
2023-08-05,8546423.2
2023-08-06,8555598.4
2023-08-07,8566302.8
2023-08-08,8579310.0
2023-08-09,8594638.0
2023-08-10,8609199.6
2023-08-11,8624555.6
2023-08-12,8641460.4
2023-08-13,8652988.0
2023-08-14,8666848.0
2023-08-15,8673778.0
2023-08-16,8675318.0
2023-08-17,8671468.0
2023-08-18,8679168.0
2023-08-19,8687638.0
2023-08-20,8699979.6
2023-08-21,8713872.0
2023-08-22,8729308.0
2023-08-23,8737819.8
2023-08-24,8753295.8
2023-08-25,8763355.2
2023-08-26,8774976.6
2023-08-27,8785832.2
2023-08-28,8795912.4
2023-08-29,8808322.8
2023-08-30,8816874.2
2023-08-31,8833977.0
2023-09-01,8852650.8
2023-09-02,8876806.0
2023-09-03,8888502.0
2023-09-04,8897871.6
2023-09-05,8902556.4
2023-09-06,8909583.6
2023-09-07,8904898.8
2023-09-08,8901775.6
2023-09-09,8900214.0
2023-09-10,8900214.0
2023-09-11,8898652.4
2023-09-12,8901775.6
2023-09-13,8908022.0
2023-09-14,8908802.8
2023-09-15,8912706.8
2023-09-16,8916610.8
2023-09-17,8920514.8
2023-09-18,8920514.8
2023-09-19,8918172.4
2023-09-20,8916610.8
2023-09-21,8913487.6
2023-09-22,8912706.8
2023-09-23,8911926.0
2023-09-24,8911926.0
2023-09-25,8904898.8
2023-09-26,8899433.2
2023-09-27,8893186.8
2023-09-28,8882260.4
2023-09-29,8874468.4
2023-09-30,8870572.4
2023-10-01,8871351.6
2023-10-02,8869793.2
2023-10-03,8865118.0
2023-10-04,8862001.2
2023-10-05,8860442.8
2023-10-06,8858105.2
2023-10-07,8856546.8
2023-10-08,8862001.2
2023-10-09,8866676.4
2023-10-10,8872130.8
2023-10-11,8876806.0
2023-10-12,8881481.2
2023-10-13,8889282.8
2023-10-14,8897871.6
2023-10-15,8902556.4
2023-10-16,8899433.2
2023-10-17,8896310.0
2023-10-18,8890844.4
2023-10-19,8885378.8
2023-10-20,8880702.0
2023-10-21,8883039.6
2023-10-22,8881481.2
2023-10-23,8879922.8
2023-10-24,8876806.0
2023-10-25,8868234.8
2023-10-26,8862001.2
2023-10-27,8857326.0
2023-10-28,8858105.2
2023-10-29,8849534.0
2023-10-30,8840973.6
2023-10-31,8833199.6
2023-11-01,8827757.8
2023-11-02,8821538.6
2023-11-03,8816874.2
2023-11-04,8816874.2
2023-11-05,8819206.4
2023-11-06,8814542.0
2023-11-07,8812209.8
2023-11-08,8804441.8
2023-11-09,8800564.8
2023-11-10,8794361.6
2023-11-11,8792035.4
2023-11-12,8790484.6
2023-11-13,8787383.0
2023-11-14,8781955.2
2023-11-15,8781179.8
2023-11-16,8778853.6
2023-11-17,8778853.6
2023-11-18,8782730.6
2023-11-19,8789709.2
2023-11-20,8786607.6
2023-11-21,8784281.4
2023-11-22,8784281.4
2023-11-23,8789709.2
2023-11-24,8790484.6
2023-11-25,8793586.2
2023-11-26,8795137.0
2023-11-27,8794361.6
2023-11-28,8788158.4
2023-11-29,8790484.6
2023-11-30,8792035.4
2023-12-01,8799014.0
2023-12-02,8808322.8
2023-12-03,8817651.6
2023-12-04,8828535.2
2023-12-05,8836309.2
2023-12-06,8837864.0
2023-12-07,8851092.4
2023-12-08,8861222.0
2023-12-09,8872130.8
2023-12-10,8879143.6
2023-12-11,8884598.0
2023-12-12,8891625.2
2023-12-13,8898652.4
2023-12-14,8909583.6
2023-12-15,8918953.2
2023-12-16,8929900.4
2023-12-17,8939294.0
2023-12-18,8947904.8
2023-12-19,8958864.0
2023-12-20,8963562.6
2023-12-21,8972977.8
2023-12-22,8981608.4
2023-12-23,8996515.8
2023-12-24,9006726.4
2023-12-25,9016163.2
2023-12-26,9020881.6
2023-12-27,9024813.6
2023-12-28,9026386.4
2023-12-29,9032677.6
2023-12-30,9039755.2
2023-12-31,9045269.0
2024-01-01,9055515.6
2024-01-02,9059456.6
2024-01-03,9071279.6
2024-01-04,9083108.0
2024-01-05,9097328.0
2024-01-06,9109178.0
2024-01-07,9124988.8
2024-01-08,9134490.4
2024-01-09,9145575.6
2024-01-10,9156660.8
2024-01-11,9172525.6
2024-01-12,9186810.4
2024-01-13,9197920.8
2024-01-14,9213821.6
2024-01-15,9220978.4
2024-01-16,9225749.6
2024-01-17,9231316.0
2024-01-18,9239268.0
2024-01-19,9250426.0
2024-01-20,9260787.0
2024-01-21,9273539.0
2024-01-22,9284708.2
2024-01-23,9294291.4
2024-01-24,9304673.2
2024-01-25,9315853.6
2024-01-26,9332654.8
2024-01-27,9347062.0
2024-01-28,9363881.2
2024-01-29,9380727.4
2024-01-30,9398375.8
2024-01-31,9412842.6
2024-02-01,9431330.0
2024-02-02,9446618.4
2024-02-03,9462730.4
2024-02-04,9475620.0
2024-02-05,9489334.4
2024-02-06,9500635.2
2024-02-07,9510321.6
2024-02-08,9528096.0
2024-02-09,9542654.4
2024-02-10,9560448.0
2024-02-11,9572610.0
2024-02-12,9583961.2
2024-02-13,9595312.4
2024-02-14,9605861.2
2024-02-15,9617232.0
2024-02-16,9629415.0
2024-02-17,9642412.0
2024-02-18,9655436.0
2024-02-19,9665204.0
2024-02-20,9670088.0
2024-02-21,9678228.0
2024-02-22,9688824.4
2024-02-23,9696166.6
2024-02-24,9712482.6
2024-02-25,9723088.0
2024-02-26,9729627.2
2024-02-27,9731262.0
2024-02-28,9726357.6
2024-02-29,9724722.8
2024-03-01,9727175.0
2024-03-02,9719009.0
2024-03-03,9731262.0
2024-03-04,9732896.8
2024-03-05,9729627.2
2024-03-06,9720640.6
2024-03-07,9712482.6
2024-03-08,9710035.2
2024-03-09,9706772.0
2024-03-10,9708403.6
2024-03-11,9705956.2
2024-03-12,9694535.0
2024-03-13,9686377.0
2024-03-14,9679856.0
2024-03-15,9675786.0
2024-03-16,9675786.0
2024-03-17,9676600.0
2024-03-18,9671716.0
2024-03-19,9661948.0
2024-03-20,9653808.0
2024-03-21,9651366.0
2024-03-22,9648110.0
2024-03-23,9647296.0
2024-03-24,9643226.0
2024-03-25,9644040.0
2024-03-26,9644040.0
2024-03-27,9637537.0
2024-03-28,9632663.8
2024-03-29,9626978.4
2024-03-30,9625354.0
2024-03-31,9629415.0
2024-04-01,9627790.6
2024-04-02,9622105.2
2024-04-03,9613983.2
2024-04-04,9597744.8
2024-04-05,9581528.8
2024-04-06,9575042.4
2024-04-07,9573420.8
2024-04-08,9565312.8
2024-04-09,9556404.0
2024-04-10,9541845.6
2024-04-11,9529713.6
2024-04-12,9525669.6
2024-04-13,9524860.8
2024-04-14,9524860.8
2024-04-15,9523243.2
2024-04-16,9514357.6
2024-04-17,9503864.0
2024-04-18,9494984.8
2024-04-19,9488527.2
2024-04-20,9482876.8
2024-04-21,9481262.4
2024-04-22,9468369.6
2024-04-23,9453868.8
2024-04-24,9440979.2
2024-04-25,9431330.0
2024-04-26,9420880.6
2024-04-27,9416861.6
2024-04-28,9412038.8
2024-04-29,9395969.2
2024-04-30,9378320.8
2024-05-01,9366287.8
2024-05-02,9351864.4
2024-05-03,9339858.4
2024-05-04,9323850.4
2024-05-05,9320648.8
2024-05-06,9307069.0
2024-05-07,9292694.2
2024-05-08,9270351.0
2024-05-09,9245644.0
2024-05-10,9228135.2
2024-05-11,9215412.0
2024-05-12,9204279.2
2024-05-13,9186016.8
2024-05-14,9170938.4
2024-05-15,9153493.6
2024-05-16,9145575.6
2024-05-17,9136074.0
2024-05-18,9131323.2
2024-05-19,9123405.2
2024-05-20,9114708.0
2024-05-21,9102068.0
2024-05-22,9085478.0
2024-05-23,9073644.2
2024-05-24,9056303.8
2024-05-25,9049998.2
2024-05-26,9045269.0
2024-05-27,9036609.6
2024-05-28,9021668.0
2024-05-29,9005153.6
2024-05-30,8987100.6
2024-05-31,8969054.8
2024-06-01,8960429.6
2024-06-02,8951818.8
2024-06-03,8937728.4
2024-06-04,8923638.0
2024-06-05,8903337.2
2024-06-06,8883818.8
2024-06-07,8872130.8
2024-06-08,8869793.2
2024-06-09,8866676.4
2024-06-10,8854988.4
2024-06-11,8837086.6
2024-06-12,8818429.0
2024-06-13,8799789.4
2024-06-14,8778853.6
2024-06-15,8768773.4
2024-06-16,8757938.6
2024-06-17,8747879.2
2024-06-18,8734724.6
2024-06-19,8723905.4
2024-06-20,8713872.0
2024-06-21,8699979.6
2024-06-22,8693033.4
2024-06-23,8679168.0
2024-06-24,8667618.0
2024-06-25,8655298.0
2024-06-26,8647607.6
2024-06-27,8636081.6
2024-06-28,8625324.0
2024-06-29,8618408.4
2024-06-30,8613798.0
2024-07-01,8611498.8
2024-07-02,8609966.0
2024-07-03,8606134.0
2024-07-04,8609199.6
2024-07-05,8607666.8
2024-07-06,8604601.2
2024-07-07,8606134.0
2024-07-08,8606134.0
2024-07-09,8597703.6
2024-07-10,8589809.68
2024-07-11,8589273.2
2024-07-12,8585441.2
2024-07-13,8587740.4
2024-07-14,8598470.0
2024-07-15,8600002.8
2024-07-16,8600002.8
2024-07-17,8596170.8
2024-07-18,8587740.4
2024-07-19,8583142.0
2024-07-20,8578543.6
2024-07-21,8571655.0
2024-07-22,8568596.6
2024-07-23,8560950.6
2024-07-24,8554833.8
2024-07-25,8545658.6
2024-07-26,8540306.4
2024-07-27,8538777.2
2024-07-28,8541835.6
2024-07-29,8540306.4
2024-07-30,8534196.0
2024-07-31,8528053.85
2024-08-01,8524277.0
2024-08-02,8523514.0
2024-08-03,8525803.0
2024-08-04,8527329.0
2024-08-05,8527329.0
2024-08-06,8518936.0
2024-08-07,8521225.0
2024-08-08,8525803.0
2024-08-09,8531907.0
2024-08-10,8538777.2
2024-08-11,8547187.8
2024-08-12,8557127.6
2024-08-13,8564773.6
2024-08-14,8573184.2
2024-08-15,8580076.4
2024-08-16,8585441.2
2024-08-17,8594638.0
2024-08-18,8605367.6
2024-08-19,8609966.0
2024-08-20,8609199.6
2024-08-21,8607666.8
2024-08-22,8607666.8
2024-08-23,8611498.8
2024-08-24,8621482.0
2024-08-25,8635313.2
2024-08-26,8643765.6
2024-08-27,8648376.0
2024-08-28,8650681.2
2024-08-29,8652988.0
2024-08-30,8654528.0
2024-08-31,8664538.0
2024-09-01,8672238.0
2024-09-02,8681478.0
2024-09-03,8686868.0
2024-09-04,8689948.0
2024-09-05,8688408.0
2024-09-06,8688408.0
2024-09-07,8693805.2
2024-09-08,8701523.2
2024-09-09,8702295.0
2024-09-10,8701523.2
2024-09-11,8700751.4
2024-09-12,8704610.4
2024-09-13,8705382.2
2024-09-14,8710784.8
2024-09-15,8714643.8
2024-09-16,8709241.2
2024-09-17,8711556.6
2024-09-18,8710784.8
2024-09-19,8710013.0
2024-09-20,8703838.6
2024-09-21,8707697.6
2024-09-22,8709241.2
2024-09-23,8711556.6
2024-09-24,8706925.8
2024-09-25,8705382.2
2024-09-26,8703838.6
2024-09-27,8704610.4
2024-09-28,8706925.8
2024-09-29,8706154.0
2024-09-30,8706925.8
2024-10-01,8712328.4
2024-10-02,8715415.6
2024-10-03,8717731.0
2024-10-04,8716959.2
2024-10-05,8721590.0
2024-10-06,8725449.0
2024-10-07,8718502.8
2024-10-08,8713100.2
2024-10-09,8708469.4
2024-10-10,8706154.0
2024-10-11,8703838.6
2024-10-12,8708469.4
2024-10-13,8708469.4
2024-10-14,8703838.6
2024-10-15,8698436.0
2024-10-16,8691489.8
2024-10-17,8676858.0
2024-10-18,8672238.0
2024-10-19,8667618.0
2024-10-20,8665308.0
2024-10-21,8655298.0
2024-10-22,8639155.2
2024-10-23,8620713.6
2024-10-24,8601535.6
2024-10-25,8586974.0
2024-10-26,8575478.0
2024-10-27,8566302.8
2024-10-28,8557127.6
2024-10-29,8542600.2
2024-10-30,8530381.0
2024-10-31,8515884.0
2024-11-01,8510543.0
2024-11-02,8510543.0
2024-11-03,8512069.0
2024-11-04,8508254.0
2024-11-05,8508254.0
2024-11-06,8505965.0
2024-11-07,8502150.0
2024-11-08,8502150.0
2024-11-09,8507872.5
2024-11-10,8513595.0
2024-11-11,8511840.1
2024-11-12,8512832.0
2024-11-13,8511306.0
2024-11-14,8509780.0
2024-11-15,8509780.0
2024-11-16,8512069.0
2024-11-17,8515884.0
2024-11-18,8515884.0
2024-11-19,8512832.0
2024-11-20,8507491.0
2024-11-21,8499861.0
2024-11-22,8493771.0
2024-11-23,8488444.0
2024-11-24,8488444.0
2024-11-25,8486922.0
2024-11-26,8486922.0
2024-11-27,8486161.0
2024-11-28,8487683.0
2024-11-29,8487683.0
2024-11-30,8490727.0
2024-12-01,8493771.0
2024-12-02,8494532.0
2024-12-03,8493010.0
2024-12-04,8493771.0
2024-12-05,8496815.0
2024-12-06,8501387.0
2024-12-07,8509780.0
2024-12-08,8518173.0
2024-12-09,8523666.6
2024-12-10,8526566.0
2024-12-11,8527329.0
2024-12-12,8531907.0
2024-12-13,8536485.0
2024-12-14,8541835.6
2024-12-15,8552540.0
2024-12-16,8560186.0
2024-12-17,8572419.6
2024-12-18,8580842.8
2024-12-19,8590806.0
2024-12-20,8602302.0
2024-12-21,8612265.2
2024-12-22,8626860.8
2024-12-23,8629934.4
2024-12-24,8633776.4
2024-12-25,8639155.2
2024-12-26,8646070.8
2024-12-27,8654528.0
2024-12-28,8655298.0
2024-12-29,8662228.0
2024-12-30,8669158.0
2024-12-31,8674548.0
2025-01-01,8680708.0
2025-01-02,8684558.0
2025-01-03,8689948.0
2025-01-04,8700751.4
2025-01-05,8713872.0
2025-01-06,8726220.8
2025-01-07,8736272.2
2025-01-08,8741688.8
2025-01-09,8750200.6
2025-01-10,8763355.2
2025-01-11,8772650.4
2025-01-12,8783506.0
2025-01-13,8795912.4
2025-01-14,8805217.2
2025-01-15,8815319.4
2025-01-16,8823093.4
2025-01-17,8834754.4
2025-01-18,8847196.4
2025-01-19,8859663.6
2025-01-20,8868234.8
2025-01-21,8876806.0
2025-01-22,8877585.2
2025-01-23,8882260.4
2025-01-24,8893186.8
2025-01-25,8903337.2
2025-01-26,8914268.4
2025-01-27,8919734.0
2025-01-28,8916610.8
2025-01-29,8913487.6
2025-01-30,8911926.0
2025-01-31,8913487.6
2025-02-01,8922857.2
2025-02-02,8930683.2
2025-02-03,8939294.0
2025-02-04,8943990.8
2025-02-05,8951036.0
2025-02-06,8953384.4
2025-02-07,8965131.8
2025-02-08,8974547.0
2025-02-09,8980823.8
2025-02-10,8989454.4
2025-02-11,9001223.4
2025-02-12,9006726.4
2025-02-13,9015376.8
2025-02-14,9027959.2
2025-02-15,9042116.2
2025-02-16,9053939.2
2025-02-17,9059456.6
2025-02-18,9062609.4
2025-02-19,9064974.0
2025-02-20,9062609.4
2025-02-21,9067338.6
2025-02-22,9075220.6
2025-02-23,9079161.6
2025-02-24,9082318.0
2025-02-25,9078373.4
2025-02-26,9072856.0
2025-02-27,9064185.8
2025-02-28,9055515.6
2025-03-01,9055515.6
2025-03-02,9060244.8
2025-03-03,9058668.4
2025-03-04,9057880.2
2025-03-05,9049210.0
2025-03-06,9041328.0
2025-03-07,9037396.0
2025-03-08,9037396.0
2025-03-09,9040541.6
2025-03-10,9041328.0
2025-03-11,9037396.0
2025-03-12,9024813.6
2025-03-13,9012231.2
2025-03-14,9009085.6
2025-03-15,9008299.2
2025-03-16,9005153.6
2025-03-17,9002794.4
2025-03-18,9004367.2
2025-03-19,9001223.4
2025-03-20,8997300.4
2025-03-21,8994162.0
2025-03-22,8992592.8
2025-03-23,8995731.2
2025-03-24,8987885.2
2025-03-25,8977685.4
2025-03-26,8970624.0
2025-03-27,8958081.2
2025-03-28,8948687.6
2025-03-29,8942425.2
2025-03-30,8936945.6
2025-03-31,8918172.4
2025-04-01,8911926.0
2025-04-02,8900214.0
2025-04-03,8885378.8
2025-04-04,8872130.8
2025-04-05,8858884.4
2025-04-06,8851092.4
2025-04-07,8837086.6
2025-04-08,8824648.2
2025-04-09,8811432.4
2025-04-10,8797463.2
2025-04-11,8785056.8
2025-04-12,8773425.8
2025-04-13,8765676.6
2025-04-14,8747879.2
2025-04-15,8732403.2
2025-04-16,8713872.0
2025-04-17,8701523.2
2025-04-18,8686868.0
2025-04-19,8679168.0
2025-04-20,8672238.0
2025-04-21,8664538.0
2025-04-22,8648376.0
2025-04-23,8634544.8
2025-04-24,8619945.2
2025-04-25,8606134.0
2025-04-26,8606134.0
2025-04-27,8611498.8
2025-04-28,8613031.6
2025-04-29,8604601.2
2025-04-30,8593105.2
2025-05-01,8575478.0
2025-05-02,8557127.6
2025-05-03,8539541.8
2025-05-04,8531907.0
2025-05-05,8523514.0
2025-05-06,8514358.0
2025-05-07,8497576.0
2025-05-08,8477790.0
2025-05-09,8459529.6
2025-05-10,8444345.6
2025-05-11,8432198.4
2025-05-12,8414756.6
2025-05-13,8403395.6
2025-05-14,8396579.0
2025-05-15,8385975.4
2025-05-16,8376150.8
2025-05-17,8371617.2
2025-05-18,8369350.4
2025-05-19,8363305.6
2025-05-20,8349704.8
2025-05-21,8328593.0
2025-05-22,8312763.2
2025-05-23,8297716.0
2025-05-24,8290196.0
2025-05-25,8287188.0
2025-05-26,8281172.0
2025-05-27,8266146.4
2025-05-28,8249642.0
2025-05-29,8233141.2
2025-05-30,8212934.4
2025-05-31,8198714.8
2025-06-01,8193486.0
2025-06-02,8180050.8
2025-06-03,8168854.8
2025-06-04,8156918.8
2025-06-05,8152450.0
2025-06-06,8145746.8
2025-06-07,8142022.8
2025-06-08,8138298.8
2025-06-09,8127871.6
2025-06-10,8117457.0
2025-06-11,8113742.0
2025-06-12,8110027.0
2025-06-13,8108541.0
2025-06-14,8108541.0
2025-06-15,8111513.0
2025-06-16,8107798.0
2025-06-17,8101854.0
2025-06-18,8093681.0
2025-06-19,8083285.0
2025-06-20,8078839.0
2025-06-21,8073652.0
2025-06-22,8076616.0
2025-06-23,8075134.0
2025-06-24,8070688.0
2025-06-25,8068465.0
2025-06-26,8062537.0
2025-06-27,8054386.0
2025-06-28,8052904.0
2025-06-29,8050681.0
2025-06-30,8046979.2
2025-07-01,8040324.6
2025-07-02,8035888.2
2025-07-03,8029233.6
2025-07-04,8029973.0
2025-07-05,8032191.2
2025-07-06,8035148.8
2025-07-07,8028494.2
2025-07-08,8021839.6
2025-07-09,8014445.6
2025-07-10,8011488.0
2025-07-11,8006324.8
2025-07-12,8004849.6
2025-07-13,8007800.0
2025-07-14,8008537.6
2025-07-15,8006324.8
2025-07-16,8009275.2
2025-07-17,8015185.0
2025-07-18,8016663.8
2025-07-19,8024057.8
2025-07-20,8028494.2
2025-07-21,8027754.8
2025-07-22,8025536.6
2025-07-23,8021100.2
2025-07-24,8017403.2
2025-07-25,8013706.2
2025-07-26,8010012.8
2025-07-27,8006324.8
2025-07-28,8003374.4
2025-07-29,7996736.0
2025-07-30,7990835.2
2025-07-31,7984934.4
2025-08-01,7979771.2
2025-08-02,7981246.4
2025-08-03,7985672.0
2025-08-04,7986409.6
2025-08-05,7993785.6
2025-08-06,7997473.6
2025-08-07,7998211.2
2025-08-08,7998948.8
2025-08-09,7999686.4
2025-08-10,7998948.8
2025-08-11,8000424.0
2025-08-12,8001161.6
2025-08-13,8001899.2
2025-08-14,8005587.2
2025-08-15,8014445.6
2025-08-16,8020360.8
2025-08-17,8025536.6
2025-08-18,8031451.8
2025-08-19,8036627.6
2025-08-20,8040324.6
2025-08-21,8040324.6
2025-08-22,8042542.8
2025-08-23,8046239.8
2025-08-24,8054386.0
2025-08-25,8053645.0
2025-08-26,8056609.0
2025-08-27,8065501.0
2025-08-28,8071429.0
2025-08-29,8077357.0
2025-08-30,8084026.0
2025-08-31,8088480.0
2025-09-01,8092938.0
2025-09-02,8095910.0
2025-09-03,8103340.0
2025-09-04,8112256.0
2025-09-05,8124147.6
2025-09-06,8142022.8
2025-09-07,8152450.0
2025-09-08,8151705.2
2025-09-09,8154684.4
2025-09-10,8156918.8
2025-09-11,8162883.6
2025-09-12,8171840.4
2025-09-13,8181543.6
2025-09-14,8192739.6
2025-09-15,8196471.6
2025-09-16,8190500.4
2025-09-17,8186768.4
2025-09-18,8180797.2
2025-09-19,8181543.6
2025-09-20,8179304.4
2025-09-21,8180050.8
2025-09-22,8177065.2
2025-09-23,8174079.6
2025-09-24,8173333.2
2025-09-25,8176318.8
2025-09-26,8183036.4
2025-09-27,8193486.0
2025-09-28,8200211.6
2025-09-29,8209940.8
2025-09-30,8215928.0
2025-10-01,8229399.2
2025-10-02,8241389.8
2025-10-03,8251892.6
2025-10-04,8264646.0
2025-10-05,8276660.0
2025-10-06,8276660.0
2025-10-07,8273652.0
2025-10-08,8269897.4
2025-10-09,8263145.6
2025-10-10,8254893.4
2025-10-11,8257144.0
2025-10-12,8255643.6
2025-10-13,8251142.4
2025-10-14,8249642.0
2025-10-15,8250392.2
2025-10-16,8248891.8
2025-10-17,8242890.2
2025-10-18,8241389.8
2025-10-19,8244390.6
2025-10-20,8245140.8
2025-10-21,8248141.6
2025-10-22,8248891.8
2025-10-23,8250392.2
2025-10-24,8248891.8
2025-10-25,8249642.0
2025-10-26,8249642.0
2025-10-27,8251142.4
2025-10-28,8245891.0
2025-10-29,8239889.4
2025-10-30,8236888.6
2025-10-31,8239889.4
2025-11-01,8240639.6
2025-11-02,8239139.2
2025-11-03,8236138.4
2025-11-04,8233141.2
2025-11-05,8226405.6
2025-11-06,8222663.6
2025-11-07,8219670.0
2025-11-08,8218921.6
2025-11-09,8218921.6
2025-11-10,8215179.6
2025-11-11,8215928.0
2025-11-12,8211437.6
2025-11-13,8209192.4
2025-11-14,8207695.6
2025-11-15,8210689.2
2025-11-16,8211437.6
2025-11-17,8213682.8
2025-11-18,8221915.2
2025-11-19,8218921.6
2025-11-20,8222663.6
2025-11-21,8225657.2
2025-11-22,8230896.0
2025-11-23,8236138.4
2025-11-24,8248891.8
2025-11-25,8265396.2
2025-11-26,8281172.0
2025-11-27,8295460.0
2025-11-28,8309748.0
2025-11-29,8325577.8
2025-11-30,8340653.8
2025-12-01,8349704.8
2025-12-02,8358016.4
2025-12-03,8365572.4
2025-12-04,8376906.4
2025-12-05,8389005.0
2025-12-06,8402638.2
2025-12-07,8414756.6
2025-12-08,8423847.2
2025-12-09,8433716.8
2025-12-10,8444345.6
2025-12-11,8454974.4
2025-12-12,8466375.0
2025-12-13,8479312.0
2025-12-14,8488444.0
2025-12-15,8496815.0
2025-12-16,8507491.0
2025-12-17,8516647.0
2025-12-18,8523514.0
2025-12-19,8532670.0
2025-12-20,8543364.8
2025-12-21,8553304.6
2025-12-22,8556363.0
2025-12-23,8557127.6
2025-12-24,8557127.6
2025-12-25,8566302.8
2025-12-26,8573184.2
2025-12-27,8581609.2
2025-12-28,8586207.6
2025-12-29,8591572.4
2025-12-30,8591572.4
2025-12-31,8593871.6
2026-01-01,8596937.2
2026-01-02,8602302.0
2026-01-03,8609966.0
2026-01-04,8618408.4
2026-01-05,8630702.8
2026-01-06,8640692.0
2026-01-07,8649144.4
2026-01-08,8659918.0
2026-01-09,8662998.0
2026-01-10,8671468.0
2026-01-11,8680708.0
2026-01-12,8689948.0
2026-01-13,8701523.2
2026-01-14,8711556.6
2026-01-15,8723133.6
2026-01-16,8733177.0
2026-01-17,8745557.8
2026-01-18,8757938.6
2026-01-19,8766450.4
2026-01-20,8771099.6
2026-01-21,8775752.0
2026-01-22,8781179.8
2026-01-23,8789709.2
2026-01-24,8794361.6
2026-01-25,8800564.8
2026-01-26,8805992.6
2026-01-27,8806768.0
2026-01-28,8813764.6
2026-01-29,8820761.2
2026-01-30,8826203.0
2026-01-31,8835531.8
2026-02-01,8844083.2
2026-02-02,8849534.0
2026-02-03,8857326.0
2026-02-04,8862001.2
2026-02-05,8863559.6
2026-02-06,8865897.2
2026-02-07,8871351.6
2026-02-08,8877585.2
2026-02-09,8879143.6
2026-02-10,8878364.4
2026-02-11,8872910.0
2026-02-12,8869014.0
2026-02-13,8865897.2
2026-02-14,8869793.2
2026-02-15,8871351.6
2026-02-16,8869793.2
2026-02-17,8868234.8
2026-02-18,8868234.8
2026-02-19,8860442.8
2026-02-20,8862780.4
2026-02-21,8863559.6
2026-02-22,8866676.4
2026-02-23,8872130.8
2026-02-24,8879143.6
2026-02-25,8883039.6
2026-02-26,8886159.6
2026-02-27,8889282.8
2026-02-28,8895529.2
2026-03-01,8895529.2
2026-03-02,8895529.2
2026-03-03,8890844.4
2026-03-04,8882260.4
2026-03-05,8875247.6
2026-03-06,8865118.0
2026-03-07,8857326.0
2026-03-08,8847196.4
2026-03-09,8840196.2
2026-03-10,8833199.6
2026-03-11,8828535.2
2026-03-12,8817651.6
2026-03-13,8802115.6
2026-03-14,8798238.6
2026-03-15,8793586.2
2026-03-16,8786607.6
2026-03-17,8785832.2
2026-03-18,8771099.6
2026-03-19,8762581.4
2026-03-20,8752522.0
2026-03-21,8746331.6
2026-03-22,8741688.8
2026-03-23,8726220.8
2026-03-24,8706925.8
2026-03-25,8693805.2
2026-03-26,8682248.0
2026-03-27,8660688.0
2026-03-28,8641460.4
2026-03-29,8628397.6
2026-03-30,8606134.0
2026-03-31,8579310.0
2026-04-01,8557892.2
2026-04-02,8541071.0
2026-04-03,8527329.0
2026-04-04,8508254.0
2026-04-05,8489205.0
2026-04-06,8465614.0
2026-04-07,8454215.2
2026-04-08,8445864.0
2026-04-09,8434476.0
2026-04-10,8422330.6
2026-04-11,8418543.6
2026-04-12,8412484.4
2026-04-13,8405667.8
2026-04-14,8400366.0
2026-04-15,8389762.4
2026-04-16,8380684.4
2026-04-17,8360283.2
2026-04-18,8347438.0
2026-04-19,8333115.8
2026-04-20,8318039.8
2026-04-21,8296212.0
2026-04-22,8279668.0
2026-04-23,8271397.8
2026-04-24,8254143.2
2026-04-25,8233889.6
2026-04-26,8220418.4
2026-04-27,8208444.0
2026-04-28,8194232.4
2026-04-29,8171840.4
2026-04-30,8146491.6
2026-05-01,8124147.6
2026-05-02,8106312.0
2026-05-03,8088480.0
2026-05-04,8070688.0
2026-05-05,8055868.0
2026-05-06,8045500.4
2026-05-07,8032930.6
2026-05-08,8020360.8
2026-05-09,8009275.2
2026-05-10,8001161.6
2026-05-11,7979033.6
2026-05-12,7951804.4
2026-05-13,7931222.0
2026-05-14,7910670.0
2026-05-15,7893808.0
2026-05-16,7877704.0
2026-05-17,7863797.8
2026-05-18,7854305.2
2026-05-19,7844082.4
2026-05-20,7833859.6
2026-05-21,7821460.6
2026-05-22,7814174.6
2026-05-23,7809803.0
2026-05-24,7803974.2
2026-05-25,7793045.2
2026-05-26,7771969.8
2026-05-27,7753083.6
2026-05-28,7738587.6
2026-05-29,7723366.8
2026-05-30,7706007.6
2026-05-31,7682878.0
2026-06-01,7663405.6
2026-06-02,7646098.4
2026-06-03,7633145.6
2026-06-04,7618034.0
2026-06-05,7598632.0
2026-06-06,7584272.0
2026-06-07,7572790.0
2026-06-08,7561906.8
2026-06-09,7543434.0
2026-06-10,7529848.2
2026-06-11,7516270.8
2026-06-12,7496992.8
2026-06-13,7487013.6
2026-06-14,7477747.2
2026-06-15,7465634.7
2026-06-16,7454257.1
2026-06-17,7440035.1
2026-06-18,7425828.22
2026-06-19,7415186.92
2026-06-20,7406673.88
2026-06-21,7398870.26
2026-06-22,7387541.38
2026-06-23,7370555.62
2026-06-24,7357824.7
2026-06-25,7339467.14
2026-06-26,7321825.84
2026-06-27,7315486.6
2026-06-28,7314782.24
2026-06-29,7304921.2
2026-06-30,7296468.88
2026-07-01,7290131.32
2026-07-02,7273969.68
2026-07-03,7257808.04
2026-07-04,7247989.22
2026-07-05,7233969.62
2026-07-06,7222052.96
2026-07-07,7212259.16
2026-07-08,7210860.52
2026-07-09,7186384.32
2026-07-10,7180801.66
2026-07-11,7174523.08
2026-07-12,7169639.74
2026-07-13,7159873.06
2026-07-14,7149412.16
2026-07-15,7138973.36
2026-07-16,7122967.2
2026-07-17,7118095.76
2026-07-18,7111842.56
2026-07-19,7102817.44
2026-07-20,7097263.52
2026-07-21,7086849.92
2026-07-22,7083378.72
2026-07-23,7072985.28
2026-07-24,7065367.12
2026-07-25,7061211.76
2026-07-26,7061904.32
2026-07-27,7058441.52
2026-07-28,7055671.28
2026-07-29,7054978.72
2026-07-30,7052901.04
2026-07-31,7053593.6
2026-08-01,7050823.36
2026-08-02,7043904.48
2026-08-03,7036304.8
2026-08-04,7027323.36
2026-08-05,7019723.68
2026-08-06,7012124.0
2026-08-07,7005232.2
2026-08-08,7001097.12
2026-08-09,6994205.32
2026-08-10,6983867.62
2026-08-11,6974227.3
2026-08-12,6965289.28
2026-08-13,6962539.12
2026-08-14,6957038.8
2026-08-15,6961164.04
2026-08-16,6963226.66
2026-08-17,6961851.58
2026-08-18,6954288.64
2026-08-19,6946725.7
2026-08-20,6939172.48
2026-08-21,6935056.96
2026-08-22,6930255.52
2026-08-23,6927511.84
2026-08-24,6924768.16
2026-08-25,6919966.72
2026-08-26,6912421.6
2026-08-27,6904885.96
2026-08-28,6901464.26
